Datum,Gemeentecode,Gemeentenaam,Provincienaam,Provinciecode,Type,Aantal,AantalCumulatief
2020-07-22,-1,,,-1,Totaal,2,496
2020-07-22,-1,,,-1,Ziekenhuisopname,0,61
2020-07-22,-1,,,-1,Overleden,0,18
2020-07-22,3,Appingedam,Groningen,20,Totaal,0,5
2020-07-22,3,Appingedam,Groningen,20,Ziekenhuisopname,0,3
2020-07-22,3,Appingedam,Groningen,20,Overleden,0,0
2020-07-22,10,Delfzijl,Groningen,20,Totaal,0,18
2020-07-22,10,Delfzijl,Groningen,20,Ziekenhuisopname,0,6
2020-07-22,10,Delfzijl,Groningen,20,Overleden,0,0
2020-07-22,14,Groningen,Groningen,20,Totaal,0,178
2020-07-22,14,Groningen,Groningen,20,Ziekenhuisopname,0,18
2020-07-22,14,Groningen,Groningen,20,Overleden,0,3
2020-07-22,24,Loppersum,Groningen,20,Totaal,0,2
2020-07-22,24,Loppersum,Groningen,20,Ziekenhuisopname,0,0
2020-07-22,24,Loppersum,Groningen,20,Overleden,0,0
2020-07-22,34,Almere,Flevoland,24,Totaal,0,454
2020-07-22,34,Almere,Flevoland,24,Ziekenhuisopname,-1,123
2020-07-22,34,Almere,Flevoland,24,Overleden,0,31
2020-07-22,37,Stadskanaal,Groningen,20,Totaal,0,9
2020-07-22,37,Stadskanaal,Groningen,20,Ziekenhuisopname,0,2
2020-07-22,37,Stadskanaal,Groningen,20,Overleden,0,2
2020-07-22,47,Veendam,Groningen,20,Totaal,0,8
2020-07-22,47,Veendam,Groningen,20,Ziekenhuisopname,0,2
2020-07-22,47,Veendam,Groningen,20,Overleden,0,0
2020-07-22,50,Zeewolde,Flevoland,24,Totaal,0,50
2020-07-22,50,Zeewolde,Flevoland,24,Ziekenhuisopname,0,12
2020-07-22,50,Zeewolde,Flevoland,24,Overleden,0,6
2020-07-22,59,Achtkarspelen,Friesland,21,Totaal,0,13
2020-07-22,59,Achtkarspelen,Friesland,21,Ziekenhuisopname,0,0
2020-07-22,59,Achtkarspelen,Friesland,21,Overleden,0,0
2020-07-22,60,Ameland,Friesland,21,Totaal,0,0
2020-07-22,60,Ameland,Friesland,21,Ziekenhuisopname,0,0
2020-07-22,60,Ameland,Friesland,21,Overleden,0,0
2020-07-22,72,Harlingen,Friesland,21,Totaal,0,17
2020-07-22,72,Harlingen,Friesland,21,Ziekenhuisopname,0,4
2020-07-22,72,Harlingen,Friesland,21,Overleden,0,1
2020-07-22,74,Heerenveen,Friesland,21,Totaal,0,95
2020-07-22,74,Heerenveen,Friesland,21,Ziekenhuisopname,0,13
2020-07-22,74,Heerenveen,Friesland,21,Overleden,0,21
2020-07-22,80,Leeuwarden,Friesland,21,Totaal,1,70
2020-07-22,80,Leeuwarden,Friesland,21,Ziekenhuisopname,0,33
2020-07-22,80,Leeuwarden,Friesland,21,Overleden,0,6
2020-07-22,85,Ooststellingwerf,Friesland,21,Totaal,0,8
2020-07-22,85,Ooststellingwerf,Friesland,21,Ziekenhuisopname,0,3
2020-07-22,85,Ooststellingwerf,Friesland,21,Overleden,0,0
2020-07-22,86,Opsterland,Friesland,21,Totaal,0,24
2020-07-22,86,Opsterland,Friesland,21,Ziekenhuisopname,0,7
2020-07-22,86,Opsterland,Friesland,21,Overleden,0,0
2020-07-22,88,Schiermonnikoog,Friesland,21,Totaal,0,0
2020-07-22,88,Schiermonnikoog,Friesland,21,Ziekenhuisopname,0,0
2020-07-22,88,Schiermonnikoog,Friesland,21,Overleden,0,0
2020-07-22,90,Smallingerland,Friesland,21,Totaal,0,58
2020-07-22,90,Smallingerland,Friesland,21,Ziekenhuisopname,0,9
2020-07-22,90,Smallingerland,Friesland,21,Overleden,0,5
2020-07-22,93,Terschelling,Friesland,21,Totaal,0,2
2020-07-22,93,Terschelling,Friesland,21,Ziekenhuisopname,0,0
2020-07-22,93,Terschelling,Friesland,21,Overleden,0,0
2020-07-22,96,Vlieland,Friesland,21,Totaal,0,0
2020-07-22,96,Vlieland,Friesland,21,Ziekenhuisopname,0,0
2020-07-22,96,Vlieland,Friesland,21,Overleden,0,0
2020-07-22,98,Weststellingwerf,Friesland,21,Totaal,0,28
2020-07-22,98,Weststellingwerf,Friesland,21,Ziekenhuisopname,0,3
2020-07-22,98,Weststellingwerf,Friesland,21,Overleden,0,4
2020-07-22,106,Assen,Drenthe,22,Totaal,0,50
2020-07-22,106,Assen,Drenthe,22,Ziekenhuisopname,0,12
2020-07-22,106,Assen,Drenthe,22,Overleden,0,2
2020-07-22,109,Coevorden,Drenthe,22,Totaal,0,57
2020-07-22,109,Coevorden,Drenthe,22,Ziekenhuisopname,0,13
2020-07-22,109,Coevorden,Drenthe,22,Overleden,0,2
2020-07-22,114,Emmen,Drenthe,22,Totaal,0,104
2020-07-22,114,Emmen,Drenthe,22,Ziekenhuisopname,0,20
2020-07-22,114,Emmen,Drenthe,22,Overleden,0,11
2020-07-22,118,Hoogeveen,Drenthe,22,Totaal,0,93
2020-07-22,118,Hoogeveen,Drenthe,22,Ziekenhuisopname,0,19
2020-07-22,118,Hoogeveen,Drenthe,22,Overleden,0,8
2020-07-22,119,Meppel,Drenthe,22,Totaal,2,48
2020-07-22,119,Meppel,Drenthe,22,Ziekenhuisopname,1,11
2020-07-22,119,Meppel,Drenthe,22,Overleden,0,5
2020-07-22,141,Almelo,Overijssel,23,Totaal,0,93
2020-07-22,141,Almelo,Overijssel,23,Ziekenhuisopname,0,23
2020-07-22,141,Almelo,Overijssel,23,Overleden,0,9
2020-07-22,147,Borne,Overijssel,23,Totaal,0,50
2020-07-22,147,Borne,Overijssel,23,Ziekenhuisopname,0,14
2020-07-22,147,Borne,Overijssel,23,Overleden,0,6
2020-07-22,148,Dalfsen,Overijssel,23,Totaal,0,82
2020-07-22,148,Dalfsen,Overijssel,23,Ziekenhuisopname,0,16
2020-07-22,148,Dalfsen,Overijssel,23,Overleden,0,6
2020-07-22,150,Deventer,Overijssel,23,Totaal,2,342
2020-07-22,150,Deventer,Overijssel,23,Ziekenhuisopname,0,47
2020-07-22,150,Deventer,Overijssel,23,Overleden,0,33
2020-07-22,153,Enschede,Overijssel,23,Totaal,0,256
2020-07-22,153,Enschede,Overijssel,23,Ziekenhuisopname,0,53
2020-07-22,153,Enschede,Overijssel,23,Overleden,0,25
2020-07-22,158,Haaksbergen,Overijssel,23,Totaal,0,56
2020-07-22,158,Haaksbergen,Overijssel,23,Ziekenhuisopname,0,14
2020-07-22,158,Haaksbergen,Overijssel,23,Overleden,0,7
2020-07-22,160,Hardenberg,Overijssel,23,Totaal,1,171
2020-07-22,160,Hardenberg,Overijssel,23,Ziekenhuisopname,0,23
2020-07-22,160,Hardenberg,Overijssel,23,Overleden,0,8
2020-07-22,163,Hellendoorn,Overijssel,23,Totaal,0,96
2020-07-22,163,Hellendoorn,Overijssel,23,Ziekenhuisopname,0,8
2020-07-22,163,Hellendoorn,Overijssel,23,Overleden,0,12
2020-07-22,164,Hengelo,Overijssel,23,Totaal,0,129
2020-07-22,164,Hengelo,Overijssel,23,Ziekenhuisopname,0,21
2020-07-22,164,Hengelo,Overijssel,23,Overleden,0,19
2020-07-22,166,Kampen,Overijssel,23,Totaal,0,343
2020-07-22,166,Kampen,Overijssel,23,Ziekenhuisopname,0,59
2020-07-22,166,Kampen,Overijssel,23,Overleden,0,27
2020-07-22,168,Losser,Overijssel,23,Totaal,0,26
2020-07-22,168,Losser,Overijssel,23,Ziekenhuisopname,0,7
2020-07-22,168,Losser,Overijssel,23,Overleden,0,0
2020-07-22,171,Noordoostpolder,Flevoland,24,Totaal,0,81
2020-07-22,171,Noordoostpolder,Flevoland,24,Ziekenhuisopname,0,14
2020-07-22,171,Noordoostpolder,Flevoland,24,Overleden,0,10
2020-07-22,173,Oldenzaal,Overijssel,23,Totaal,0,49
2020-07-22,173,Oldenzaal,Overijssel,23,Ziekenhuisopname,0,13
2020-07-22,173,Oldenzaal,Overijssel,23,Overleden,0,7
2020-07-22,175,Ommen,Overijssel,23,Totaal,0,54
2020-07-22,175,Ommen,Overijssel,23,Ziekenhuisopname,0,9
2020-07-22,175,Ommen,Overijssel,23,Overleden,0,2
2020-07-22,177,Raalte,Overijssel,23,Totaal,0,155
2020-07-22,177,Raalte,Overijssel,23,Ziekenhuisopname,0,24
2020-07-22,177,Raalte,Overijssel,23,Overleden,0,17
2020-07-22,180,Staphorst,Overijssel,23,Totaal,0,61
2020-07-22,180,Staphorst,Overijssel,23,Ziekenhuisopname,0,8
2020-07-22,180,Staphorst,Overijssel,23,Overleden,0,4
2020-07-22,183,Tubbergen,Overijssel,23,Totaal,0,81
2020-07-22,183,Tubbergen,Overijssel,23,Ziekenhuisopname,0,12
2020-07-22,183,Tubbergen,Overijssel,23,Overleden,0,5
2020-07-22,184,Urk,Flevoland,24,Totaal,0,83
2020-07-22,184,Urk,Flevoland,24,Ziekenhuisopname,0,22
2020-07-22,184,Urk,Flevoland,24,Overleden,0,4
2020-07-22,189,Wierden,Overijssel,23,Totaal,1,51
2020-07-22,189,Wierden,Overijssel,23,Ziekenhuisopname,0,5
2020-07-22,189,Wierden,Overijssel,23,Overleden,0,6
2020-07-22,193,Zwolle,Overijssel,23,Totaal,0,363
2020-07-22,193,Zwolle,Overijssel,23,Ziekenhuisopname,0,53
2020-07-22,193,Zwolle,Overijssel,23,Overleden,0,46
2020-07-22,197,Aalten,Gelderland,25,Totaal,0,60
2020-07-22,197,Aalten,Gelderland,25,Ziekenhuisopname,0,9
2020-07-22,197,Aalten,Gelderland,25,Overleden,0,7
2020-07-22,200,Apeldoorn,Gelderland,25,Totaal,1,457
2020-07-22,200,Apeldoorn,Gelderland,25,Ziekenhuisopname,0,96
2020-07-22,200,Apeldoorn,Gelderland,25,Overleden,0,50
2020-07-22,202,Arnhem,Gelderland,25,Totaal,2,421
2020-07-22,202,Arnhem,Gelderland,25,Ziekenhuisopname,0,67
2020-07-22,202,Arnhem,Gelderland,25,Overleden,0,32
2020-07-22,203,Barneveld,Gelderland,25,Totaal,0,139
2020-07-22,203,Barneveld,Gelderland,25,Ziekenhuisopname,0,18
2020-07-22,203,Barneveld,Gelderland,25,Overleden,0,6
2020-07-22,209,Beuningen,Gelderland,25,Totaal,1,76
2020-07-22,209,Beuningen,Gelderland,25,Ziekenhuisopname,0,19
2020-07-22,209,Beuningen,Gelderland,25,Overleden,0,5
2020-07-22,213,Brummen,Gelderland,25,Totaal,0,36
2020-07-22,213,Brummen,Gelderland,25,Ziekenhuisopname,0,18
2020-07-22,213,Brummen,Gelderland,25,Overleden,0,6
2020-07-22,214,Buren,Gelderland,25,Totaal,0,63
2020-07-22,214,Buren,Gelderland,25,Ziekenhuisopname,0,17
2020-07-22,214,Buren,Gelderland,25,Overleden,0,8
2020-07-22,216,Culemborg,Gelderland,25,Totaal,0,80
2020-07-22,216,Culemborg,Gelderland,25,Ziekenhuisopname,0,21
2020-07-22,216,Culemborg,Gelderland,25,Overleden,0,7
2020-07-22,221,Doesburg,Gelderland,25,Totaal,0,32
2020-07-22,221,Doesburg,Gelderland,25,Ziekenhuisopname,0,9
2020-07-22,221,Doesburg,Gelderland,25,Overleden,0,6
2020-07-22,222,Doetinchem,Gelderland,25,Totaal,0,102
2020-07-22,222,Doetinchem,Gelderland,25,Ziekenhuisopname,0,26
2020-07-22,222,Doetinchem,Gelderland,25,Overleden,0,15
2020-07-22,225,Druten,Gelderland,25,Totaal,0,115
2020-07-22,225,Druten,Gelderland,25,Ziekenhuisopname,0,25
2020-07-22,225,Druten,Gelderland,25,Overleden,0,8
2020-07-22,226,Duiven,Gelderland,25,Totaal,0,52
2020-07-22,226,Duiven,Gelderland,25,Ziekenhuisopname,0,14
2020-07-22,226,Duiven,Gelderland,25,Overleden,0,6
2020-07-22,228,Ede,Gelderland,25,Totaal,1,224
2020-07-22,228,Ede,Gelderland,25,Ziekenhuisopname,0,54
2020-07-22,228,Ede,Gelderland,25,Overleden,0,20
2020-07-22,230,Elburg,Gelderland,25,Totaal,0,151
2020-07-22,230,Elburg,Gelderland,25,Ziekenhuisopname,0,28
2020-07-22,230,Elburg,Gelderland,25,Overleden,0,8
2020-07-22,232,Epe,Gelderland,25,Totaal,0,138
2020-07-22,232,Epe,Gelderland,25,Ziekenhuisopname,0,48
2020-07-22,232,Epe,Gelderland,25,Overleden,0,23
2020-07-22,233,Ermelo,Gelderland,25,Totaal,0,149
2020-07-22,233,Ermelo,Gelderland,25,Ziekenhuisopname,0,33
2020-07-22,233,Ermelo,Gelderland,25,Overleden,0,23
2020-07-22,243,Harderwijk,Gelderland,25,Totaal,0,179
2020-07-22,243,Harderwijk,Gelderland,25,Ziekenhuisopname,0,42
2020-07-22,243,Harderwijk,Gelderland,25,Overleden,0,20
2020-07-22,244,Hattem,Gelderland,25,Totaal,0,42
2020-07-22,244,Hattem,Gelderland,25,Ziekenhuisopname,0,16
2020-07-22,244,Hattem,Gelderland,25,Overleden,0,5
2020-07-22,246,Heerde,Gelderland,25,Totaal,0,192
2020-07-22,246,Heerde,Gelderland,25,Ziekenhuisopname,0,55
2020-07-22,246,Heerde,Gelderland,25,Overleden,0,28
2020-07-22,252,Heumen,Gelderland,25,Totaal,0,73
2020-07-22,252,Heumen,Gelderland,25,Ziekenhuisopname,0,17
2020-07-22,252,Heumen,Gelderland,25,Overleden,0,9
2020-07-22,262,Lochem,Gelderland,25,Totaal,0,97
2020-07-22,262,Lochem,Gelderland,25,Ziekenhuisopname,0,15
2020-07-22,262,Lochem,Gelderland,25,Overleden,0,15
2020-07-22,263,Maasdriel,Gelderland,25,Totaal,0,62
2020-07-22,263,Maasdriel,Gelderland,25,Ziekenhuisopname,0,15
2020-07-22,263,Maasdriel,Gelderland,25,Overleden,0,7
2020-07-22,267,Nijkerk,Gelderland,25,Totaal,0,68
2020-07-22,267,Nijkerk,Gelderland,25,Ziekenhuisopname,0,22
2020-07-22,267,Nijkerk,Gelderland,25,Overleden,0,3
2020-07-22,268,Nijmegen,Gelderland,25,Totaal,1,678
2020-07-22,268,Nijmegen,Gelderland,25,Ziekenhuisopname,0,128
2020-07-22,268,Nijmegen,Gelderland,25,Overleden,0,70
2020-07-22,269,Oldebroek,Gelderland,25,Totaal,0,170
2020-07-22,269,Oldebroek,Gelderland,25,Ziekenhuisopname,0,40
2020-07-22,269,Oldebroek,Gelderland,25,Overleden,0,19
2020-07-22,273,Putten,Gelderland,25,Totaal,0,35
2020-07-22,273,Putten,Gelderland,25,Ziekenhuisopname,0,10
2020-07-22,273,Putten,Gelderland,25,Overleden,0,0
2020-07-22,274,Renkum,Gelderland,25,Totaal,0,80
2020-07-22,274,Renkum,Gelderland,25,Ziekenhuisopname,0,14
2020-07-22,274,Renkum,Gelderland,25,Overleden,0,7
2020-07-22,275,Rheden,Gelderland,25,Totaal,0,146
2020-07-22,275,Rheden,Gelderland,25,Ziekenhuisopname,0,34
2020-07-22,275,Rheden,Gelderland,25,Overleden,0,14
2020-07-22,277,Rozendaal,Gelderland,25,Totaal,0,3
2020-07-22,277,Rozendaal,Gelderland,25,Ziekenhuisopname,0,1
2020-07-22,277,Rozendaal,Gelderland,25,Overleden,0,0
2020-07-22,279,Scherpenzeel,Gelderland,25,Totaal,0,33
2020-07-22,279,Scherpenzeel,Gelderland,25,Ziekenhuisopname,0,4
2020-07-22,279,Scherpenzeel,Gelderland,25,Overleden,0,2
2020-07-22,281,Tiel,Gelderland,25,Totaal,0,150
2020-07-22,281,Tiel,Gelderland,25,Ziekenhuisopname,0,42
2020-07-22,281,Tiel,Gelderland,25,Overleden,0,18
2020-07-22,285,Voorst,Gelderland,25,Totaal,0,82
2020-07-22,285,Voorst,Gelderland,25,Ziekenhuisopname,0,17
2020-07-22,285,Voorst,Gelderland,25,Overleden,0,11
2020-07-22,289,Wageningen,Gelderland,25,Totaal,0,55
2020-07-22,289,Wageningen,Gelderland,25,Ziekenhuisopname,0,20
2020-07-22,289,Wageningen,Gelderland,25,Overleden,0,9
2020-07-22,293,Westervoort,Gelderland,25,Totaal,0,43
2020-07-22,293,Westervoort,Gelderland,25,Ziekenhuisopname,0,12
2020-07-22,293,Westervoort,Gelderland,25,Overleden,0,6
2020-07-22,294,Winterswijk,Gelderland,25,Totaal,0,48
2020-07-22,294,Winterswijk,Gelderland,25,Ziekenhuisopname,0,7
2020-07-22,294,Winterswijk,Gelderland,25,Overleden,0,3
2020-07-22,296,Wijchen,Gelderland,25,Totaal,0,150
2020-07-22,296,Wijchen,Gelderland,25,Ziekenhuisopname,0,44
2020-07-22,296,Wijchen,Gelderland,25,Overleden,0,13
2020-07-22,297,Zaltbommel,Gelderland,25,Totaal,0,100
2020-07-22,297,Zaltbommel,Gelderland,25,Ziekenhuisopname,0,20
2020-07-22,297,Zaltbommel,Gelderland,25,Overleden,0,9
2020-07-22,299,Zevenaar,Gelderland,25,Totaal,0,120
2020-07-22,299,Zevenaar,Gelderland,25,Ziekenhuisopname,0,44
2020-07-22,299,Zevenaar,Gelderland,25,Overleden,0,15
2020-07-22,301,Zutphen,Gelderland,25,Totaal,0,104
2020-07-22,301,Zutphen,Gelderland,25,Ziekenhuisopname,0,30
2020-07-22,301,Zutphen,Gelderland,25,Overleden,0,13
2020-07-22,302,Nunspeet,Gelderland,25,Totaal,0,222
2020-07-22,302,Nunspeet,Gelderland,25,Ziekenhuisopname,0,55
2020-07-22,302,Nunspeet,Gelderland,25,Overleden,0,21
2020-07-22,303,Dronten,Flevoland,24,Totaal,0,124
2020-07-22,303,Dronten,Flevoland,24,Ziekenhuisopname,0,30
2020-07-22,303,Dronten,Flevoland,24,Overleden,0,12
2020-07-22,307,Amersfoort,Utrecht,26,Totaal,0,254
2020-07-22,307,Amersfoort,Utrecht,26,Ziekenhuisopname,0,61
2020-07-22,307,Amersfoort,Utrecht,26,Overleden,0,23
2020-07-22,308,Baarn,Utrecht,26,Totaal,0,63
2020-07-22,308,Baarn,Utrecht,26,Ziekenhuisopname,0,11
2020-07-22,308,Baarn,Utrecht,26,Overleden,0,9
2020-07-22,310,De Bilt,Utrecht,26,Totaal,0,187
2020-07-22,310,De Bilt,Utrecht,26,Ziekenhuisopname,0,27
2020-07-22,310,De Bilt,Utrecht,26,Overleden,0,24
2020-07-22,312,Bunnik,Utrecht,26,Totaal,0,46
2020-07-22,312,Bunnik,Utrecht,26,Ziekenhuisopname,0,9
2020-07-22,312,Bunnik,Utrecht,26,Overleden,0,1
2020-07-22,313,Bunschoten,Utrecht,26,Totaal,0,68
2020-07-22,313,Bunschoten,Utrecht,26,Ziekenhuisopname,0,9
2020-07-22,313,Bunschoten,Utrecht,26,Overleden,0,7
2020-07-22,317,Eemnes,Utrecht,26,Totaal,3,23
2020-07-22,317,Eemnes,Utrecht,26,Ziekenhuisopname,0,2
2020-07-22,317,Eemnes,Utrecht,26,Overleden,0,1
2020-07-22,321,Houten,Utrecht,26,Totaal,0,144
2020-07-22,321,Houten,Utrecht,26,Ziekenhuisopname,0,24
2020-07-22,321,Houten,Utrecht,26,Overleden,0,14
2020-07-22,327,Leusden,Utrecht,26,Totaal,0,54
2020-07-22,327,Leusden,Utrecht,26,Ziekenhuisopname,0,9
2020-07-22,327,Leusden,Utrecht,26,Overleden,0,5
2020-07-22,331,Lopik,Utrecht,26,Totaal,0,63
2020-07-22,331,Lopik,Utrecht,26,Ziekenhuisopname,0,19
2020-07-22,331,Lopik,Utrecht,26,Overleden,0,8
2020-07-22,335,Montfoort,Utrecht,26,Totaal,0,45
2020-07-22,335,Montfoort,Utrecht,26,Ziekenhuisopname,0,13
2020-07-22,335,Montfoort,Utrecht,26,Overleden,0,5
2020-07-22,339,Renswoude,Utrecht,26,Totaal,0,19
2020-07-22,339,Renswoude,Utrecht,26,Ziekenhuisopname,0,5
2020-07-22,339,Renswoude,Utrecht,26,Overleden,0,5
2020-07-22,340,Rhenen,Utrecht,26,Totaal,0,48
2020-07-22,340,Rhenen,Utrecht,26,Ziekenhuisopname,0,11
2020-07-22,340,Rhenen,Utrecht,26,Overleden,0,6
2020-07-22,342,Soest,Utrecht,26,Totaal,0,96
2020-07-22,342,Soest,Utrecht,26,Ziekenhuisopname,0,23
2020-07-22,342,Soest,Utrecht,26,Overleden,0,12
2020-07-22,344,Utrecht,Utrecht,26,Totaal,5,1410
2020-07-22,344,Utrecht,Utrecht,26,Ziekenhuisopname,0,268
2020-07-22,344,Utrecht,Utrecht,26,Overleden,0,118
2020-07-22,345,Veenendaal,Utrecht,26,Totaal,0,197
2020-07-22,345,Veenendaal,Utrecht,26,Ziekenhuisopname,0,47
2020-07-22,345,Veenendaal,Utrecht,26,Overleden,0,11
2020-07-22,351,Woudenberg,Utrecht,26,Totaal,0,33
2020-07-22,351,Woudenberg,Utrecht,26,Ziekenhuisopname,0,9
2020-07-22,351,Woudenberg,Utrecht,26,Overleden,0,2
2020-07-22,352,Wijk bij Duurstede,Utrecht,26,Totaal,1,42
2020-07-22,352,Wijk bij Duurstede,Utrecht,26,Ziekenhuisopname,0,10
2020-07-22,352,Wijk bij Duurstede,Utrecht,26,Overleden,0,1
2020-07-22,353,IJsselstein,Utrecht,26,Totaal,0,154
2020-07-22,353,IJsselstein,Utrecht,26,Ziekenhuisopname,0,36
2020-07-22,353,IJsselstein,Utrecht,26,Overleden,0,34
2020-07-22,355,Zeist,Utrecht,26,Totaal,0,222
2020-07-22,355,Zeist,Utrecht,26,Ziekenhuisopname,0,37
2020-07-22,355,Zeist,Utrecht,26,Overleden,0,24
2020-07-22,356,Nieuwegein,Utrecht,26,Totaal,2,161
2020-07-22,356,Nieuwegein,Utrecht,26,Ziekenhuisopname,0,44
2020-07-22,356,Nieuwegein,Utrecht,26,Overleden,0,14
2020-07-22,358,Aalsmeer,Noord-Holland,27,Totaal,0,43
2020-07-22,358,Aalsmeer,Noord-Holland,27,Ziekenhuisopname,0,9
2020-07-22,358,Aalsmeer,Noord-Holland,27,Overleden,0,4
2020-07-22,361,Alkmaar,Noord-Holland,27,Totaal,0,248
2020-07-22,361,Alkmaar,Noord-Holland,27,Ziekenhuisopname,0,54
2020-07-22,361,Alkmaar,Noord-Holland,27,Overleden,0,31
2020-07-22,362,Amstelveen,Noord-Holland,27,Totaal,0,332
2020-07-22,362,Amstelveen,Noord-Holland,27,Ziekenhuisopname,0,58
2020-07-22,362,Amstelveen,Noord-Holland,27,Overleden,0,35
2020-07-22,363,Amsterdam,Noord-Holland,27,Totaal,18,2891
2020-07-22,363,Amsterdam,Noord-Holland,27,Ziekenhuisopname,0,623
2020-07-22,363,Amsterdam,Noord-Holland,27,Overleden,0,282
2020-07-22,370,Beemster,Noord-Holland,27,Totaal,0,14
2020-07-22,370,Beemster,Noord-Holland,27,Ziekenhuisopname,0,4
2020-07-22,370,Beemster,Noord-Holland,27,Overleden,0,1
2020-07-22,373,Bergen (NH.),Noord-Holland,27,Totaal,1,92
2020-07-22,373,Bergen (NH.),Noord-Holland,27,Ziekenhuisopname,0,16
2020-07-22,373,Bergen (NH.),Noord-Holland,27,Overleden,0,4
2020-07-22,375,Beverwijk,Noord-Holland,27,Totaal,0,83
2020-07-22,375,Beverwijk,Noord-Holland,27,Ziekenhuisopname,0,15
2020-07-22,375,Beverwijk,Noord-Holland,27,Overleden,0,10
2020-07-22,376,Blaricum,Noord-Holland,27,Totaal,0,33
2020-07-22,376,Blaricum,Noord-Holland,27,Ziekenhuisopname,0,8
2020-07-22,376,Blaricum,Noord-Holland,27,Overleden,0,2
2020-07-22,377,Bloemendaal,Noord-Holland,27,Totaal,0,52
2020-07-22,377,Bloemendaal,Noord-Holland,27,Ziekenhuisopname,0,7
2020-07-22,377,Bloemendaal,Noord-Holland,27,Overleden,0,5
2020-07-22,383,Castricum,Noord-Holland,27,Totaal,1,80
2020-07-22,383,Castricum,Noord-Holland,27,Ziekenhuisopname,0,15
2020-07-22,383,Castricum,Noord-Holland,27,Overleden,0,9
2020-07-22,384,Diemen,Noord-Holland,27,Totaal,0,107
2020-07-22,384,Diemen,Noord-Holland,27,Ziekenhuisopname,0,17
2020-07-22,384,Diemen,Noord-Holland,27,Overleden,0,13
2020-07-22,385,Edam-Volendam,Noord-Holland,27,Totaal,0,126
2020-07-22,385,Edam-Volendam,Noord-Holland,27,Ziekenhuisopname,0,25
2020-07-22,385,Edam-Volendam,Noord-Holland,27,Overleden,0,3
2020-07-22,388,Enkhuizen,Noord-Holland,27,Totaal,0,30
2020-07-22,388,Enkhuizen,Noord-Holland,27,Ziekenhuisopname,0,18
2020-07-22,388,Enkhuizen,Noord-Holland,27,Overleden,0,4
2020-07-22,392,Haarlem,Noord-Holland,27,Totaal,3,305
2020-07-22,392,Haarlem,Noord-Holland,27,Ziekenhuisopname,0,61
2020-07-22,392,Haarlem,Noord-Holland,27,Overleden,1,58
2020-07-22,394,Haarlemmermeer,Noord-Holland,27,Totaal,3,321
2020-07-22,394,Haarlemmermeer,Noord-Holland,27,Ziekenhuisopname,0,68
2020-07-22,394,Haarlemmermeer,Noord-Holland,27,Overleden,0,27
2020-07-22,396,Heemskerk,Noord-Holland,27,Totaal,0,94
2020-07-22,396,Heemskerk,Noord-Holland,27,Ziekenhuisopname,0,28
2020-07-22,396,Heemskerk,Noord-Holland,27,Overleden,0,10
2020-07-22,397,Heemstede,Noord-Holland,27,Totaal,0,100
2020-07-22,397,Heemstede,Noord-Holland,27,Ziekenhuisopname,0,11
2020-07-22,397,Heemstede,Noord-Holland,27,Overleden,0,32
2020-07-22,398,Heerhugowaard,Noord-Holland,27,Totaal,1,151
2020-07-22,398,Heerhugowaard,Noord-Holland,27,Ziekenhuisopname,0,27
2020-07-22,398,Heerhugowaard,Noord-Holland,27,Overleden,0,9
2020-07-22,399,Heiloo,Noord-Holland,27,Totaal,0,49
2020-07-22,399,Heiloo,Noord-Holland,27,Ziekenhuisopname,0,9
2020-07-22,399,Heiloo,Noord-Holland,27,Overleden,0,8
2020-07-22,400,Den Helder,Noord-Holland,27,Totaal,2,44
2020-07-22,400,Den Helder,Noord-Holland,27,Ziekenhuisopname,0,12
2020-07-22,400,Den Helder,Noord-Holland,27,Overleden,0,2
2020-07-22,402,Hilversum,Noord-Holland,27,Totaal,0,225
2020-07-22,402,Hilversum,Noord-Holland,27,Ziekenhuisopname,0,33
2020-07-22,402,Hilversum,Noord-Holland,27,Overleden,0,24
2020-07-22,405,Hoorn,Noord-Holland,27,Totaal,1,101
2020-07-22,405,Hoorn,Noord-Holland,27,Ziekenhuisopname,0,35
2020-07-22,405,Hoorn,Noord-Holland,27,Overleden,0,12
2020-07-22,406,Huizen,Noord-Holland,27,Totaal,1,160
2020-07-22,406,Huizen,Noord-Holland,27,Ziekenhuisopname,0,22
2020-07-22,406,Huizen,Noord-Holland,27,Overleden,0,10
2020-07-22,415,Landsmeer,Noord-Holland,27,Totaal,0,23
2020-07-22,415,Landsmeer,Noord-Holland,27,Ziekenhuisopname,0,3
2020-07-22,415,Landsmeer,Noord-Holland,27,Overleden,0,3
2020-07-22,416,Langedijk,Noord-Holland,27,Totaal,0,46
2020-07-22,416,Langedijk,Noord-Holland,27,Ziekenhuisopname,0,16
2020-07-22,416,Langedijk,Noord-Holland,27,Overleden,0,4
2020-07-22,417,Laren,Noord-Holland,27,Totaal,0,25
2020-07-22,417,Laren,Noord-Holland,27,Ziekenhuisopname,0,8
2020-07-22,417,Laren,Noord-Holland,27,Overleden,0,2
2020-07-22,420,Medemblik,Noord-Holland,27,Totaal,0,74
2020-07-22,420,Medemblik,Noord-Holland,27,Ziekenhuisopname,0,19
2020-07-22,420,Medemblik,Noord-Holland,27,Overleden,0,6
2020-07-22,431,Oostzaan,Noord-Holland,27,Totaal,1,27
2020-07-22,431,Oostzaan,Noord-Holland,27,Ziekenhuisopname,0,11
2020-07-22,431,Oostzaan,Noord-Holland,27,Overleden,0,2
2020-07-22,432,Opmeer,Noord-Holland,27,Totaal,0,9
2020-07-22,432,Opmeer,Noord-Holland,27,Ziekenhuisopname,0,1
2020-07-22,432,Opmeer,Noord-Holland,27,Overleden,0,1
2020-07-22,437,Ouder-Amstel,Noord-Holland,27,Totaal,0,40
2020-07-22,437,Ouder-Amstel,Noord-Holland,27,Ziekenhuisopname,0,5
2020-07-22,437,Ouder-Amstel,Noord-Holland,27,Overleden,0,0
2020-07-22,439,Purmerend,Noord-Holland,27,Totaal,0,228
2020-07-22,439,Purmerend,Noord-Holland,27,Ziekenhuisopname,0,66
2020-07-22,439,Purmerend,Noord-Holland,27,Overleden,0,35
2020-07-22,441,Schagen,Noord-Holland,27,Totaal,1,76
2020-07-22,441,Schagen,Noord-Holland,27,Ziekenhuisopname,0,18
2020-07-22,441,Schagen,Noord-Holland,27,Overleden,0,10
2020-07-22,448,Texel,Noord-Holland,27,Totaal,0,11
2020-07-22,448,Texel,Noord-Holland,27,Ziekenhuisopname,0,5
2020-07-22,448,Texel,Noord-Holland,27,Overleden,0,2
2020-07-22,450,Uitgeest,Noord-Holland,27,Totaal,0,25
2020-07-22,450,Uitgeest,Noord-Holland,27,Ziekenhuisopname,0,5
2020-07-22,450,Uitgeest,Noord-Holland,27,Overleden,0,1
2020-07-22,451,Uithoorn,Noord-Holland,27,Totaal,0,57
2020-07-22,451,Uithoorn,Noord-Holland,27,Ziekenhuisopname,0,16
2020-07-22,451,Uithoorn,Noord-Holland,27,Overleden,0,2
2020-07-22,453,Velsen,Noord-Holland,27,Totaal,0,285
2020-07-22,453,Velsen,Noord-Holland,27,Ziekenhuisopname,0,32
2020-07-22,453,Velsen,Noord-Holland,27,Overleden,0,39
2020-07-22,457,Weesp,Noord-Holland,27,Totaal,1,82
2020-07-22,457,Weesp,Noord-Holland,27,Ziekenhuisopname,0,9
2020-07-22,457,Weesp,Noord-Holland,27,Overleden,0,13
2020-07-22,473,Zandvoort,Noord-Holland,27,Totaal,0,36
2020-07-22,473,Zandvoort,Noord-Holland,27,Ziekenhuisopname,0,10
2020-07-22,473,Zandvoort,Noord-Holland,27,Overleden,0,8
2020-07-22,479,Zaanstad,Noord-Holland,27,Totaal,1,469
2020-07-22,479,Zaanstad,Noord-Holland,27,Ziekenhuisopname,0,117
2020-07-22,479,Zaanstad,Noord-Holland,27,Overleden,0,48
2020-07-22,482,Alblasserdam,Zuid-Holland,28,Totaal,0,44
2020-07-22,482,Alblasserdam,Zuid-Holland,28,Ziekenhuisopname,0,10
2020-07-22,482,Alblasserdam,Zuid-Holland,28,Overleden,0,4
2020-07-22,484,Alphen aan den Rijn,Zuid-Holland,28,Totaal,3,230
2020-07-22,484,Alphen aan den Rijn,Zuid-Holland,28,Ziekenhuisopname,0,62
2020-07-22,484,Alphen aan den Rijn,Zuid-Holland,28,Overleden,0,25
2020-07-22,489,Barendrecht,Zuid-Holland,28,Totaal,0,146
2020-07-22,489,Barendrecht,Zuid-Holland,28,Ziekenhuisopname,0,40
2020-07-22,489,Barendrecht,Zuid-Holland,28,Overleden,0,12
2020-07-22,498,Drechterland,Noord-Holland,27,Totaal,0,46
2020-07-22,498,Drechterland,Noord-Holland,27,Ziekenhuisopname,0,5
2020-07-22,498,Drechterland,Noord-Holland,27,Overleden,0,8
2020-07-22,501,Brielle,Zuid-Holland,28,Totaal,0,33
2020-07-22,501,Brielle,Zuid-Holland,28,Ziekenhuisopname,0,11
2020-07-22,501,Brielle,Zuid-Holland,28,Overleden,0,0
2020-07-22,502,Capelle aan den IJssel,Zuid-Holland,28,Totaal,1,329
2020-07-22,502,Capelle aan den IJssel,Zuid-Holland,28,Ziekenhuisopname,0,54
2020-07-22,502,Capelle aan den IJssel,Zuid-Holland,28,Overleden,0,54
2020-07-22,503,Delft,Zuid-Holland,28,Totaal,2,163
2020-07-22,503,Delft,Zuid-Holland,28,Ziekenhuisopname,0,38
2020-07-22,503,Delft,Zuid-Holland,28,Overleden,0,12
2020-07-22,505,Dordrecht,Zuid-Holland,28,Totaal,4,559
2020-07-22,505,Dordrecht,Zuid-Holland,28,Ziekenhuisopname,0,85
2020-07-22,505,Dordrecht,Zuid-Holland,28,Overleden,0,62
2020-07-22,512,Gorinchem,Zuid-Holland,28,Totaal,0,152
2020-07-22,512,Gorinchem,Zuid-Holland,28,Ziekenhuisopname,0,18
2020-07-22,512,Gorinchem,Zuid-Holland,28,Overleden,0,15
2020-07-22,513,Gouda,Zuid-Holland,28,Totaal,0,274
2020-07-22,513,Gouda,Zuid-Holland,28,Ziekenhuisopname,0,43
2020-07-22,513,Gouda,Zuid-Holland,28,Overleden,0,41
2020-07-22,518,'s-Gravenhage,Zuid-Holland,28,Totaal,9,1930
2020-07-22,518,'s-Gravenhage,Zuid-Holland,28,Ziekenhuisopname,0,344
2020-07-22,518,'s-Gravenhage,Zuid-Holland,28,Overleden,2,245
2020-07-22,523,Hardinxveld-Giessendam,Zuid-Holland,28,Totaal,0,35
2020-07-22,523,Hardinxveld-Giessendam,Zuid-Holland,28,Ziekenhuisopname,0,2
2020-07-22,523,Hardinxveld-Giessendam,Zuid-Holland,28,Overleden,0,2
2020-07-22,530,Hellevoetsluis,Zuid-Holland,28,Totaal,0,78
2020-07-22,530,Hellevoetsluis,Zuid-Holland,28,Ziekenhuisopname,0,16
2020-07-22,530,Hellevoetsluis,Zuid-Holland,28,Overleden,0,3
2020-07-22,531,Hendrik-Ido-Ambacht,Zuid-Holland,28,Totaal,0,72
2020-07-22,531,Hendrik-Ido-Ambacht,Zuid-Holland,28,Ziekenhuisopname,0,10
2020-07-22,531,Hendrik-Ido-Ambacht,Zuid-Holland,28,Overleden,0,6
2020-07-22,532,Stede Broec,Noord-Holland,27,Totaal,0,49
2020-07-22,532,Stede Broec,Noord-Holland,27,Ziekenhuisopname,0,18
2020-07-22,532,Stede Broec,Noord-Holland,27,Overleden,0,5
2020-07-22,534,Hillegom,Zuid-Holland,28,Totaal,3,66
2020-07-22,534,Hillegom,Zuid-Holland,28,Ziekenhuisopname,0,8
2020-07-22,534,Hillegom,Zuid-Holland,28,Overleden,0,2
2020-07-22,537,Katwijk,Zuid-Holland,28,Totaal,1,282
2020-07-22,537,Katwijk,Zuid-Holland,28,Ziekenhuisopname,0,31
2020-07-22,537,Katwijk,Zuid-Holland,28,Overleden,0,15
2020-07-22,542,Krimpen aan den IJssel,Zuid-Holland,28,Totaal,0,82
2020-07-22,542,Krimpen aan den IJssel,Zuid-Holland,28,Ziekenhuisopname,0,10
2020-07-22,542,Krimpen aan den IJssel,Zuid-Holland,28,Overleden,0,8
2020-07-22,546,Leiden,Zuid-Holland,28,Totaal,0,180
2020-07-22,546,Leiden,Zuid-Holland,28,Ziekenhuisopname,0,40
2020-07-22,546,Leiden,Zuid-Holland,28,Overleden,0,18
2020-07-22,547,Leiderdorp,Zuid-Holland,28,Totaal,0,40
2020-07-22,547,Leiderdorp,Zuid-Holland,28,Ziekenhuisopname,0,14
2020-07-22,547,Leiderdorp,Zuid-Holland,28,Overleden,0,6
2020-07-22,553,Lisse,Zuid-Holland,28,Totaal,0,31
2020-07-22,553,Lisse,Zuid-Holland,28,Ziekenhuisopname,0,8
2020-07-22,553,Lisse,Zuid-Holland,28,Overleden,0,2
2020-07-22,556,Maassluis,Zuid-Holland,28,Totaal,0,94
2020-07-22,556,Maassluis,Zuid-Holland,28,Ziekenhuisopname,0,20
2020-07-22,556,Maassluis,Zuid-Holland,28,Overleden,0,9
2020-07-22,569,Nieuwkoop,Zuid-Holland,28,Totaal,0,52
2020-07-22,569,Nieuwkoop,Zuid-Holland,28,Ziekenhuisopname,0,9
2020-07-22,569,Nieuwkoop,Zuid-Holland,28,Overleden,0,5
2020-07-22,575,Noordwijk,Zuid-Holland,28,Totaal,0,55
2020-07-22,575,Noordwijk,Zuid-Holland,28,Ziekenhuisopname,0,19
2020-07-22,575,Noordwijk,Zuid-Holland,28,Overleden,0,3
2020-07-22,579,Oegstgeest,Zuid-Holland,28,Totaal,0,46
2020-07-22,579,Oegstgeest,Zuid-Holland,28,Ziekenhuisopname,0,8
2020-07-22,579,Oegstgeest,Zuid-Holland,28,Overleden,0,3
2020-07-22,589,Oudewater,Utrecht,26,Totaal,0,61
2020-07-22,589,Oudewater,Utrecht,26,Ziekenhuisopname,0,26
2020-07-22,589,Oudewater,Utrecht,26,Overleden,0,8
2020-07-22,590,Papendrecht,Zuid-Holland,28,Totaal,0,82
2020-07-22,590,Papendrecht,Zuid-Holland,28,Ziekenhuisopname,0,9
2020-07-22,590,Papendrecht,Zuid-Holland,28,Overleden,0,7
2020-07-22,597,Ridderkerk,Zuid-Holland,28,Totaal,2,157
2020-07-22,597,Ridderkerk,Zuid-Holland,28,Ziekenhuisopname,0,37
2020-07-22,597,Ridderkerk,Zuid-Holland,28,Overleden,0,16
2020-07-22,599,Rotterdam,Zuid-Holland,28,Totaal,28,3001
2020-07-22,599,Rotterdam,Zuid-Holland,28,Ziekenhuisopname,0,527
2020-07-22,599,Rotterdam,Zuid-Holland,28,Overleden,0,347
2020-07-22,603,Rijswijk,Zuid-Holland,28,Totaal,2,154
2020-07-22,603,Rijswijk,Zuid-Holland,28,Ziekenhuisopname,0,36
2020-07-22,603,Rijswijk,Zuid-Holland,28,Overleden,0,22
2020-07-22,606,Schiedam,Zuid-Holland,28,Totaal,2,300
2020-07-22,606,Schiedam,Zuid-Holland,28,Ziekenhuisopname,0,58
2020-07-22,606,Schiedam,Zuid-Holland,28,Overleden,0,23
2020-07-22,610,Sliedrecht,Zuid-Holland,28,Totaal,0,67
2020-07-22,610,Sliedrecht,Zuid-Holland,28,Ziekenhuisopname,0,9
2020-07-22,610,Sliedrecht,Zuid-Holland,28,Overleden,0,5
2020-07-22,613,Albrandswaard,Zuid-Holland,28,Totaal,0,111
2020-07-22,613,Albrandswaard,Zuid-Holland,28,Ziekenhuisopname,0,14
2020-07-22,613,Albrandswaard,Zuid-Holland,28,Overleden,0,8
2020-07-22,614,Westvoorne,Zuid-Holland,28,Totaal,0,25
2020-07-22,614,Westvoorne,Zuid-Holland,28,Ziekenhuisopname,0,6
2020-07-22,614,Westvoorne,Zuid-Holland,28,Overleden,0,0
2020-07-22,622,Vlaardingen,Zuid-Holland,28,Totaal,0,315
2020-07-22,622,Vlaardingen,Zuid-Holland,28,Ziekenhuisopname,0,43
2020-07-22,622,Vlaardingen,Zuid-Holland,28,Overleden,0,30
2020-07-22,626,Voorschoten,Zuid-Holland,28,Totaal,0,67
2020-07-22,626,Voorschoten,Zuid-Holland,28,Ziekenhuisopname,0,9
2020-07-22,626,Voorschoten,Zuid-Holland,28,Overleden,0,11
2020-07-22,627,Waddinxveen,Zuid-Holland,28,Totaal,3,94
2020-07-22,627,Waddinxveen,Zuid-Holland,28,Ziekenhuisopname,0,16
2020-07-22,627,Waddinxveen,Zuid-Holland,28,Overleden,0,7
2020-07-22,629,Wassenaar,Zuid-Holland,28,Totaal,0,56
2020-07-22,629,Wassenaar,Zuid-Holland,28,Ziekenhuisopname,0,9
2020-07-22,629,Wassenaar,Zuid-Holland,28,Overleden,0,12
2020-07-22,632,Woerden,Utrecht,26,Totaal,0,180
2020-07-22,632,Woerden,Utrecht,26,Ziekenhuisopname,0,49
2020-07-22,632,Woerden,Utrecht,26,Overleden,0,20
2020-07-22,637,Zoetermeer,Zuid-Holland,28,Totaal,0,255
2020-07-22,637,Zoetermeer,Zuid-Holland,28,Ziekenhuisopname,0,53
2020-07-22,637,Zoetermeer,Zuid-Holland,28,Overleden,0,14
2020-07-22,638,Zoeterwoude,Zuid-Holland,28,Totaal,0,14
2020-07-22,638,Zoeterwoude,Zuid-Holland,28,Ziekenhuisopname,0,3
2020-07-22,638,Zoeterwoude,Zuid-Holland,28,Overleden,0,1
2020-07-22,642,Zwijndrecht,Zuid-Holland,28,Totaal,0,164
2020-07-22,642,Zwijndrecht,Zuid-Holland,28,Ziekenhuisopname,0,23
2020-07-22,642,Zwijndrecht,Zuid-Holland,28,Overleden,0,26
2020-07-22,654,Borsele,Zeeland,29,Totaal,0,28
2020-07-22,654,Borsele,Zeeland,29,Ziekenhuisopname,0,5
2020-07-22,654,Borsele,Zeeland,29,Overleden,0,0
2020-07-22,664,Goes,Zeeland,29,Totaal,1,122
2020-07-22,664,Goes,Zeeland,29,Ziekenhuisopname,0,11
2020-07-22,664,Goes,Zeeland,29,Overleden,0,11
2020-07-22,668,West Maas en Waal,Gelderland,25,Totaal,0,85
2020-07-22,668,West Maas en Waal,Gelderland,25,Ziekenhuisopname,0,20
2020-07-22,668,West Maas en Waal,Gelderland,25,Overleden,0,9
2020-07-22,677,Hulst,Zeeland,29,Totaal,0,31
2020-07-22,677,Hulst,Zeeland,29,Ziekenhuisopname,0,9
2020-07-22,677,Hulst,Zeeland,29,Overleden,0,5
2020-07-22,678,Kapelle,Zeeland,29,Totaal,0,25
2020-07-22,678,Kapelle,Zeeland,29,Ziekenhuisopname,0,3
2020-07-22,678,Kapelle,Zeeland,29,Overleden,0,1
2020-07-22,687,Middelburg,Zeeland,29,Totaal,0,65
2020-07-22,687,Middelburg,Zeeland,29,Ziekenhuisopname,0,18
2020-07-22,687,Middelburg,Zeeland,29,Overleden,0,10
2020-07-22,703,Reimerswaal,Zeeland,29,Totaal,1,36
2020-07-22,703,Reimerswaal,Zeeland,29,Ziekenhuisopname,0,4
2020-07-22,703,Reimerswaal,Zeeland,29,Overleden,0,2
2020-07-22,715,Terneuzen,Zeeland,29,Totaal,0,119
2020-07-22,715,Terneuzen,Zeeland,29,Ziekenhuisopname,0,25
2020-07-22,715,Terneuzen,Zeeland,29,Overleden,0,4
2020-07-22,716,Tholen,Zeeland,29,Totaal,0,170
2020-07-22,716,Tholen,Zeeland,29,Ziekenhuisopname,0,40
2020-07-22,716,Tholen,Zeeland,29,Overleden,0,16
2020-07-22,717,Veere,Zeeland,29,Totaal,0,29
2020-07-22,717,Veere,Zeeland,29,Ziekenhuisopname,0,6
2020-07-22,717,Veere,Zeeland,29,Overleden,0,2
2020-07-22,718,Vlissingen,Zeeland,29,Totaal,1,55
2020-07-22,718,Vlissingen,Zeeland,29,Ziekenhuisopname,0,9
2020-07-22,718,Vlissingen,Zeeland,29,Overleden,0,5
2020-07-22,736,De Ronde Venen,Utrecht,26,Totaal,0,105
2020-07-22,736,De Ronde Venen,Utrecht,26,Ziekenhuisopname,0,39
2020-07-22,736,De Ronde Venen,Utrecht,26,Overleden,0,13
2020-07-22,737,Tytsjerksteradiel,Friesland,21,Totaal,0,16
2020-07-22,737,Tytsjerksteradiel,Friesland,21,Ziekenhuisopname,0,4
2020-07-22,737,Tytsjerksteradiel,Friesland,21,Overleden,0,1
2020-07-22,743,Asten,Noord-Brabant,30,Totaal,0,78
2020-07-22,743,Asten,Noord-Brabant,30,Ziekenhuisopname,0,18
2020-07-22,743,Asten,Noord-Brabant,30,Overleden,0,12
2020-07-22,744,Baarle-Nassau,Noord-Brabant,30,Totaal,0,25
2020-07-22,744,Baarle-Nassau,Noord-Brabant,30,Ziekenhuisopname,0,9
2020-07-22,744,Baarle-Nassau,Noord-Brabant,30,Overleden,0,2
2020-07-22,748,Bergen op Zoom,Noord-Brabant,30,Totaal,0,185
2020-07-22,748,Bergen op Zoom,Noord-Brabant,30,Ziekenhuisopname,0,24
2020-07-22,748,Bergen op Zoom,Noord-Brabant,30,Overleden,0,13
2020-07-22,753,Best,Noord-Brabant,30,Totaal,0,82
2020-07-22,753,Best,Noord-Brabant,30,Ziekenhuisopname,0,31
2020-07-22,753,Best,Noord-Brabant,30,Overleden,0,10
2020-07-22,755,Boekel,Noord-Brabant,30,Totaal,0,89
2020-07-22,755,Boekel,Noord-Brabant,30,Ziekenhuisopname,0,34
2020-07-22,755,Boekel,Noord-Brabant,30,Overleden,0,20
2020-07-22,756,Boxmeer,Noord-Brabant,30,Totaal,0,127
2020-07-22,756,Boxmeer,Noord-Brabant,30,Ziekenhuisopname,0,20
2020-07-22,756,Boxmeer,Noord-Brabant,30,Overleden,0,27
2020-07-22,757,Boxtel,Noord-Brabant,30,Totaal,0,134
2020-07-22,757,Boxtel,Noord-Brabant,30,Ziekenhuisopname,0,24
2020-07-22,757,Boxtel,Noord-Brabant,30,Overleden,0,26
2020-07-22,758,Breda,Noord-Brabant,30,Totaal,6,558
2020-07-22,758,Breda,Noord-Brabant,30,Ziekenhuisopname,0,146
2020-07-22,758,Breda,Noord-Brabant,30,Overleden,0,63
2020-07-22,762,Deurne,Noord-Brabant,30,Totaal,0,192
2020-07-22,762,Deurne,Noord-Brabant,30,Ziekenhuisopname,0,55
2020-07-22,762,Deurne,Noord-Brabant,30,Overleden,0,24
2020-07-22,765,Pekela,Groningen,20,Totaal,0,5
2020-07-22,765,Pekela,Groningen,20,Ziekenhuisopname,0,4
2020-07-22,765,Pekela,Groningen,20,Overleden,0,0
2020-07-22,766,Dongen,Noord-Brabant,30,Totaal,0,86
2020-07-22,766,Dongen,Noord-Brabant,30,Ziekenhuisopname,0,20
2020-07-22,766,Dongen,Noord-Brabant,30,Overleden,0,13
2020-07-22,770,Eersel,Noord-Brabant,30,Totaal,0,69
2020-07-22,770,Eersel,Noord-Brabant,30,Ziekenhuisopname,0,27
2020-07-22,770,Eersel,Noord-Brabant,30,Overleden,0,10
2020-07-22,772,Eindhoven,Noord-Brabant,30,Totaal,0,562
2020-07-22,772,Eindhoven,Noord-Brabant,30,Ziekenhuisopname,0,182
2020-07-22,772,Eindhoven,Noord-Brabant,30,Overleden,0,85
2020-07-22,777,Etten-Leur,Noord-Brabant,30,Totaal,3,210
2020-07-22,777,Etten-Leur,Noord-Brabant,30,Ziekenhuisopname,0,40
2020-07-22,777,Etten-Leur,Noord-Brabant,30,Overleden,0,30
2020-07-22,779,Geertruidenberg,Noord-Brabant,30,Totaal,0,43
2020-07-22,779,Geertruidenberg,Noord-Brabant,30,Ziekenhuisopname,0,11
2020-07-22,779,Geertruidenberg,Noord-Brabant,30,Overleden,0,6
2020-07-22,784,Gilze en Rijen,Noord-Brabant,30,Totaal,0,86
2020-07-22,784,Gilze en Rijen,Noord-Brabant,30,Ziekenhuisopname,0,20
2020-07-22,784,Gilze en Rijen,Noord-Brabant,30,Overleden,0,15
2020-07-22,785,Goirle,Noord-Brabant,30,Totaal,1,84
2020-07-22,785,Goirle,Noord-Brabant,30,Ziekenhuisopname,0,32
2020-07-22,785,Goirle,Noord-Brabant,30,Overleden,0,17
2020-07-22,786,Grave,Noord-Brabant,30,Totaal,0,71
2020-07-22,786,Grave,Noord-Brabant,30,Ziekenhuisopname,0,21
2020-07-22,786,Grave,Noord-Brabant,30,Overleden,0,11
2020-07-22,788,Haaren,Noord-Brabant,30,Totaal,0,58
2020-07-22,788,Haaren,Noord-Brabant,30,Ziekenhuisopname,0,18
2020-07-22,788,Haaren,Noord-Brabant,30,Overleden,0,8
2020-07-22,794,Helmond,Noord-Brabant,30,Totaal,0,430
2020-07-22,794,Helmond,Noord-Brabant,30,Ziekenhuisopname,0,115
2020-07-22,794,Helmond,Noord-Brabant,30,Overleden,0,43
2020-07-22,796,'s-Hertogenbosch,Noord-Brabant,30,Totaal,3,528
2020-07-22,796,'s-Hertogenbosch,Noord-Brabant,30,Ziekenhuisopname,0,126
2020-07-22,796,'s-Hertogenbosch,Noord-Brabant,30,Overleden,0,78
2020-07-22,797,Heusden,Noord-Brabant,30,Totaal,1,147
2020-07-22,797,Heusden,Noord-Brabant,30,Ziekenhuisopname,0,44
2020-07-22,797,Heusden,Noord-Brabant,30,Overleden,0,22
2020-07-22,798,Hilvarenbeek,Noord-Brabant,30,Totaal,0,51
2020-07-22,798,Hilvarenbeek,Noord-Brabant,30,Ziekenhuisopname,0,9
2020-07-22,798,Hilvarenbeek,Noord-Brabant,30,Overleden,0,6
2020-07-22,809,Loon op Zand,Noord-Brabant,30,Totaal,0,61
2020-07-22,809,Loon op Zand,Noord-Brabant,30,Ziekenhuisopname,0,24
2020-07-22,809,Loon op Zand,Noord-Brabant,30,Overleden,0,7
2020-07-22,815,Mill en Sint Hubert,Noord-Brabant,30,Totaal,0,41
2020-07-22,815,Mill en Sint Hubert,Noord-Brabant,30,Ziekenhuisopname,0,9
2020-07-22,815,Mill en Sint Hubert,Noord-Brabant,30,Overleden,0,5
2020-07-22,820,"Nuenen, Gerwen en Nederwetten",Noord-Brabant,30,Totaal,0,55
2020-07-22,820,"Nuenen, Gerwen en Nederwetten",Noord-Brabant,30,Ziekenhuisopname,0,18
2020-07-22,820,"Nuenen, Gerwen en Nederwetten",Noord-Brabant,30,Overleden,0,9
2020-07-22,823,Oirschot,Noord-Brabant,30,Totaal,0,67
2020-07-22,823,Oirschot,Noord-Brabant,30,Ziekenhuisopname,0,13
2020-07-22,823,Oirschot,Noord-Brabant,30,Overleden,0,9
2020-07-22,824,Oisterwijk,Noord-Brabant,30,Totaal,0,76
2020-07-22,824,Oisterwijk,Noord-Brabant,30,Ziekenhuisopname,0,23
2020-07-22,824,Oisterwijk,Noord-Brabant,30,Overleden,0,11
2020-07-22,826,Oosterhout,Noord-Brabant,30,Totaal,1,140
2020-07-22,826,Oosterhout,Noord-Brabant,30,Ziekenhuisopname,0,48
2020-07-22,826,Oosterhout,Noord-Brabant,30,Overleden,0,17
2020-07-22,828,Oss,Noord-Brabant,30,Totaal,1,494
2020-07-22,828,Oss,Noord-Brabant,30,Ziekenhuisopname,0,164
2020-07-22,828,Oss,Noord-Brabant,30,Overleden,0,87
2020-07-22,840,Rucphen,Noord-Brabant,30,Totaal,0,70
2020-07-22,840,Rucphen,Noord-Brabant,30,Ziekenhuisopname,0,10
2020-07-22,840,Rucphen,Noord-Brabant,30,Overleden,0,10
2020-07-22,845,Sint-Michielsgestel,Noord-Brabant,30,Totaal,0,120
2020-07-22,845,Sint-Michielsgestel,Noord-Brabant,30,Ziekenhuisopname,0,36
2020-07-22,845,Sint-Michielsgestel,Noord-Brabant,30,Overleden,0,19
2020-07-22,847,Someren,Noord-Brabant,30,Totaal,0,106
2020-07-22,847,Someren,Noord-Brabant,30,Ziekenhuisopname,0,33
2020-07-22,847,Someren,Noord-Brabant,30,Overleden,0,8
2020-07-22,848,Son en Breugel,Noord-Brabant,30,Totaal,0,74
2020-07-22,848,Son en Breugel,Noord-Brabant,30,Ziekenhuisopname,0,31
2020-07-22,848,Son en Breugel,Noord-Brabant,30,Overleden,0,14
2020-07-22,851,Steenbergen,Noord-Brabant,30,Totaal,0,93
2020-07-22,851,Steenbergen,Noord-Brabant,30,Ziekenhuisopname,0,13
2020-07-22,851,Steenbergen,Noord-Brabant,30,Overleden,0,13
2020-07-22,852,Waterland,Noord-Holland,27,Totaal,0,34
2020-07-22,852,Waterland,Noord-Holland,27,Ziekenhuisopname,0,16
2020-07-22,852,Waterland,Noord-Holland,27,Overleden,0,4
2020-07-22,855,Tilburg,Noord-Brabant,30,Totaal,3,845
2020-07-22,855,Tilburg,Noord-Brabant,30,Ziekenhuisopname,0,250
2020-07-22,855,Tilburg,Noord-Brabant,30,Overleden,0,162
2020-07-22,856,Uden,Noord-Brabant,30,Totaal,0,263
2020-07-22,856,Uden,Noord-Brabant,30,Ziekenhuisopname,0,115
2020-07-22,856,Uden,Noord-Brabant,30,Overleden,0,63
2020-07-22,858,Valkenswaard,Noord-Brabant,30,Totaal,0,180
2020-07-22,858,Valkenswaard,Noord-Brabant,30,Ziekenhuisopname,0,19
2020-07-22,858,Valkenswaard,Noord-Brabant,30,Overleden,0,37
2020-07-22,861,Veldhoven,Noord-Brabant,30,Totaal,0,131
2020-07-22,861,Veldhoven,Noord-Brabant,30,Ziekenhuisopname,0,31
2020-07-22,861,Veldhoven,Noord-Brabant,30,Overleden,0,16
2020-07-22,865,Vught,Noord-Brabant,30,Totaal,0,106
2020-07-22,865,Vught,Noord-Brabant,30,Ziekenhuisopname,0,42
2020-07-22,865,Vught,Noord-Brabant,30,Overleden,0,17
2020-07-22,866,Waalre,Noord-Brabant,30,Totaal,0,30
2020-07-22,866,Waalre,Noord-Brabant,30,Ziekenhuisopname,0,7
2020-07-22,866,Waalre,Noord-Brabant,30,Overleden,0,5
2020-07-22,867,Waalwijk,Noord-Brabant,30,Totaal,2,188
2020-07-22,867,Waalwijk,Noord-Brabant,30,Ziekenhuisopname,0,36
2020-07-22,867,Waalwijk,Noord-Brabant,30,Overleden,0,36
2020-07-22,873,Woensdrecht,Noord-Brabant,30,Totaal,2,74
2020-07-22,873,Woensdrecht,Noord-Brabant,30,Ziekenhuisopname,0,5
2020-07-22,873,Woensdrecht,Noord-Brabant,30,Overleden,0,7
2020-07-22,879,Zundert,Noord-Brabant,30,Totaal,0,108
2020-07-22,879,Zundert,Noord-Brabant,30,Ziekenhuisopname,0,24
2020-07-22,879,Zundert,Noord-Brabant,30,Overleden,0,11
2020-07-22,880,Wormerland,Noord-Holland,27,Totaal,0,49
2020-07-22,880,Wormerland,Noord-Holland,27,Ziekenhuisopname,0,20
2020-07-22,880,Wormerland,Noord-Holland,27,Overleden,0,6
2020-07-22,882,Landgraaf,Limburg,31,Totaal,0,145
2020-07-22,882,Landgraaf,Limburg,31,Ziekenhuisopname,0,52
2020-07-22,882,Landgraaf,Limburg,31,Overleden,0,13
2020-07-22,888,Beek,Limburg,31,Totaal,0,44
2020-07-22,888,Beek,Limburg,31,Ziekenhuisopname,0,16
2020-07-22,888,Beek,Limburg,31,Overleden,0,6
2020-07-22,889,Beesel,Limburg,31,Totaal,0,44
2020-07-22,889,Beesel,Limburg,31,Ziekenhuisopname,0,20
2020-07-22,889,Beesel,Limburg,31,Overleden,0,8
2020-07-22,893,Bergen (L.),Limburg,31,Totaal,0,25
2020-07-22,893,Bergen (L.),Limburg,31,Ziekenhuisopname,0,7
2020-07-22,893,Bergen (L.),Limburg,31,Overleden,0,2
2020-07-22,899,Brunssum,Limburg,31,Totaal,0,110
2020-07-22,899,Brunssum,Limburg,31,Ziekenhuisopname,0,44
2020-07-22,899,Brunssum,Limburg,31,Overleden,0,19
2020-07-22,907,Gennep,Limburg,31,Totaal,0,58
2020-07-22,907,Gennep,Limburg,31,Ziekenhuisopname,0,16
2020-07-22,907,Gennep,Limburg,31,Overleden,0,10
2020-07-22,917,Heerlen,Limburg,31,Totaal,0,389
2020-07-22,917,Heerlen,Limburg,31,Ziekenhuisopname,0,125
2020-07-22,917,Heerlen,Limburg,31,Overleden,0,54
2020-07-22,928,Kerkrade,Limburg,31,Totaal,0,208
2020-07-22,928,Kerkrade,Limburg,31,Ziekenhuisopname,0,64
2020-07-22,928,Kerkrade,Limburg,31,Overleden,0,35
2020-07-22,935,Maastricht,Limburg,31,Totaal,1,919
2020-07-22,935,Maastricht,Limburg,31,Ziekenhuisopname,0,186
2020-07-22,935,Maastricht,Limburg,31,Overleden,0,140
2020-07-22,938,Meerssen,Limburg,31,Totaal,0,118
2020-07-22,938,Meerssen,Limburg,31,Ziekenhuisopname,0,22
2020-07-22,938,Meerssen,Limburg,31,Overleden,0,13
2020-07-22,944,Mook en Middelaar,Limburg,31,Totaal,0,40
2020-07-22,944,Mook en Middelaar,Limburg,31,Ziekenhuisopname,0,6
2020-07-22,944,Mook en Middelaar,Limburg,31,Overleden,0,5
2020-07-22,946,Nederweert,Limburg,31,Totaal,0,53
2020-07-22,946,Nederweert,Limburg,31,Ziekenhuisopname,0,31
2020-07-22,946,Nederweert,Limburg,31,Overleden,0,7
2020-07-22,957,Roermond,Limburg,31,Totaal,0,138
2020-07-22,957,Roermond,Limburg,31,Ziekenhuisopname,0,59
2020-07-22,957,Roermond,Limburg,31,Overleden,0,23
2020-07-22,965,Simpelveld,Limburg,31,Totaal,0,48
2020-07-22,965,Simpelveld,Limburg,31,Ziekenhuisopname,0,19
2020-07-22,965,Simpelveld,Limburg,31,Overleden,0,5
2020-07-22,971,Stein,Limburg,31,Totaal,0,122
2020-07-22,971,Stein,Limburg,31,Ziekenhuisopname,0,43
2020-07-22,971,Stein,Limburg,31,Overleden,0,15
2020-07-22,981,Vaals,Limburg,31,Totaal,0,31
2020-07-22,981,Vaals,Limburg,31,Ziekenhuisopname,0,10
2020-07-22,981,Vaals,Limburg,31,Overleden,0,2
2020-07-22,983,Venlo,Limburg,31,Totaal,0,309
2020-07-22,983,Venlo,Limburg,31,Ziekenhuisopname,0,129
2020-07-22,983,Venlo,Limburg,31,Overleden,0,63
2020-07-22,984,Venray,Limburg,31,Totaal,0,126
2020-07-22,984,Venray,Limburg,31,Ziekenhuisopname,0,37
2020-07-22,984,Venray,Limburg,31,Overleden,0,17
2020-07-22,986,Voerendaal,Limburg,31,Totaal,0,47
2020-07-22,986,Voerendaal,Limburg,31,Ziekenhuisopname,0,17
2020-07-22,986,Voerendaal,Limburg,31,Overleden,0,8
2020-07-22,988,Weert,Limburg,31,Totaal,0,142
2020-07-22,988,Weert,Limburg,31,Ziekenhuisopname,0,67
2020-07-22,988,Weert,Limburg,31,Overleden,0,14
2020-07-22,994,Valkenburg aan de Geul,Limburg,31,Totaal,0,88
2020-07-22,994,Valkenburg aan de Geul,Limburg,31,Ziekenhuisopname,0,19
2020-07-22,994,Valkenburg aan de Geul,Limburg,31,Overleden,0,7
2020-07-22,995,Lelystad,Flevoland,24,Totaal,0,191
2020-07-22,995,Lelystad,Flevoland,24,Ziekenhuisopname,0,63
2020-07-22,995,Lelystad,Flevoland,24,Overleden,0,29
2020-07-22,1507,Horst aan de Maas,Limburg,31,Totaal,0,136
2020-07-22,1507,Horst aan de Maas,Limburg,31,Ziekenhuisopname,0,41
2020-07-22,1507,Horst aan de Maas,Limburg,31,Overleden,0,24
2020-07-22,1509,Oude IJsselstreek,Gelderland,25,Totaal,0,78
2020-07-22,1509,Oude IJsselstreek,Gelderland,25,Ziekenhuisopname,0,21
2020-07-22,1509,Oude IJsselstreek,Gelderland,25,Overleden,0,9
2020-07-22,1525,Teylingen,Zuid-Holland,28,Totaal,0,65
2020-07-22,1525,Teylingen,Zuid-Holland,28,Ziekenhuisopname,0,14
2020-07-22,1525,Teylingen,Zuid-Holland,28,Overleden,0,2
2020-07-22,1581,Utrechtse Heuvelrug,Utrecht,26,Totaal,0,124
2020-07-22,1581,Utrechtse Heuvelrug,Utrecht,26,Ziekenhuisopname,0,28
2020-07-22,1581,Utrechtse Heuvelrug,Utrecht,26,Overleden,0,14
2020-07-22,1586,Oost Gelre,Gelderland,25,Totaal,0,76
2020-07-22,1586,Oost Gelre,Gelderland,25,Ziekenhuisopname,0,18
2020-07-22,1586,Oost Gelre,Gelderland,25,Overleden,0,6
2020-07-22,1598,Koggenland,Noord-Holland,27,Totaal,0,36
2020-07-22,1598,Koggenland,Noord-Holland,27,Ziekenhuisopname,0,6
2020-07-22,1598,Koggenland,Noord-Holland,27,Overleden,0,6
2020-07-22,1621,Lansingerland,Zuid-Holland,28,Totaal,0,199
2020-07-22,1621,Lansingerland,Zuid-Holland,28,Ziekenhuisopname,0,43
2020-07-22,1621,Lansingerland,Zuid-Holland,28,Overleden,0,25
2020-07-22,1640,Leudal,Limburg,31,Totaal,0,191
2020-07-22,1640,Leudal,Limburg,31,Ziekenhuisopname,0,53
2020-07-22,1640,Leudal,Limburg,31,Overleden,0,33
2020-07-22,1641,Maasgouw,Limburg,31,Totaal,0,107
2020-07-22,1641,Maasgouw,Limburg,31,Ziekenhuisopname,0,27
2020-07-22,1641,Maasgouw,Limburg,31,Overleden,0,14
2020-07-22,1652,Gemert-Bakel,Noord-Brabant,30,Totaal,0,218
2020-07-22,1652,Gemert-Bakel,Noord-Brabant,30,Ziekenhuisopname,0,79
2020-07-22,1652,Gemert-Bakel,Noord-Brabant,30,Overleden,0,32
2020-07-22,1655,Halderberge,Noord-Brabant,30,Totaal,1,61
2020-07-22,1655,Halderberge,Noord-Brabant,30,Ziekenhuisopname,0,14
2020-07-22,1655,Halderberge,Noord-Brabant,30,Overleden,0,7
2020-07-22,1658,Heeze-Leende,Noord-Brabant,30,Totaal,0,70
2020-07-22,1658,Heeze-Leende,Noord-Brabant,30,Ziekenhuisopname,0,16
2020-07-22,1658,Heeze-Leende,Noord-Brabant,30,Overleden,0,8
2020-07-22,1659,Laarbeek,Noord-Brabant,30,Totaal,0,125
2020-07-22,1659,Laarbeek,Noord-Brabant,30,Ziekenhuisopname,0,41
2020-07-22,1659,Laarbeek,Noord-Brabant,30,Overleden,0,26
2020-07-22,1667,Reusel-De Mierden,Noord-Brabant,30,Totaal,0,24
2020-07-22,1667,Reusel-De Mierden,Noord-Brabant,30,Ziekenhuisopname,0,11
2020-07-22,1667,Reusel-De Mierden,Noord-Brabant,30,Overleden,0,2
2020-07-22,1669,Roerdalen,Limburg,31,Totaal,0,49
2020-07-22,1669,Roerdalen,Limburg,31,Ziekenhuisopname,0,27
2020-07-22,1669,Roerdalen,Limburg,31,Overleden,0,8
2020-07-22,1674,Roosendaal,Noord-Brabant,30,Totaal,2,236
2020-07-22,1674,Roosendaal,Noord-Brabant,30,Ziekenhuisopname,0,28
2020-07-22,1674,Roosendaal,Noord-Brabant,30,Overleden,0,21
2020-07-22,1676,Schouwen-Duiveland,Zeeland,29,Totaal,0,94
2020-07-22,1676,Schouwen-Duiveland,Zeeland,29,Ziekenhuisopname,0,11
2020-07-22,1676,Schouwen-Duiveland,Zeeland,29,Overleden,0,9
2020-07-22,1680,Aa en Hunze,Drenthe,22,Totaal,0,14
2020-07-22,1680,Aa en Hunze,Drenthe,22,Ziekenhuisopname,0,1
2020-07-22,1680,Aa en Hunze,Drenthe,22,Overleden,0,0
2020-07-22,1681,Borger-Odoorn,Drenthe,22,Totaal,0,10
2020-07-22,1681,Borger-Odoorn,Drenthe,22,Ziekenhuisopname,0,4
2020-07-22,1681,Borger-Odoorn,Drenthe,22,Overleden,0,3
2020-07-22,1684,Cuijk,Noord-Brabant,30,Totaal,0,79
2020-07-22,1684,Cuijk,Noord-Brabant,30,Ziekenhuisopname,0,12
2020-07-22,1684,Cuijk,Noord-Brabant,30,Overleden,0,10
2020-07-22,1685,Landerd,Noord-Brabant,30,Totaal,0,146
2020-07-22,1685,Landerd,Noord-Brabant,30,Ziekenhuisopname,0,39
2020-07-22,1685,Landerd,Noord-Brabant,30,Overleden,0,21
2020-07-22,1690,De Wolden,Drenthe,22,Totaal,0,48
2020-07-22,1690,De Wolden,Drenthe,22,Ziekenhuisopname,0,11
2020-07-22,1690,De Wolden,Drenthe,22,Overleden,0,5
2020-07-22,1695,Noord-Beveland,Zeeland,29,Totaal,0,11
2020-07-22,1695,Noord-Beveland,Zeeland,29,Ziekenhuisopname,0,1
2020-07-22,1695,Noord-Beveland,Zeeland,29,Overleden,0,0
2020-07-22,1696,Wijdemeren,Noord-Holland,27,Totaal,0,34
2020-07-22,1696,Wijdemeren,Noord-Holland,27,Ziekenhuisopname,0,8
2020-07-22,1696,Wijdemeren,Noord-Holland,27,Overleden,0,0
2020-07-22,1699,Noordenveld,Drenthe,22,Totaal,0,21
2020-07-22,1699,Noordenveld,Drenthe,22,Ziekenhuisopname,0,4
2020-07-22,1699,Noordenveld,Drenthe,22,Overleden,0,1
2020-07-22,1700,Twenterand,Overijssel,23,Totaal,0,61
2020-07-22,1700,Twenterand,Overijssel,23,Ziekenhuisopname,0,12
2020-07-22,1700,Twenterand,Overijssel,23,Overleden,0,2
2020-07-22,1701,Westerveld,Drenthe,22,Totaal,0,35
2020-07-22,1701,Westerveld,Drenthe,22,Ziekenhuisopname,0,9
2020-07-22,1701,Westerveld,Drenthe,22,Overleden,0,4
2020-07-22,1702,Sint Anthonis,Noord-Brabant,30,Totaal,0,70
2020-07-22,1702,Sint Anthonis,Noord-Brabant,30,Ziekenhuisopname,0,20
2020-07-22,1702,Sint Anthonis,Noord-Brabant,30,Overleden,0,11
2020-07-22,1705,Lingewaard,Gelderland,25,Totaal,0,131
2020-07-22,1705,Lingewaard,Gelderland,25,Ziekenhuisopname,0,31
2020-07-22,1705,Lingewaard,Gelderland,25,Overleden,0,10
2020-07-22,1706,Cranendonck,Noord-Brabant,30,Totaal,0,173
2020-07-22,1706,Cranendonck,Noord-Brabant,30,Ziekenhuisopname,0,63
2020-07-22,1706,Cranendonck,Noord-Brabant,30,Overleden,0,36
2020-07-22,1708,Steenwijkerland,Overijssel,23,Totaal,0,105
2020-07-22,1708,Steenwijkerland,Overijssel,23,Ziekenhuisopname,0,14
2020-07-22,1708,Steenwijkerland,Overijssel,23,Overleden,0,5
2020-07-22,1709,Moerdijk,Noord-Brabant,30,Totaal,0,83
2020-07-22,1709,Moerdijk,Noord-Brabant,30,Ziekenhuisopname,0,14
2020-07-22,1709,Moerdijk,Noord-Brabant,30,Overleden,0,8
2020-07-22,1711,Echt-Susteren,Limburg,31,Totaal,0,93
2020-07-22,1711,Echt-Susteren,Limburg,31,Ziekenhuisopname,0,39
2020-07-22,1711,Echt-Susteren,Limburg,31,Overleden,0,16
2020-07-22,1714,Sluis,Zeeland,29,Totaal,0,18
2020-07-22,1714,Sluis,Zeeland,29,Ziekenhuisopname,0,9
2020-07-22,1714,Sluis,Zeeland,29,Overleden,0,4
2020-07-22,1719,Drimmelen,Noord-Brabant,30,Totaal,0,69
2020-07-22,1719,Drimmelen,Noord-Brabant,30,Ziekenhuisopname,0,18
2020-07-22,1719,Drimmelen,Noord-Brabant,30,Overleden,0,8
2020-07-22,1721,Bernheze,Noord-Brabant,30,Totaal,0,282
2020-07-22,1721,Bernheze,Noord-Brabant,30,Ziekenhuisopname,0,95
2020-07-22,1721,Bernheze,Noord-Brabant,30,Overleden,0,65
2020-07-22,1723,Alphen-Chaam,Noord-Brabant,30,Totaal,0,52
2020-07-22,1723,Alphen-Chaam,Noord-Brabant,30,Ziekenhuisopname,0,18
2020-07-22,1723,Alphen-Chaam,Noord-Brabant,30,Overleden,0,5
2020-07-22,1724,Bergeijk,Noord-Brabant,30,Totaal,0,58
2020-07-22,1724,Bergeijk,Noord-Brabant,30,Ziekenhuisopname,0,19
2020-07-22,1724,Bergeijk,Noord-Brabant,30,Overleden,0,5
2020-07-22,1728,Bladel,Noord-Brabant,30,Totaal,0,78
2020-07-22,1728,Bladel,Noord-Brabant,30,Ziekenhuisopname,0,21
2020-07-22,1728,Bladel,Noord-Brabant,30,Overleden,0,8
2020-07-22,1729,Gulpen-Wittem,Limburg,31,Totaal,0,79
2020-07-22,1729,Gulpen-Wittem,Limburg,31,Ziekenhuisopname,0,21
2020-07-22,1729,Gulpen-Wittem,Limburg,31,Overleden,0,14
2020-07-22,1730,Tynaarlo,Drenthe,22,Totaal,0,40
2020-07-22,1730,Tynaarlo,Drenthe,22,Ziekenhuisopname,0,9
2020-07-22,1730,Tynaarlo,Drenthe,22,Overleden,0,0
2020-07-22,1731,Midden-Drenthe,Drenthe,22,Totaal,0,22
2020-07-22,1731,Midden-Drenthe,Drenthe,22,Ziekenhuisopname,0,6
2020-07-22,1731,Midden-Drenthe,Drenthe,22,Overleden,0,0
2020-07-22,1734,Overbetuwe,Gelderland,25,Totaal,0,139
2020-07-22,1734,Overbetuwe,Gelderland,25,Ziekenhuisopname,0,57
2020-07-22,1734,Overbetuwe,Gelderland,25,Overleden,0,16
2020-07-22,1735,Hof van Twente,Overijssel,23,Totaal,0,63
2020-07-22,1735,Hof van Twente,Overijssel,23,Ziekenhuisopname,0,15
2020-07-22,1735,Hof van Twente,Overijssel,23,Overleden,0,5
2020-07-22,1740,Neder-Betuwe,Gelderland,25,Totaal,0,145
2020-07-22,1740,Neder-Betuwe,Gelderland,25,Ziekenhuisopname,0,37
2020-07-22,1740,Neder-Betuwe,Gelderland,25,Overleden,0,21
2020-07-22,1742,Rijssen-Holten,Overijssel,23,Totaal,0,202
2020-07-22,1742,Rijssen-Holten,Overijssel,23,Ziekenhuisopname,0,29
2020-07-22,1742,Rijssen-Holten,Overijssel,23,Overleden,0,23
2020-07-22,1771,Geldrop-Mierlo,Noord-Brabant,30,Totaal,0,110
2020-07-22,1771,Geldrop-Mierlo,Noord-Brabant,30,Ziekenhuisopname,0,33
2020-07-22,1771,Geldrop-Mierlo,Noord-Brabant,30,Overleden,0,16
2020-07-22,1773,Olst-Wijhe,Overijssel,23,Totaal,0,51
2020-07-22,1773,Olst-Wijhe,Overijssel,23,Ziekenhuisopname,0,12
2020-07-22,1773,Olst-Wijhe,Overijssel,23,Overleden,0,8
2020-07-22,1774,Dinkelland,Overijssel,23,Totaal,0,74
2020-07-22,1774,Dinkelland,Overijssel,23,Ziekenhuisopname,0,20
2020-07-22,1774,Dinkelland,Overijssel,23,Overleden,0,10
2020-07-22,1783,Westland,Zuid-Holland,28,Totaal,2,302
2020-07-22,1783,Westland,Zuid-Holland,28,Ziekenhuisopname,0,57
2020-07-22,1783,Westland,Zuid-Holland,28,Overleden,0,30
2020-07-22,1842,Midden-Delfland,Zuid-Holland,28,Totaal,0,30
2020-07-22,1842,Midden-Delfland,Zuid-Holland,28,Ziekenhuisopname,0,4
2020-07-22,1842,Midden-Delfland,Zuid-Holland,28,Overleden,0,0
2020-07-22,1859,Berkelland,Gelderland,25,Totaal,0,95
2020-07-22,1859,Berkelland,Gelderland,25,Ziekenhuisopname,0,13
2020-07-22,1859,Berkelland,Gelderland,25,Overleden,0,7
2020-07-22,1876,Bronckhorst,Gelderland,25,Totaal,0,75
2020-07-22,1876,Bronckhorst,Gelderland,25,Ziekenhuisopname,0,17
2020-07-22,1876,Bronckhorst,Gelderland,25,Overleden,0,7
2020-07-22,1883,Sittard-Geleen,Limburg,31,Totaal,0,413
2020-07-22,1883,Sittard-Geleen,Limburg,31,Ziekenhuisopname,0,115
2020-07-22,1883,Sittard-Geleen,Limburg,31,Overleden,0,63
2020-07-22,1884,Kaag en Braassem,Zuid-Holland,28,Totaal,0,33
2020-07-22,1884,Kaag en Braassem,Zuid-Holland,28,Ziekenhuisopname,0,7
2020-07-22,1884,Kaag en Braassem,Zuid-Holland,28,Overleden,0,2
2020-07-22,1891,Dantumadiel,Friesland,21,Totaal,0,5
2020-07-22,1891,Dantumadiel,Friesland,21,Ziekenhuisopname,0,2
2020-07-22,1891,Dantumadiel,Friesland,21,Overleden,0,0
2020-07-22,1892,Zuidplas,Zuid-Holland,28,Totaal,2,158
2020-07-22,1892,Zuidplas,Zuid-Holland,28,Ziekenhuisopname,0,24
2020-07-22,1892,Zuidplas,Zuid-Holland,28,Overleden,0,21
2020-07-22,1894,Peel en Maas,Limburg,31,Totaal,0,280
2020-07-22,1894,Peel en Maas,Limburg,31,Ziekenhuisopname,0,144
2020-07-22,1894,Peel en Maas,Limburg,31,Overleden,0,65
2020-07-22,1895,Oldambt,Groningen,20,Totaal,0,13
2020-07-22,1895,Oldambt,Groningen,20,Ziekenhuisopname,0,7
2020-07-22,1895,Oldambt,Groningen,20,Overleden,0,2
2020-07-22,1896,Zwartewaterland,Overijssel,23,Totaal,0,146
2020-07-22,1896,Zwartewaterland,Overijssel,23,Ziekenhuisopname,0,35
2020-07-22,1896,Zwartewaterland,Overijssel,23,Overleden,0,19
2020-07-22,1900,Sdwest-Frysln,Friesland,21,Totaal,0,106
2020-07-22,1900,Sdwest-Frysln,Friesland,21,Ziekenhuisopname,0,18
2020-07-22,1900,Sdwest-Frysln,Friesland,21,Overleden,0,6
2020-07-22,1901,Bodegraven-Reeuwijk,Zuid-Holland,28,Totaal,0,68
2020-07-22,1901,Bodegraven-Reeuwijk,Zuid-Holland,28,Ziekenhuisopname,0,7
2020-07-22,1901,Bodegraven-Reeuwijk,Zuid-Holland,28,Overleden,0,1
2020-07-22,1903,Eijsden-Margraten,Limburg,31,Totaal,0,175
2020-07-22,1903,Eijsden-Margraten,Limburg,31,Ziekenhuisopname,0,54
2020-07-22,1903,Eijsden-Margraten,Limburg,31,Overleden,0,27
2020-07-22,1904,Stichtse Vecht,Utrecht,26,Totaal,1,135
2020-07-22,1904,Stichtse Vecht,Utrecht,26,Ziekenhuisopname,0,34
2020-07-22,1904,Stichtse Vecht,Utrecht,26,Overleden,0,13
2020-07-22,1911,Hollands Kroon,Noord-Holland,27,Totaal,0,63
2020-07-22,1911,Hollands Kroon,Noord-Holland,27,Ziekenhuisopname,0,26
2020-07-22,1911,Hollands Kroon,Noord-Holland,27,Overleden,0,6
2020-07-22,1916,Leidschendam-Voorburg,Zuid-Holland,28,Totaal,1,163
2020-07-22,1916,Leidschendam-Voorburg,Zuid-Holland,28,Ziekenhuisopname,0,20
2020-07-22,1916,Leidschendam-Voorburg,Zuid-Holland,28,Overleden,0,15
2020-07-22,1924,Goeree-Overflakkee,Zuid-Holland,28,Totaal,0,264
2020-07-22,1924,Goeree-Overflakkee,Zuid-Holland,28,Ziekenhuisopname,0,54
2020-07-22,1924,Goeree-Overflakkee,Zuid-Holland,28,Overleden,0,34
2020-07-22,1926,Pijnacker-Nootdorp,Zuid-Holland,28,Totaal,2,139
2020-07-22,1926,Pijnacker-Nootdorp,Zuid-Holland,28,Ziekenhuisopname,0,24
2020-07-22,1926,Pijnacker-Nootdorp,Zuid-Holland,28,Overleden,0,16
2020-07-22,1930,Nissewaard,Zuid-Holland,28,Totaal,2,219
2020-07-22,1930,Nissewaard,Zuid-Holland,28,Ziekenhuisopname,0,55
2020-07-22,1930,Nissewaard,Zuid-Holland,28,Overleden,0,17
2020-07-22,1931,Krimpenerwaard,Zuid-Holland,28,Totaal,2,200
2020-07-22,1931,Krimpenerwaard,Zuid-Holland,28,Ziekenhuisopname,0,45
2020-07-22,1931,Krimpenerwaard,Zuid-Holland,28,Overleden,0,34
2020-07-22,1940,De Fryske Marren,Friesland,21,Totaal,0,72
2020-07-22,1940,De Fryske Marren,Friesland,21,Ziekenhuisopname,0,16
2020-07-22,1940,De Fryske Marren,Friesland,21,Overleden,0,6
2020-07-22,1942,Gooise Meren,Noord-Holland,27,Totaal,1,123
2020-07-22,1942,Gooise Meren,Noord-Holland,27,Ziekenhuisopname,0,23
2020-07-22,1942,Gooise Meren,Noord-Holland,27,Overleden,0,9
2020-07-22,1945,Berg en Dal,Gelderland,25,Totaal,0,182
2020-07-22,1945,Berg en Dal,Gelderland,25,Ziekenhuisopname,0,29
2020-07-22,1945,Berg en Dal,Gelderland,25,Overleden,0,16
2020-07-22,1948,Meierijstad,Noord-Brabant,30,Totaal,0,558
2020-07-22,1948,Meierijstad,Noord-Brabant,30,Ziekenhuisopname,0,211
2020-07-22,1948,Meierijstad,Noord-Brabant,30,Overleden,0,131
2020-07-22,1949,Waadhoeke,Friesland,21,Totaal,0,101
2020-07-22,1949,Waadhoeke,Friesland,21,Ziekenhuisopname,0,12
2020-07-22,1949,Waadhoeke,Friesland,21,Overleden,0,15
2020-07-22,1950,Westerwolde,Groningen,20,Totaal,0,6
2020-07-22,1950,Westerwolde,Groningen,20,Ziekenhuisopname,0,5
2020-07-22,1950,Westerwolde,Groningen,20,Overleden,0,0
2020-07-22,1952,Midden-Groningen,Groningen,20,Totaal,0,32
2020-07-22,1952,Midden-Groningen,Groningen,20,Ziekenhuisopname,0,6
2020-07-22,1952,Midden-Groningen,Groningen,20,Overleden,0,3
2020-07-22,1954,Beekdaelen,Limburg,31,Totaal,0,172
2020-07-22,1954,Beekdaelen,Limburg,31,Ziekenhuisopname,0,52
2020-07-22,1954,Beekdaelen,Limburg,31,Overleden,0,23
2020-07-22,1955,Montferland,Gelderland,25,Totaal,0,103
2020-07-22,1955,Montferland,Gelderland,25,Ziekenhuisopname,0,21
2020-07-22,1955,Montferland,Gelderland,25,Overleden,0,9
2020-07-22,1959,Altena,Noord-Brabant,30,Totaal,0,136
2020-07-22,1959,Altena,Noord-Brabant,30,Ziekenhuisopname,0,32
2020-07-22,1959,Altena,Noord-Brabant,30,Overleden,0,11
2020-07-22,1960,West Betuwe,Gelderland,25,Totaal,0,214
2020-07-22,1960,West Betuwe,Gelderland,25,Ziekenhuisopname,0,43
2020-07-22,1960,West Betuwe,Gelderland,25,Overleden,0,27
2020-07-22,1961,Vijfheerenlanden,Utrecht,26,Totaal,1,275
2020-07-22,1961,Vijfheerenlanden,Utrecht,26,Ziekenhuisopname,0,34
2020-07-22,1961,Vijfheerenlanden,Utrecht,26,Overleden,0,37
2020-07-22,1963,Hoeksche Waard,Zuid-Holland,28,Totaal,2,314
2020-07-22,1963,Hoeksche Waard,Zuid-Holland,28,Ziekenhuisopname,0,75
2020-07-22,1963,Hoeksche Waard,Zuid-Holland,28,Overleden,0,20
2020-07-22,1966,Het Hogeland,Groningen,20,Totaal,0,35
2020-07-22,1966,Het Hogeland,Groningen,20,Ziekenhuisopname,0,7
2020-07-22,1966,Het Hogeland,Groningen,20,Overleden,0,3
2020-07-22,1969,Westerkwartier,Groningen,20,Totaal,0,58
2020-07-22,1969,Westerkwartier,Groningen,20,Ziekenhuisopname,0,14
2020-07-22,1969,Westerkwartier,Groningen,20,Overleden,0,4
2020-07-22,1970,Noardeast-Frysln,Friesland,21,Totaal,1,30
2020-07-22,1970,Noardeast-Frysln,Friesland,21,Ziekenhuisopname,0,6
2020-07-22,1970,Noardeast-Frysln,Friesland,21,Overleden,0,4
2020-07-22,1978,Molenlanden,Zuid-Holland,28,Totaal,0,123
2020-07-22,1978,Molenlanden,Zuid-Holland,28,Ziekenhuisopname,0,18
2020-07-22,1978,Molenlanden,Zuid-Holland,28,Overleden,0,8
