Datum,Gemeentecode,Gemeentenaam,Provincienaam,Provinciecode,Type,Aantal,AantalCumulatief
2020-10-16,-1,,,-1,Totaal,31,1654
2020-10-16,-1,,,-1,Ziekenhuisopname,-1,80
2020-10-16,-1,,,-1,Overleden,0,19
2020-10-16,3,Appingedam,Groningen,20,Totaal,0,35
2020-10-16,3,Appingedam,Groningen,20,Ziekenhuisopname,0,5
2020-10-16,3,Appingedam,Groningen,20,Overleden,0,0
2020-10-16,10,Delfzijl,Groningen,20,Totaal,0,91
2020-10-16,10,Delfzijl,Groningen,20,Ziekenhuisopname,0,7
2020-10-16,10,Delfzijl,Groningen,20,Overleden,0,0
2020-10-16,14,Groningen,Groningen,20,Totaal,96,2547
2020-10-16,14,Groningen,Groningen,20,Ziekenhuisopname,0,25
2020-10-16,14,Groningen,Groningen,20,Overleden,0,3
2020-10-16,24,Loppersum,Groningen,20,Totaal,1,29
2020-10-16,24,Loppersum,Groningen,20,Ziekenhuisopname,0,0
2020-10-16,24,Loppersum,Groningen,20,Overleden,0,0
2020-10-16,34,Almere,Flevoland,24,Totaal,113,2336
2020-10-16,34,Almere,Flevoland,24,Ziekenhuisopname,3,154
2020-10-16,34,Almere,Flevoland,24,Overleden,0,38
2020-10-16,37,Stadskanaal,Groningen,20,Totaal,4,124
2020-10-16,37,Stadskanaal,Groningen,20,Ziekenhuisopname,0,2
2020-10-16,37,Stadskanaal,Groningen,20,Overleden,0,2
2020-10-16,47,Veendam,Groningen,20,Totaal,4,113
2020-10-16,47,Veendam,Groningen,20,Ziekenhuisopname,0,2
2020-10-16,47,Veendam,Groningen,20,Overleden,0,1
2020-10-16,50,Zeewolde,Flevoland,24,Totaal,5,174
2020-10-16,50,Zeewolde,Flevoland,24,Ziekenhuisopname,1,13
2020-10-16,50,Zeewolde,Flevoland,24,Overleden,0,6
2020-10-16,59,Achtkarspelen,Friesland,21,Totaal,7,126
2020-10-16,59,Achtkarspelen,Friesland,21,Ziekenhuisopname,0,0
2020-10-16,59,Achtkarspelen,Friesland,21,Overleden,0,0
2020-10-16,60,Ameland,Friesland,21,Totaal,0,22
2020-10-16,60,Ameland,Friesland,21,Ziekenhuisopname,0,0
2020-10-16,60,Ameland,Friesland,21,Overleden,0,0
2020-10-16,72,Harlingen,Friesland,21,Totaal,1,59
2020-10-16,72,Harlingen,Friesland,21,Ziekenhuisopname,0,4
2020-10-16,72,Harlingen,Friesland,21,Overleden,0,1
2020-10-16,74,Heerenveen,Friesland,21,Totaal,7,287
2020-10-16,74,Heerenveen,Friesland,21,Ziekenhuisopname,0,15
2020-10-16,74,Heerenveen,Friesland,21,Overleden,0,22
2020-10-16,80,Leeuwarden,Friesland,21,Totaal,37,1047
2020-10-16,80,Leeuwarden,Friesland,21,Ziekenhuisopname,1,43
2020-10-16,80,Leeuwarden,Friesland,21,Overleden,0,6
2020-10-16,85,Ooststellingwerf,Friesland,21,Totaal,8,85
2020-10-16,85,Ooststellingwerf,Friesland,21,Ziekenhuisopname,0,4
2020-10-16,85,Ooststellingwerf,Friesland,21,Overleden,0,1
2020-10-16,86,Opsterland,Friesland,21,Totaal,5,108
2020-10-16,86,Opsterland,Friesland,21,Ziekenhuisopname,0,8
2020-10-16,86,Opsterland,Friesland,21,Overleden,0,0
2020-10-16,88,Schiermonnikoog,Friesland,21,Totaal,0,0
2020-10-16,88,Schiermonnikoog,Friesland,21,Ziekenhuisopname,0,0
2020-10-16,88,Schiermonnikoog,Friesland,21,Overleden,0,0
2020-10-16,90,Smallingerland,Friesland,21,Totaal,11,237
2020-10-16,90,Smallingerland,Friesland,21,Ziekenhuisopname,1,10
2020-10-16,90,Smallingerland,Friesland,21,Overleden,0,6
2020-10-16,93,Terschelling,Friesland,21,Totaal,1,35
2020-10-16,93,Terschelling,Friesland,21,Ziekenhuisopname,0,1
2020-10-16,93,Terschelling,Friesland,21,Overleden,0,0
2020-10-16,96,Vlieland,Friesland,21,Totaal,0,11
2020-10-16,96,Vlieland,Friesland,21,Ziekenhuisopname,0,0
2020-10-16,96,Vlieland,Friesland,21,Overleden,0,0
2020-10-16,98,Weststellingwerf,Friesland,21,Totaal,4,109
2020-10-16,98,Weststellingwerf,Friesland,21,Ziekenhuisopname,0,3
2020-10-16,98,Weststellingwerf,Friesland,21,Overleden,0,4
2020-10-16,106,Assen,Drenthe,22,Totaal,31,351
2020-10-16,106,Assen,Drenthe,22,Ziekenhuisopname,0,13
2020-10-16,106,Assen,Drenthe,22,Overleden,1,3
2020-10-16,109,Coevorden,Drenthe,22,Totaal,3,198
2020-10-16,109,Coevorden,Drenthe,22,Ziekenhuisopname,0,14
2020-10-16,109,Coevorden,Drenthe,22,Overleden,0,2
2020-10-16,114,Emmen,Drenthe,22,Totaal,44,944
2020-10-16,114,Emmen,Drenthe,22,Ziekenhuisopname,1,38
2020-10-16,114,Emmen,Drenthe,22,Overleden,0,19
2020-10-16,118,Hoogeveen,Drenthe,22,Totaal,12,303
2020-10-16,118,Hoogeveen,Drenthe,22,Ziekenhuisopname,0,26
2020-10-16,118,Hoogeveen,Drenthe,22,Overleden,1,10
2020-10-16,119,Meppel,Drenthe,22,Totaal,12,175
2020-10-16,119,Meppel,Drenthe,22,Ziekenhuisopname,0,11
2020-10-16,119,Meppel,Drenthe,22,Overleden,0,5
2020-10-16,141,Almelo,Overijssel,23,Totaal,50,572
2020-10-16,141,Almelo,Overijssel,23,Ziekenhuisopname,0,31
2020-10-16,141,Almelo,Overijssel,23,Overleden,0,12
2020-10-16,147,Borne,Overijssel,23,Totaal,16,194
2020-10-16,147,Borne,Overijssel,23,Ziekenhuisopname,0,15
2020-10-16,147,Borne,Overijssel,23,Overleden,0,6
2020-10-16,148,Dalfsen,Overijssel,23,Totaal,5,262
2020-10-16,148,Dalfsen,Overijssel,23,Ziekenhuisopname,0,17
2020-10-16,148,Dalfsen,Overijssel,23,Overleden,0,7
2020-10-16,150,Deventer,Overijssel,23,Totaal,27,930
2020-10-16,150,Deventer,Overijssel,23,Ziekenhuisopname,0,50
2020-10-16,150,Deventer,Overijssel,23,Overleden,0,37
2020-10-16,153,Enschede,Overijssel,23,Totaal,111,1193
2020-10-16,153,Enschede,Overijssel,23,Ziekenhuisopname,4,64
2020-10-16,153,Enschede,Overijssel,23,Overleden,0,26
2020-10-16,158,Haaksbergen,Overijssel,23,Totaal,16,332
2020-10-16,158,Haaksbergen,Overijssel,23,Ziekenhuisopname,0,16
2020-10-16,158,Haaksbergen,Overijssel,23,Overleden,0,9
2020-10-16,160,Hardenberg,Overijssel,23,Totaal,15,373
2020-10-16,160,Hardenberg,Overijssel,23,Ziekenhuisopname,0,23
2020-10-16,160,Hardenberg,Overijssel,23,Overleden,0,10
2020-10-16,163,Hellendoorn,Overijssel,23,Totaal,26,228
2020-10-16,163,Hellendoorn,Overijssel,23,Ziekenhuisopname,1,13
2020-10-16,163,Hellendoorn,Overijssel,23,Overleden,0,13
2020-10-16,164,Hengelo,Overijssel,23,Totaal,67,801
2020-10-16,164,Hengelo,Overijssel,23,Ziekenhuisopname,0,34
2020-10-16,164,Hengelo,Overijssel,23,Overleden,0,24
2020-10-16,166,Kampen,Overijssel,23,Totaal,9,535
2020-10-16,166,Kampen,Overijssel,23,Ziekenhuisopname,0,60
2020-10-16,166,Kampen,Overijssel,23,Overleden,0,37
2020-10-16,168,Losser,Overijssel,23,Totaal,14,198
2020-10-16,168,Losser,Overijssel,23,Ziekenhuisopname,0,11
2020-10-16,168,Losser,Overijssel,23,Overleden,0,1
2020-10-16,171,Noordoostpolder,Flevoland,24,Totaal,14,280
2020-10-16,171,Noordoostpolder,Flevoland,24,Ziekenhuisopname,0,17
2020-10-16,171,Noordoostpolder,Flevoland,24,Overleden,0,10
2020-10-16,173,Oldenzaal,Overijssel,23,Totaal,37,336
2020-10-16,173,Oldenzaal,Overijssel,23,Ziekenhuisopname,1,16
2020-10-16,173,Oldenzaal,Overijssel,23,Overleden,0,7
2020-10-16,175,Ommen,Overijssel,23,Totaal,1,135
2020-10-16,175,Ommen,Overijssel,23,Ziekenhuisopname,0,9
2020-10-16,175,Ommen,Overijssel,23,Overleden,0,4
2020-10-16,177,Raalte,Overijssel,23,Totaal,14,359
2020-10-16,177,Raalte,Overijssel,23,Ziekenhuisopname,0,25
2020-10-16,177,Raalte,Overijssel,23,Overleden,0,22
2020-10-16,180,Staphorst,Overijssel,23,Totaal,14,191
2020-10-16,180,Staphorst,Overijssel,23,Ziekenhuisopname,0,8
2020-10-16,180,Staphorst,Overijssel,23,Overleden,0,4
2020-10-16,183,Tubbergen,Overijssel,23,Totaal,31,330
2020-10-16,183,Tubbergen,Overijssel,23,Ziekenhuisopname,0,12
2020-10-16,183,Tubbergen,Overijssel,23,Overleden,0,5
2020-10-16,184,Urk,Flevoland,24,Totaal,5,112
2020-10-16,184,Urk,Flevoland,24,Ziekenhuisopname,0,23
2020-10-16,184,Urk,Flevoland,24,Overleden,0,4
2020-10-16,189,Wierden,Overijssel,23,Totaal,26,204
2020-10-16,189,Wierden,Overijssel,23,Ziekenhuisopname,0,7
2020-10-16,189,Wierden,Overijssel,23,Overleden,0,6
2020-10-16,193,Zwolle,Overijssel,23,Totaal,34,938
2020-10-16,193,Zwolle,Overijssel,23,Ziekenhuisopname,0,53
2020-10-16,193,Zwolle,Overijssel,23,Overleden,0,49
2020-10-16,197,Aalten,Gelderland,25,Totaal,8,231
2020-10-16,197,Aalten,Gelderland,25,Ziekenhuisopname,0,13
2020-10-16,197,Aalten,Gelderland,25,Overleden,0,7
2020-10-16,200,Apeldoorn,Gelderland,25,Totaal,30,1231
2020-10-16,200,Apeldoorn,Gelderland,25,Ziekenhuisopname,2,108
2020-10-16,200,Apeldoorn,Gelderland,25,Overleden,0,53
2020-10-16,202,Arnhem,Gelderland,25,Totaal,53,1491
2020-10-16,202,Arnhem,Gelderland,25,Ziekenhuisopname,1,78
2020-10-16,202,Arnhem,Gelderland,25,Overleden,0,34
2020-10-16,203,Barneveld,Gelderland,25,Totaal,28,462
2020-10-16,203,Barneveld,Gelderland,25,Ziekenhuisopname,0,21
2020-10-16,203,Barneveld,Gelderland,25,Overleden,0,9
2020-10-16,209,Beuningen,Gelderland,25,Totaal,5,272
2020-10-16,209,Beuningen,Gelderland,25,Ziekenhuisopname,0,20
2020-10-16,209,Beuningen,Gelderland,25,Overleden,0,5
2020-10-16,213,Brummen,Gelderland,25,Totaal,1,122
2020-10-16,213,Brummen,Gelderland,25,Ziekenhuisopname,0,18
2020-10-16,213,Brummen,Gelderland,25,Overleden,0,6
2020-10-16,214,Buren,Gelderland,25,Totaal,12,216
2020-10-16,214,Buren,Gelderland,25,Ziekenhuisopname,1,22
2020-10-16,214,Buren,Gelderland,25,Overleden,0,8
2020-10-16,216,Culemborg,Gelderland,25,Totaal,9,334
2020-10-16,216,Culemborg,Gelderland,25,Ziekenhuisopname,0,24
2020-10-16,216,Culemborg,Gelderland,25,Overleden,0,8
2020-10-16,221,Doesburg,Gelderland,25,Totaal,6,123
2020-10-16,221,Doesburg,Gelderland,25,Ziekenhuisopname,0,10
2020-10-16,221,Doesburg,Gelderland,25,Overleden,0,6
2020-10-16,222,Doetinchem,Gelderland,25,Totaal,21,490
2020-10-16,222,Doetinchem,Gelderland,25,Ziekenhuisopname,0,29
2020-10-16,222,Doetinchem,Gelderland,25,Overleden,0,15
2020-10-16,225,Druten,Gelderland,25,Totaal,9,196
2020-10-16,225,Druten,Gelderland,25,Ziekenhuisopname,0,25
2020-10-16,225,Druten,Gelderland,25,Overleden,0,8
2020-10-16,226,Duiven,Gelderland,25,Totaal,11,232
2020-10-16,226,Duiven,Gelderland,25,Ziekenhuisopname,0,16
2020-10-16,226,Duiven,Gelderland,25,Overleden,0,6
2020-10-16,228,Ede,Gelderland,25,Totaal,46,1169
2020-10-16,228,Ede,Gelderland,25,Ziekenhuisopname,2,66
2020-10-16,228,Ede,Gelderland,25,Overleden,0,26
2020-10-16,230,Elburg,Gelderland,25,Totaal,1,226
2020-10-16,230,Elburg,Gelderland,25,Ziekenhuisopname,0,28
2020-10-16,230,Elburg,Gelderland,25,Overleden,0,8
2020-10-16,232,Epe,Gelderland,25,Totaal,6,258
2020-10-16,232,Epe,Gelderland,25,Ziekenhuisopname,0,51
2020-10-16,232,Epe,Gelderland,25,Overleden,0,23
2020-10-16,233,Ermelo,Gelderland,25,Totaal,3,257
2020-10-16,233,Ermelo,Gelderland,25,Ziekenhuisopname,0,33
2020-10-16,233,Ermelo,Gelderland,25,Overleden,0,23
2020-10-16,243,Harderwijk,Gelderland,25,Totaal,14,517
2020-10-16,243,Harderwijk,Gelderland,25,Ziekenhuisopname,0,44
2020-10-16,243,Harderwijk,Gelderland,25,Overleden,0,20
2020-10-16,244,Hattem,Gelderland,25,Totaal,2,99
2020-10-16,244,Hattem,Gelderland,25,Ziekenhuisopname,0,18
2020-10-16,244,Hattem,Gelderland,25,Overleden,0,5
2020-10-16,246,Heerde,Gelderland,25,Totaal,0,264
2020-10-16,246,Heerde,Gelderland,25,Ziekenhuisopname,0,55
2020-10-16,246,Heerde,Gelderland,25,Overleden,0,28
2020-10-16,252,Heumen,Gelderland,25,Totaal,4,262
2020-10-16,252,Heumen,Gelderland,25,Ziekenhuisopname,0,19
2020-10-16,252,Heumen,Gelderland,25,Overleden,1,12
2020-10-16,262,Lochem,Gelderland,25,Totaal,8,283
2020-10-16,262,Lochem,Gelderland,25,Ziekenhuisopname,0,16
2020-10-16,262,Lochem,Gelderland,25,Overleden,0,15
2020-10-16,263,Maasdriel,Gelderland,25,Totaal,8,218
2020-10-16,263,Maasdriel,Gelderland,25,Ziekenhuisopname,0,16
2020-10-16,263,Maasdriel,Gelderland,25,Overleden,0,7
2020-10-16,267,Nijkerk,Gelderland,25,Totaal,24,499
2020-10-16,267,Nijkerk,Gelderland,25,Ziekenhuisopname,0,24
2020-10-16,267,Nijkerk,Gelderland,25,Overleden,0,4
2020-10-16,268,Nijmegen,Gelderland,25,Totaal,68,2639
2020-10-16,268,Nijmegen,Gelderland,25,Ziekenhuisopname,1,157
2020-10-16,268,Nijmegen,Gelderland,25,Overleden,0,75
2020-10-16,269,Oldebroek,Gelderland,25,Totaal,5,243
2020-10-16,269,Oldebroek,Gelderland,25,Ziekenhuisopname,0,40
2020-10-16,269,Oldebroek,Gelderland,25,Overleden,0,19
2020-10-16,273,Putten,Gelderland,25,Totaal,2,159
2020-10-16,273,Putten,Gelderland,25,Ziekenhuisopname,0,11
2020-10-16,273,Putten,Gelderland,25,Overleden,0,1
2020-10-16,274,Renkum,Gelderland,25,Totaal,12,340
2020-10-16,274,Renkum,Gelderland,25,Ziekenhuisopname,0,14
2020-10-16,274,Renkum,Gelderland,25,Overleden,0,9
2020-10-16,275,Rheden,Gelderland,25,Totaal,11,332
2020-10-16,275,Rheden,Gelderland,25,Ziekenhuisopname,0,34
2020-10-16,275,Rheden,Gelderland,25,Overleden,0,14
2020-10-16,277,Rozendaal,Gelderland,25,Totaal,0,11
2020-10-16,277,Rozendaal,Gelderland,25,Ziekenhuisopname,0,1
2020-10-16,277,Rozendaal,Gelderland,25,Overleden,0,0
2020-10-16,279,Scherpenzeel,Gelderland,25,Totaal,3,92
2020-10-16,279,Scherpenzeel,Gelderland,25,Ziekenhuisopname,0,5
2020-10-16,279,Scherpenzeel,Gelderland,25,Overleden,0,2
2020-10-16,281,Tiel,Gelderland,25,Totaal,14,455
2020-10-16,281,Tiel,Gelderland,25,Ziekenhuisopname,0,45
2020-10-16,281,Tiel,Gelderland,25,Overleden,1,22
2020-10-16,285,Voorst,Gelderland,25,Totaal,4,187
2020-10-16,285,Voorst,Gelderland,25,Ziekenhuisopname,0,17
2020-10-16,285,Voorst,Gelderland,25,Overleden,0,11
2020-10-16,289,Wageningen,Gelderland,25,Totaal,14,448
2020-10-16,289,Wageningen,Gelderland,25,Ziekenhuisopname,0,22
2020-10-16,289,Wageningen,Gelderland,25,Overleden,0,13
2020-10-16,293,Westervoort,Gelderland,25,Totaal,2,117
2020-10-16,293,Westervoort,Gelderland,25,Ziekenhuisopname,0,12
2020-10-16,293,Westervoort,Gelderland,25,Overleden,0,6
2020-10-16,294,Winterswijk,Gelderland,25,Totaal,12,143
2020-10-16,294,Winterswijk,Gelderland,25,Ziekenhuisopname,0,7
2020-10-16,294,Winterswijk,Gelderland,25,Overleden,0,3
2020-10-16,296,Wijchen,Gelderland,25,Totaal,12,446
2020-10-16,296,Wijchen,Gelderland,25,Ziekenhuisopname,0,48
2020-10-16,296,Wijchen,Gelderland,25,Overleden,0,13
2020-10-16,297,Zaltbommel,Gelderland,25,Totaal,8,276
2020-10-16,297,Zaltbommel,Gelderland,25,Ziekenhuisopname,0,22
2020-10-16,297,Zaltbommel,Gelderland,25,Overleden,0,9
2020-10-16,299,Zevenaar,Gelderland,25,Totaal,15,353
2020-10-16,299,Zevenaar,Gelderland,25,Ziekenhuisopname,1,53
2020-10-16,299,Zevenaar,Gelderland,25,Overleden,0,16
2020-10-16,301,Zutphen,Gelderland,25,Totaal,12,305
2020-10-16,301,Zutphen,Gelderland,25,Ziekenhuisopname,0,31
2020-10-16,301,Zutphen,Gelderland,25,Overleden,0,13
2020-10-16,302,Nunspeet,Gelderland,25,Totaal,3,344
2020-10-16,302,Nunspeet,Gelderland,25,Ziekenhuisopname,0,58
2020-10-16,302,Nunspeet,Gelderland,25,Overleden,0,21
2020-10-16,303,Dronten,Flevoland,24,Totaal,16,237
2020-10-16,303,Dronten,Flevoland,24,Ziekenhuisopname,1,36
2020-10-16,303,Dronten,Flevoland,24,Overleden,0,13
2020-10-16,307,Amersfoort,Utrecht,26,Totaal,68,1626
2020-10-16,307,Amersfoort,Utrecht,26,Ziekenhuisopname,0,88
2020-10-16,307,Amersfoort,Utrecht,26,Overleden,0,28
2020-10-16,308,Baarn,Utrecht,26,Totaal,11,236
2020-10-16,308,Baarn,Utrecht,26,Ziekenhuisopname,0,12
2020-10-16,308,Baarn,Utrecht,26,Overleden,0,9
2020-10-16,310,De Bilt,Utrecht,26,Totaal,20,598
2020-10-16,310,De Bilt,Utrecht,26,Ziekenhuisopname,0,31
2020-10-16,310,De Bilt,Utrecht,26,Overleden,0,24
2020-10-16,312,Bunnik,Utrecht,26,Totaal,0,160
2020-10-16,312,Bunnik,Utrecht,26,Ziekenhuisopname,0,12
2020-10-16,312,Bunnik,Utrecht,26,Overleden,0,1
2020-10-16,313,Bunschoten,Utrecht,26,Totaal,23,264
2020-10-16,313,Bunschoten,Utrecht,26,Ziekenhuisopname,0,12
2020-10-16,313,Bunschoten,Utrecht,26,Overleden,0,7
2020-10-16,317,Eemnes,Utrecht,26,Totaal,3,77
2020-10-16,317,Eemnes,Utrecht,26,Ziekenhuisopname,0,2
2020-10-16,317,Eemnes,Utrecht,26,Overleden,0,1
2020-10-16,321,Houten,Utrecht,26,Totaal,20,490
2020-10-16,321,Houten,Utrecht,26,Ziekenhuisopname,0,30
2020-10-16,321,Houten,Utrecht,26,Overleden,0,15
2020-10-16,327,Leusden,Utrecht,26,Totaal,15,306
2020-10-16,327,Leusden,Utrecht,26,Ziekenhuisopname,0,9
2020-10-16,327,Leusden,Utrecht,26,Overleden,0,9
2020-10-16,331,Lopik,Utrecht,26,Totaal,4,196
2020-10-16,331,Lopik,Utrecht,26,Ziekenhuisopname,0,21
2020-10-16,331,Lopik,Utrecht,26,Overleden,0,8
2020-10-16,335,Montfoort,Utrecht,26,Totaal,6,165
2020-10-16,335,Montfoort,Utrecht,26,Ziekenhuisopname,0,15
2020-10-16,335,Montfoort,Utrecht,26,Overleden,0,6
2020-10-16,339,Renswoude,Utrecht,26,Totaal,1,47
2020-10-16,339,Renswoude,Utrecht,26,Ziekenhuisopname,0,5
2020-10-16,339,Renswoude,Utrecht,26,Overleden,0,5
2020-10-16,340,Rhenen,Utrecht,26,Totaal,13,174
2020-10-16,340,Rhenen,Utrecht,26,Ziekenhuisopname,0,12
2020-10-16,340,Rhenen,Utrecht,26,Overleden,0,6
2020-10-16,342,Soest,Utrecht,26,Totaal,35,638
2020-10-16,342,Soest,Utrecht,26,Ziekenhuisopname,0,30
2020-10-16,342,Soest,Utrecht,26,Overleden,0,14
2020-10-16,344,Utrecht,Utrecht,26,Totaal,263,6651
2020-10-16,344,Utrecht,Utrecht,26,Ziekenhuisopname,1,324
2020-10-16,344,Utrecht,Utrecht,26,Overleden,0,122
2020-10-16,345,Veenendaal,Utrecht,26,Totaal,53,767
2020-10-16,345,Veenendaal,Utrecht,26,Ziekenhuisopname,0,51
2020-10-16,345,Veenendaal,Utrecht,26,Overleden,0,14
2020-10-16,351,Woudenberg,Utrecht,26,Totaal,6,129
2020-10-16,351,Woudenberg,Utrecht,26,Ziekenhuisopname,0,9
2020-10-16,351,Woudenberg,Utrecht,26,Overleden,0,2
2020-10-16,352,Wijk bij Duurstede,Utrecht,26,Totaal,16,186
2020-10-16,352,Wijk bij Duurstede,Utrecht,26,Ziekenhuisopname,0,10
2020-10-16,352,Wijk bij Duurstede,Utrecht,26,Overleden,0,2
2020-10-16,353,IJsselstein,Utrecht,26,Totaal,22,440
2020-10-16,353,IJsselstein,Utrecht,26,Ziekenhuisopname,2,39
2020-10-16,353,IJsselstein,Utrecht,26,Overleden,0,35
2020-10-16,355,Zeist,Utrecht,26,Totaal,46,841
2020-10-16,355,Zeist,Utrecht,26,Ziekenhuisopname,0,41
2020-10-16,355,Zeist,Utrecht,26,Overleden,0,27
2020-10-16,356,Nieuwegein,Utrecht,26,Totaal,20,674
2020-10-16,356,Nieuwegein,Utrecht,26,Ziekenhuisopname,0,49
2020-10-16,356,Nieuwegein,Utrecht,26,Overleden,0,14
2020-10-16,358,Aalsmeer,Noord-Holland,27,Totaal,14,355
2020-10-16,358,Aalsmeer,Noord-Holland,27,Ziekenhuisopname,0,10
2020-10-16,358,Aalsmeer,Noord-Holland,27,Overleden,0,6
2020-10-16,361,Alkmaar,Noord-Holland,27,Totaal,31,849
2020-10-16,361,Alkmaar,Noord-Holland,27,Ziekenhuisopname,0,59
2020-10-16,361,Alkmaar,Noord-Holland,27,Overleden,0,31
2020-10-16,362,Amstelveen,Noord-Holland,27,Totaal,46,1458
2020-10-16,362,Amstelveen,Noord-Holland,27,Ziekenhuisopname,0,69
2020-10-16,362,Amstelveen,Noord-Holland,27,Overleden,0,42
2020-10-16,363,Amsterdam,Noord-Holland,27,Totaal,682,20985
2020-10-16,363,Amsterdam,Noord-Holland,27,Ziekenhuisopname,7,875
2020-10-16,363,Amsterdam,Noord-Holland,27,Overleden,0,312
2020-10-16,370,Beemster,Noord-Holland,27,Totaal,4,74
2020-10-16,370,Beemster,Noord-Holland,27,Ziekenhuisopname,0,4
2020-10-16,370,Beemster,Noord-Holland,27,Overleden,0,1
2020-10-16,373,Bergen (NH.),Noord-Holland,27,Totaal,13,332
2020-10-16,373,Bergen (NH.),Noord-Holland,27,Ziekenhuisopname,0,21
2020-10-16,373,Bergen (NH.),Noord-Holland,27,Overleden,0,7
2020-10-16,375,Beverwijk,Noord-Holland,27,Totaal,20,445
2020-10-16,375,Beverwijk,Noord-Holland,27,Ziekenhuisopname,0,19
2020-10-16,375,Beverwijk,Noord-Holland,27,Overleden,0,12
2020-10-16,376,Blaricum,Noord-Holland,27,Totaal,1,121
2020-10-16,376,Blaricum,Noord-Holland,27,Ziekenhuisopname,0,8
2020-10-16,376,Blaricum,Noord-Holland,27,Overleden,0,2
2020-10-16,377,Bloemendaal,Noord-Holland,27,Totaal,9,258
2020-10-16,377,Bloemendaal,Noord-Holland,27,Ziekenhuisopname,0,8
2020-10-16,377,Bloemendaal,Noord-Holland,27,Overleden,0,5
2020-10-16,383,Castricum,Noord-Holland,27,Totaal,17,243
2020-10-16,383,Castricum,Noord-Holland,27,Ziekenhuisopname,1,18
2020-10-16,383,Castricum,Noord-Holland,27,Overleden,0,10
2020-10-16,384,Diemen,Noord-Holland,27,Totaal,30,704
2020-10-16,384,Diemen,Noord-Holland,27,Ziekenhuisopname,0,20
2020-10-16,384,Diemen,Noord-Holland,27,Overleden,0,14
2020-10-16,385,Edam-Volendam,Noord-Holland,27,Totaal,44,597
2020-10-16,385,Edam-Volendam,Noord-Holland,27,Ziekenhuisopname,0,32
2020-10-16,385,Edam-Volendam,Noord-Holland,27,Overleden,0,3
2020-10-16,388,Enkhuizen,Noord-Holland,27,Totaal,6,86
2020-10-16,388,Enkhuizen,Noord-Holland,27,Ziekenhuisopname,0,19
2020-10-16,388,Enkhuizen,Noord-Holland,27,Overleden,0,4
2020-10-16,392,Haarlem,Noord-Holland,27,Totaal,67,1816
2020-10-16,392,Haarlem,Noord-Holland,27,Ziekenhuisopname,2,90
2020-10-16,392,Haarlem,Noord-Holland,27,Overleden,1,69
2020-10-16,394,Haarlemmermeer,Noord-Holland,27,Totaal,92,2039
2020-10-16,394,Haarlemmermeer,Noord-Holland,27,Ziekenhuisopname,0,87
2020-10-16,394,Haarlemmermeer,Noord-Holland,27,Overleden,0,38
2020-10-16,396,Heemskerk,Noord-Holland,27,Totaal,12,363
2020-10-16,396,Heemskerk,Noord-Holland,27,Ziekenhuisopname,0,32
2020-10-16,396,Heemskerk,Noord-Holland,27,Overleden,0,13
2020-10-16,397,Heemstede,Noord-Holland,27,Totaal,10,311
2020-10-16,397,Heemstede,Noord-Holland,27,Ziekenhuisopname,0,13
2020-10-16,397,Heemstede,Noord-Holland,27,Overleden,0,33
2020-10-16,398,Heerhugowaard,Noord-Holland,27,Totaal,12,429
2020-10-16,398,Heerhugowaard,Noord-Holland,27,Ziekenhuisopname,0,27
2020-10-16,398,Heerhugowaard,Noord-Holland,27,Overleden,0,9
2020-10-16,399,Heiloo,Noord-Holland,27,Totaal,8,145
2020-10-16,399,Heiloo,Noord-Holland,27,Ziekenhuisopname,0,11
2020-10-16,399,Heiloo,Noord-Holland,27,Overleden,0,8
2020-10-16,400,Den Helder,Noord-Holland,27,Totaal,14,201
2020-10-16,400,Den Helder,Noord-Holland,27,Ziekenhuisopname,1,15
2020-10-16,400,Den Helder,Noord-Holland,27,Overleden,0,2
2020-10-16,402,Hilversum,Noord-Holland,27,Totaal,45,972
2020-10-16,402,Hilversum,Noord-Holland,27,Ziekenhuisopname,0,37
2020-10-16,402,Hilversum,Noord-Holland,27,Overleden,0,26
2020-10-16,405,Hoorn,Noord-Holland,27,Totaal,30,531
2020-10-16,405,Hoorn,Noord-Holland,27,Ziekenhuisopname,0,37
2020-10-16,405,Hoorn,Noord-Holland,27,Overleden,0,12
2020-10-16,406,Huizen,Noord-Holland,27,Totaal,21,534
2020-10-16,406,Huizen,Noord-Holland,27,Ziekenhuisopname,0,26
2020-10-16,406,Huizen,Noord-Holland,27,Overleden,0,10
2020-10-16,415,Landsmeer,Noord-Holland,27,Totaal,5,142
2020-10-16,415,Landsmeer,Noord-Holland,27,Ziekenhuisopname,1,5
2020-10-16,415,Landsmeer,Noord-Holland,27,Overleden,0,3
2020-10-16,416,Langedijk,Noord-Holland,27,Totaal,3,251
2020-10-16,416,Langedijk,Noord-Holland,27,Ziekenhuisopname,0,20
2020-10-16,416,Langedijk,Noord-Holland,27,Overleden,0,6
2020-10-16,417,Laren,Noord-Holland,27,Totaal,7,136
2020-10-16,417,Laren,Noord-Holland,27,Ziekenhuisopname,0,9
2020-10-16,417,Laren,Noord-Holland,27,Overleden,0,3
2020-10-16,420,Medemblik,Noord-Holland,27,Totaal,14,241
2020-10-16,420,Medemblik,Noord-Holland,27,Ziekenhuisopname,0,19
2020-10-16,420,Medemblik,Noord-Holland,27,Overleden,0,6
2020-10-16,431,Oostzaan,Noord-Holland,27,Totaal,12,158
2020-10-16,431,Oostzaan,Noord-Holland,27,Ziekenhuisopname,0,12
2020-10-16,431,Oostzaan,Noord-Holland,27,Overleden,0,2
2020-10-16,432,Opmeer,Noord-Holland,27,Totaal,5,48
2020-10-16,432,Opmeer,Noord-Holland,27,Ziekenhuisopname,0,1
2020-10-16,432,Opmeer,Noord-Holland,27,Overleden,0,1
2020-10-16,437,Ouder-Amstel,Noord-Holland,27,Totaal,8,270
2020-10-16,437,Ouder-Amstel,Noord-Holland,27,Ziekenhuisopname,0,6
2020-10-16,437,Ouder-Amstel,Noord-Holland,27,Overleden,0,0
2020-10-16,439,Purmerend,Noord-Holland,27,Totaal,61,850
2020-10-16,439,Purmerend,Noord-Holland,27,Ziekenhuisopname,2,79
2020-10-16,439,Purmerend,Noord-Holland,27,Overleden,0,36
2020-10-16,441,Schagen,Noord-Holland,27,Totaal,11,272
2020-10-16,441,Schagen,Noord-Holland,27,Ziekenhuisopname,0,19
2020-10-16,441,Schagen,Noord-Holland,27,Overleden,0,10
2020-10-16,448,Texel,Noord-Holland,27,Totaal,4,55
2020-10-16,448,Texel,Noord-Holland,27,Ziekenhuisopname,0,5
2020-10-16,448,Texel,Noord-Holland,27,Overleden,0,2
2020-10-16,450,Uitgeest,Noord-Holland,27,Totaal,10,135
2020-10-16,450,Uitgeest,Noord-Holland,27,Ziekenhuisopname,0,5
2020-10-16,450,Uitgeest,Noord-Holland,27,Overleden,0,1
2020-10-16,451,Uithoorn,Noord-Holland,27,Totaal,19,370
2020-10-16,451,Uithoorn,Noord-Holland,27,Ziekenhuisopname,1,19
2020-10-16,451,Uithoorn,Noord-Holland,27,Overleden,0,2
2020-10-16,453,Velsen,Noord-Holland,27,Totaal,32,786
2020-10-16,453,Velsen,Noord-Holland,27,Ziekenhuisopname,1,41
2020-10-16,453,Velsen,Noord-Holland,27,Overleden,0,44
2020-10-16,457,Weesp,Noord-Holland,27,Totaal,11,367
2020-10-16,457,Weesp,Noord-Holland,27,Ziekenhuisopname,1,10
2020-10-16,457,Weesp,Noord-Holland,27,Overleden,0,14
2020-10-16,473,Zandvoort,Noord-Holland,27,Totaal,6,178
2020-10-16,473,Zandvoort,Noord-Holland,27,Ziekenhuisopname,0,12
2020-10-16,473,Zandvoort,Noord-Holland,27,Overleden,0,9
2020-10-16,479,Zaanstad,Noord-Holland,27,Totaal,111,2031
2020-10-16,479,Zaanstad,Noord-Holland,27,Ziekenhuisopname,0,145
2020-10-16,479,Zaanstad,Noord-Holland,27,Overleden,0,56
2020-10-16,482,Alblasserdam,Zuid-Holland,28,Totaal,15,324
2020-10-16,482,Alblasserdam,Zuid-Holland,28,Ziekenhuisopname,0,11
2020-10-16,482,Alblasserdam,Zuid-Holland,28,Overleden,0,5
2020-10-16,484,Alphen aan den Rijn,Zuid-Holland,28,Totaal,64,1283
2020-10-16,484,Alphen aan den Rijn,Zuid-Holland,28,Ziekenhuisopname,0,76
2020-10-16,484,Alphen aan den Rijn,Zuid-Holland,28,Overleden,0,29
2020-10-16,489,Barendrecht,Zuid-Holland,28,Totaal,32,926
2020-10-16,489,Barendrecht,Zuid-Holland,28,Ziekenhuisopname,0,44
2020-10-16,489,Barendrecht,Zuid-Holland,28,Overleden,0,13
2020-10-16,498,Drechterland,Noord-Holland,27,Totaal,13,143
2020-10-16,498,Drechterland,Noord-Holland,27,Ziekenhuisopname,0,5
2020-10-16,498,Drechterland,Noord-Holland,27,Overleden,0,8
2020-10-16,501,Brielle,Zuid-Holland,28,Totaal,7,209
2020-10-16,501,Brielle,Zuid-Holland,28,Ziekenhuisopname,0,13
2020-10-16,501,Brielle,Zuid-Holland,28,Overleden,0,0
2020-10-16,502,Capelle aan den IJssel,Zuid-Holland,28,Totaal,30,1248
2020-10-16,502,Capelle aan den IJssel,Zuid-Holland,28,Ziekenhuisopname,1,63
2020-10-16,502,Capelle aan den IJssel,Zuid-Holland,28,Overleden,0,63
2020-10-16,503,Delft,Zuid-Holland,28,Totaal,72,1704
2020-10-16,503,Delft,Zuid-Holland,28,Ziekenhuisopname,0,44
2020-10-16,503,Delft,Zuid-Holland,28,Overleden,0,12
2020-10-16,505,Dordrecht,Zuid-Holland,28,Totaal,61,1792
2020-10-16,505,Dordrecht,Zuid-Holland,28,Ziekenhuisopname,0,97
2020-10-16,505,Dordrecht,Zuid-Holland,28,Overleden,0,75
2020-10-16,512,Gorinchem,Zuid-Holland,28,Totaal,11,503
2020-10-16,512,Gorinchem,Zuid-Holland,28,Ziekenhuisopname,0,19
2020-10-16,512,Gorinchem,Zuid-Holland,28,Overleden,0,16
2020-10-16,513,Gouda,Zuid-Holland,28,Totaal,47,1248
2020-10-16,513,Gouda,Zuid-Holland,28,Ziekenhuisopname,0,53
2020-10-16,513,Gouda,Zuid-Holland,28,Overleden,0,45
2020-10-16,518,'s-Gravenhage,Zuid-Holland,28,Totaal,305,11615
2020-10-16,518,'s-Gravenhage,Zuid-Holland,28,Ziekenhuisopname,3,507
2020-10-16,518,'s-Gravenhage,Zuid-Holland,28,Overleden,2,300
2020-10-16,523,Hardinxveld-Giessendam,Zuid-Holland,28,Totaal,9,180
2020-10-16,523,Hardinxveld-Giessendam,Zuid-Holland,28,Ziekenhuisopname,0,2
2020-10-16,523,Hardinxveld-Giessendam,Zuid-Holland,28,Overleden,0,2
2020-10-16,530,Hellevoetsluis,Zuid-Holland,28,Totaal,17,425
2020-10-16,530,Hellevoetsluis,Zuid-Holland,28,Ziekenhuisopname,0,20
2020-10-16,530,Hellevoetsluis,Zuid-Holland,28,Overleden,0,5
2020-10-16,531,Hendrik-Ido-Ambacht,Zuid-Holland,28,Totaal,18,466
2020-10-16,531,Hendrik-Ido-Ambacht,Zuid-Holland,28,Ziekenhuisopname,0,13
2020-10-16,531,Hendrik-Ido-Ambacht,Zuid-Holland,28,Overleden,0,6
2020-10-16,532,Stede Broec,Noord-Holland,27,Totaal,4,128
2020-10-16,532,Stede Broec,Noord-Holland,27,Ziekenhuisopname,0,19
2020-10-16,532,Stede Broec,Noord-Holland,27,Overleden,0,5
2020-10-16,534,Hillegom,Zuid-Holland,28,Totaal,7,265
2020-10-16,534,Hillegom,Zuid-Holland,28,Ziekenhuisopname,0,8
2020-10-16,534,Hillegom,Zuid-Holland,28,Overleden,0,2
2020-10-16,537,Katwijk,Zuid-Holland,28,Totaal,75,901
2020-10-16,537,Katwijk,Zuid-Holland,28,Ziekenhuisopname,0,38
2020-10-16,537,Katwijk,Zuid-Holland,28,Overleden,1,17
2020-10-16,542,Krimpen aan den IJssel,Zuid-Holland,28,Totaal,22,502
2020-10-16,542,Krimpen aan den IJssel,Zuid-Holland,28,Ziekenhuisopname,0,17
2020-10-16,542,Krimpen aan den IJssel,Zuid-Holland,28,Overleden,1,9
2020-10-16,546,Leiden,Zuid-Holland,28,Totaal,96,1776
2020-10-16,546,Leiden,Zuid-Holland,28,Ziekenhuisopname,1,52
2020-10-16,546,Leiden,Zuid-Holland,28,Overleden,0,22
2020-10-16,547,Leiderdorp,Zuid-Holland,28,Totaal,16,303
2020-10-16,547,Leiderdorp,Zuid-Holland,28,Ziekenhuisopname,0,17
2020-10-16,547,Leiderdorp,Zuid-Holland,28,Overleden,0,7
2020-10-16,553,Lisse,Zuid-Holland,28,Totaal,16,177
2020-10-16,553,Lisse,Zuid-Holland,28,Ziekenhuisopname,0,9
2020-10-16,553,Lisse,Zuid-Holland,28,Overleden,0,2
2020-10-16,556,Maassluis,Zuid-Holland,28,Totaal,19,545
2020-10-16,556,Maassluis,Zuid-Holland,28,Ziekenhuisopname,1,24
2020-10-16,556,Maassluis,Zuid-Holland,28,Overleden,0,9
2020-10-16,569,Nieuwkoop,Zuid-Holland,28,Totaal,13,259
2020-10-16,569,Nieuwkoop,Zuid-Holland,28,Ziekenhuisopname,0,10
2020-10-16,569,Nieuwkoop,Zuid-Holland,28,Overleden,0,6
2020-10-16,575,Noordwijk,Zuid-Holland,28,Totaal,21,440
2020-10-16,575,Noordwijk,Zuid-Holland,28,Ziekenhuisopname,1,23
2020-10-16,575,Noordwijk,Zuid-Holland,28,Overleden,0,3
2020-10-16,579,Oegstgeest,Zuid-Holland,28,Totaal,10,261
2020-10-16,579,Oegstgeest,Zuid-Holland,28,Ziekenhuisopname,0,10
2020-10-16,579,Oegstgeest,Zuid-Holland,28,Overleden,0,3
2020-10-16,589,Oudewater,Utrecht,26,Totaal,1,150
2020-10-16,589,Oudewater,Utrecht,26,Ziekenhuisopname,0,26
2020-10-16,589,Oudewater,Utrecht,26,Overleden,0,9
2020-10-16,590,Papendrecht,Zuid-Holland,28,Totaal,7,319
2020-10-16,590,Papendrecht,Zuid-Holland,28,Ziekenhuisopname,0,9
2020-10-16,590,Papendrecht,Zuid-Holland,28,Overleden,0,8
2020-10-16,597,Ridderkerk,Zuid-Holland,28,Totaal,44,720
2020-10-16,597,Ridderkerk,Zuid-Holland,28,Ziekenhuisopname,0,42
2020-10-16,597,Ridderkerk,Zuid-Holland,28,Overleden,0,19
2020-10-16,599,Rotterdam,Zuid-Holland,28,Totaal,333,15833
2020-10-16,599,Rotterdam,Zuid-Holland,28,Ziekenhuisopname,7,733
2020-10-16,599,Rotterdam,Zuid-Holland,28,Overleden,1,384
2020-10-16,603,Rijswijk,Zuid-Holland,28,Totaal,29,856
2020-10-16,603,Rijswijk,Zuid-Holland,28,Ziekenhuisopname,1,50
2020-10-16,603,Rijswijk,Zuid-Holland,28,Overleden,0,29
2020-10-16,606,Schiedam,Zuid-Holland,28,Totaal,41,1528
2020-10-16,606,Schiedam,Zuid-Holland,28,Ziekenhuisopname,0,67
2020-10-16,606,Schiedam,Zuid-Holland,28,Overleden,0,24
2020-10-16,610,Sliedrecht,Zuid-Holland,28,Totaal,6,243
2020-10-16,610,Sliedrecht,Zuid-Holland,28,Ziekenhuisopname,0,9
2020-10-16,610,Sliedrecht,Zuid-Holland,28,Overleden,0,5
2020-10-16,613,Albrandswaard,Zuid-Holland,28,Totaal,11,444
2020-10-16,613,Albrandswaard,Zuid-Holland,28,Ziekenhuisopname,1,17
2020-10-16,613,Albrandswaard,Zuid-Holland,28,Overleden,0,8
2020-10-16,614,Westvoorne,Zuid-Holland,28,Totaal,8,188
2020-10-16,614,Westvoorne,Zuid-Holland,28,Ziekenhuisopname,0,6
2020-10-16,614,Westvoorne,Zuid-Holland,28,Overleden,0,0
2020-10-16,622,Vlaardingen,Zuid-Holland,28,Totaal,34,1356
2020-10-16,622,Vlaardingen,Zuid-Holland,28,Ziekenhuisopname,0,51
2020-10-16,622,Vlaardingen,Zuid-Holland,28,Overleden,0,31
2020-10-16,626,Voorschoten,Zuid-Holland,28,Totaal,11,262
2020-10-16,626,Voorschoten,Zuid-Holland,28,Ziekenhuisopname,0,11
2020-10-16,626,Voorschoten,Zuid-Holland,28,Overleden,0,11
2020-10-16,627,Waddinxveen,Zuid-Holland,28,Totaal,18,386
2020-10-16,627,Waddinxveen,Zuid-Holland,28,Ziekenhuisopname,1,23
2020-10-16,627,Waddinxveen,Zuid-Holland,28,Overleden,0,7
2020-10-16,629,Wassenaar,Zuid-Holland,28,Totaal,16,307
2020-10-16,629,Wassenaar,Zuid-Holland,28,Ziekenhuisopname,0,10
2020-10-16,629,Wassenaar,Zuid-Holland,28,Overleden,0,13
2020-10-16,632,Woerden,Utrecht,26,Totaal,20,588
2020-10-16,632,Woerden,Utrecht,26,Ziekenhuisopname,0,59
2020-10-16,632,Woerden,Utrecht,26,Overleden,0,21
2020-10-16,637,Zoetermeer,Zuid-Holland,28,Totaal,51,1738
2020-10-16,637,Zoetermeer,Zuid-Holland,28,Ziekenhuisopname,0,65
2020-10-16,637,Zoetermeer,Zuid-Holland,28,Overleden,0,14
2020-10-16,638,Zoeterwoude,Zuid-Holland,28,Totaal,4,84
2020-10-16,638,Zoeterwoude,Zuid-Holland,28,Ziekenhuisopname,0,4
2020-10-16,638,Zoeterwoude,Zuid-Holland,28,Overleden,0,1
2020-10-16,642,Zwijndrecht,Zuid-Holland,28,Totaal,22,714
2020-10-16,642,Zwijndrecht,Zuid-Holland,28,Ziekenhuisopname,0,27
2020-10-16,642,Zwijndrecht,Zuid-Holland,28,Overleden,0,30
2020-10-16,654,Borsele,Zeeland,29,Totaal,3,100
2020-10-16,654,Borsele,Zeeland,29,Ziekenhuisopname,0,5
2020-10-16,654,Borsele,Zeeland,29,Overleden,0,1
2020-10-16,664,Goes,Zeeland,29,Totaal,6,293
2020-10-16,664,Goes,Zeeland,29,Ziekenhuisopname,0,13
2020-10-16,664,Goes,Zeeland,29,Overleden,0,13
2020-10-16,668,West Maas en Waal,Gelderland,25,Totaal,5,184
2020-10-16,668,West Maas en Waal,Gelderland,25,Ziekenhuisopname,1,22
2020-10-16,668,West Maas en Waal,Gelderland,25,Overleden,0,9
2020-10-16,677,Hulst,Zeeland,29,Totaal,8,142
2020-10-16,677,Hulst,Zeeland,29,Ziekenhuisopname,0,10
2020-10-16,677,Hulst,Zeeland,29,Overleden,0,5
2020-10-16,678,Kapelle,Zeeland,29,Totaal,0,58
2020-10-16,678,Kapelle,Zeeland,29,Ziekenhuisopname,0,3
2020-10-16,678,Kapelle,Zeeland,29,Overleden,0,1
2020-10-16,687,Middelburg,Zeeland,29,Totaal,5,238
2020-10-16,687,Middelburg,Zeeland,29,Ziekenhuisopname,0,19
2020-10-16,687,Middelburg,Zeeland,29,Overleden,0,10
2020-10-16,703,Reimerswaal,Zeeland,29,Totaal,12,137
2020-10-16,703,Reimerswaal,Zeeland,29,Ziekenhuisopname,1,6
2020-10-16,703,Reimerswaal,Zeeland,29,Overleden,0,2
2020-10-16,715,Terneuzen,Zeeland,29,Totaal,14,285
2020-10-16,715,Terneuzen,Zeeland,29,Ziekenhuisopname,0,25
2020-10-16,715,Terneuzen,Zeeland,29,Overleden,0,4
2020-10-16,716,Tholen,Zeeland,29,Totaal,7,283
2020-10-16,716,Tholen,Zeeland,29,Ziekenhuisopname,1,43
2020-10-16,716,Tholen,Zeeland,29,Overleden,0,16
2020-10-16,717,Veere,Zeeland,29,Totaal,2,88
2020-10-16,717,Veere,Zeeland,29,Ziekenhuisopname,0,7
2020-10-16,717,Veere,Zeeland,29,Overleden,0,2
2020-10-16,718,Vlissingen,Zeeland,29,Totaal,4,202
2020-10-16,718,Vlissingen,Zeeland,29,Ziekenhuisopname,0,9
2020-10-16,718,Vlissingen,Zeeland,29,Overleden,0,5
2020-10-16,736,De Ronde Venen,Utrecht,26,Totaal,22,537
2020-10-16,736,De Ronde Venen,Utrecht,26,Ziekenhuisopname,-1,43
2020-10-16,736,De Ronde Venen,Utrecht,26,Overleden,0,13
2020-10-16,737,Tytsjerksteradiel,Friesland,21,Totaal,8,168
2020-10-16,737,Tytsjerksteradiel,Friesland,21,Ziekenhuisopname,0,7
2020-10-16,737,Tytsjerksteradiel,Friesland,21,Overleden,0,1
2020-10-16,743,Asten,Noord-Brabant,30,Totaal,2,170
2020-10-16,743,Asten,Noord-Brabant,30,Ziekenhuisopname,0,18
2020-10-16,743,Asten,Noord-Brabant,30,Overleden,0,12
2020-10-16,744,Baarle-Nassau,Noord-Brabant,30,Totaal,3,58
2020-10-16,744,Baarle-Nassau,Noord-Brabant,30,Ziekenhuisopname,0,9
2020-10-16,744,Baarle-Nassau,Noord-Brabant,30,Overleden,0,2
2020-10-16,748,Bergen op Zoom,Noord-Brabant,30,Totaal,48,1065
2020-10-16,748,Bergen op Zoom,Noord-Brabant,30,Ziekenhuisopname,1,38
2020-10-16,748,Bergen op Zoom,Noord-Brabant,30,Overleden,0,13
2020-10-16,753,Best,Noord-Brabant,30,Totaal,14,270
2020-10-16,753,Best,Noord-Brabant,30,Ziekenhuisopname,0,31
2020-10-16,753,Best,Noord-Brabant,30,Overleden,0,11
2020-10-16,755,Boekel,Noord-Brabant,30,Totaal,3,130
2020-10-16,755,Boekel,Noord-Brabant,30,Ziekenhuisopname,0,36
2020-10-16,755,Boekel,Noord-Brabant,30,Overleden,0,20
2020-10-16,756,Boxmeer,Noord-Brabant,30,Totaal,13,313
2020-10-16,756,Boxmeer,Noord-Brabant,30,Ziekenhuisopname,0,20
2020-10-16,756,Boxmeer,Noord-Brabant,30,Overleden,0,28
2020-10-16,757,Boxtel,Noord-Brabant,30,Totaal,11,278
2020-10-16,757,Boxtel,Noord-Brabant,30,Ziekenhuisopname,0,24
2020-10-16,757,Boxtel,Noord-Brabant,30,Overleden,0,26
2020-10-16,758,Breda,Noord-Brabant,30,Totaal,103,2235
2020-10-16,758,Breda,Noord-Brabant,30,Ziekenhuisopname,1,158
2020-10-16,758,Breda,Noord-Brabant,30,Overleden,0,71
2020-10-16,762,Deurne,Noord-Brabant,30,Totaal,12,423
2020-10-16,762,Deurne,Noord-Brabant,30,Ziekenhuisopname,0,57
2020-10-16,762,Deurne,Noord-Brabant,30,Overleden,0,26
2020-10-16,765,Pekela,Groningen,20,Totaal,2,43
2020-10-16,765,Pekela,Groningen,20,Ziekenhuisopname,0,5
2020-10-16,765,Pekela,Groningen,20,Overleden,0,0
2020-10-16,766,Dongen,Noord-Brabant,30,Totaal,13,250
2020-10-16,766,Dongen,Noord-Brabant,30,Ziekenhuisopname,0,22
2020-10-16,766,Dongen,Noord-Brabant,30,Overleden,0,13
2020-10-16,770,Eersel,Noord-Brabant,30,Totaal,10,313
2020-10-16,770,Eersel,Noord-Brabant,30,Ziekenhuisopname,1,28
2020-10-16,770,Eersel,Noord-Brabant,30,Overleden,0,10
2020-10-16,772,Eindhoven,Noord-Brabant,30,Totaal,86,2480
2020-10-16,772,Eindhoven,Noord-Brabant,30,Ziekenhuisopname,1,193
2020-10-16,772,Eindhoven,Noord-Brabant,30,Overleden,1,95
2020-10-16,777,Etten-Leur,Noord-Brabant,30,Totaal,34,552
2020-10-16,777,Etten-Leur,Noord-Brabant,30,Ziekenhuisopname,0,45
2020-10-16,777,Etten-Leur,Noord-Brabant,30,Overleden,0,30
2020-10-16,779,Geertruidenberg,Noord-Brabant,30,Totaal,12,178
2020-10-16,779,Geertruidenberg,Noord-Brabant,30,Ziekenhuisopname,0,13
2020-10-16,779,Geertruidenberg,Noord-Brabant,30,Overleden,0,6
2020-10-16,784,Gilze en Rijen,Noord-Brabant,30,Totaal,11,273
2020-10-16,784,Gilze en Rijen,Noord-Brabant,30,Ziekenhuisopname,0,20
2020-10-16,784,Gilze en Rijen,Noord-Brabant,30,Overleden,0,15
2020-10-16,785,Goirle,Noord-Brabant,30,Totaal,10,305
2020-10-16,785,Goirle,Noord-Brabant,30,Ziekenhuisopname,0,32
2020-10-16,785,Goirle,Noord-Brabant,30,Overleden,0,20
2020-10-16,786,Grave,Noord-Brabant,30,Totaal,6,168
2020-10-16,786,Grave,Noord-Brabant,30,Ziekenhuisopname,0,21
2020-10-16,786,Grave,Noord-Brabant,30,Overleden,0,11
2020-10-16,788,Haaren,Noord-Brabant,30,Totaal,12,143
2020-10-16,788,Haaren,Noord-Brabant,30,Ziekenhuisopname,0,19
2020-10-16,788,Haaren,Noord-Brabant,30,Overleden,0,8
2020-10-16,794,Helmond,Noord-Brabant,30,Totaal,43,1383
2020-10-16,794,Helmond,Noord-Brabant,30,Ziekenhuisopname,3,122
2020-10-16,794,Helmond,Noord-Brabant,30,Overleden,0,45
2020-10-16,796,'s-Hertogenbosch,Noord-Brabant,30,Totaal,75,1749
2020-10-16,796,'s-Hertogenbosch,Noord-Brabant,30,Ziekenhuisopname,0,140
2020-10-16,796,'s-Hertogenbosch,Noord-Brabant,30,Overleden,0,81
2020-10-16,797,Heusden,Noord-Brabant,30,Totaal,26,496
2020-10-16,797,Heusden,Noord-Brabant,30,Ziekenhuisopname,0,46
2020-10-16,797,Heusden,Noord-Brabant,30,Overleden,0,26
2020-10-16,798,Hilvarenbeek,Noord-Brabant,30,Totaal,10,170
2020-10-16,798,Hilvarenbeek,Noord-Brabant,30,Ziekenhuisopname,0,10
2020-10-16,798,Hilvarenbeek,Noord-Brabant,30,Overleden,0,7
2020-10-16,809,Loon op Zand,Noord-Brabant,30,Totaal,8,253
2020-10-16,809,Loon op Zand,Noord-Brabant,30,Ziekenhuisopname,0,27
2020-10-16,809,Loon op Zand,Noord-Brabant,30,Overleden,1,13
2020-10-16,815,Mill en Sint Hubert,Noord-Brabant,30,Totaal,9,157
2020-10-16,815,Mill en Sint Hubert,Noord-Brabant,30,Ziekenhuisopname,0,9
2020-10-16,815,Mill en Sint Hubert,Noord-Brabant,30,Overleden,0,5
2020-10-16,820,"Nuenen, Gerwen en Nederwetten",Noord-Brabant,30,Totaal,6,248
2020-10-16,820,"Nuenen, Gerwen en Nederwetten",Noord-Brabant,30,Ziekenhuisopname,0,18
2020-10-16,820,"Nuenen, Gerwen en Nederwetten",Noord-Brabant,30,Overleden,0,9
2020-10-16,823,Oirschot,Noord-Brabant,30,Totaal,6,258
2020-10-16,823,Oirschot,Noord-Brabant,30,Ziekenhuisopname,1,14
2020-10-16,823,Oirschot,Noord-Brabant,30,Overleden,0,9
2020-10-16,824,Oisterwijk,Noord-Brabant,30,Totaal,19,223
2020-10-16,824,Oisterwijk,Noord-Brabant,30,Ziekenhuisopname,2,26
2020-10-16,824,Oisterwijk,Noord-Brabant,30,Overleden,0,12
2020-10-16,826,Oosterhout,Noord-Brabant,30,Totaal,38,563
2020-10-16,826,Oosterhout,Noord-Brabant,30,Ziekenhuisopname,0,52
2020-10-16,826,Oosterhout,Noord-Brabant,30,Overleden,0,17
2020-10-16,828,Oss,Noord-Brabant,30,Totaal,28,1390
2020-10-16,828,Oss,Noord-Brabant,30,Ziekenhuisopname,0,173
2020-10-16,828,Oss,Noord-Brabant,30,Overleden,0,89
2020-10-16,840,Rucphen,Noord-Brabant,30,Totaal,19,315
2020-10-16,840,Rucphen,Noord-Brabant,30,Ziekenhuisopname,1,12
2020-10-16,840,Rucphen,Noord-Brabant,30,Overleden,0,10
2020-10-16,845,Sint-Michielsgestel,Noord-Brabant,30,Totaal,15,356
2020-10-16,845,Sint-Michielsgestel,Noord-Brabant,30,Ziekenhuisopname,0,37
2020-10-16,845,Sint-Michielsgestel,Noord-Brabant,30,Overleden,0,19
2020-10-16,847,Someren,Noord-Brabant,30,Totaal,9,175
2020-10-16,847,Someren,Noord-Brabant,30,Ziekenhuisopname,0,33
2020-10-16,847,Someren,Noord-Brabant,30,Overleden,0,8
2020-10-16,848,Son en Breugel,Noord-Brabant,30,Totaal,5,179
2020-10-16,848,Son en Breugel,Noord-Brabant,30,Ziekenhuisopname,0,31
2020-10-16,848,Son en Breugel,Noord-Brabant,30,Overleden,0,14
2020-10-16,851,Steenbergen,Noord-Brabant,30,Totaal,20,282
2020-10-16,851,Steenbergen,Noord-Brabant,30,Ziekenhuisopname,0,15
2020-10-16,851,Steenbergen,Noord-Brabant,30,Overleden,0,13
2020-10-16,852,Waterland,Noord-Holland,27,Totaal,12,204
2020-10-16,852,Waterland,Noord-Holland,27,Ziekenhuisopname,0,17
2020-10-16,852,Waterland,Noord-Holland,27,Overleden,0,4
2020-10-16,855,Tilburg,Noord-Brabant,30,Totaal,113,2726
2020-10-16,855,Tilburg,Noord-Brabant,30,Ziekenhuisopname,0,261
2020-10-16,855,Tilburg,Noord-Brabant,30,Overleden,0,169
2020-10-16,856,Uden,Noord-Brabant,30,Totaal,10,455
2020-10-16,856,Uden,Noord-Brabant,30,Ziekenhuisopname,0,115
2020-10-16,856,Uden,Noord-Brabant,30,Overleden,0,63
2020-10-16,858,Valkenswaard,Noord-Brabant,30,Totaal,9,398
2020-10-16,858,Valkenswaard,Noord-Brabant,30,Ziekenhuisopname,0,20
2020-10-16,858,Valkenswaard,Noord-Brabant,30,Overleden,0,37
2020-10-16,861,Veldhoven,Noord-Brabant,30,Totaal,13,525
2020-10-16,861,Veldhoven,Noord-Brabant,30,Ziekenhuisopname,0,31
2020-10-16,861,Veldhoven,Noord-Brabant,30,Overleden,0,18
2020-10-16,865,Vught,Noord-Brabant,30,Totaal,13,285
2020-10-16,865,Vught,Noord-Brabant,30,Ziekenhuisopname,-1,43
2020-10-16,865,Vught,Noord-Brabant,30,Overleden,0,17
2020-10-16,866,Waalre,Noord-Brabant,30,Totaal,8,171
2020-10-16,866,Waalre,Noord-Brabant,30,Ziekenhuisopname,1,8
2020-10-16,866,Waalre,Noord-Brabant,30,Overleden,0,5
2020-10-16,867,Waalwijk,Noord-Brabant,30,Totaal,34,549
2020-10-16,867,Waalwijk,Noord-Brabant,30,Ziekenhuisopname,0,40
2020-10-16,867,Waalwijk,Noord-Brabant,30,Overleden,1,38
2020-10-16,873,Woensdrecht,Noord-Brabant,30,Totaal,10,241
2020-10-16,873,Woensdrecht,Noord-Brabant,30,Ziekenhuisopname,0,7
2020-10-16,873,Woensdrecht,Noord-Brabant,30,Overleden,0,9
2020-10-16,879,Zundert,Noord-Brabant,30,Totaal,12,270
2020-10-16,879,Zundert,Noord-Brabant,30,Ziekenhuisopname,0,24
2020-10-16,879,Zundert,Noord-Brabant,30,Overleden,0,11
2020-10-16,880,Wormerland,Noord-Holland,27,Totaal,18,186
2020-10-16,880,Wormerland,Noord-Holland,27,Ziekenhuisopname,0,21
2020-10-16,880,Wormerland,Noord-Holland,27,Overleden,0,8
2020-10-16,882,Landgraaf,Limburg,31,Totaal,4,240
2020-10-16,882,Landgraaf,Limburg,31,Ziekenhuisopname,0,53
2020-10-16,882,Landgraaf,Limburg,31,Overleden,0,14
2020-10-16,888,Beek,Limburg,31,Totaal,5,94
2020-10-16,888,Beek,Limburg,31,Ziekenhuisopname,0,17
2020-10-16,888,Beek,Limburg,31,Overleden,0,6
2020-10-16,889,Beesel,Limburg,31,Totaal,7,88
2020-10-16,889,Beesel,Limburg,31,Ziekenhuisopname,0,20
2020-10-16,889,Beesel,Limburg,31,Overleden,0,8
2020-10-16,893,Bergen (L.),Limburg,31,Totaal,1,86
2020-10-16,893,Bergen (L.),Limburg,31,Ziekenhuisopname,0,7
2020-10-16,893,Bergen (L.),Limburg,31,Overleden,0,2
2020-10-16,899,Brunssum,Limburg,31,Totaal,3,227
2020-10-16,899,Brunssum,Limburg,31,Ziekenhuisopname,0,47
2020-10-16,899,Brunssum,Limburg,31,Overleden,0,19
2020-10-16,907,Gennep,Limburg,31,Totaal,2,144
2020-10-16,907,Gennep,Limburg,31,Ziekenhuisopname,0,17
2020-10-16,907,Gennep,Limburg,31,Overleden,0,10
2020-10-16,917,Heerlen,Limburg,31,Totaal,19,669
2020-10-16,917,Heerlen,Limburg,31,Ziekenhuisopname,0,127
2020-10-16,917,Heerlen,Limburg,31,Overleden,0,54
2020-10-16,928,Kerkrade,Limburg,31,Totaal,13,363
2020-10-16,928,Kerkrade,Limburg,31,Ziekenhuisopname,0,64
2020-10-16,928,Kerkrade,Limburg,31,Overleden,0,36
2020-10-16,935,Maastricht,Limburg,31,Totaal,23,1465
2020-10-16,935,Maastricht,Limburg,31,Ziekenhuisopname,0,193
2020-10-16,935,Maastricht,Limburg,31,Overleden,0,140
2020-10-16,938,Meerssen,Limburg,31,Totaal,2,172
2020-10-16,938,Meerssen,Limburg,31,Ziekenhuisopname,0,23
2020-10-16,938,Meerssen,Limburg,31,Overleden,0,13
2020-10-16,944,Mook en Middelaar,Limburg,31,Totaal,4,105
2020-10-16,944,Mook en Middelaar,Limburg,31,Ziekenhuisopname,0,7
2020-10-16,944,Mook en Middelaar,Limburg,31,Overleden,0,5
2020-10-16,946,Nederweert,Limburg,31,Totaal,4,139
2020-10-16,946,Nederweert,Limburg,31,Ziekenhuisopname,0,32
2020-10-16,946,Nederweert,Limburg,31,Overleden,0,7
2020-10-16,957,Roermond,Limburg,31,Totaal,15,402
2020-10-16,957,Roermond,Limburg,31,Ziekenhuisopname,0,63
2020-10-16,957,Roermond,Limburg,31,Overleden,0,23
2020-10-16,965,Simpelveld,Limburg,31,Totaal,1,68
2020-10-16,965,Simpelveld,Limburg,31,Ziekenhuisopname,0,19
2020-10-16,965,Simpelveld,Limburg,31,Overleden,0,5
2020-10-16,971,Stein,Limburg,31,Totaal,4,190
2020-10-16,971,Stein,Limburg,31,Ziekenhuisopname,0,45
2020-10-16,971,Stein,Limburg,31,Overleden,0,15
2020-10-16,981,Vaals,Limburg,31,Totaal,2,49
2020-10-16,981,Vaals,Limburg,31,Ziekenhuisopname,0,10
2020-10-16,981,Vaals,Limburg,31,Overleden,0,2
2020-10-16,983,Venlo,Limburg,31,Totaal,34,1071
2020-10-16,983,Venlo,Limburg,31,Ziekenhuisopname,0,137
2020-10-16,983,Venlo,Limburg,31,Overleden,0,67
2020-10-16,984,Venray,Limburg,31,Totaal,14,420
2020-10-16,984,Venray,Limburg,31,Ziekenhuisopname,0,38
2020-10-16,984,Venray,Limburg,31,Overleden,1,19
2020-10-16,986,Voerendaal,Limburg,31,Totaal,0,73
2020-10-16,986,Voerendaal,Limburg,31,Ziekenhuisopname,0,17
2020-10-16,986,Voerendaal,Limburg,31,Overleden,0,8
2020-10-16,988,Weert,Limburg,31,Totaal,13,404
2020-10-16,988,Weert,Limburg,31,Ziekenhuisopname,0,68
2020-10-16,988,Weert,Limburg,31,Overleden,0,16
2020-10-16,994,Valkenburg aan de Geul,Limburg,31,Totaal,6,148
2020-10-16,994,Valkenburg aan de Geul,Limburg,31,Ziekenhuisopname,0,19
2020-10-16,994,Valkenburg aan de Geul,Limburg,31,Overleden,0,7
2020-10-16,995,Lelystad,Flevoland,24,Totaal,31,672
2020-10-16,995,Lelystad,Flevoland,24,Ziekenhuisopname,3,79
2020-10-16,995,Lelystad,Flevoland,24,Overleden,0,31
2020-10-16,1507,Horst aan de Maas,Limburg,31,Totaal,20,367
2020-10-16,1507,Horst aan de Maas,Limburg,31,Ziekenhuisopname,0,41
2020-10-16,1507,Horst aan de Maas,Limburg,31,Overleden,0,28
2020-10-16,1509,Oude IJsselstreek,Gelderland,25,Totaal,8,288
2020-10-16,1509,Oude IJsselstreek,Gelderland,25,Ziekenhuisopname,0,23
2020-10-16,1509,Oude IJsselstreek,Gelderland,25,Overleden,0,9
2020-10-16,1525,Teylingen,Zuid-Holland,28,Totaal,22,408
2020-10-16,1525,Teylingen,Zuid-Holland,28,Ziekenhuisopname,0,17
2020-10-16,1525,Teylingen,Zuid-Holland,28,Overleden,0,3
2020-10-16,1581,Utrechtse Heuvelrug,Utrecht,26,Totaal,32,562
2020-10-16,1581,Utrechtse Heuvelrug,Utrecht,26,Ziekenhuisopname,0,29
2020-10-16,1581,Utrechtse Heuvelrug,Utrecht,26,Overleden,0,15
2020-10-16,1586,Oost Gelre,Gelderland,25,Totaal,14,317
2020-10-16,1586,Oost Gelre,Gelderland,25,Ziekenhuisopname,0,18
2020-10-16,1586,Oost Gelre,Gelderland,25,Overleden,1,10
2020-10-16,1598,Koggenland,Noord-Holland,27,Totaal,7,178
2020-10-16,1598,Koggenland,Noord-Holland,27,Ziekenhuisopname,0,7
2020-10-16,1598,Koggenland,Noord-Holland,27,Overleden,0,7
2020-10-16,1621,Lansingerland,Zuid-Holland,28,Totaal,29,1002
2020-10-16,1621,Lansingerland,Zuid-Holland,28,Ziekenhuisopname,0,49
2020-10-16,1621,Lansingerland,Zuid-Holland,28,Overleden,0,29
2020-10-16,1640,Leudal,Limburg,31,Totaal,11,304
2020-10-16,1640,Leudal,Limburg,31,Ziekenhuisopname,0,54
2020-10-16,1640,Leudal,Limburg,31,Overleden,0,33
2020-10-16,1641,Maasgouw,Limburg,31,Totaal,3,171
2020-10-16,1641,Maasgouw,Limburg,31,Ziekenhuisopname,0,28
2020-10-16,1641,Maasgouw,Limburg,31,Overleden,0,15
2020-10-16,1652,Gemert-Bakel,Noord-Brabant,30,Totaal,8,380
2020-10-16,1652,Gemert-Bakel,Noord-Brabant,30,Ziekenhuisopname,0,79
2020-10-16,1652,Gemert-Bakel,Noord-Brabant,30,Overleden,0,32
2020-10-16,1655,Halderberge,Noord-Brabant,30,Totaal,19,332
2020-10-16,1655,Halderberge,Noord-Brabant,30,Ziekenhuisopname,0,18
2020-10-16,1655,Halderberge,Noord-Brabant,30,Overleden,0,10
2020-10-16,1658,Heeze-Leende,Noord-Brabant,30,Totaal,7,184
2020-10-16,1658,Heeze-Leende,Noord-Brabant,30,Ziekenhuisopname,0,16
2020-10-16,1658,Heeze-Leende,Noord-Brabant,30,Overleden,0,8
2020-10-16,1659,Laarbeek,Noord-Brabant,30,Totaal,7,267
2020-10-16,1659,Laarbeek,Noord-Brabant,30,Ziekenhuisopname,0,41
2020-10-16,1659,Laarbeek,Noord-Brabant,30,Overleden,0,26
2020-10-16,1667,Reusel-De Mierden,Noord-Brabant,30,Totaal,3,259
2020-10-16,1667,Reusel-De Mierden,Noord-Brabant,30,Ziekenhuisopname,1,13
2020-10-16,1667,Reusel-De Mierden,Noord-Brabant,30,Overleden,0,2
2020-10-16,1669,Roerdalen,Limburg,31,Totaal,2,98
2020-10-16,1669,Roerdalen,Limburg,31,Ziekenhuisopname,0,27
2020-10-16,1669,Roerdalen,Limburg,31,Overleden,0,8
2020-10-16,1674,Roosendaal,Noord-Brabant,30,Totaal,51,987
2020-10-16,1674,Roosendaal,Noord-Brabant,30,Ziekenhuisopname,0,41
2020-10-16,1674,Roosendaal,Noord-Brabant,30,Overleden,0,24
2020-10-16,1676,Schouwen-Duiveland,Zeeland,29,Totaal,10,230
2020-10-16,1676,Schouwen-Duiveland,Zeeland,29,Ziekenhuisopname,0,12
2020-10-16,1676,Schouwen-Duiveland,Zeeland,29,Overleden,0,13
2020-10-16,1680,Aa en Hunze,Drenthe,22,Totaal,10,150
2020-10-16,1680,Aa en Hunze,Drenthe,22,Ziekenhuisopname,0,1
2020-10-16,1680,Aa en Hunze,Drenthe,22,Overleden,0,1
2020-10-16,1681,Borger-Odoorn,Drenthe,22,Totaal,7,155
2020-10-16,1681,Borger-Odoorn,Drenthe,22,Ziekenhuisopname,0,5
2020-10-16,1681,Borger-Odoorn,Drenthe,22,Overleden,0,4
2020-10-16,1684,Cuijk,Noord-Brabant,30,Totaal,12,239
2020-10-16,1684,Cuijk,Noord-Brabant,30,Ziekenhuisopname,0,12
2020-10-16,1684,Cuijk,Noord-Brabant,30,Overleden,0,10
2020-10-16,1685,Landerd,Noord-Brabant,30,Totaal,9,292
2020-10-16,1685,Landerd,Noord-Brabant,30,Ziekenhuisopname,0,42
2020-10-16,1685,Landerd,Noord-Brabant,30,Overleden,0,21
2020-10-16,1690,De Wolden,Drenthe,22,Totaal,5,135
2020-10-16,1690,De Wolden,Drenthe,22,Ziekenhuisopname,1,12
2020-10-16,1690,De Wolden,Drenthe,22,Overleden,0,5
2020-10-16,1695,Noord-Beveland,Zeeland,29,Totaal,1,41
2020-10-16,1695,Noord-Beveland,Zeeland,29,Ziekenhuisopname,0,1
2020-10-16,1695,Noord-Beveland,Zeeland,29,Overleden,0,0
2020-10-16,1696,Wijdemeren,Noord-Holland,27,Totaal,17,249
2020-10-16,1696,Wijdemeren,Noord-Holland,27,Ziekenhuisopname,0,9
2020-10-16,1696,Wijdemeren,Noord-Holland,27,Overleden,0,0
2020-10-16,1699,Noordenveld,Drenthe,22,Totaal,3,183
2020-10-16,1699,Noordenveld,Drenthe,22,Ziekenhuisopname,1,6
2020-10-16,1699,Noordenveld,Drenthe,22,Overleden,0,14
2020-10-16,1700,Twenterand,Overijssel,23,Totaal,20,186
2020-10-16,1700,Twenterand,Overijssel,23,Ziekenhuisopname,0,12
2020-10-16,1700,Twenterand,Overijssel,23,Overleden,-1,2
2020-10-16,1701,Westerveld,Drenthe,22,Totaal,4,83
2020-10-16,1701,Westerveld,Drenthe,22,Ziekenhuisopname,0,9
2020-10-16,1701,Westerveld,Drenthe,22,Overleden,0,4
2020-10-16,1702,Sint Anthonis,Noord-Brabant,30,Totaal,6,137
2020-10-16,1702,Sint Anthonis,Noord-Brabant,30,Ziekenhuisopname,0,20
2020-10-16,1702,Sint Anthonis,Noord-Brabant,30,Overleden,0,11
2020-10-16,1705,Lingewaard,Gelderland,25,Totaal,13,445
2020-10-16,1705,Lingewaard,Gelderland,25,Ziekenhuisopname,0,35
2020-10-16,1705,Lingewaard,Gelderland,25,Overleden,0,11
2020-10-16,1706,Cranendonck,Noord-Brabant,30,Totaal,9,344
2020-10-16,1706,Cranendonck,Noord-Brabant,30,Ziekenhuisopname,0,63
2020-10-16,1706,Cranendonck,Noord-Brabant,30,Overleden,0,36
2020-10-16,1708,Steenwijkerland,Overijssel,23,Totaal,9,294
2020-10-16,1708,Steenwijkerland,Overijssel,23,Ziekenhuisopname,0,15
2020-10-16,1708,Steenwijkerland,Overijssel,23,Overleden,0,8
2020-10-16,1709,Moerdijk,Noord-Brabant,30,Totaal,18,363
2020-10-16,1709,Moerdijk,Noord-Brabant,30,Ziekenhuisopname,0,18
2020-10-16,1709,Moerdijk,Noord-Brabant,30,Overleden,0,9
2020-10-16,1711,Echt-Susteren,Limburg,31,Totaal,6,172
2020-10-16,1711,Echt-Susteren,Limburg,31,Ziekenhuisopname,0,40
2020-10-16,1711,Echt-Susteren,Limburg,31,Overleden,0,18
2020-10-16,1714,Sluis,Zeeland,29,Totaal,4,47
2020-10-16,1714,Sluis,Zeeland,29,Ziekenhuisopname,0,9
2020-10-16,1714,Sluis,Zeeland,29,Overleden,0,4
2020-10-16,1719,Drimmelen,Noord-Brabant,30,Totaal,9,220
2020-10-16,1719,Drimmelen,Noord-Brabant,30,Ziekenhuisopname,0,21
2020-10-16,1719,Drimmelen,Noord-Brabant,30,Overleden,0,9
2020-10-16,1721,Bernheze,Noord-Brabant,30,Totaal,20,492
2020-10-16,1721,Bernheze,Noord-Brabant,30,Ziekenhuisopname,1,96
2020-10-16,1721,Bernheze,Noord-Brabant,30,Overleden,0,65
2020-10-16,1723,Alphen-Chaam,Noord-Brabant,30,Totaal,4,112
2020-10-16,1723,Alphen-Chaam,Noord-Brabant,30,Ziekenhuisopname,0,18
2020-10-16,1723,Alphen-Chaam,Noord-Brabant,30,Overleden,0,5
2020-10-16,1724,Bergeijk,Noord-Brabant,30,Totaal,3,280
2020-10-16,1724,Bergeijk,Noord-Brabant,30,Ziekenhuisopname,0,19
2020-10-16,1724,Bergeijk,Noord-Brabant,30,Overleden,0,5
2020-10-16,1728,Bladel,Noord-Brabant,30,Totaal,6,482
2020-10-16,1728,Bladel,Noord-Brabant,30,Ziekenhuisopname,1,22
2020-10-16,1728,Bladel,Noord-Brabant,30,Overleden,0,9
2020-10-16,1729,Gulpen-Wittem,Limburg,31,Totaal,2,161
2020-10-16,1729,Gulpen-Wittem,Limburg,31,Ziekenhuisopname,0,22
2020-10-16,1729,Gulpen-Wittem,Limburg,31,Overleden,0,15
2020-10-16,1730,Tynaarlo,Drenthe,22,Totaal,7,183
2020-10-16,1730,Tynaarlo,Drenthe,22,Ziekenhuisopname,0,9
2020-10-16,1730,Tynaarlo,Drenthe,22,Overleden,0,0
2020-10-16,1731,Midden-Drenthe,Drenthe,22,Totaal,13,125
2020-10-16,1731,Midden-Drenthe,Drenthe,22,Ziekenhuisopname,0,6
2020-10-16,1731,Midden-Drenthe,Drenthe,22,Overleden,0,0
2020-10-16,1734,Overbetuwe,Gelderland,25,Totaal,16,458
2020-10-16,1734,Overbetuwe,Gelderland,25,Ziekenhuisopname,0,57
2020-10-16,1734,Overbetuwe,Gelderland,25,Overleden,0,16
2020-10-16,1735,Hof van Twente,Overijssel,23,Totaal,24,313
2020-10-16,1735,Hof van Twente,Overijssel,23,Ziekenhuisopname,0,18
2020-10-16,1735,Hof van Twente,Overijssel,23,Overleden,0,6
2020-10-16,1740,Neder-Betuwe,Gelderland,25,Totaal,14,285
2020-10-16,1740,Neder-Betuwe,Gelderland,25,Ziekenhuisopname,0,41
2020-10-16,1740,Neder-Betuwe,Gelderland,25,Overleden,1,22
2020-10-16,1742,Rijssen-Holten,Overijssel,23,Totaal,12,365
2020-10-16,1742,Rijssen-Holten,Overijssel,23,Ziekenhuisopname,0,29
2020-10-16,1742,Rijssen-Holten,Overijssel,23,Overleden,0,25
2020-10-16,1771,Geldrop-Mierlo,Noord-Brabant,30,Totaal,12,368
2020-10-16,1771,Geldrop-Mierlo,Noord-Brabant,30,Ziekenhuisopname,0,35
2020-10-16,1771,Geldrop-Mierlo,Noord-Brabant,30,Overleden,0,16
2020-10-16,1773,Olst-Wijhe,Overijssel,23,Totaal,9,133
2020-10-16,1773,Olst-Wijhe,Overijssel,23,Ziekenhuisopname,0,12
2020-10-16,1773,Olst-Wijhe,Overijssel,23,Overleden,0,8
2020-10-16,1774,Dinkelland,Overijssel,23,Totaal,34,304
2020-10-16,1774,Dinkelland,Overijssel,23,Ziekenhuisopname,0,20
2020-10-16,1774,Dinkelland,Overijssel,23,Overleden,0,10
2020-10-16,1783,Westland,Zuid-Holland,28,Totaal,68,1458
2020-10-16,1783,Westland,Zuid-Holland,28,Ziekenhuisopname,1,66
2020-10-16,1783,Westland,Zuid-Holland,28,Overleden,0,30
2020-10-16,1842,Midden-Delfland,Zuid-Holland,28,Totaal,9,218
2020-10-16,1842,Midden-Delfland,Zuid-Holland,28,Ziekenhuisopname,0,5
2020-10-16,1842,Midden-Delfland,Zuid-Holland,28,Overleden,0,0
2020-10-16,1859,Berkelland,Gelderland,25,Totaal,15,359
2020-10-16,1859,Berkelland,Gelderland,25,Ziekenhuisopname,0,14
2020-10-16,1859,Berkelland,Gelderland,25,Overleden,0,9
2020-10-16,1876,Bronckhorst,Gelderland,25,Totaal,11,283
2020-10-16,1876,Bronckhorst,Gelderland,25,Ziekenhuisopname,0,18
2020-10-16,1876,Bronckhorst,Gelderland,25,Overleden,0,7
2020-10-16,1883,Sittard-Geleen,Limburg,31,Totaal,18,722
2020-10-16,1883,Sittard-Geleen,Limburg,31,Ziekenhuisopname,0,122
2020-10-16,1883,Sittard-Geleen,Limburg,31,Overleden,0,65
2020-10-16,1884,Kaag en Braassem,Zuid-Holland,28,Totaal,21,248
2020-10-16,1884,Kaag en Braassem,Zuid-Holland,28,Ziekenhuisopname,0,8
2020-10-16,1884,Kaag en Braassem,Zuid-Holland,28,Overleden,0,3
2020-10-16,1891,Dantumadiel,Friesland,21,Totaal,3,99
2020-10-16,1891,Dantumadiel,Friesland,21,Ziekenhuisopname,0,2
2020-10-16,1891,Dantumadiel,Friesland,21,Overleden,0,0
2020-10-16,1892,Zuidplas,Zuid-Holland,28,Totaal,28,742
2020-10-16,1892,Zuidplas,Zuid-Holland,28,Ziekenhuisopname,1,29
2020-10-16,1892,Zuidplas,Zuid-Holland,28,Overleden,0,21
2020-10-16,1894,Peel en Maas,Limburg,31,Totaal,20,496
2020-10-16,1894,Peel en Maas,Limburg,31,Ziekenhuisopname,0,144
2020-10-16,1894,Peel en Maas,Limburg,31,Overleden,0,65
2020-10-16,1895,Oldambt,Groningen,20,Totaal,3,141
2020-10-16,1895,Oldambt,Groningen,20,Ziekenhuisopname,0,10
2020-10-16,1895,Oldambt,Groningen,20,Overleden,0,3
2020-10-16,1896,Zwartewaterland,Overijssel,23,Totaal,7,249
2020-10-16,1896,Zwartewaterland,Overijssel,23,Ziekenhuisopname,0,35
2020-10-16,1896,Zwartewaterland,Overijssel,23,Overleden,0,21
2020-10-16,1900,Sdwest-Frysln,Friesland,21,Totaal,36,510
2020-10-16,1900,Sdwest-Frysln,Friesland,21,Ziekenhuisopname,0,19
2020-10-16,1900,Sdwest-Frysln,Friesland,21,Overleden,0,6
2020-10-16,1901,Bodegraven-Reeuwijk,Zuid-Holland,28,Totaal,14,404
2020-10-16,1901,Bodegraven-Reeuwijk,Zuid-Holland,28,Ziekenhuisopname,0,10
2020-10-16,1901,Bodegraven-Reeuwijk,Zuid-Holland,28,Overleden,0,9
2020-10-16,1903,Eijsden-Margraten,Limburg,31,Totaal,8,303
2020-10-16,1903,Eijsden-Margraten,Limburg,31,Ziekenhuisopname,0,55
2020-10-16,1903,Eijsden-Margraten,Limburg,31,Overleden,0,27
2020-10-16,1904,Stichtse Vecht,Utrecht,26,Totaal,29,763
2020-10-16,1904,Stichtse Vecht,Utrecht,26,Ziekenhuisopname,0,43
2020-10-16,1904,Stichtse Vecht,Utrecht,26,Overleden,0,14
2020-10-16,1911,Hollands Kroon,Noord-Holland,27,Totaal,17,230
2020-10-16,1911,Hollands Kroon,Noord-Holland,27,Ziekenhuisopname,0,26
2020-10-16,1911,Hollands Kroon,Noord-Holland,27,Overleden,0,6
2020-10-16,1916,Leidschendam-Voorburg,Zuid-Holland,28,Totaal,39,1032
2020-10-16,1916,Leidschendam-Voorburg,Zuid-Holland,28,Ziekenhuisopname,0,35
2020-10-16,1916,Leidschendam-Voorburg,Zuid-Holland,28,Overleden,0,26
2020-10-16,1924,Goeree-Overflakkee,Zuid-Holland,28,Totaal,17,598
2020-10-16,1924,Goeree-Overflakkee,Zuid-Holland,28,Ziekenhuisopname,0,57
2020-10-16,1924,Goeree-Overflakkee,Zuid-Holland,28,Overleden,0,35
2020-10-16,1926,Pijnacker-Nootdorp,Zuid-Holland,28,Totaal,36,797
2020-10-16,1926,Pijnacker-Nootdorp,Zuid-Holland,28,Ziekenhuisopname,0,30
2020-10-16,1926,Pijnacker-Nootdorp,Zuid-Holland,28,Overleden,0,18
2020-10-16,1930,Nissewaard,Zuid-Holland,28,Totaal,39,1090
2020-10-16,1930,Nissewaard,Zuid-Holland,28,Ziekenhuisopname,1,67
2020-10-16,1930,Nissewaard,Zuid-Holland,28,Overleden,0,23
2020-10-16,1931,Krimpenerwaard,Zuid-Holland,28,Totaal,32,803
2020-10-16,1931,Krimpenerwaard,Zuid-Holland,28,Ziekenhuisopname,1,50
2020-10-16,1931,Krimpenerwaard,Zuid-Holland,28,Overleden,0,36
2020-10-16,1940,De Fryske Marren,Friesland,21,Totaal,16,306
2020-10-16,1940,De Fryske Marren,Friesland,21,Ziekenhuisopname,0,20
2020-10-16,1940,De Fryske Marren,Friesland,21,Overleden,0,6
2020-10-16,1942,Gooise Meren,Noord-Holland,27,Totaal,18,695
2020-10-16,1942,Gooise Meren,Noord-Holland,27,Ziekenhuisopname,0,27
2020-10-16,1942,Gooise Meren,Noord-Holland,27,Overleden,0,15
2020-10-16,1945,Berg en Dal,Gelderland,25,Totaal,17,495
2020-10-16,1945,Berg en Dal,Gelderland,25,Ziekenhuisopname,0,34
2020-10-16,1945,Berg en Dal,Gelderland,25,Overleden,0,20
2020-10-16,1948,Meierijstad,Noord-Brabant,30,Totaal,27,1051
2020-10-16,1948,Meierijstad,Noord-Brabant,30,Ziekenhuisopname,0,211
2020-10-16,1948,Meierijstad,Noord-Brabant,30,Overleden,0,131
2020-10-16,1949,Waadhoeke,Friesland,21,Totaal,11,276
2020-10-16,1949,Waadhoeke,Friesland,21,Ziekenhuisopname,0,13
2020-10-16,1949,Waadhoeke,Friesland,21,Overleden,0,15
2020-10-16,1950,Westerwolde,Groningen,20,Totaal,8,103
2020-10-16,1950,Westerwolde,Groningen,20,Ziekenhuisopname,0,11
2020-10-16,1950,Westerwolde,Groningen,20,Overleden,0,1
2020-10-16,1952,Midden-Groningen,Groningen,20,Totaal,13,222
2020-10-16,1952,Midden-Groningen,Groningen,20,Ziekenhuisopname,0,7
2020-10-16,1952,Midden-Groningen,Groningen,20,Overleden,0,4
2020-10-16,1954,Beekdaelen,Limburg,31,Totaal,10,295
2020-10-16,1954,Beekdaelen,Limburg,31,Ziekenhuisopname,0,52
2020-10-16,1954,Beekdaelen,Limburg,31,Overleden,0,24
2020-10-16,1955,Montferland,Gelderland,25,Totaal,11,241
2020-10-16,1955,Montferland,Gelderland,25,Ziekenhuisopname,0,22
2020-10-16,1955,Montferland,Gelderland,25,Overleden,0,9
2020-10-16,1959,Altena,Noord-Brabant,30,Totaal,17,548
2020-10-16,1959,Altena,Noord-Brabant,30,Ziekenhuisopname,0,37
2020-10-16,1959,Altena,Noord-Brabant,30,Overleden,0,12
2020-10-16,1960,West Betuwe,Gelderland,25,Totaal,30,492
2020-10-16,1960,West Betuwe,Gelderland,25,Ziekenhuisopname,0,47
2020-10-16,1960,West Betuwe,Gelderland,25,Overleden,1,30
2020-10-16,1961,Vijfheerenlanden,Utrecht,26,Totaal,30,856
2020-10-16,1961,Vijfheerenlanden,Utrecht,26,Ziekenhuisopname,1,42
2020-10-16,1961,Vijfheerenlanden,Utrecht,26,Overleden,0,43
2020-10-16,1963,Hoeksche Waard,Zuid-Holland,28,Totaal,40,1258
2020-10-16,1963,Hoeksche Waard,Zuid-Holland,28,Ziekenhuisopname,0,82
2020-10-16,1963,Hoeksche Waard,Zuid-Holland,28,Overleden,0,23
2020-10-16,1966,Het Hogeland,Groningen,20,Totaal,9,246
2020-10-16,1966,Het Hogeland,Groningen,20,Ziekenhuisopname,0,7
2020-10-16,1966,Het Hogeland,Groningen,20,Overleden,0,3
2020-10-16,1969,Westerkwartier,Groningen,20,Totaal,16,285
2020-10-16,1969,Westerkwartier,Groningen,20,Ziekenhuisopname,1,19
2020-10-16,1969,Westerkwartier,Groningen,20,Overleden,0,4
2020-10-16,1970,Noardeast-Frysln,Friesland,21,Totaal,3,180
2020-10-16,1970,Noardeast-Frysln,Friesland,21,Ziekenhuisopname,0,7
2020-10-16,1970,Noardeast-Frysln,Friesland,21,Overleden,0,4
2020-10-16,1978,Molenlanden,Zuid-Holland,28,Totaal,12,432
2020-10-16,1978,Molenlanden,Zuid-Holland,28,Ziekenhuisopname,0,20
2020-10-16,1978,Molenlanden,Zuid-Holland,28,Overleden,0,9
