Datum,Gemeentecode,Gemeentenaam,Provincienaam,Provinciecode,Type,Aantal,AantalCumulatief
2020-10-22,-1,,,-1,Totaal,36,1905
2020-10-22,-1,,,-1,Ziekenhuisopname,0,84
2020-10-22,-1,,,-1,Overleden,1,22
2020-10-22,3,Appingedam,Groningen,20,Totaal,1,44
2020-10-22,3,Appingedam,Groningen,20,Ziekenhuisopname,0,7
2020-10-22,3,Appingedam,Groningen,20,Overleden,0,0
2020-10-22,10,Delfzijl,Groningen,20,Totaal,10,110
2020-10-22,10,Delfzijl,Groningen,20,Ziekenhuisopname,0,7
2020-10-22,10,Delfzijl,Groningen,20,Overleden,0,0
2020-10-22,14,Groningen,Groningen,20,Totaal,58,3019
2020-10-22,14,Groningen,Groningen,20,Ziekenhuisopname,2,30
2020-10-22,14,Groningen,Groningen,20,Overleden,0,3
2020-10-22,24,Loppersum,Groningen,20,Totaal,1,32
2020-10-22,24,Loppersum,Groningen,20,Ziekenhuisopname,0,0
2020-10-22,24,Loppersum,Groningen,20,Overleden,0,0
2020-10-22,34,Almere,Flevoland,24,Totaal,128,2912
2020-10-22,34,Almere,Flevoland,24,Ziekenhuisopname,2,163
2020-10-22,34,Almere,Flevoland,24,Overleden,0,39
2020-10-22,37,Stadskanaal,Groningen,20,Totaal,5,182
2020-10-22,37,Stadskanaal,Groningen,20,Ziekenhuisopname,2,5
2020-10-22,37,Stadskanaal,Groningen,20,Overleden,0,2
2020-10-22,47,Veendam,Groningen,20,Totaal,7,143
2020-10-22,47,Veendam,Groningen,20,Ziekenhuisopname,0,2
2020-10-22,47,Veendam,Groningen,20,Overleden,0,1
2020-10-22,50,Zeewolde,Flevoland,24,Totaal,8,209
2020-10-22,50,Zeewolde,Flevoland,24,Ziekenhuisopname,0,13
2020-10-22,50,Zeewolde,Flevoland,24,Overleden,0,6
2020-10-22,59,Achtkarspelen,Friesland,21,Totaal,4,149
2020-10-22,59,Achtkarspelen,Friesland,21,Ziekenhuisopname,0,0
2020-10-22,59,Achtkarspelen,Friesland,21,Overleden,0,0
2020-10-22,60,Ameland,Friesland,21,Totaal,1,32
2020-10-22,60,Ameland,Friesland,21,Ziekenhuisopname,0,0
2020-10-22,60,Ameland,Friesland,21,Overleden,0,0
2020-10-22,72,Harlingen,Friesland,21,Totaal,2,76
2020-10-22,72,Harlingen,Friesland,21,Ziekenhuisopname,0,4
2020-10-22,72,Harlingen,Friesland,21,Overleden,0,1
2020-10-22,74,Heerenveen,Friesland,21,Totaal,7,338
2020-10-22,74,Heerenveen,Friesland,21,Ziekenhuisopname,0,16
2020-10-22,74,Heerenveen,Friesland,21,Overleden,0,22
2020-10-22,80,Leeuwarden,Friesland,21,Totaal,25,1208
2020-10-22,80,Leeuwarden,Friesland,21,Ziekenhuisopname,1,45
2020-10-22,80,Leeuwarden,Friesland,21,Overleden,0,8
2020-10-22,85,Ooststellingwerf,Friesland,21,Totaal,11,116
2020-10-22,85,Ooststellingwerf,Friesland,21,Ziekenhuisopname,0,5
2020-10-22,85,Ooststellingwerf,Friesland,21,Overleden,0,1
2020-10-22,86,Opsterland,Friesland,21,Totaal,3,154
2020-10-22,86,Opsterland,Friesland,21,Ziekenhuisopname,0,8
2020-10-22,86,Opsterland,Friesland,21,Overleden,0,0
2020-10-22,88,Schiermonnikoog,Friesland,21,Totaal,0,1
2020-10-22,88,Schiermonnikoog,Friesland,21,Ziekenhuisopname,0,1
2020-10-22,88,Schiermonnikoog,Friesland,21,Overleden,0,0
2020-10-22,90,Smallingerland,Friesland,21,Totaal,6,305
2020-10-22,90,Smallingerland,Friesland,21,Ziekenhuisopname,0,12
2020-10-22,90,Smallingerland,Friesland,21,Overleden,0,6
2020-10-22,93,Terschelling,Friesland,21,Totaal,6,50
2020-10-22,93,Terschelling,Friesland,21,Ziekenhuisopname,0,1
2020-10-22,93,Terschelling,Friesland,21,Overleden,0,0
2020-10-22,96,Vlieland,Friesland,21,Totaal,2,14
2020-10-22,96,Vlieland,Friesland,21,Ziekenhuisopname,0,0
2020-10-22,96,Vlieland,Friesland,21,Overleden,0,0
2020-10-22,98,Weststellingwerf,Friesland,21,Totaal,5,156
2020-10-22,98,Weststellingwerf,Friesland,21,Ziekenhuisopname,0,3
2020-10-22,98,Weststellingwerf,Friesland,21,Overleden,0,4
2020-10-22,106,Assen,Drenthe,22,Totaal,25,486
2020-10-22,106,Assen,Drenthe,22,Ziekenhuisopname,0,13
2020-10-22,106,Assen,Drenthe,22,Overleden,0,3
2020-10-22,109,Coevorden,Drenthe,22,Totaal,10,257
2020-10-22,109,Coevorden,Drenthe,22,Ziekenhuisopname,0,14
2020-10-22,109,Coevorden,Drenthe,22,Overleden,0,2
2020-10-22,114,Emmen,Drenthe,22,Totaal,17,1193
2020-10-22,114,Emmen,Drenthe,22,Ziekenhuisopname,0,44
2020-10-22,114,Emmen,Drenthe,22,Overleden,0,19
2020-10-22,118,Hoogeveen,Drenthe,22,Totaal,36,462
2020-10-22,118,Hoogeveen,Drenthe,22,Ziekenhuisopname,0,26
2020-10-22,118,Hoogeveen,Drenthe,22,Overleden,0,12
2020-10-22,119,Meppel,Drenthe,22,Totaal,10,218
2020-10-22,119,Meppel,Drenthe,22,Ziekenhuisopname,0,11
2020-10-22,119,Meppel,Drenthe,22,Overleden,0,5
2020-10-22,141,Almelo,Overijssel,23,Totaal,41,771
2020-10-22,141,Almelo,Overijssel,23,Ziekenhuisopname,0,31
2020-10-22,141,Almelo,Overijssel,23,Overleden,0,13
2020-10-22,147,Borne,Overijssel,23,Totaal,15,270
2020-10-22,147,Borne,Overijssel,23,Ziekenhuisopname,0,15
2020-10-22,147,Borne,Overijssel,23,Overleden,0,6
2020-10-22,148,Dalfsen,Overijssel,23,Totaal,13,341
2020-10-22,148,Dalfsen,Overijssel,23,Ziekenhuisopname,0,17
2020-10-22,148,Dalfsen,Overijssel,23,Overleden,0,7
2020-10-22,150,Deventer,Overijssel,23,Totaal,24,1114
2020-10-22,150,Deventer,Overijssel,23,Ziekenhuisopname,0,50
2020-10-22,150,Deventer,Overijssel,23,Overleden,0,38
2020-10-22,153,Enschede,Overijssel,23,Totaal,93,1715
2020-10-22,153,Enschede,Overijssel,23,Ziekenhuisopname,1,68
2020-10-22,153,Enschede,Overijssel,23,Overleden,1,29
2020-10-22,158,Haaksbergen,Overijssel,23,Totaal,8,384
2020-10-22,158,Haaksbergen,Overijssel,23,Ziekenhuisopname,1,17
2020-10-22,158,Haaksbergen,Overijssel,23,Overleden,0,10
2020-10-22,160,Hardenberg,Overijssel,23,Totaal,21,504
2020-10-22,160,Hardenberg,Overijssel,23,Ziekenhuisopname,1,24
2020-10-22,160,Hardenberg,Overijssel,23,Overleden,0,10
2020-10-22,163,Hellendoorn,Overijssel,23,Totaal,8,319
2020-10-22,163,Hellendoorn,Overijssel,23,Ziekenhuisopname,0,13
2020-10-22,163,Hellendoorn,Overijssel,23,Overleden,0,13
2020-10-22,164,Hengelo,Overijssel,23,Totaal,54,1056
2020-10-22,164,Hengelo,Overijssel,23,Ziekenhuisopname,0,38
2020-10-22,164,Hengelo,Overijssel,23,Overleden,0,24
2020-10-22,166,Kampen,Overijssel,23,Totaal,6,601
2020-10-22,166,Kampen,Overijssel,23,Ziekenhuisopname,0,60
2020-10-22,166,Kampen,Overijssel,23,Overleden,0,37
2020-10-22,168,Losser,Overijssel,23,Totaal,12,263
2020-10-22,168,Losser,Overijssel,23,Ziekenhuisopname,0,11
2020-10-22,168,Losser,Overijssel,23,Overleden,0,2
2020-10-22,171,Noordoostpolder,Flevoland,24,Totaal,11,351
2020-10-22,171,Noordoostpolder,Flevoland,24,Ziekenhuisopname,0,18
2020-10-22,171,Noordoostpolder,Flevoland,24,Overleden,0,11
2020-10-22,173,Oldenzaal,Overijssel,23,Totaal,19,468
2020-10-22,173,Oldenzaal,Overijssel,23,Ziekenhuisopname,0,16
2020-10-22,173,Oldenzaal,Overijssel,23,Overleden,0,13
2020-10-22,175,Ommen,Overijssel,23,Totaal,1,150
2020-10-22,175,Ommen,Overijssel,23,Ziekenhuisopname,0,9
2020-10-22,175,Ommen,Overijssel,23,Overleden,0,4
2020-10-22,177,Raalte,Overijssel,23,Totaal,9,442
2020-10-22,177,Raalte,Overijssel,23,Ziekenhuisopname,0,25
2020-10-22,177,Raalte,Overijssel,23,Overleden,0,23
2020-10-22,180,Staphorst,Overijssel,23,Totaal,4,247
2020-10-22,180,Staphorst,Overijssel,23,Ziekenhuisopname,0,8
2020-10-22,180,Staphorst,Overijssel,23,Overleden,0,4
2020-10-22,183,Tubbergen,Overijssel,23,Totaal,21,473
2020-10-22,183,Tubbergen,Overijssel,23,Ziekenhuisopname,0,12
2020-10-22,183,Tubbergen,Overijssel,23,Overleden,0,6
2020-10-22,184,Urk,Flevoland,24,Totaal,1,125
2020-10-22,184,Urk,Flevoland,24,Ziekenhuisopname,0,23
2020-10-22,184,Urk,Flevoland,24,Overleden,0,4
2020-10-22,189,Wierden,Overijssel,23,Totaal,23,329
2020-10-22,189,Wierden,Overijssel,23,Ziekenhuisopname,0,7
2020-10-22,189,Wierden,Overijssel,23,Overleden,0,6
2020-10-22,193,Zwolle,Overijssel,23,Totaal,36,1175
2020-10-22,193,Zwolle,Overijssel,23,Ziekenhuisopname,0,54
2020-10-22,193,Zwolle,Overijssel,23,Overleden,1,50
2020-10-22,197,Aalten,Gelderland,25,Totaal,11,307
2020-10-22,197,Aalten,Gelderland,25,Ziekenhuisopname,0,13
2020-10-22,197,Aalten,Gelderland,25,Overleden,0,7
2020-10-22,200,Apeldoorn,Gelderland,25,Totaal,38,1484
2020-10-22,200,Apeldoorn,Gelderland,25,Ziekenhuisopname,0,109
2020-10-22,200,Apeldoorn,Gelderland,25,Overleden,1,54
2020-10-22,202,Arnhem,Gelderland,25,Totaal,67,1840
2020-10-22,202,Arnhem,Gelderland,25,Ziekenhuisopname,0,82
2020-10-22,202,Arnhem,Gelderland,25,Overleden,0,34
2020-10-22,203,Barneveld,Gelderland,25,Totaal,26,620
2020-10-22,203,Barneveld,Gelderland,25,Ziekenhuisopname,0,24
2020-10-22,203,Barneveld,Gelderland,25,Overleden,0,10
2020-10-22,209,Beuningen,Gelderland,25,Totaal,3,312
2020-10-22,209,Beuningen,Gelderland,25,Ziekenhuisopname,0,20
2020-10-22,209,Beuningen,Gelderland,25,Overleden,0,6
2020-10-22,213,Brummen,Gelderland,25,Totaal,3,147
2020-10-22,213,Brummen,Gelderland,25,Ziekenhuisopname,0,19
2020-10-22,213,Brummen,Gelderland,25,Overleden,0,6
2020-10-22,214,Buren,Gelderland,25,Totaal,11,277
2020-10-22,214,Buren,Gelderland,25,Ziekenhuisopname,0,23
2020-10-22,214,Buren,Gelderland,25,Overleden,0,8
2020-10-22,216,Culemborg,Gelderland,25,Totaal,11,452
2020-10-22,216,Culemborg,Gelderland,25,Ziekenhuisopname,0,25
2020-10-22,216,Culemborg,Gelderland,25,Overleden,0,9
2020-10-22,221,Doesburg,Gelderland,25,Totaal,3,153
2020-10-22,221,Doesburg,Gelderland,25,Ziekenhuisopname,0,10
2020-10-22,221,Doesburg,Gelderland,25,Overleden,0,6
2020-10-22,222,Doetinchem,Gelderland,25,Totaal,6,602
2020-10-22,222,Doetinchem,Gelderland,25,Ziekenhuisopname,0,30
2020-10-22,222,Doetinchem,Gelderland,25,Overleden,0,16
2020-10-22,225,Druten,Gelderland,25,Totaal,7,250
2020-10-22,225,Druten,Gelderland,25,Ziekenhuisopname,2,28
2020-10-22,225,Druten,Gelderland,25,Overleden,0,9
2020-10-22,226,Duiven,Gelderland,25,Totaal,7,281
2020-10-22,226,Duiven,Gelderland,25,Ziekenhuisopname,0,16
2020-10-22,226,Duiven,Gelderland,25,Overleden,0,6
2020-10-22,228,Ede,Gelderland,25,Totaal,60,1482
2020-10-22,228,Ede,Gelderland,25,Ziekenhuisopname,0,70
2020-10-22,228,Ede,Gelderland,25,Overleden,0,27
2020-10-22,230,Elburg,Gelderland,25,Totaal,5,262
2020-10-22,230,Elburg,Gelderland,25,Ziekenhuisopname,0,28
2020-10-22,230,Elburg,Gelderland,25,Overleden,0,8
2020-10-22,232,Epe,Gelderland,25,Totaal,14,322
2020-10-22,232,Epe,Gelderland,25,Ziekenhuisopname,0,52
2020-10-22,232,Epe,Gelderland,25,Overleden,0,23
2020-10-22,233,Ermelo,Gelderland,25,Totaal,7,299
2020-10-22,233,Ermelo,Gelderland,25,Ziekenhuisopname,0,33
2020-10-22,233,Ermelo,Gelderland,25,Overleden,0,23
2020-10-22,243,Harderwijk,Gelderland,25,Totaal,6,590
2020-10-22,243,Harderwijk,Gelderland,25,Ziekenhuisopname,0,46
2020-10-22,243,Harderwijk,Gelderland,25,Overleden,0,21
2020-10-22,244,Hattem,Gelderland,25,Totaal,3,118
2020-10-22,244,Hattem,Gelderland,25,Ziekenhuisopname,0,18
2020-10-22,244,Hattem,Gelderland,25,Overleden,0,5
2020-10-22,246,Heerde,Gelderland,25,Totaal,3,289
2020-10-22,246,Heerde,Gelderland,25,Ziekenhuisopname,0,55
2020-10-22,246,Heerde,Gelderland,25,Overleden,0,28
2020-10-22,252,Heumen,Gelderland,25,Totaal,9,307
2020-10-22,252,Heumen,Gelderland,25,Ziekenhuisopname,0,19
2020-10-22,252,Heumen,Gelderland,25,Overleden,0,13
2020-10-22,262,Lochem,Gelderland,25,Totaal,10,344
2020-10-22,262,Lochem,Gelderland,25,Ziekenhuisopname,0,16
2020-10-22,262,Lochem,Gelderland,25,Overleden,0,15
2020-10-22,263,Maasdriel,Gelderland,25,Totaal,11,285
2020-10-22,263,Maasdriel,Gelderland,25,Ziekenhuisopname,0,17
2020-10-22,263,Maasdriel,Gelderland,25,Overleden,0,8
2020-10-22,267,Nijkerk,Gelderland,25,Totaal,11,609
2020-10-22,267,Nijkerk,Gelderland,25,Ziekenhuisopname,0,26
2020-10-22,267,Nijkerk,Gelderland,25,Overleden,0,4
2020-10-22,268,Nijmegen,Gelderland,25,Totaal,67,3060
2020-10-22,268,Nijmegen,Gelderland,25,Ziekenhuisopname,4,169
2020-10-22,268,Nijmegen,Gelderland,25,Overleden,1,77
2020-10-22,269,Oldebroek,Gelderland,25,Totaal,2,257
2020-10-22,269,Oldebroek,Gelderland,25,Ziekenhuisopname,0,40
2020-10-22,269,Oldebroek,Gelderland,25,Overleden,0,19
2020-10-22,273,Putten,Gelderland,25,Totaal,8,200
2020-10-22,273,Putten,Gelderland,25,Ziekenhuisopname,0,11
2020-10-22,273,Putten,Gelderland,25,Overleden,0,1
2020-10-22,274,Renkum,Gelderland,25,Totaal,11,396
2020-10-22,274,Renkum,Gelderland,25,Ziekenhuisopname,1,15
2020-10-22,274,Renkum,Gelderland,25,Overleden,0,10
2020-10-22,275,Rheden,Gelderland,25,Totaal,6,408
2020-10-22,275,Rheden,Gelderland,25,Ziekenhuisopname,0,35
2020-10-22,275,Rheden,Gelderland,25,Overleden,1,15
2020-10-22,277,Rozendaal,Gelderland,25,Totaal,0,11
2020-10-22,277,Rozendaal,Gelderland,25,Ziekenhuisopname,0,1
2020-10-22,277,Rozendaal,Gelderland,25,Overleden,0,0
2020-10-22,279,Scherpenzeel,Gelderland,25,Totaal,10,120
2020-10-22,279,Scherpenzeel,Gelderland,25,Ziekenhuisopname,0,5
2020-10-22,279,Scherpenzeel,Gelderland,25,Overleden,0,2
2020-10-22,281,Tiel,Gelderland,25,Totaal,28,596
2020-10-22,281,Tiel,Gelderland,25,Ziekenhuisopname,0,46
2020-10-22,281,Tiel,Gelderland,25,Overleden,0,22
2020-10-22,285,Voorst,Gelderland,25,Totaal,4,221
2020-10-22,285,Voorst,Gelderland,25,Ziekenhuisopname,0,17
2020-10-22,285,Voorst,Gelderland,25,Overleden,0,11
2020-10-22,289,Wageningen,Gelderland,25,Totaal,19,526
2020-10-22,289,Wageningen,Gelderland,25,Ziekenhuisopname,0,22
2020-10-22,289,Wageningen,Gelderland,25,Overleden,0,18
2020-10-22,293,Westervoort,Gelderland,25,Totaal,5,129
2020-10-22,293,Westervoort,Gelderland,25,Ziekenhuisopname,0,12
2020-10-22,293,Westervoort,Gelderland,25,Overleden,0,6
2020-10-22,294,Winterswijk,Gelderland,25,Totaal,6,199
2020-10-22,294,Winterswijk,Gelderland,25,Ziekenhuisopname,0,8
2020-10-22,294,Winterswijk,Gelderland,25,Overleden,0,4
2020-10-22,296,Wijchen,Gelderland,25,Totaal,13,540
2020-10-22,296,Wijchen,Gelderland,25,Ziekenhuisopname,0,50
2020-10-22,296,Wijchen,Gelderland,25,Overleden,0,15
2020-10-22,297,Zaltbommel,Gelderland,25,Totaal,13,358
2020-10-22,297,Zaltbommel,Gelderland,25,Ziekenhuisopname,0,23
2020-10-22,297,Zaltbommel,Gelderland,25,Overleden,0,10
2020-10-22,299,Zevenaar,Gelderland,25,Totaal,19,426
2020-10-22,299,Zevenaar,Gelderland,25,Ziekenhuisopname,1,54
2020-10-22,299,Zevenaar,Gelderland,25,Overleden,0,17
2020-10-22,301,Zutphen,Gelderland,25,Totaal,12,378
2020-10-22,301,Zutphen,Gelderland,25,Ziekenhuisopname,0,32
2020-10-22,301,Zutphen,Gelderland,25,Overleden,0,13
2020-10-22,302,Nunspeet,Gelderland,25,Totaal,2,378
2020-10-22,302,Nunspeet,Gelderland,25,Ziekenhuisopname,1,61
2020-10-22,302,Nunspeet,Gelderland,25,Overleden,0,21
2020-10-22,303,Dronten,Flevoland,24,Totaal,17,304
2020-10-22,303,Dronten,Flevoland,24,Ziekenhuisopname,2,39
2020-10-22,303,Dronten,Flevoland,24,Overleden,0,14
2020-10-22,307,Amersfoort,Utrecht,26,Totaal,102,2094
2020-10-22,307,Amersfoort,Utrecht,26,Ziekenhuisopname,0,89
2020-10-22,307,Amersfoort,Utrecht,26,Overleden,0,28
2020-10-22,308,Baarn,Utrecht,26,Totaal,16,320
2020-10-22,308,Baarn,Utrecht,26,Ziekenhuisopname,0,14
2020-10-22,308,Baarn,Utrecht,26,Overleden,0,9
2020-10-22,310,De Bilt,Utrecht,26,Totaal,22,744
2020-10-22,310,De Bilt,Utrecht,26,Ziekenhuisopname,0,31
2020-10-22,310,De Bilt,Utrecht,26,Overleden,0,24
2020-10-22,312,Bunnik,Utrecht,26,Totaal,9,191
2020-10-22,312,Bunnik,Utrecht,26,Ziekenhuisopname,0,12
2020-10-22,312,Bunnik,Utrecht,26,Overleden,0,1
2020-10-22,313,Bunschoten,Utrecht,26,Totaal,15,382
2020-10-22,313,Bunschoten,Utrecht,26,Ziekenhuisopname,0,13
2020-10-22,313,Bunschoten,Utrecht,26,Overleden,0,7
2020-10-22,317,Eemnes,Utrecht,26,Totaal,5,98
2020-10-22,317,Eemnes,Utrecht,26,Ziekenhuisopname,0,2
2020-10-22,317,Eemnes,Utrecht,26,Overleden,0,1
2020-10-22,321,Houten,Utrecht,26,Totaal,38,661
2020-10-22,321,Houten,Utrecht,26,Ziekenhuisopname,1,33
2020-10-22,321,Houten,Utrecht,26,Overleden,1,17
2020-10-22,327,Leusden,Utrecht,26,Totaal,9,369
2020-10-22,327,Leusden,Utrecht,26,Ziekenhuisopname,0,10
2020-10-22,327,Leusden,Utrecht,26,Overleden,0,9
2020-10-22,331,Lopik,Utrecht,26,Totaal,10,245
2020-10-22,331,Lopik,Utrecht,26,Ziekenhuisopname,0,22
2020-10-22,331,Lopik,Utrecht,26,Overleden,0,8
2020-10-22,335,Montfoort,Utrecht,26,Totaal,7,192
2020-10-22,335,Montfoort,Utrecht,26,Ziekenhuisopname,0,15
2020-10-22,335,Montfoort,Utrecht,26,Overleden,0,7
2020-10-22,339,Renswoude,Utrecht,26,Totaal,3,54
2020-10-22,339,Renswoude,Utrecht,26,Ziekenhuisopname,0,5
2020-10-22,339,Renswoude,Utrecht,26,Overleden,0,5
2020-10-22,340,Rhenen,Utrecht,26,Totaal,10,260
2020-10-22,340,Rhenen,Utrecht,26,Ziekenhuisopname,0,12
2020-10-22,340,Rhenen,Utrecht,26,Overleden,0,6
2020-10-22,342,Soest,Utrecht,26,Totaal,30,794
2020-10-22,342,Soest,Utrecht,26,Ziekenhuisopname,1,33
2020-10-22,342,Soest,Utrecht,26,Overleden,0,14
2020-10-22,344,Utrecht,Utrecht,26,Totaal,249,8117
2020-10-22,344,Utrecht,Utrecht,26,Ziekenhuisopname,1,343
2020-10-22,344,Utrecht,Utrecht,26,Overleden,0,124
2020-10-22,345,Veenendaal,Utrecht,26,Totaal,53,1081
2020-10-22,345,Veenendaal,Utrecht,26,Ziekenhuisopname,0,53
2020-10-22,345,Veenendaal,Utrecht,26,Overleden,1,15
2020-10-22,351,Woudenberg,Utrecht,26,Totaal,7,158
2020-10-22,351,Woudenberg,Utrecht,26,Ziekenhuisopname,0,9
2020-10-22,351,Woudenberg,Utrecht,26,Overleden,0,2
2020-10-22,352,Wijk bij Duurstede,Utrecht,26,Totaal,17,257
2020-10-22,352,Wijk bij Duurstede,Utrecht,26,Ziekenhuisopname,0,11
2020-10-22,352,Wijk bij Duurstede,Utrecht,26,Overleden,0,2
2020-10-22,353,IJsselstein,Utrecht,26,Totaal,24,574
2020-10-22,353,IJsselstein,Utrecht,26,Ziekenhuisopname,1,40
2020-10-22,353,IJsselstein,Utrecht,26,Overleden,0,35
2020-10-22,355,Zeist,Utrecht,26,Totaal,35,1032
2020-10-22,355,Zeist,Utrecht,26,Ziekenhuisopname,0,42
2020-10-22,355,Zeist,Utrecht,26,Overleden,0,27
2020-10-22,356,Nieuwegein,Utrecht,26,Totaal,44,875
2020-10-22,356,Nieuwegein,Utrecht,26,Ziekenhuisopname,0,54
2020-10-22,356,Nieuwegein,Utrecht,26,Overleden,0,14
2020-10-22,358,Aalsmeer,Noord-Holland,27,Totaal,24,477
2020-10-22,358,Aalsmeer,Noord-Holland,27,Ziekenhuisopname,0,10
2020-10-22,358,Aalsmeer,Noord-Holland,27,Overleden,0,6
2020-10-22,361,Alkmaar,Noord-Holland,27,Totaal,37,1117
2020-10-22,361,Alkmaar,Noord-Holland,27,Ziekenhuisopname,1,62
2020-10-22,361,Alkmaar,Noord-Holland,27,Overleden,0,31
2020-10-22,362,Amstelveen,Noord-Holland,27,Totaal,56,1790
2020-10-22,362,Amstelveen,Noord-Holland,27,Ziekenhuisopname,0,72
2020-10-22,362,Amstelveen,Noord-Holland,27,Overleden,0,44
2020-10-22,363,Amsterdam,Noord-Holland,27,Totaal,813,25191
2020-10-22,363,Amsterdam,Noord-Holland,27,Ziekenhuisopname,14,939
2020-10-22,363,Amsterdam,Noord-Holland,27,Overleden,0,313
2020-10-22,370,Beemster,Noord-Holland,27,Totaal,4,100
2020-10-22,370,Beemster,Noord-Holland,27,Ziekenhuisopname,0,4
2020-10-22,370,Beemster,Noord-Holland,27,Overleden,0,1
2020-10-22,373,Bergen (NH.),Noord-Holland,27,Totaal,20,448
2020-10-22,373,Bergen (NH.),Noord-Holland,27,Ziekenhuisopname,1,22
2020-10-22,373,Bergen (NH.),Noord-Holland,27,Overleden,3,10
2020-10-22,375,Beverwijk,Noord-Holland,27,Totaal,17,552
2020-10-22,375,Beverwijk,Noord-Holland,27,Ziekenhuisopname,1,20
2020-10-22,375,Beverwijk,Noord-Holland,27,Overleden,0,13
2020-10-22,376,Blaricum,Noord-Holland,27,Totaal,8,151
2020-10-22,376,Blaricum,Noord-Holland,27,Ziekenhuisopname,0,8
2020-10-22,376,Blaricum,Noord-Holland,27,Overleden,0,2
2020-10-22,377,Bloemendaal,Noord-Holland,27,Totaal,6,307
2020-10-22,377,Bloemendaal,Noord-Holland,27,Ziekenhuisopname,1,9
2020-10-22,377,Bloemendaal,Noord-Holland,27,Overleden,0,6
2020-10-22,383,Castricum,Noord-Holland,27,Totaal,15,337
2020-10-22,383,Castricum,Noord-Holland,27,Ziekenhuisopname,0,18
2020-10-22,383,Castricum,Noord-Holland,27,Overleden,0,10
2020-10-22,384,Diemen,Noord-Holland,27,Totaal,24,849
2020-10-22,384,Diemen,Noord-Holland,27,Ziekenhuisopname,0,23
2020-10-22,384,Diemen,Noord-Holland,27,Overleden,0,14
2020-10-22,385,Edam-Volendam,Noord-Holland,27,Totaal,20,747
2020-10-22,385,Edam-Volendam,Noord-Holland,27,Ziekenhuisopname,0,35
2020-10-22,385,Edam-Volendam,Noord-Holland,27,Overleden,0,4
2020-10-22,388,Enkhuizen,Noord-Holland,27,Totaal,12,122
2020-10-22,388,Enkhuizen,Noord-Holland,27,Ziekenhuisopname,0,20
2020-10-22,388,Enkhuizen,Noord-Holland,27,Overleden,0,4
2020-10-22,392,Haarlem,Noord-Holland,27,Totaal,80,2261
2020-10-22,392,Haarlem,Noord-Holland,27,Ziekenhuisopname,1,98
2020-10-22,392,Haarlem,Noord-Holland,27,Overleden,3,72
2020-10-22,394,Haarlemmermeer,Noord-Holland,27,Totaal,67,2491
2020-10-22,394,Haarlemmermeer,Noord-Holland,27,Ziekenhuisopname,0,92
2020-10-22,394,Haarlemmermeer,Noord-Holland,27,Overleden,0,38
2020-10-22,396,Heemskerk,Noord-Holland,27,Totaal,19,486
2020-10-22,396,Heemskerk,Noord-Holland,27,Ziekenhuisopname,0,34
2020-10-22,396,Heemskerk,Noord-Holland,27,Overleden,0,14
2020-10-22,397,Heemstede,Noord-Holland,27,Totaal,9,361
2020-10-22,397,Heemstede,Noord-Holland,27,Ziekenhuisopname,0,15
2020-10-22,397,Heemstede,Noord-Holland,27,Overleden,0,35
2020-10-22,398,Heerhugowaard,Noord-Holland,27,Totaal,26,555
2020-10-22,398,Heerhugowaard,Noord-Holland,27,Ziekenhuisopname,0,29
2020-10-22,398,Heerhugowaard,Noord-Holland,27,Overleden,0,9
2020-10-22,399,Heiloo,Noord-Holland,27,Totaal,8,200
2020-10-22,399,Heiloo,Noord-Holland,27,Ziekenhuisopname,0,12
2020-10-22,399,Heiloo,Noord-Holland,27,Overleden,0,9
2020-10-22,400,Den Helder,Noord-Holland,27,Totaal,15,284
2020-10-22,400,Den Helder,Noord-Holland,27,Ziekenhuisopname,0,15
2020-10-22,400,Den Helder,Noord-Holland,27,Overleden,0,2
2020-10-22,402,Hilversum,Noord-Holland,27,Totaal,50,1232
2020-10-22,402,Hilversum,Noord-Holland,27,Ziekenhuisopname,0,38
2020-10-22,402,Hilversum,Noord-Holland,27,Overleden,0,26
2020-10-22,405,Hoorn,Noord-Holland,27,Totaal,33,713
2020-10-22,405,Hoorn,Noord-Holland,27,Ziekenhuisopname,0,38
2020-10-22,405,Hoorn,Noord-Holland,27,Overleden,0,12
2020-10-22,406,Huizen,Noord-Holland,27,Totaal,36,688
2020-10-22,406,Huizen,Noord-Holland,27,Ziekenhuisopname,0,27
2020-10-22,406,Huizen,Noord-Holland,27,Overleden,0,10
2020-10-22,415,Landsmeer,Noord-Holland,27,Totaal,3,177
2020-10-22,415,Landsmeer,Noord-Holland,27,Ziekenhuisopname,0,5
2020-10-22,415,Landsmeer,Noord-Holland,27,Overleden,0,3
2020-10-22,416,Langedijk,Noord-Holland,27,Totaal,3,296
2020-10-22,416,Langedijk,Noord-Holland,27,Ziekenhuisopname,0,21
2020-10-22,416,Langedijk,Noord-Holland,27,Overleden,0,7
2020-10-22,417,Laren,Noord-Holland,27,Totaal,6,159
2020-10-22,417,Laren,Noord-Holland,27,Ziekenhuisopname,0,9
2020-10-22,417,Laren,Noord-Holland,27,Overleden,0,3
2020-10-22,420,Medemblik,Noord-Holland,27,Totaal,20,337
2020-10-22,420,Medemblik,Noord-Holland,27,Ziekenhuisopname,0,19
2020-10-22,420,Medemblik,Noord-Holland,27,Overleden,0,6
2020-10-22,431,Oostzaan,Noord-Holland,27,Totaal,5,203
2020-10-22,431,Oostzaan,Noord-Holland,27,Ziekenhuisopname,0,12
2020-10-22,431,Oostzaan,Noord-Holland,27,Overleden,0,2
2020-10-22,432,Opmeer,Noord-Holland,27,Totaal,5,69
2020-10-22,432,Opmeer,Noord-Holland,27,Ziekenhuisopname,0,1
2020-10-22,432,Opmeer,Noord-Holland,27,Overleden,0,1
2020-10-22,437,Ouder-Amstel,Noord-Holland,27,Totaal,7,326
2020-10-22,437,Ouder-Amstel,Noord-Holland,27,Ziekenhuisopname,0,7
2020-10-22,437,Ouder-Amstel,Noord-Holland,27,Overleden,0,0
2020-10-22,439,Purmerend,Noord-Holland,27,Totaal,29,1067
2020-10-22,439,Purmerend,Noord-Holland,27,Ziekenhuisopname,0,80
2020-10-22,439,Purmerend,Noord-Holland,27,Overleden,0,38
2020-10-22,441,Schagen,Noord-Holland,27,Totaal,14,379
2020-10-22,441,Schagen,Noord-Holland,27,Ziekenhuisopname,0,20
2020-10-22,441,Schagen,Noord-Holland,27,Overleden,0,10
2020-10-22,448,Texel,Noord-Holland,27,Totaal,1,68
2020-10-22,448,Texel,Noord-Holland,27,Ziekenhuisopname,0,6
2020-10-22,448,Texel,Noord-Holland,27,Overleden,0,2
2020-10-22,450,Uitgeest,Noord-Holland,27,Totaal,7,174
2020-10-22,450,Uitgeest,Noord-Holland,27,Ziekenhuisopname,1,6
2020-10-22,450,Uitgeest,Noord-Holland,27,Overleden,0,1
2020-10-22,451,Uithoorn,Noord-Holland,27,Totaal,23,465
2020-10-22,451,Uithoorn,Noord-Holland,27,Ziekenhuisopname,0,21
2020-10-22,451,Uithoorn,Noord-Holland,27,Overleden,0,2
2020-10-22,453,Velsen,Noord-Holland,27,Totaal,33,956
2020-10-22,453,Velsen,Noord-Holland,27,Ziekenhuisopname,1,46
2020-10-22,453,Velsen,Noord-Holland,27,Overleden,0,44
2020-10-22,457,Weesp,Noord-Holland,27,Totaal,31,457
2020-10-22,457,Weesp,Noord-Holland,27,Ziekenhuisopname,0,10
2020-10-22,457,Weesp,Noord-Holland,27,Overleden,0,14
2020-10-22,473,Zandvoort,Noord-Holland,27,Totaal,7,207
2020-10-22,473,Zandvoort,Noord-Holland,27,Ziekenhuisopname,0,12
2020-10-22,473,Zandvoort,Noord-Holland,27,Overleden,0,9
2020-10-22,479,Zaanstad,Noord-Holland,27,Totaal,64,2669
2020-10-22,479,Zaanstad,Noord-Holland,27,Ziekenhuisopname,2,150
2020-10-22,479,Zaanstad,Noord-Holland,27,Overleden,1,58
2020-10-22,482,Alblasserdam,Zuid-Holland,28,Totaal,19,411
2020-10-22,482,Alblasserdam,Zuid-Holland,28,Ziekenhuisopname,0,11
2020-10-22,482,Alblasserdam,Zuid-Holland,28,Overleden,1,6
2020-10-22,484,Alphen aan den Rijn,Zuid-Holland,28,Totaal,66,1702
2020-10-22,484,Alphen aan den Rijn,Zuid-Holland,28,Ziekenhuisopname,1,79
2020-10-22,484,Alphen aan den Rijn,Zuid-Holland,28,Overleden,0,31
2020-10-22,489,Barendrecht,Zuid-Holland,28,Totaal,44,1142
2020-10-22,489,Barendrecht,Zuid-Holland,28,Ziekenhuisopname,0,45
2020-10-22,489,Barendrecht,Zuid-Holland,28,Overleden,1,15
2020-10-22,498,Drechterland,Noord-Holland,27,Totaal,16,211
2020-10-22,498,Drechterland,Noord-Holland,27,Ziekenhuisopname,0,5
2020-10-22,498,Drechterland,Noord-Holland,27,Overleden,0,8
2020-10-22,501,Brielle,Zuid-Holland,28,Totaal,9,264
2020-10-22,501,Brielle,Zuid-Holland,28,Ziekenhuisopname,0,15
2020-10-22,501,Brielle,Zuid-Holland,28,Overleden,0,0
2020-10-22,502,Capelle aan den IJssel,Zuid-Holland,28,Totaal,60,1521
2020-10-22,502,Capelle aan den IJssel,Zuid-Holland,28,Ziekenhuisopname,1,67
2020-10-22,502,Capelle aan den IJssel,Zuid-Holland,28,Overleden,1,65
2020-10-22,503,Delft,Zuid-Holland,28,Totaal,106,2098
2020-10-22,503,Delft,Zuid-Holland,28,Ziekenhuisopname,0,44
2020-10-22,503,Delft,Zuid-Holland,28,Overleden,0,15
2020-10-22,505,Dordrecht,Zuid-Holland,28,Totaal,100,2192
2020-10-22,505,Dordrecht,Zuid-Holland,28,Ziekenhuisopname,0,97
2020-10-22,505,Dordrecht,Zuid-Holland,28,Overleden,1,76
2020-10-22,512,Gorinchem,Zuid-Holland,28,Totaal,27,592
2020-10-22,512,Gorinchem,Zuid-Holland,28,Ziekenhuisopname,0,19
2020-10-22,512,Gorinchem,Zuid-Holland,28,Overleden,0,16
2020-10-22,513,Gouda,Zuid-Holland,28,Totaal,51,1523
2020-10-22,513,Gouda,Zuid-Holland,28,Ziekenhuisopname,0,56
2020-10-22,513,Gouda,Zuid-Holland,28,Overleden,0,46
2020-10-22,518,'s-Gravenhage,Zuid-Holland,28,Totaal,446,13632
2020-10-22,518,'s-Gravenhage,Zuid-Holland,28,Ziekenhuisopname,3,533
2020-10-22,518,'s-Gravenhage,Zuid-Holland,28,Overleden,2,313
2020-10-22,523,Hardinxveld-Giessendam,Zuid-Holland,28,Totaal,10,228
2020-10-22,523,Hardinxveld-Giessendam,Zuid-Holland,28,Ziekenhuisopname,0,2
2020-10-22,523,Hardinxveld-Giessendam,Zuid-Holland,28,Overleden,0,2
2020-10-22,530,Hellevoetsluis,Zuid-Holland,28,Totaal,27,535
2020-10-22,530,Hellevoetsluis,Zuid-Holland,28,Ziekenhuisopname,0,21
2020-10-22,530,Hellevoetsluis,Zuid-Holland,28,Overleden,0,6
2020-10-22,531,Hendrik-Ido-Ambacht,Zuid-Holland,28,Totaal,29,568
2020-10-22,531,Hendrik-Ido-Ambacht,Zuid-Holland,28,Ziekenhuisopname,0,13
2020-10-22,531,Hendrik-Ido-Ambacht,Zuid-Holland,28,Overleden,0,6
2020-10-22,532,Stede Broec,Noord-Holland,27,Totaal,16,170
2020-10-22,532,Stede Broec,Noord-Holland,27,Ziekenhuisopname,0,19
2020-10-22,532,Stede Broec,Noord-Holland,27,Overleden,0,5
2020-10-22,534,Hillegom,Zuid-Holland,28,Totaal,8,305
2020-10-22,534,Hillegom,Zuid-Holland,28,Ziekenhuisopname,0,8
2020-10-22,534,Hillegom,Zuid-Holland,28,Overleden,0,2
2020-10-22,537,Katwijk,Zuid-Holland,28,Totaal,45,1201
2020-10-22,537,Katwijk,Zuid-Holland,28,Ziekenhuisopname,0,41
2020-10-22,537,Katwijk,Zuid-Holland,28,Overleden,0,17
2020-10-22,542,Krimpen aan den IJssel,Zuid-Holland,28,Totaal,25,627
2020-10-22,542,Krimpen aan den IJssel,Zuid-Holland,28,Ziekenhuisopname,1,18
2020-10-22,542,Krimpen aan den IJssel,Zuid-Holland,28,Overleden,1,10
2020-10-22,546,Leiden,Zuid-Holland,28,Totaal,63,2204
2020-10-22,546,Leiden,Zuid-Holland,28,Ziekenhuisopname,1,57
2020-10-22,546,Leiden,Zuid-Holland,28,Overleden,0,25
2020-10-22,547,Leiderdorp,Zuid-Holland,28,Totaal,23,419
2020-10-22,547,Leiderdorp,Zuid-Holland,28,Ziekenhuisopname,2,21
2020-10-22,547,Leiderdorp,Zuid-Holland,28,Overleden,0,7
2020-10-22,553,Lisse,Zuid-Holland,28,Totaal,9,251
2020-10-22,553,Lisse,Zuid-Holland,28,Ziekenhuisopname,1,11
2020-10-22,553,Lisse,Zuid-Holland,28,Overleden,0,3
2020-10-22,556,Maassluis,Zuid-Holland,28,Totaal,36,711
2020-10-22,556,Maassluis,Zuid-Holland,28,Ziekenhuisopname,3,27
2020-10-22,556,Maassluis,Zuid-Holland,28,Overleden,0,9
2020-10-22,569,Nieuwkoop,Zuid-Holland,28,Totaal,20,336
2020-10-22,569,Nieuwkoop,Zuid-Holland,28,Ziekenhuisopname,0,12
2020-10-22,569,Nieuwkoop,Zuid-Holland,28,Overleden,0,6
2020-10-22,575,Noordwijk,Zuid-Holland,28,Totaal,20,593
2020-10-22,575,Noordwijk,Zuid-Holland,28,Ziekenhuisopname,2,27
2020-10-22,575,Noordwijk,Zuid-Holland,28,Overleden,0,4
2020-10-22,579,Oegstgeest,Zuid-Holland,28,Totaal,15,345
2020-10-22,579,Oegstgeest,Zuid-Holland,28,Ziekenhuisopname,0,11
2020-10-22,579,Oegstgeest,Zuid-Holland,28,Overleden,0,3
2020-10-22,589,Oudewater,Utrecht,26,Totaal,11,176
2020-10-22,589,Oudewater,Utrecht,26,Ziekenhuisopname,1,28
2020-10-22,589,Oudewater,Utrecht,26,Overleden,0,10
2020-10-22,590,Papendrecht,Zuid-Holland,28,Totaal,34,427
2020-10-22,590,Papendrecht,Zuid-Holland,28,Ziekenhuisopname,0,9
2020-10-22,590,Papendrecht,Zuid-Holland,28,Overleden,0,9
2020-10-22,597,Ridderkerk,Zuid-Holland,28,Totaal,40,933
2020-10-22,597,Ridderkerk,Zuid-Holland,28,Ziekenhuisopname,1,43
2020-10-22,597,Ridderkerk,Zuid-Holland,28,Overleden,0,19
2020-10-22,599,Rotterdam,Zuid-Holland,28,Totaal,679,19050
2020-10-22,599,Rotterdam,Zuid-Holland,28,Ziekenhuisopname,9,770
2020-10-22,599,Rotterdam,Zuid-Holland,28,Overleden,4,407
2020-10-22,603,Rijswijk,Zuid-Holland,28,Totaal,48,1085
2020-10-22,603,Rijswijk,Zuid-Holland,28,Ziekenhuisopname,1,53
2020-10-22,603,Rijswijk,Zuid-Holland,28,Overleden,0,31
2020-10-22,606,Schiedam,Zuid-Holland,28,Totaal,78,1931
2020-10-22,606,Schiedam,Zuid-Holland,28,Ziekenhuisopname,2,72
2020-10-22,606,Schiedam,Zuid-Holland,28,Overleden,1,25
2020-10-22,610,Sliedrecht,Zuid-Holland,28,Totaal,18,314
2020-10-22,610,Sliedrecht,Zuid-Holland,28,Ziekenhuisopname,0,9
2020-10-22,610,Sliedrecht,Zuid-Holland,28,Overleden,0,5
2020-10-22,613,Albrandswaard,Zuid-Holland,28,Totaal,29,584
2020-10-22,613,Albrandswaard,Zuid-Holland,28,Ziekenhuisopname,0,17
2020-10-22,613,Albrandswaard,Zuid-Holland,28,Overleden,0,8
2020-10-22,614,Westvoorne,Zuid-Holland,28,Totaal,13,246
2020-10-22,614,Westvoorne,Zuid-Holland,28,Ziekenhuisopname,0,6
2020-10-22,614,Westvoorne,Zuid-Holland,28,Overleden,0,0
2020-10-22,622,Vlaardingen,Zuid-Holland,28,Totaal,80,1752
2020-10-22,622,Vlaardingen,Zuid-Holland,28,Ziekenhuisopname,2,55
2020-10-22,622,Vlaardingen,Zuid-Holland,28,Overleden,1,32
2020-10-22,626,Voorschoten,Zuid-Holland,28,Totaal,8,329
2020-10-22,626,Voorschoten,Zuid-Holland,28,Ziekenhuisopname,0,11
2020-10-22,626,Voorschoten,Zuid-Holland,28,Overleden,0,11
2020-10-22,627,Waddinxveen,Zuid-Holland,28,Totaal,17,487
2020-10-22,627,Waddinxveen,Zuid-Holland,28,Ziekenhuisopname,0,25
2020-10-22,627,Waddinxveen,Zuid-Holland,28,Overleden,0,7
2020-10-22,629,Wassenaar,Zuid-Holland,28,Totaal,19,391
2020-10-22,629,Wassenaar,Zuid-Holland,28,Ziekenhuisopname,0,10
2020-10-22,629,Wassenaar,Zuid-Holland,28,Overleden,0,13
2020-10-22,632,Woerden,Utrecht,26,Totaal,24,740
2020-10-22,632,Woerden,Utrecht,26,Ziekenhuisopname,0,61
2020-10-22,632,Woerden,Utrecht,26,Overleden,1,22
2020-10-22,637,Zoetermeer,Zuid-Holland,28,Totaal,80,2079
2020-10-22,637,Zoetermeer,Zuid-Holland,28,Ziekenhuisopname,0,65
2020-10-22,637,Zoetermeer,Zuid-Holland,28,Overleden,0,16
2020-10-22,638,Zoeterwoude,Zuid-Holland,28,Totaal,3,109
2020-10-22,638,Zoeterwoude,Zuid-Holland,28,Ziekenhuisopname,0,4
2020-10-22,638,Zoeterwoude,Zuid-Holland,28,Overleden,0,1
2020-10-22,642,Zwijndrecht,Zuid-Holland,28,Totaal,47,884
2020-10-22,642,Zwijndrecht,Zuid-Holland,28,Ziekenhuisopname,2,29
2020-10-22,642,Zwijndrecht,Zuid-Holland,28,Overleden,0,30
2020-10-22,654,Borsele,Zeeland,29,Totaal,5,120
2020-10-22,654,Borsele,Zeeland,29,Ziekenhuisopname,0,5
2020-10-22,654,Borsele,Zeeland,29,Overleden,0,1
2020-10-22,664,Goes,Zeeland,29,Totaal,2,331
2020-10-22,664,Goes,Zeeland,29,Ziekenhuisopname,0,13
2020-10-22,664,Goes,Zeeland,29,Overleden,0,13
2020-10-22,668,West Maas en Waal,Gelderland,25,Totaal,10,235
2020-10-22,668,West Maas en Waal,Gelderland,25,Ziekenhuisopname,0,23
2020-10-22,668,West Maas en Waal,Gelderland,25,Overleden,1,10
2020-10-22,677,Hulst,Zeeland,29,Totaal,1,184
2020-10-22,677,Hulst,Zeeland,29,Ziekenhuisopname,0,10
2020-10-22,677,Hulst,Zeeland,29,Overleden,0,5
2020-10-22,678,Kapelle,Zeeland,29,Totaal,3,73
2020-10-22,678,Kapelle,Zeeland,29,Ziekenhuisopname,0,3
2020-10-22,678,Kapelle,Zeeland,29,Overleden,0,1
2020-10-22,687,Middelburg,Zeeland,29,Totaal,1,263
2020-10-22,687,Middelburg,Zeeland,29,Ziekenhuisopname,0,19
2020-10-22,687,Middelburg,Zeeland,29,Overleden,0,10
2020-10-22,703,Reimerswaal,Zeeland,29,Totaal,3,165
2020-10-22,703,Reimerswaal,Zeeland,29,Ziekenhuisopname,0,6
2020-10-22,703,Reimerswaal,Zeeland,29,Overleden,0,2
2020-10-22,715,Terneuzen,Zeeland,29,Totaal,2,361
2020-10-22,715,Terneuzen,Zeeland,29,Ziekenhuisopname,0,25
2020-10-22,715,Terneuzen,Zeeland,29,Overleden,0,4
2020-10-22,716,Tholen,Zeeland,29,Totaal,11,323
2020-10-22,716,Tholen,Zeeland,29,Ziekenhuisopname,0,43
2020-10-22,716,Tholen,Zeeland,29,Overleden,0,18
2020-10-22,717,Veere,Zeeland,29,Totaal,3,105
2020-10-22,717,Veere,Zeeland,29,Ziekenhuisopname,0,8
2020-10-22,717,Veere,Zeeland,29,Overleden,0,2
2020-10-22,718,Vlissingen,Zeeland,29,Totaal,6,246
2020-10-22,718,Vlissingen,Zeeland,29,Ziekenhuisopname,0,9
2020-10-22,718,Vlissingen,Zeeland,29,Overleden,0,5
2020-10-22,736,De Ronde Venen,Utrecht,26,Totaal,29,683
2020-10-22,736,De Ronde Venen,Utrecht,26,Ziekenhuisopname,0,45
2020-10-22,736,De Ronde Venen,Utrecht,26,Overleden,0,14
2020-10-22,737,Tytsjerksteradiel,Friesland,21,Totaal,1,195
2020-10-22,737,Tytsjerksteradiel,Friesland,21,Ziekenhuisopname,0,7
2020-10-22,737,Tytsjerksteradiel,Friesland,21,Overleden,0,1
2020-10-22,743,Asten,Noord-Brabant,30,Totaal,12,207
2020-10-22,743,Asten,Noord-Brabant,30,Ziekenhuisopname,0,18
2020-10-22,743,Asten,Noord-Brabant,30,Overleden,0,12
2020-10-22,744,Baarle-Nassau,Noord-Brabant,30,Totaal,2,72
2020-10-22,744,Baarle-Nassau,Noord-Brabant,30,Ziekenhuisopname,0,9
2020-10-22,744,Baarle-Nassau,Noord-Brabant,30,Overleden,0,2
2020-10-22,748,Bergen op Zoom,Noord-Brabant,30,Totaal,35,1327
2020-10-22,748,Bergen op Zoom,Noord-Brabant,30,Ziekenhuisopname,0,42
2020-10-22,748,Bergen op Zoom,Noord-Brabant,30,Overleden,0,15
2020-10-22,753,Best,Noord-Brabant,30,Totaal,15,345
2020-10-22,753,Best,Noord-Brabant,30,Ziekenhuisopname,0,32
2020-10-22,753,Best,Noord-Brabant,30,Overleden,0,12
2020-10-22,755,Boekel,Noord-Brabant,30,Totaal,7,160
2020-10-22,755,Boekel,Noord-Brabant,30,Ziekenhuisopname,0,36
2020-10-22,755,Boekel,Noord-Brabant,30,Overleden,0,20
2020-10-22,756,Boxmeer,Noord-Brabant,30,Totaal,11,391
2020-10-22,756,Boxmeer,Noord-Brabant,30,Ziekenhuisopname,0,20
2020-10-22,756,Boxmeer,Noord-Brabant,30,Overleden,0,28
2020-10-22,757,Boxtel,Noord-Brabant,30,Totaal,13,359
2020-10-22,757,Boxtel,Noord-Brabant,30,Ziekenhuisopname,0,24
2020-10-22,757,Boxtel,Noord-Brabant,30,Overleden,0,26
2020-10-22,758,Breda,Noord-Brabant,30,Totaal,80,2792
2020-10-22,758,Breda,Noord-Brabant,30,Ziekenhuisopname,2,169
2020-10-22,758,Breda,Noord-Brabant,30,Overleden,0,73
2020-10-22,762,Deurne,Noord-Brabant,30,Totaal,23,533
2020-10-22,762,Deurne,Noord-Brabant,30,Ziekenhuisopname,0,58
2020-10-22,762,Deurne,Noord-Brabant,30,Overleden,0,26
2020-10-22,765,Pekela,Groningen,20,Totaal,3,56
2020-10-22,765,Pekela,Groningen,20,Ziekenhuisopname,0,5
2020-10-22,765,Pekela,Groningen,20,Overleden,0,0
2020-10-22,766,Dongen,Noord-Brabant,30,Totaal,12,332
2020-10-22,766,Dongen,Noord-Brabant,30,Ziekenhuisopname,1,24
2020-10-22,766,Dongen,Noord-Brabant,30,Overleden,0,13
2020-10-22,770,Eersel,Noord-Brabant,30,Totaal,9,371
2020-10-22,770,Eersel,Noord-Brabant,30,Ziekenhuisopname,0,28
2020-10-22,770,Eersel,Noord-Brabant,30,Overleden,0,10
2020-10-22,772,Eindhoven,Noord-Brabant,30,Totaal,111,3094
2020-10-22,772,Eindhoven,Noord-Brabant,30,Ziekenhuisopname,2,197
2020-10-22,772,Eindhoven,Noord-Brabant,30,Overleden,2,98
2020-10-22,777,Etten-Leur,Noord-Brabant,30,Totaal,24,713
2020-10-22,777,Etten-Leur,Noord-Brabant,30,Ziekenhuisopname,1,47
2020-10-22,777,Etten-Leur,Noord-Brabant,30,Overleden,0,30
2020-10-22,779,Geertruidenberg,Noord-Brabant,30,Totaal,5,234
2020-10-22,779,Geertruidenberg,Noord-Brabant,30,Ziekenhuisopname,0,13
2020-10-22,779,Geertruidenberg,Noord-Brabant,30,Overleden,0,6
2020-10-22,784,Gilze en Rijen,Noord-Brabant,30,Totaal,15,355
2020-10-22,784,Gilze en Rijen,Noord-Brabant,30,Ziekenhuisopname,0,21
2020-10-22,784,Gilze en Rijen,Noord-Brabant,30,Overleden,0,15
2020-10-22,785,Goirle,Noord-Brabant,30,Totaal,7,357
2020-10-22,785,Goirle,Noord-Brabant,30,Ziekenhuisopname,0,32
2020-10-22,785,Goirle,Noord-Brabant,30,Overleden,0,20
2020-10-22,786,Grave,Noord-Brabant,30,Totaal,8,208
2020-10-22,786,Grave,Noord-Brabant,30,Ziekenhuisopname,0,21
2020-10-22,786,Grave,Noord-Brabant,30,Overleden,0,11
2020-10-22,788,Haaren,Noord-Brabant,30,Totaal,11,185
2020-10-22,788,Haaren,Noord-Brabant,30,Ziekenhuisopname,1,20
2020-10-22,788,Haaren,Noord-Brabant,30,Overleden,0,8
2020-10-22,794,Helmond,Noord-Brabant,30,Totaal,74,1733
2020-10-22,794,Helmond,Noord-Brabant,30,Ziekenhuisopname,0,123
2020-10-22,794,Helmond,Noord-Brabant,30,Overleden,0,46
2020-10-22,796,'s-Hertogenbosch,Noord-Brabant,30,Totaal,62,2184
2020-10-22,796,'s-Hertogenbosch,Noord-Brabant,30,Ziekenhuisopname,3,144
2020-10-22,796,'s-Hertogenbosch,Noord-Brabant,30,Overleden,1,84
2020-10-22,797,Heusden,Noord-Brabant,30,Totaal,17,617
2020-10-22,797,Heusden,Noord-Brabant,30,Ziekenhuisopname,0,47
2020-10-22,797,Heusden,Noord-Brabant,30,Overleden,0,26
2020-10-22,798,Hilvarenbeek,Noord-Brabant,30,Totaal,6,220
2020-10-22,798,Hilvarenbeek,Noord-Brabant,30,Ziekenhuisopname,0,12
2020-10-22,798,Hilvarenbeek,Noord-Brabant,30,Overleden,0,8
2020-10-22,809,Loon op Zand,Noord-Brabant,30,Totaal,14,313
2020-10-22,809,Loon op Zand,Noord-Brabant,30,Ziekenhuisopname,0,29
2020-10-22,809,Loon op Zand,Noord-Brabant,30,Overleden,1,16
2020-10-22,815,Mill en Sint Hubert,Noord-Brabant,30,Totaal,4,186
2020-10-22,815,Mill en Sint Hubert,Noord-Brabant,30,Ziekenhuisopname,0,9
2020-10-22,815,Mill en Sint Hubert,Noord-Brabant,30,Overleden,0,5
2020-10-22,820,"Nuenen, Gerwen en Nederwetten",Noord-Brabant,30,Totaal,3,296
2020-10-22,820,"Nuenen, Gerwen en Nederwetten",Noord-Brabant,30,Ziekenhuisopname,0,19
2020-10-22,820,"Nuenen, Gerwen en Nederwetten",Noord-Brabant,30,Overleden,0,10
2020-10-22,823,Oirschot,Noord-Brabant,30,Totaal,8,319
2020-10-22,823,Oirschot,Noord-Brabant,30,Ziekenhuisopname,0,17
2020-10-22,823,Oirschot,Noord-Brabant,30,Overleden,0,9
2020-10-22,824,Oisterwijk,Noord-Brabant,30,Totaal,9,301
2020-10-22,824,Oisterwijk,Noord-Brabant,30,Ziekenhuisopname,1,27
2020-10-22,824,Oisterwijk,Noord-Brabant,30,Overleden,0,12
2020-10-22,826,Oosterhout,Noord-Brabant,30,Totaal,24,727
2020-10-22,826,Oosterhout,Noord-Brabant,30,Ziekenhuisopname,0,52
2020-10-22,826,Oosterhout,Noord-Brabant,30,Overleden,0,17
2020-10-22,828,Oss,Noord-Brabant,30,Totaal,54,1736
2020-10-22,828,Oss,Noord-Brabant,30,Ziekenhuisopname,1,174
2020-10-22,828,Oss,Noord-Brabant,30,Overleden,0,91
2020-10-22,840,Rucphen,Noord-Brabant,30,Totaal,7,384
2020-10-22,840,Rucphen,Noord-Brabant,30,Ziekenhuisopname,1,14
2020-10-22,840,Rucphen,Noord-Brabant,30,Overleden,0,10
2020-10-22,845,Sint-Michielsgestel,Noord-Brabant,30,Totaal,22,447
2020-10-22,845,Sint-Michielsgestel,Noord-Brabant,30,Ziekenhuisopname,0,37
2020-10-22,845,Sint-Michielsgestel,Noord-Brabant,30,Overleden,0,19
2020-10-22,847,Someren,Noord-Brabant,30,Totaal,10,218
2020-10-22,847,Someren,Noord-Brabant,30,Ziekenhuisopname,0,34
2020-10-22,847,Someren,Noord-Brabant,30,Overleden,0,8
2020-10-22,848,Son en Breugel,Noord-Brabant,30,Totaal,13,221
2020-10-22,848,Son en Breugel,Noord-Brabant,30,Ziekenhuisopname,0,31
2020-10-22,848,Son en Breugel,Noord-Brabant,30,Overleden,0,14
2020-10-22,851,Steenbergen,Noord-Brabant,30,Totaal,23,369
2020-10-22,851,Steenbergen,Noord-Brabant,30,Ziekenhuisopname,0,18
2020-10-22,851,Steenbergen,Noord-Brabant,30,Overleden,0,13
2020-10-22,852,Waterland,Noord-Holland,27,Totaal,4,280
2020-10-22,852,Waterland,Noord-Holland,27,Ziekenhuisopname,0,19
2020-10-22,852,Waterland,Noord-Holland,27,Overleden,0,5
2020-10-22,855,Tilburg,Noord-Brabant,30,Totaal,109,3313
2020-10-22,855,Tilburg,Noord-Brabant,30,Ziekenhuisopname,0,263
2020-10-22,855,Tilburg,Noord-Brabant,30,Overleden,0,172
2020-10-22,856,Uden,Noord-Brabant,30,Totaal,21,552
2020-10-22,856,Uden,Noord-Brabant,30,Ziekenhuisopname,0,115
2020-10-22,856,Uden,Noord-Brabant,30,Overleden,0,63
2020-10-22,858,Valkenswaard,Noord-Brabant,30,Totaal,18,514
2020-10-22,858,Valkenswaard,Noord-Brabant,30,Ziekenhuisopname,1,21
2020-10-22,858,Valkenswaard,Noord-Brabant,30,Overleden,0,37
2020-10-22,861,Veldhoven,Noord-Brabant,30,Totaal,24,666
2020-10-22,861,Veldhoven,Noord-Brabant,30,Ziekenhuisopname,0,34
2020-10-22,861,Veldhoven,Noord-Brabant,30,Overleden,0,18
2020-10-22,865,Vught,Noord-Brabant,30,Totaal,12,363
2020-10-22,865,Vught,Noord-Brabant,30,Ziekenhuisopname,0,43
2020-10-22,865,Vught,Noord-Brabant,30,Overleden,0,17
2020-10-22,866,Waalre,Noord-Brabant,30,Totaal,9,218
2020-10-22,866,Waalre,Noord-Brabant,30,Ziekenhuisopname,0,8
2020-10-22,866,Waalre,Noord-Brabant,30,Overleden,0,5
2020-10-22,867,Waalwijk,Noord-Brabant,30,Totaal,22,686
2020-10-22,867,Waalwijk,Noord-Brabant,30,Ziekenhuisopname,0,42
2020-10-22,867,Waalwijk,Noord-Brabant,30,Overleden,0,39
2020-10-22,873,Woensdrecht,Noord-Brabant,30,Totaal,9,310
2020-10-22,873,Woensdrecht,Noord-Brabant,30,Ziekenhuisopname,0,8
2020-10-22,873,Woensdrecht,Noord-Brabant,30,Overleden,0,9
2020-10-22,879,Zundert,Noord-Brabant,30,Totaal,6,335
2020-10-22,879,Zundert,Noord-Brabant,30,Ziekenhuisopname,0,24
2020-10-22,879,Zundert,Noord-Brabant,30,Overleden,0,11
2020-10-22,880,Wormerland,Noord-Holland,27,Totaal,0,228
2020-10-22,880,Wormerland,Noord-Holland,27,Ziekenhuisopname,0,21
2020-10-22,880,Wormerland,Noord-Holland,27,Overleden,2,12
2020-10-22,882,Landgraaf,Limburg,31,Totaal,7,269
2020-10-22,882,Landgraaf,Limburg,31,Ziekenhuisopname,0,53
2020-10-22,882,Landgraaf,Limburg,31,Overleden,0,14
2020-10-22,888,Beek,Limburg,31,Totaal,10,127
2020-10-22,888,Beek,Limburg,31,Ziekenhuisopname,0,17
2020-10-22,888,Beek,Limburg,31,Overleden,0,6
2020-10-22,889,Beesel,Limburg,31,Totaal,7,139
2020-10-22,889,Beesel,Limburg,31,Ziekenhuisopname,0,20
2020-10-22,889,Beesel,Limburg,31,Overleden,0,8
2020-10-22,893,Bergen (L.),Limburg,31,Totaal,9,125
2020-10-22,893,Bergen (L.),Limburg,31,Ziekenhuisopname,0,8
2020-10-22,893,Bergen (L.),Limburg,31,Overleden,0,2
2020-10-22,899,Brunssum,Limburg,31,Totaal,14,272
2020-10-22,899,Brunssum,Limburg,31,Ziekenhuisopname,0,49
2020-10-22,899,Brunssum,Limburg,31,Overleden,0,19
2020-10-22,907,Gennep,Limburg,31,Totaal,7,177
2020-10-22,907,Gennep,Limburg,31,Ziekenhuisopname,0,17
2020-10-22,907,Gennep,Limburg,31,Overleden,0,10
2020-10-22,917,Heerlen,Limburg,31,Totaal,28,772
2020-10-22,917,Heerlen,Limburg,31,Ziekenhuisopname,1,128
2020-10-22,917,Heerlen,Limburg,31,Overleden,0,54
2020-10-22,928,Kerkrade,Limburg,31,Totaal,14,429
2020-10-22,928,Kerkrade,Limburg,31,Ziekenhuisopname,0,66
2020-10-22,928,Kerkrade,Limburg,31,Overleden,0,36
2020-10-22,935,Maastricht,Limburg,31,Totaal,52,1664
2020-10-22,935,Maastricht,Limburg,31,Ziekenhuisopname,3,196
2020-10-22,935,Maastricht,Limburg,31,Overleden,0,140
2020-10-22,938,Meerssen,Limburg,31,Totaal,8,198
2020-10-22,938,Meerssen,Limburg,31,Ziekenhuisopname,0,23
2020-10-22,938,Meerssen,Limburg,31,Overleden,0,13
2020-10-22,944,Mook en Middelaar,Limburg,31,Totaal,2,131
2020-10-22,944,Mook en Middelaar,Limburg,31,Ziekenhuisopname,0,7
2020-10-22,944,Mook en Middelaar,Limburg,31,Overleden,0,5
2020-10-22,946,Nederweert,Limburg,31,Totaal,3,177
2020-10-22,946,Nederweert,Limburg,31,Ziekenhuisopname,0,33
2020-10-22,946,Nederweert,Limburg,31,Overleden,0,7
2020-10-22,957,Roermond,Limburg,31,Totaal,15,490
2020-10-22,957,Roermond,Limburg,31,Ziekenhuisopname,0,64
2020-10-22,957,Roermond,Limburg,31,Overleden,0,24
2020-10-22,965,Simpelveld,Limburg,31,Totaal,4,78
2020-10-22,965,Simpelveld,Limburg,31,Ziekenhuisopname,0,19
2020-10-22,965,Simpelveld,Limburg,31,Overleden,0,5
2020-10-22,971,Stein,Limburg,31,Totaal,6,213
2020-10-22,971,Stein,Limburg,31,Ziekenhuisopname,0,45
2020-10-22,971,Stein,Limburg,31,Overleden,0,15
2020-10-22,981,Vaals,Limburg,31,Totaal,2,58
2020-10-22,981,Vaals,Limburg,31,Ziekenhuisopname,0,10
2020-10-22,981,Vaals,Limburg,31,Overleden,0,2
2020-10-22,983,Venlo,Limburg,31,Totaal,48,1376
2020-10-22,983,Venlo,Limburg,31,Ziekenhuisopname,0,138
2020-10-22,983,Venlo,Limburg,31,Overleden,1,69
2020-10-22,984,Venray,Limburg,31,Totaal,26,585
2020-10-22,984,Venray,Limburg,31,Ziekenhuisopname,0,38
2020-10-22,984,Venray,Limburg,31,Overleden,0,19
2020-10-22,986,Voerendaal,Limburg,31,Totaal,3,92
2020-10-22,986,Voerendaal,Limburg,31,Ziekenhuisopname,0,17
2020-10-22,986,Voerendaal,Limburg,31,Overleden,0,8
2020-10-22,988,Weert,Limburg,31,Totaal,28,542
2020-10-22,988,Weert,Limburg,31,Ziekenhuisopname,0,69
2020-10-22,988,Weert,Limburg,31,Overleden,0,16
2020-10-22,994,Valkenburg aan de Geul,Limburg,31,Totaal,6,182
2020-10-22,994,Valkenburg aan de Geul,Limburg,31,Ziekenhuisopname,0,19
2020-10-22,994,Valkenburg aan de Geul,Limburg,31,Overleden,0,7
2020-10-22,995,Lelystad,Flevoland,24,Totaal,30,802
2020-10-22,995,Lelystad,Flevoland,24,Ziekenhuisopname,0,79
2020-10-22,995,Lelystad,Flevoland,24,Overleden,0,32
2020-10-22,1507,Horst aan de Maas,Limburg,31,Totaal,25,500
2020-10-22,1507,Horst aan de Maas,Limburg,31,Ziekenhuisopname,0,41
2020-10-22,1507,Horst aan de Maas,Limburg,31,Overleden,0,28
2020-10-22,1509,Oude IJsselstreek,Gelderland,25,Totaal,5,335
2020-10-22,1509,Oude IJsselstreek,Gelderland,25,Ziekenhuisopname,0,23
2020-10-22,1509,Oude IJsselstreek,Gelderland,25,Overleden,0,9
2020-10-22,1525,Teylingen,Zuid-Holland,28,Totaal,23,530
2020-10-22,1525,Teylingen,Zuid-Holland,28,Ziekenhuisopname,1,18
2020-10-22,1525,Teylingen,Zuid-Holland,28,Overleden,0,4
2020-10-22,1581,Utrechtse Heuvelrug,Utrecht,26,Totaal,33,740
2020-10-22,1581,Utrechtse Heuvelrug,Utrecht,26,Ziekenhuisopname,0,31
2020-10-22,1581,Utrechtse Heuvelrug,Utrecht,26,Overleden,1,16
2020-10-22,1586,Oost Gelre,Gelderland,25,Totaal,6,397
2020-10-22,1586,Oost Gelre,Gelderland,25,Ziekenhuisopname,0,20
2020-10-22,1586,Oost Gelre,Gelderland,25,Overleden,0,11
2020-10-22,1598,Koggenland,Noord-Holland,27,Totaal,15,215
2020-10-22,1598,Koggenland,Noord-Holland,27,Ziekenhuisopname,0,7
2020-10-22,1598,Koggenland,Noord-Holland,27,Overleden,1,8
2020-10-22,1621,Lansingerland,Zuid-Holland,28,Totaal,55,1256
2020-10-22,1621,Lansingerland,Zuid-Holland,28,Ziekenhuisopname,0,49
2020-10-22,1621,Lansingerland,Zuid-Holland,28,Overleden,0,32
2020-10-22,1640,Leudal,Limburg,31,Totaal,7,359
2020-10-22,1640,Leudal,Limburg,31,Ziekenhuisopname,0,54
2020-10-22,1640,Leudal,Limburg,31,Overleden,0,33
2020-10-22,1641,Maasgouw,Limburg,31,Totaal,3,209
2020-10-22,1641,Maasgouw,Limburg,31,Ziekenhuisopname,0,28
2020-10-22,1641,Maasgouw,Limburg,31,Overleden,0,15
2020-10-22,1652,Gemert-Bakel,Noord-Brabant,30,Totaal,13,444
2020-10-22,1652,Gemert-Bakel,Noord-Brabant,30,Ziekenhuisopname,0,79
2020-10-22,1652,Gemert-Bakel,Noord-Brabant,30,Overleden,0,32
2020-10-22,1655,Halderberge,Noord-Brabant,30,Totaal,19,446
2020-10-22,1655,Halderberge,Noord-Brabant,30,Ziekenhuisopname,0,23
2020-10-22,1655,Halderberge,Noord-Brabant,30,Overleden,0,10
2020-10-22,1658,Heeze-Leende,Noord-Brabant,30,Totaal,8,239
2020-10-22,1658,Heeze-Leende,Noord-Brabant,30,Ziekenhuisopname,0,17
2020-10-22,1658,Heeze-Leende,Noord-Brabant,30,Overleden,0,8
2020-10-22,1659,Laarbeek,Noord-Brabant,30,Totaal,13,321
2020-10-22,1659,Laarbeek,Noord-Brabant,30,Ziekenhuisopname,0,41
2020-10-22,1659,Laarbeek,Noord-Brabant,30,Overleden,0,26
2020-10-22,1667,Reusel-De Mierden,Noord-Brabant,30,Totaal,7,321
2020-10-22,1667,Reusel-De Mierden,Noord-Brabant,30,Ziekenhuisopname,1,15
2020-10-22,1667,Reusel-De Mierden,Noord-Brabant,30,Overleden,0,2
2020-10-22,1669,Roerdalen,Limburg,31,Totaal,6,118
2020-10-22,1669,Roerdalen,Limburg,31,Ziekenhuisopname,0,27
2020-10-22,1669,Roerdalen,Limburg,31,Overleden,0,8
2020-10-22,1674,Roosendaal,Noord-Brabant,30,Totaal,32,1240
2020-10-22,1674,Roosendaal,Noord-Brabant,30,Ziekenhuisopname,0,44
2020-10-22,1674,Roosendaal,Noord-Brabant,30,Overleden,0,26
2020-10-22,1676,Schouwen-Duiveland,Zeeland,29,Totaal,10,275
2020-10-22,1676,Schouwen-Duiveland,Zeeland,29,Ziekenhuisopname,0,12
2020-10-22,1676,Schouwen-Duiveland,Zeeland,29,Overleden,0,13
2020-10-22,1680,Aa en Hunze,Drenthe,22,Totaal,8,188
2020-10-22,1680,Aa en Hunze,Drenthe,22,Ziekenhuisopname,0,1
2020-10-22,1680,Aa en Hunze,Drenthe,22,Overleden,0,1
2020-10-22,1681,Borger-Odoorn,Drenthe,22,Totaal,10,218
2020-10-22,1681,Borger-Odoorn,Drenthe,22,Ziekenhuisopname,1,7
2020-10-22,1681,Borger-Odoorn,Drenthe,22,Overleden,1,5
2020-10-22,1684,Cuijk,Noord-Brabant,30,Totaal,18,311
2020-10-22,1684,Cuijk,Noord-Brabant,30,Ziekenhuisopname,0,13
2020-10-22,1684,Cuijk,Noord-Brabant,30,Overleden,0,10
2020-10-22,1685,Landerd,Noord-Brabant,30,Totaal,13,347
2020-10-22,1685,Landerd,Noord-Brabant,30,Ziekenhuisopname,0,42
2020-10-22,1685,Landerd,Noord-Brabant,30,Overleden,0,21
2020-10-22,1690,De Wolden,Drenthe,22,Totaal,8,186
2020-10-22,1690,De Wolden,Drenthe,22,Ziekenhuisopname,0,14
2020-10-22,1690,De Wolden,Drenthe,22,Overleden,0,5
2020-10-22,1695,Noord-Beveland,Zeeland,29,Totaal,2,48
2020-10-22,1695,Noord-Beveland,Zeeland,29,Ziekenhuisopname,0,1
2020-10-22,1695,Noord-Beveland,Zeeland,29,Overleden,0,0
2020-10-22,1696,Wijdemeren,Noord-Holland,27,Totaal,13,337
2020-10-22,1696,Wijdemeren,Noord-Holland,27,Ziekenhuisopname,1,11
2020-10-22,1696,Wijdemeren,Noord-Holland,27,Overleden,0,1
2020-10-22,1699,Noordenveld,Drenthe,22,Totaal,3,218
2020-10-22,1699,Noordenveld,Drenthe,22,Ziekenhuisopname,0,6
2020-10-22,1699,Noordenveld,Drenthe,22,Overleden,0,14
2020-10-22,1700,Twenterand,Overijssel,23,Totaal,7,263
2020-10-22,1700,Twenterand,Overijssel,23,Ziekenhuisopname,0,12
2020-10-22,1700,Twenterand,Overijssel,23,Overleden,0,2
2020-10-22,1701,Westerveld,Drenthe,22,Totaal,6,95
2020-10-22,1701,Westerveld,Drenthe,22,Ziekenhuisopname,0,9
2020-10-22,1701,Westerveld,Drenthe,22,Overleden,0,4
2020-10-22,1702,Sint Anthonis,Noord-Brabant,30,Totaal,8,178
2020-10-22,1702,Sint Anthonis,Noord-Brabant,30,Ziekenhuisopname,0,21
2020-10-22,1702,Sint Anthonis,Noord-Brabant,30,Overleden,0,11
2020-10-22,1705,Lingewaard,Gelderland,25,Totaal,30,595
2020-10-22,1705,Lingewaard,Gelderland,25,Ziekenhuisopname,0,37
2020-10-22,1705,Lingewaard,Gelderland,25,Overleden,0,11
2020-10-22,1706,Cranendonck,Noord-Brabant,30,Totaal,9,396
2020-10-22,1706,Cranendonck,Noord-Brabant,30,Ziekenhuisopname,0,63
2020-10-22,1706,Cranendonck,Noord-Brabant,30,Overleden,0,36
2020-10-22,1708,Steenwijkerland,Overijssel,23,Totaal,8,330
2020-10-22,1708,Steenwijkerland,Overijssel,23,Ziekenhuisopname,0,15
2020-10-22,1708,Steenwijkerland,Overijssel,23,Overleden,0,8
2020-10-22,1709,Moerdijk,Noord-Brabant,30,Totaal,19,487
2020-10-22,1709,Moerdijk,Noord-Brabant,30,Ziekenhuisopname,0,18
2020-10-22,1709,Moerdijk,Noord-Brabant,30,Overleden,1,10
2020-10-22,1711,Echt-Susteren,Limburg,31,Totaal,9,208
2020-10-22,1711,Echt-Susteren,Limburg,31,Ziekenhuisopname,2,43
2020-10-22,1711,Echt-Susteren,Limburg,31,Overleden,0,19
2020-10-22,1714,Sluis,Zeeland,29,Totaal,1,61
2020-10-22,1714,Sluis,Zeeland,29,Ziekenhuisopname,0,9
2020-10-22,1714,Sluis,Zeeland,29,Overleden,0,4
2020-10-22,1719,Drimmelen,Noord-Brabant,30,Totaal,17,295
2020-10-22,1719,Drimmelen,Noord-Brabant,30,Ziekenhuisopname,0,21
2020-10-22,1719,Drimmelen,Noord-Brabant,30,Overleden,0,9
2020-10-22,1721,Bernheze,Noord-Brabant,30,Totaal,14,584
2020-10-22,1721,Bernheze,Noord-Brabant,30,Ziekenhuisopname,0,96
2020-10-22,1721,Bernheze,Noord-Brabant,30,Overleden,0,65
2020-10-22,1723,Alphen-Chaam,Noord-Brabant,30,Totaal,5,140
2020-10-22,1723,Alphen-Chaam,Noord-Brabant,30,Ziekenhuisopname,0,18
2020-10-22,1723,Alphen-Chaam,Noord-Brabant,30,Overleden,0,5
2020-10-22,1724,Bergeijk,Noord-Brabant,30,Totaal,12,334
2020-10-22,1724,Bergeijk,Noord-Brabant,30,Ziekenhuisopname,0,19
2020-10-22,1724,Bergeijk,Noord-Brabant,30,Overleden,0,5
2020-10-22,1728,Bladel,Noord-Brabant,30,Totaal,9,572
2020-10-22,1728,Bladel,Noord-Brabant,30,Ziekenhuisopname,0,22
2020-10-22,1728,Bladel,Noord-Brabant,30,Overleden,0,9
2020-10-22,1729,Gulpen-Wittem,Limburg,31,Totaal,7,194
2020-10-22,1729,Gulpen-Wittem,Limburg,31,Ziekenhuisopname,0,23
2020-10-22,1729,Gulpen-Wittem,Limburg,31,Overleden,0,15
2020-10-22,1730,Tynaarlo,Drenthe,22,Totaal,7,233
2020-10-22,1730,Tynaarlo,Drenthe,22,Ziekenhuisopname,0,11
2020-10-22,1730,Tynaarlo,Drenthe,22,Overleden,0,0
2020-10-22,1731,Midden-Drenthe,Drenthe,22,Totaal,11,214
2020-10-22,1731,Midden-Drenthe,Drenthe,22,Ziekenhuisopname,0,6
2020-10-22,1731,Midden-Drenthe,Drenthe,22,Overleden,0,0
2020-10-22,1734,Overbetuwe,Gelderland,25,Totaal,23,552
2020-10-22,1734,Overbetuwe,Gelderland,25,Ziekenhuisopname,1,60
2020-10-22,1734,Overbetuwe,Gelderland,25,Overleden,0,16
2020-10-22,1735,Hof van Twente,Overijssel,23,Totaal,12,394
2020-10-22,1735,Hof van Twente,Overijssel,23,Ziekenhuisopname,0,18
2020-10-22,1735,Hof van Twente,Overijssel,23,Overleden,0,6
2020-10-22,1740,Neder-Betuwe,Gelderland,25,Totaal,8,362
2020-10-22,1740,Neder-Betuwe,Gelderland,25,Ziekenhuisopname,0,42
2020-10-22,1740,Neder-Betuwe,Gelderland,25,Overleden,0,22
2020-10-22,1742,Rijssen-Holten,Overijssel,23,Totaal,18,443
2020-10-22,1742,Rijssen-Holten,Overijssel,23,Ziekenhuisopname,1,30
2020-10-22,1742,Rijssen-Holten,Overijssel,23,Overleden,0,26
2020-10-22,1771,Geldrop-Mierlo,Noord-Brabant,30,Totaal,21,459
2020-10-22,1771,Geldrop-Mierlo,Noord-Brabant,30,Ziekenhuisopname,0,34
2020-10-22,1771,Geldrop-Mierlo,Noord-Brabant,30,Overleden,0,16
2020-10-22,1773,Olst-Wijhe,Overijssel,23,Totaal,1,165
2020-10-22,1773,Olst-Wijhe,Overijssel,23,Ziekenhuisopname,0,12
2020-10-22,1773,Olst-Wijhe,Overijssel,23,Overleden,0,8
2020-10-22,1774,Dinkelland,Overijssel,23,Totaal,21,409
2020-10-22,1774,Dinkelland,Overijssel,23,Ziekenhuisopname,0,21
2020-10-22,1774,Dinkelland,Overijssel,23,Overleden,0,10
2020-10-22,1783,Westland,Zuid-Holland,28,Totaal,87,1855
2020-10-22,1783,Westland,Zuid-Holland,28,Ziekenhuisopname,0,69
2020-10-22,1783,Westland,Zuid-Holland,28,Overleden,0,30
2020-10-22,1842,Midden-Delfland,Zuid-Holland,28,Totaal,22,302
2020-10-22,1842,Midden-Delfland,Zuid-Holland,28,Ziekenhuisopname,0,5
2020-10-22,1842,Midden-Delfland,Zuid-Holland,28,Overleden,0,0
2020-10-22,1859,Berkelland,Gelderland,25,Totaal,22,467
2020-10-22,1859,Berkelland,Gelderland,25,Ziekenhuisopname,0,18
2020-10-22,1859,Berkelland,Gelderland,25,Overleden,0,9
2020-10-22,1876,Bronckhorst,Gelderland,25,Totaal,16,405
2020-10-22,1876,Bronckhorst,Gelderland,25,Ziekenhuisopname,0,18
2020-10-22,1876,Bronckhorst,Gelderland,25,Overleden,0,7
2020-10-22,1883,Sittard-Geleen,Limburg,31,Totaal,22,829
2020-10-22,1883,Sittard-Geleen,Limburg,31,Ziekenhuisopname,0,123
2020-10-22,1883,Sittard-Geleen,Limburg,31,Overleden,0,65
2020-10-22,1884,Kaag en Braassem,Zuid-Holland,28,Totaal,18,341
2020-10-22,1884,Kaag en Braassem,Zuid-Holland,28,Ziekenhuisopname,0,8
2020-10-22,1884,Kaag en Braassem,Zuid-Holland,28,Overleden,0,3
2020-10-22,1891,Dantumadiel,Friesland,21,Totaal,0,107
2020-10-22,1891,Dantumadiel,Friesland,21,Ziekenhuisopname,0,2
2020-10-22,1891,Dantumadiel,Friesland,21,Overleden,0,0
2020-10-22,1892,Zuidplas,Zuid-Holland,28,Totaal,19,882
2020-10-22,1892,Zuidplas,Zuid-Holland,28,Ziekenhuisopname,0,31
2020-10-22,1892,Zuidplas,Zuid-Holland,28,Overleden,0,23
2020-10-22,1894,Peel en Maas,Limburg,31,Totaal,17,632
2020-10-22,1894,Peel en Maas,Limburg,31,Ziekenhuisopname,0,145
2020-10-22,1894,Peel en Maas,Limburg,31,Overleden,0,65
2020-10-22,1895,Oldambt,Groningen,20,Totaal,6,186
2020-10-22,1895,Oldambt,Groningen,20,Ziekenhuisopname,0,10
2020-10-22,1895,Oldambt,Groningen,20,Overleden,0,4
2020-10-22,1896,Zwartewaterland,Overijssel,23,Totaal,7,296
2020-10-22,1896,Zwartewaterland,Overijssel,23,Ziekenhuisopname,0,35
2020-10-22,1896,Zwartewaterland,Overijssel,23,Overleden,0,22
2020-10-22,1900,Sdwest-Frysln,Friesland,21,Totaal,23,688
2020-10-22,1900,Sdwest-Frysln,Friesland,21,Ziekenhuisopname,0,21
2020-10-22,1900,Sdwest-Frysln,Friesland,21,Overleden,0,6
2020-10-22,1901,Bodegraven-Reeuwijk,Zuid-Holland,28,Totaal,21,518
2020-10-22,1901,Bodegraven-Reeuwijk,Zuid-Holland,28,Ziekenhuisopname,0,11
2020-10-22,1901,Bodegraven-Reeuwijk,Zuid-Holland,28,Overleden,0,9
2020-10-22,1903,Eijsden-Margraten,Limburg,31,Totaal,13,347
2020-10-22,1903,Eijsden-Margraten,Limburg,31,Ziekenhuisopname,1,57
2020-10-22,1903,Eijsden-Margraten,Limburg,31,Overleden,0,27
2020-10-22,1904,Stichtse Vecht,Utrecht,26,Totaal,51,963
2020-10-22,1904,Stichtse Vecht,Utrecht,26,Ziekenhuisopname,0,46
2020-10-22,1904,Stichtse Vecht,Utrecht,26,Overleden,0,14
2020-10-22,1911,Hollands Kroon,Noord-Holland,27,Totaal,14,305
2020-10-22,1911,Hollands Kroon,Noord-Holland,27,Ziekenhuisopname,0,26
2020-10-22,1911,Hollands Kroon,Noord-Holland,27,Overleden,0,6
2020-10-22,1916,Leidschendam-Voorburg,Zuid-Holland,28,Totaal,51,1251
2020-10-22,1916,Leidschendam-Voorburg,Zuid-Holland,28,Ziekenhuisopname,0,36
2020-10-22,1916,Leidschendam-Voorburg,Zuid-Holland,28,Overleden,0,28
2020-10-22,1924,Goeree-Overflakkee,Zuid-Holland,28,Totaal,21,726
2020-10-22,1924,Goeree-Overflakkee,Zuid-Holland,28,Ziekenhuisopname,0,57
2020-10-22,1924,Goeree-Overflakkee,Zuid-Holland,28,Overleden,0,35
2020-10-22,1926,Pijnacker-Nootdorp,Zuid-Holland,28,Totaal,44,990
2020-10-22,1926,Pijnacker-Nootdorp,Zuid-Holland,28,Ziekenhuisopname,0,30
2020-10-22,1926,Pijnacker-Nootdorp,Zuid-Holland,28,Overleden,0,18
2020-10-22,1930,Nissewaard,Zuid-Holland,28,Totaal,85,1438
2020-10-22,1930,Nissewaard,Zuid-Holland,28,Ziekenhuisopname,0,68
2020-10-22,1930,Nissewaard,Zuid-Holland,28,Overleden,0,23
2020-10-22,1931,Krimpenerwaard,Zuid-Holland,28,Totaal,34,1009
2020-10-22,1931,Krimpenerwaard,Zuid-Holland,28,Ziekenhuisopname,0,52
2020-10-22,1931,Krimpenerwaard,Zuid-Holland,28,Overleden,1,37
2020-10-22,1940,De Fryske Marren,Friesland,21,Totaal,17,394
2020-10-22,1940,De Fryske Marren,Friesland,21,Ziekenhuisopname,0,22
2020-10-22,1940,De Fryske Marren,Friesland,21,Overleden,0,7
2020-10-22,1942,Gooise Meren,Noord-Holland,27,Totaal,36,857
2020-10-22,1942,Gooise Meren,Noord-Holland,27,Ziekenhuisopname,0,27
2020-10-22,1942,Gooise Meren,Noord-Holland,27,Overleden,0,15
2020-10-22,1945,Berg en Dal,Gelderland,25,Totaal,21,607
2020-10-22,1945,Berg en Dal,Gelderland,25,Ziekenhuisopname,1,36
2020-10-22,1945,Berg en Dal,Gelderland,25,Overleden,1,22
2020-10-22,1948,Meierijstad,Noord-Brabant,30,Totaal,36,1257
2020-10-22,1948,Meierijstad,Noord-Brabant,30,Ziekenhuisopname,0,212
2020-10-22,1948,Meierijstad,Noord-Brabant,30,Overleden,0,134
2020-10-22,1949,Waadhoeke,Friesland,21,Totaal,10,352
2020-10-22,1949,Waadhoeke,Friesland,21,Ziekenhuisopname,1,14
2020-10-22,1949,Waadhoeke,Friesland,21,Overleden,0,16
2020-10-22,1950,Westerwolde,Groningen,20,Totaal,5,151
2020-10-22,1950,Westerwolde,Groningen,20,Ziekenhuisopname,0,11
2020-10-22,1950,Westerwolde,Groningen,20,Overleden,0,1
2020-10-22,1952,Midden-Groningen,Groningen,20,Totaal,11,309
2020-10-22,1952,Midden-Groningen,Groningen,20,Ziekenhuisopname,0,9
2020-10-22,1952,Midden-Groningen,Groningen,20,Overleden,0,5
2020-10-22,1954,Beekdaelen,Limburg,31,Totaal,11,336
2020-10-22,1954,Beekdaelen,Limburg,31,Ziekenhuisopname,0,52
2020-10-22,1954,Beekdaelen,Limburg,31,Overleden,0,25
2020-10-22,1955,Montferland,Gelderland,25,Totaal,14,337
2020-10-22,1955,Montferland,Gelderland,25,Ziekenhuisopname,0,24
2020-10-22,1955,Montferland,Gelderland,25,Overleden,0,9
2020-10-22,1959,Altena,Noord-Brabant,30,Totaal,13,693
2020-10-22,1959,Altena,Noord-Brabant,30,Ziekenhuisopname,0,38
2020-10-22,1959,Altena,Noord-Brabant,30,Overleden,0,12
2020-10-22,1960,West Betuwe,Gelderland,25,Totaal,25,633
2020-10-22,1960,West Betuwe,Gelderland,25,Ziekenhuisopname,0,49
2020-10-22,1960,West Betuwe,Gelderland,25,Overleden,0,30
2020-10-22,1961,Vijfheerenlanden,Utrecht,26,Totaal,29,979
2020-10-22,1961,Vijfheerenlanden,Utrecht,26,Ziekenhuisopname,0,44
2020-10-22,1961,Vijfheerenlanden,Utrecht,26,Overleden,0,43
2020-10-22,1963,Hoeksche Waard,Zuid-Holland,28,Totaal,67,1489
2020-10-22,1963,Hoeksche Waard,Zuid-Holland,28,Ziekenhuisopname,0,82
2020-10-22,1963,Hoeksche Waard,Zuid-Holland,28,Overleden,2,25
2020-10-22,1966,Het Hogeland,Groningen,20,Totaal,9,311
2020-10-22,1966,Het Hogeland,Groningen,20,Ziekenhuisopname,0,7
2020-10-22,1966,Het Hogeland,Groningen,20,Overleden,0,4
2020-10-22,1969,Westerkwartier,Groningen,20,Totaal,6,354
2020-10-22,1969,Westerkwartier,Groningen,20,Ziekenhuisopname,0,19
2020-10-22,1969,Westerkwartier,Groningen,20,Overleden,0,4
2020-10-22,1970,Noardeast-Frysln,Friesland,21,Totaal,9,223
2020-10-22,1970,Noardeast-Frysln,Friesland,21,Ziekenhuisopname,0,7
2020-10-22,1970,Noardeast-Frysln,Friesland,21,Overleden,0,4
2020-10-22,1978,Molenlanden,Zuid-Holland,28,Totaal,30,544
2020-10-22,1978,Molenlanden,Zuid-Holland,28,Ziekenhuisopname,0,20
2020-10-22,1978,Molenlanden,Zuid-Holland,28,Overleden,1,10
