Datum,Gemeentecode,Gemeentenaam,Provincienaam,Provinciecode,Type,Aantal,AantalCumulatief
2020-10-11,-1,,,-1,Totaal,41,1429
2020-10-11,-1,,,-1,Ziekenhuisopname,1,80
2020-10-11,-1,,,-1,Overleden,0,18
2020-10-11,3,Appingedam,Groningen,20,Totaal,0,28
2020-10-11,3,Appingedam,Groningen,20,Ziekenhuisopname,0,5
2020-10-11,3,Appingedam,Groningen,20,Overleden,0,0
2020-10-11,10,Delfzijl,Groningen,20,Totaal,2,81
2020-10-11,10,Delfzijl,Groningen,20,Ziekenhuisopname,0,6
2020-10-11,10,Delfzijl,Groningen,20,Overleden,0,0
2020-10-11,14,Groningen,Groningen,20,Totaal,94,2049
2020-10-11,14,Groningen,Groningen,20,Ziekenhuisopname,1,23
2020-10-11,14,Groningen,Groningen,20,Overleden,0,3
2020-10-11,24,Loppersum,Groningen,20,Totaal,1,21
2020-10-11,24,Loppersum,Groningen,20,Ziekenhuisopname,0,0
2020-10-11,24,Loppersum,Groningen,20,Overleden,0,0
2020-10-11,34,Almere,Flevoland,24,Totaal,64,1922
2020-10-11,34,Almere,Flevoland,24,Ziekenhuisopname,1,144
2020-10-11,34,Almere,Flevoland,24,Overleden,0,37
2020-10-11,37,Stadskanaal,Groningen,20,Totaal,6,96
2020-10-11,37,Stadskanaal,Groningen,20,Ziekenhuisopname,0,2
2020-10-11,37,Stadskanaal,Groningen,20,Overleden,0,2
2020-10-11,47,Veendam,Groningen,20,Totaal,3,85
2020-10-11,47,Veendam,Groningen,20,Ziekenhuisopname,0,2
2020-10-11,47,Veendam,Groningen,20,Overleden,0,1
2020-10-11,50,Zeewolde,Flevoland,24,Totaal,6,137
2020-10-11,50,Zeewolde,Flevoland,24,Ziekenhuisopname,0,12
2020-10-11,50,Zeewolde,Flevoland,24,Overleden,0,6
2020-10-11,59,Achtkarspelen,Friesland,21,Totaal,7,83
2020-10-11,59,Achtkarspelen,Friesland,21,Ziekenhuisopname,0,0
2020-10-11,59,Achtkarspelen,Friesland,21,Overleden,0,0
2020-10-11,60,Ameland,Friesland,21,Totaal,2,17
2020-10-11,60,Ameland,Friesland,21,Ziekenhuisopname,0,0
2020-10-11,60,Ameland,Friesland,21,Overleden,0,0
2020-10-11,72,Harlingen,Friesland,21,Totaal,4,43
2020-10-11,72,Harlingen,Friesland,21,Ziekenhuisopname,0,4
2020-10-11,72,Harlingen,Friesland,21,Overleden,0,1
2020-10-11,74,Heerenveen,Friesland,21,Totaal,13,228
2020-10-11,74,Heerenveen,Friesland,21,Ziekenhuisopname,0,14
2020-10-11,74,Heerenveen,Friesland,21,Overleden,0,22
2020-10-11,80,Leeuwarden,Friesland,21,Totaal,52,822
2020-10-11,80,Leeuwarden,Friesland,21,Ziekenhuisopname,0,42
2020-10-11,80,Leeuwarden,Friesland,21,Overleden,0,6
2020-10-11,85,Ooststellingwerf,Friesland,21,Totaal,6,49
2020-10-11,85,Ooststellingwerf,Friesland,21,Ziekenhuisopname,0,3
2020-10-11,85,Ooststellingwerf,Friesland,21,Overleden,0,1
2020-10-11,86,Opsterland,Friesland,21,Totaal,5,81
2020-10-11,86,Opsterland,Friesland,21,Ziekenhuisopname,0,8
2020-10-11,86,Opsterland,Friesland,21,Overleden,0,0
2020-10-11,88,Schiermonnikoog,Friesland,21,Totaal,0,0
2020-10-11,88,Schiermonnikoog,Friesland,21,Ziekenhuisopname,0,0
2020-10-11,88,Schiermonnikoog,Friesland,21,Overleden,0,0
2020-10-11,90,Smallingerland,Friesland,21,Totaal,11,160
2020-10-11,90,Smallingerland,Friesland,21,Ziekenhuisopname,0,9
2020-10-11,90,Smallingerland,Friesland,21,Overleden,0,6
2020-10-11,93,Terschelling,Friesland,21,Totaal,4,21
2020-10-11,93,Terschelling,Friesland,21,Ziekenhuisopname,0,0
2020-10-11,93,Terschelling,Friesland,21,Overleden,0,0
2020-10-11,96,Vlieland,Friesland,21,Totaal,0,9
2020-10-11,96,Vlieland,Friesland,21,Ziekenhuisopname,0,0
2020-10-11,96,Vlieland,Friesland,21,Overleden,0,0
2020-10-11,98,Weststellingwerf,Friesland,21,Totaal,4,85
2020-10-11,98,Weststellingwerf,Friesland,21,Ziekenhuisopname,0,3
2020-10-11,98,Weststellingwerf,Friesland,21,Overleden,0,4
2020-10-11,106,Assen,Drenthe,22,Totaal,25,236
2020-10-11,106,Assen,Drenthe,22,Ziekenhuisopname,0,12
2020-10-11,106,Assen,Drenthe,22,Overleden,0,2
2020-10-11,109,Coevorden,Drenthe,22,Totaal,13,151
2020-10-11,109,Coevorden,Drenthe,22,Ziekenhuisopname,0,14
2020-10-11,109,Coevorden,Drenthe,22,Overleden,0,2
2020-10-11,114,Emmen,Drenthe,22,Totaal,52,690
2020-10-11,114,Emmen,Drenthe,22,Ziekenhuisopname,1,35
2020-10-11,114,Emmen,Drenthe,22,Overleden,0,17
2020-10-11,118,Hoogeveen,Drenthe,22,Totaal,36,226
2020-10-11,118,Hoogeveen,Drenthe,22,Ziekenhuisopname,2,24
2020-10-11,118,Hoogeveen,Drenthe,22,Overleden,0,8
2020-10-11,119,Meppel,Drenthe,22,Totaal,9,143
2020-10-11,119,Meppel,Drenthe,22,Ziekenhuisopname,0,11
2020-10-11,119,Meppel,Drenthe,22,Overleden,0,5
2020-10-11,141,Almelo,Overijssel,23,Totaal,29,434
2020-10-11,141,Almelo,Overijssel,23,Ziekenhuisopname,0,29
2020-10-11,141,Almelo,Overijssel,23,Overleden,0,11
2020-10-11,147,Borne,Overijssel,23,Totaal,15,138
2020-10-11,147,Borne,Overijssel,23,Ziekenhuisopname,0,14
2020-10-11,147,Borne,Overijssel,23,Overleden,0,6
2020-10-11,148,Dalfsen,Overijssel,23,Totaal,6,219
2020-10-11,148,Dalfsen,Overijssel,23,Ziekenhuisopname,0,16
2020-10-11,148,Dalfsen,Overijssel,23,Overleden,0,7
2020-10-11,150,Deventer,Overijssel,23,Totaal,18,767
2020-10-11,150,Deventer,Overijssel,23,Ziekenhuisopname,0,49
2020-10-11,150,Deventer,Overijssel,23,Overleden,0,37
2020-10-11,153,Enschede,Overijssel,23,Totaal,44,892
2020-10-11,153,Enschede,Overijssel,23,Ziekenhuisopname,0,60
2020-10-11,153,Enschede,Overijssel,23,Overleden,0,26
2020-10-11,158,Haaksbergen,Overijssel,23,Totaal,5,276
2020-10-11,158,Haaksbergen,Overijssel,23,Ziekenhuisopname,0,15
2020-10-11,158,Haaksbergen,Overijssel,23,Overleden,0,8
2020-10-11,160,Hardenberg,Overijssel,23,Totaal,9,277
2020-10-11,160,Hardenberg,Overijssel,23,Ziekenhuisopname,0,23
2020-10-11,160,Hardenberg,Overijssel,23,Overleden,0,10
2020-10-11,163,Hellendoorn,Overijssel,23,Totaal,9,153
2020-10-11,163,Hellendoorn,Overijssel,23,Ziekenhuisopname,1,9
2020-10-11,163,Hellendoorn,Overijssel,23,Overleden,1,13
2020-10-11,164,Hengelo,Overijssel,23,Totaal,45,602
2020-10-11,164,Hengelo,Overijssel,23,Ziekenhuisopname,1,33
2020-10-11,164,Hengelo,Overijssel,23,Overleden,1,22
2020-10-11,166,Kampen,Overijssel,23,Totaal,7,497
2020-10-11,166,Kampen,Overijssel,23,Ziekenhuisopname,0,60
2020-10-11,166,Kampen,Overijssel,23,Overleden,0,37
2020-10-11,168,Losser,Overijssel,23,Totaal,11,151
2020-10-11,168,Losser,Overijssel,23,Ziekenhuisopname,0,11
2020-10-11,168,Losser,Overijssel,23,Overleden,0,0
2020-10-11,171,Noordoostpolder,Flevoland,24,Totaal,9,199
2020-10-11,171,Noordoostpolder,Flevoland,24,Ziekenhuisopname,0,17
2020-10-11,171,Noordoostpolder,Flevoland,24,Overleden,0,10
2020-10-11,173,Oldenzaal,Overijssel,23,Totaal,19,242
2020-10-11,173,Oldenzaal,Overijssel,23,Ziekenhuisopname,0,15
2020-10-11,173,Oldenzaal,Overijssel,23,Overleden,0,7
2020-10-11,175,Ommen,Overijssel,23,Totaal,1,119
2020-10-11,175,Ommen,Overijssel,23,Ziekenhuisopname,0,9
2020-10-11,175,Ommen,Overijssel,23,Overleden,0,4
2020-10-11,177,Raalte,Overijssel,23,Totaal,7,294
2020-10-11,177,Raalte,Overijssel,23,Ziekenhuisopname,0,24
2020-10-11,177,Raalte,Overijssel,23,Overleden,0,21
2020-10-11,180,Staphorst,Overijssel,23,Totaal,3,129
2020-10-11,180,Staphorst,Overijssel,23,Ziekenhuisopname,0,8
2020-10-11,180,Staphorst,Overijssel,23,Overleden,0,4
2020-10-11,183,Tubbergen,Overijssel,23,Totaal,17,227
2020-10-11,183,Tubbergen,Overijssel,23,Ziekenhuisopname,0,12
2020-10-11,183,Tubbergen,Overijssel,23,Overleden,0,5
2020-10-11,184,Urk,Flevoland,24,Totaal,0,103
2020-10-11,184,Urk,Flevoland,24,Ziekenhuisopname,0,23
2020-10-11,184,Urk,Flevoland,24,Overleden,0,4
2020-10-11,189,Wierden,Overijssel,23,Totaal,10,154
2020-10-11,189,Wierden,Overijssel,23,Ziekenhuisopname,0,7
2020-10-11,189,Wierden,Overijssel,23,Overleden,0,6
2020-10-11,193,Zwolle,Overijssel,23,Totaal,21,793
2020-10-11,193,Zwolle,Overijssel,23,Ziekenhuisopname,0,53
2020-10-11,193,Zwolle,Overijssel,23,Overleden,0,49
2020-10-11,197,Aalten,Gelderland,25,Totaal,10,166
2020-10-11,197,Aalten,Gelderland,25,Ziekenhuisopname,0,11
2020-10-11,197,Aalten,Gelderland,25,Overleden,0,7
2020-10-11,200,Apeldoorn,Gelderland,25,Totaal,32,1070
2020-10-11,200,Apeldoorn,Gelderland,25,Ziekenhuisopname,0,106
2020-10-11,200,Apeldoorn,Gelderland,25,Overleden,0,52
2020-10-11,202,Arnhem,Gelderland,25,Totaal,45,1211
2020-10-11,202,Arnhem,Gelderland,25,Ziekenhuisopname,1,76
2020-10-11,202,Arnhem,Gelderland,25,Overleden,0,34
2020-10-11,203,Barneveld,Gelderland,25,Totaal,22,359
2020-10-11,203,Barneveld,Gelderland,25,Ziekenhuisopname,1,20
2020-10-11,203,Barneveld,Gelderland,25,Overleden,1,9
2020-10-11,209,Beuningen,Gelderland,25,Totaal,6,243
2020-10-11,209,Beuningen,Gelderland,25,Ziekenhuisopname,0,20
2020-10-11,209,Beuningen,Gelderland,25,Overleden,0,5
2020-10-11,213,Brummen,Gelderland,25,Totaal,2,109
2020-10-11,213,Brummen,Gelderland,25,Ziekenhuisopname,0,18
2020-10-11,213,Brummen,Gelderland,25,Overleden,0,6
2020-10-11,214,Buren,Gelderland,25,Totaal,12,160
2020-10-11,214,Buren,Gelderland,25,Ziekenhuisopname,0,19
2020-10-11,214,Buren,Gelderland,25,Overleden,0,8
2020-10-11,216,Culemborg,Gelderland,25,Totaal,12,279
2020-10-11,216,Culemborg,Gelderland,25,Ziekenhuisopname,0,24
2020-10-11,216,Culemborg,Gelderland,25,Overleden,0,8
2020-10-11,221,Doesburg,Gelderland,25,Totaal,9,99
2020-10-11,221,Doesburg,Gelderland,25,Ziekenhuisopname,0,10
2020-10-11,221,Doesburg,Gelderland,25,Overleden,0,6
2020-10-11,222,Doetinchem,Gelderland,25,Totaal,20,368
2020-10-11,222,Doetinchem,Gelderland,25,Ziekenhuisopname,0,27
2020-10-11,222,Doetinchem,Gelderland,25,Overleden,0,15
2020-10-11,225,Druten,Gelderland,25,Totaal,5,168
2020-10-11,225,Druten,Gelderland,25,Ziekenhuisopname,0,25
2020-10-11,225,Druten,Gelderland,25,Overleden,0,8
2020-10-11,226,Duiven,Gelderland,25,Totaal,8,191
2020-10-11,226,Duiven,Gelderland,25,Ziekenhuisopname,0,15
2020-10-11,226,Duiven,Gelderland,25,Overleden,0,6
2020-10-11,228,Ede,Gelderland,25,Totaal,33,930
2020-10-11,228,Ede,Gelderland,25,Ziekenhuisopname,1,63
2020-10-11,228,Ede,Gelderland,25,Overleden,0,25
2020-10-11,230,Elburg,Gelderland,25,Totaal,5,202
2020-10-11,230,Elburg,Gelderland,25,Ziekenhuisopname,0,28
2020-10-11,230,Elburg,Gelderland,25,Overleden,0,8
2020-10-11,232,Epe,Gelderland,25,Totaal,4,222
2020-10-11,232,Epe,Gelderland,25,Ziekenhuisopname,0,50
2020-10-11,232,Epe,Gelderland,25,Overleden,0,23
2020-10-11,233,Ermelo,Gelderland,25,Totaal,6,239
2020-10-11,233,Ermelo,Gelderland,25,Ziekenhuisopname,0,33
2020-10-11,233,Ermelo,Gelderland,25,Overleden,0,23
2020-10-11,243,Harderwijk,Gelderland,25,Totaal,22,431
2020-10-11,243,Harderwijk,Gelderland,25,Ziekenhuisopname,0,44
2020-10-11,243,Harderwijk,Gelderland,25,Overleden,0,20
2020-10-11,244,Hattem,Gelderland,25,Totaal,7,88
2020-10-11,244,Hattem,Gelderland,25,Ziekenhuisopname,0,18
2020-10-11,244,Hattem,Gelderland,25,Overleden,0,5
2020-10-11,246,Heerde,Gelderland,25,Totaal,2,256
2020-10-11,246,Heerde,Gelderland,25,Ziekenhuisopname,0,55
2020-10-11,246,Heerde,Gelderland,25,Overleden,0,28
2020-10-11,252,Heumen,Gelderland,25,Totaal,11,220
2020-10-11,252,Heumen,Gelderland,25,Ziekenhuisopname,0,19
2020-10-11,252,Heumen,Gelderland,25,Overleden,0,11
2020-10-11,262,Lochem,Gelderland,25,Totaal,8,231
2020-10-11,262,Lochem,Gelderland,25,Ziekenhuisopname,0,16
2020-10-11,262,Lochem,Gelderland,25,Overleden,0,15
2020-10-11,263,Maasdriel,Gelderland,25,Totaal,12,171
2020-10-11,263,Maasdriel,Gelderland,25,Ziekenhuisopname,0,16
2020-10-11,263,Maasdriel,Gelderland,25,Overleden,0,7
2020-10-11,267,Nijkerk,Gelderland,25,Totaal,18,391
2020-10-11,267,Nijkerk,Gelderland,25,Ziekenhuisopname,0,22
2020-10-11,267,Nijkerk,Gelderland,25,Overleden,0,3
2020-10-11,268,Nijmegen,Gelderland,25,Totaal,55,2336
2020-10-11,268,Nijmegen,Gelderland,25,Ziekenhuisopname,1,153
2020-10-11,268,Nijmegen,Gelderland,25,Overleden,0,73
2020-10-11,269,Oldebroek,Gelderland,25,Totaal,6,228
2020-10-11,269,Oldebroek,Gelderland,25,Ziekenhuisopname,0,40
2020-10-11,269,Oldebroek,Gelderland,25,Overleden,0,19
2020-10-11,273,Putten,Gelderland,25,Totaal,8,128
2020-10-11,273,Putten,Gelderland,25,Ziekenhuisopname,0,10
2020-10-11,273,Putten,Gelderland,25,Overleden,0,1
2020-10-11,274,Renkum,Gelderland,25,Totaal,11,279
2020-10-11,274,Renkum,Gelderland,25,Ziekenhuisopname,0,14
2020-10-11,274,Renkum,Gelderland,25,Overleden,0,9
2020-10-11,275,Rheden,Gelderland,25,Totaal,9,283
2020-10-11,275,Rheden,Gelderland,25,Ziekenhuisopname,0,34
2020-10-11,275,Rheden,Gelderland,25,Overleden,0,14
2020-10-11,277,Rozendaal,Gelderland,25,Totaal,1,9
2020-10-11,277,Rozendaal,Gelderland,25,Ziekenhuisopname,0,1
2020-10-11,277,Rozendaal,Gelderland,25,Overleden,0,0
2020-10-11,279,Scherpenzeel,Gelderland,25,Totaal,3,69
2020-10-11,279,Scherpenzeel,Gelderland,25,Ziekenhuisopname,1,5
2020-10-11,279,Scherpenzeel,Gelderland,25,Overleden,0,2
2020-10-11,281,Tiel,Gelderland,25,Totaal,10,367
2020-10-11,281,Tiel,Gelderland,25,Ziekenhuisopname,0,44
2020-10-11,281,Tiel,Gelderland,25,Overleden,0,21
2020-10-11,285,Voorst,Gelderland,25,Totaal,3,161
2020-10-11,285,Voorst,Gelderland,25,Ziekenhuisopname,0,17
2020-10-11,285,Voorst,Gelderland,25,Overleden,0,11
2020-10-11,289,Wageningen,Gelderland,25,Totaal,10,363
2020-10-11,289,Wageningen,Gelderland,25,Ziekenhuisopname,0,21
2020-10-11,289,Wageningen,Gelderland,25,Overleden,0,9
2020-10-11,293,Westervoort,Gelderland,25,Totaal,1,93
2020-10-11,293,Westervoort,Gelderland,25,Ziekenhuisopname,0,12
2020-10-11,293,Westervoort,Gelderland,25,Overleden,0,6
2020-10-11,294,Winterswijk,Gelderland,25,Totaal,1,102
2020-10-11,294,Winterswijk,Gelderland,25,Ziekenhuisopname,0,7
2020-10-11,294,Winterswijk,Gelderland,25,Overleden,0,3
2020-10-11,296,Wijchen,Gelderland,25,Totaal,12,389
2020-10-11,296,Wijchen,Gelderland,25,Ziekenhuisopname,0,47
2020-10-11,296,Wijchen,Gelderland,25,Overleden,0,13
2020-10-11,297,Zaltbommel,Gelderland,25,Totaal,7,215
2020-10-11,297,Zaltbommel,Gelderland,25,Ziekenhuisopname,1,22
2020-10-11,297,Zaltbommel,Gelderland,25,Overleden,0,9
2020-10-11,299,Zevenaar,Gelderland,25,Totaal,8,287
2020-10-11,299,Zevenaar,Gelderland,25,Ziekenhuisopname,0,50
2020-10-11,299,Zevenaar,Gelderland,25,Overleden,0,16
2020-10-11,301,Zutphen,Gelderland,25,Totaal,5,244
2020-10-11,301,Zutphen,Gelderland,25,Ziekenhuisopname,0,31
2020-10-11,301,Zutphen,Gelderland,25,Overleden,0,13
2020-10-11,302,Nunspeet,Gelderland,25,Totaal,11,321
2020-10-11,302,Nunspeet,Gelderland,25,Ziekenhuisopname,0,58
2020-10-11,302,Nunspeet,Gelderland,25,Overleden,0,21
2020-10-11,303,Dronten,Flevoland,24,Totaal,1,197
2020-10-11,303,Dronten,Flevoland,24,Ziekenhuisopname,0,34
2020-10-11,303,Dronten,Flevoland,24,Overleden,0,13
2020-10-11,307,Amersfoort,Utrecht,26,Totaal,43,1293
2020-10-11,307,Amersfoort,Utrecht,26,Ziekenhuisopname,0,81
2020-10-11,307,Amersfoort,Utrecht,26,Overleden,1,26
2020-10-11,308,Baarn,Utrecht,26,Totaal,5,179
2020-10-11,308,Baarn,Utrecht,26,Ziekenhuisopname,0,12
2020-10-11,308,Baarn,Utrecht,26,Overleden,0,9
2020-10-11,310,De Bilt,Utrecht,26,Totaal,16,484
2020-10-11,310,De Bilt,Utrecht,26,Ziekenhuisopname,0,30
2020-10-11,310,De Bilt,Utrecht,26,Overleden,0,24
2020-10-11,312,Bunnik,Utrecht,26,Totaal,3,132
2020-10-11,312,Bunnik,Utrecht,26,Ziekenhuisopname,0,10
2020-10-11,312,Bunnik,Utrecht,26,Overleden,0,1
2020-10-11,313,Bunschoten,Utrecht,26,Totaal,4,184
2020-10-11,313,Bunschoten,Utrecht,26,Ziekenhuisopname,0,12
2020-10-11,313,Bunschoten,Utrecht,26,Overleden,0,7
2020-10-11,317,Eemnes,Utrecht,26,Totaal,6,64
2020-10-11,317,Eemnes,Utrecht,26,Ziekenhuisopname,0,2
2020-10-11,317,Eemnes,Utrecht,26,Overleden,0,1
2020-10-11,321,Houten,Utrecht,26,Totaal,17,406
2020-10-11,321,Houten,Utrecht,26,Ziekenhuisopname,0,28
2020-10-11,321,Houten,Utrecht,26,Overleden,0,15
2020-10-11,327,Leusden,Utrecht,26,Totaal,11,253
2020-10-11,327,Leusden,Utrecht,26,Ziekenhuisopname,0,9
2020-10-11,327,Leusden,Utrecht,26,Overleden,0,8
2020-10-11,331,Lopik,Utrecht,26,Totaal,6,168
2020-10-11,331,Lopik,Utrecht,26,Ziekenhuisopname,0,20
2020-10-11,331,Lopik,Utrecht,26,Overleden,0,8
2020-10-11,335,Montfoort,Utrecht,26,Totaal,3,137
2020-10-11,335,Montfoort,Utrecht,26,Ziekenhuisopname,0,15
2020-10-11,335,Montfoort,Utrecht,26,Overleden,0,6
2020-10-11,339,Renswoude,Utrecht,26,Totaal,3,44
2020-10-11,339,Renswoude,Utrecht,26,Ziekenhuisopname,0,5
2020-10-11,339,Renswoude,Utrecht,26,Overleden,0,5
2020-10-11,340,Rhenen,Utrecht,26,Totaal,6,119
2020-10-11,340,Rhenen,Utrecht,26,Ziekenhuisopname,0,11
2020-10-11,340,Rhenen,Utrecht,26,Overleden,0,6
2020-10-11,342,Soest,Utrecht,26,Totaal,18,470
2020-10-11,342,Soest,Utrecht,26,Ziekenhuisopname,0,26
2020-10-11,342,Soest,Utrecht,26,Overleden,0,13
2020-10-11,344,Utrecht,Utrecht,26,Totaal,234,5452
2020-10-11,344,Utrecht,Utrecht,26,Ziekenhuisopname,2,314
2020-10-11,344,Utrecht,Utrecht,26,Overleden,0,122
2020-10-11,345,Veenendaal,Utrecht,26,Totaal,17,553
2020-10-11,345,Veenendaal,Utrecht,26,Ziekenhuisopname,0,49
2020-10-11,345,Veenendaal,Utrecht,26,Overleden,0,14
2020-10-11,351,Woudenberg,Utrecht,26,Totaal,8,95
2020-10-11,351,Woudenberg,Utrecht,26,Ziekenhuisopname,0,9
2020-10-11,351,Woudenberg,Utrecht,26,Overleden,0,2
2020-10-11,352,Wijk bij Duurstede,Utrecht,26,Totaal,10,142
2020-10-11,352,Wijk bij Duurstede,Utrecht,26,Ziekenhuisopname,0,10
2020-10-11,352,Wijk bij Duurstede,Utrecht,26,Overleden,0,2
2020-10-11,353,IJsselstein,Utrecht,26,Totaal,16,347
2020-10-11,353,IJsselstein,Utrecht,26,Ziekenhuisopname,0,37
2020-10-11,353,IJsselstein,Utrecht,26,Overleden,0,35
2020-10-11,355,Zeist,Utrecht,26,Totaal,19,682
2020-10-11,355,Zeist,Utrecht,26,Ziekenhuisopname,0,39
2020-10-11,355,Zeist,Utrecht,26,Overleden,0,27
2020-10-11,356,Nieuwegein,Utrecht,26,Totaal,13,532
2020-10-11,356,Nieuwegein,Utrecht,26,Ziekenhuisopname,0,47
2020-10-11,356,Nieuwegein,Utrecht,26,Overleden,0,14
2020-10-11,358,Aalsmeer,Noord-Holland,27,Totaal,10,287
2020-10-11,358,Aalsmeer,Noord-Holland,27,Ziekenhuisopname,0,10
2020-10-11,358,Aalsmeer,Noord-Holland,27,Overleden,0,5
2020-10-11,361,Alkmaar,Noord-Holland,27,Totaal,34,714
2020-10-11,361,Alkmaar,Noord-Holland,27,Ziekenhuisopname,1,59
2020-10-11,361,Alkmaar,Noord-Holland,27,Overleden,0,31
2020-10-11,362,Amstelveen,Noord-Holland,27,Totaal,28,1249
2020-10-11,362,Amstelveen,Noord-Holland,27,Ziekenhuisopname,0,69
2020-10-11,362,Amstelveen,Noord-Holland,27,Overleden,0,42
2020-10-11,363,Amsterdam,Noord-Holland,27,Totaal,420,17839
2020-10-11,363,Amsterdam,Noord-Holland,27,Ziekenhuisopname,4,834
2020-10-11,363,Amsterdam,Noord-Holland,27,Overleden,2,309
2020-10-11,370,Beemster,Noord-Holland,27,Totaal,1,64
2020-10-11,370,Beemster,Noord-Holland,27,Ziekenhuisopname,0,4
2020-10-11,370,Beemster,Noord-Holland,27,Overleden,0,1
2020-10-11,373,Bergen (NH.),Noord-Holland,27,Totaal,5,279
2020-10-11,373,Bergen (NH.),Noord-Holland,27,Ziekenhuisopname,0,20
2020-10-11,373,Bergen (NH.),Noord-Holland,27,Overleden,0,6
2020-10-11,375,Beverwijk,Noord-Holland,27,Totaal,20,361
2020-10-11,375,Beverwijk,Noord-Holland,27,Ziekenhuisopname,0,16
2020-10-11,375,Beverwijk,Noord-Holland,27,Overleden,0,12
2020-10-11,376,Blaricum,Noord-Holland,27,Totaal,3,102
2020-10-11,376,Blaricum,Noord-Holland,27,Ziekenhuisopname,0,8
2020-10-11,376,Blaricum,Noord-Holland,27,Overleden,0,2
2020-10-11,377,Bloemendaal,Noord-Holland,27,Totaal,9,218
2020-10-11,377,Bloemendaal,Noord-Holland,27,Ziekenhuisopname,0,8
2020-10-11,377,Bloemendaal,Noord-Holland,27,Overleden,0,5
2020-10-11,383,Castricum,Noord-Holland,27,Totaal,9,194
2020-10-11,383,Castricum,Noord-Holland,27,Ziekenhuisopname,0,16
2020-10-11,383,Castricum,Noord-Holland,27,Overleden,0,10
2020-10-11,384,Diemen,Noord-Holland,27,Totaal,22,599
2020-10-11,384,Diemen,Noord-Holland,27,Ziekenhuisopname,0,20
2020-10-11,384,Diemen,Noord-Holland,27,Overleden,0,14
2020-10-11,385,Edam-Volendam,Noord-Holland,27,Totaal,25,461
2020-10-11,385,Edam-Volendam,Noord-Holland,27,Ziekenhuisopname,0,28
2020-10-11,385,Edam-Volendam,Noord-Holland,27,Overleden,0,3
2020-10-11,388,Enkhuizen,Noord-Holland,27,Totaal,3,70
2020-10-11,388,Enkhuizen,Noord-Holland,27,Ziekenhuisopname,0,19
2020-10-11,388,Enkhuizen,Noord-Holland,27,Overleden,0,4
2020-10-11,392,Haarlem,Noord-Holland,27,Totaal,41,1482
2020-10-11,392,Haarlem,Noord-Holland,27,Ziekenhuisopname,0,85
2020-10-11,392,Haarlem,Noord-Holland,27,Overleden,0,67
2020-10-11,394,Haarlemmermeer,Noord-Holland,27,Totaal,55,1607
2020-10-11,394,Haarlemmermeer,Noord-Holland,27,Ziekenhuisopname,1,81
2020-10-11,394,Haarlemmermeer,Noord-Holland,27,Overleden,0,33
2020-10-11,396,Heemskerk,Noord-Holland,27,Totaal,15,289
2020-10-11,396,Heemskerk,Noord-Holland,27,Ziekenhuisopname,0,32
2020-10-11,396,Heemskerk,Noord-Holland,27,Overleden,2,13
2020-10-11,397,Heemstede,Noord-Holland,27,Totaal,5,271
2020-10-11,397,Heemstede,Noord-Holland,27,Ziekenhuisopname,0,13
2020-10-11,397,Heemstede,Noord-Holland,27,Overleden,0,33
2020-10-11,398,Heerhugowaard,Noord-Holland,27,Totaal,15,380
2020-10-11,398,Heerhugowaard,Noord-Holland,27,Ziekenhuisopname,0,27
2020-10-11,398,Heerhugowaard,Noord-Holland,27,Overleden,0,9
2020-10-11,399,Heiloo,Noord-Holland,27,Totaal,4,114
2020-10-11,399,Heiloo,Noord-Holland,27,Ziekenhuisopname,0,11
2020-10-11,399,Heiloo,Noord-Holland,27,Overleden,0,8
2020-10-11,400,Den Helder,Noord-Holland,27,Totaal,9,143
2020-10-11,400,Den Helder,Noord-Holland,27,Ziekenhuisopname,0,13
2020-10-11,400,Den Helder,Noord-Holland,27,Overleden,0,2
2020-10-11,402,Hilversum,Noord-Holland,27,Totaal,25,795
2020-10-11,402,Hilversum,Noord-Holland,27,Ziekenhuisopname,0,37
2020-10-11,402,Hilversum,Noord-Holland,27,Overleden,1,26
2020-10-11,405,Hoorn,Noord-Holland,27,Totaal,7,416
2020-10-11,405,Hoorn,Noord-Holland,27,Ziekenhuisopname,0,37
2020-10-11,405,Hoorn,Noord-Holland,27,Overleden,0,12
2020-10-11,406,Huizen,Noord-Holland,27,Totaal,23,440
2020-10-11,406,Huizen,Noord-Holland,27,Ziekenhuisopname,0,25
2020-10-11,406,Huizen,Noord-Holland,27,Overleden,0,10
2020-10-11,415,Landsmeer,Noord-Holland,27,Totaal,2,124
2020-10-11,415,Landsmeer,Noord-Holland,27,Ziekenhuisopname,0,3
2020-10-11,415,Landsmeer,Noord-Holland,27,Overleden,0,3
2020-10-11,416,Langedijk,Noord-Holland,27,Totaal,12,213
2020-10-11,416,Langedijk,Noord-Holland,27,Ziekenhuisopname,0,19
2020-10-11,416,Langedijk,Noord-Holland,27,Overleden,0,5
2020-10-11,417,Laren,Noord-Holland,27,Totaal,3,115
2020-10-11,417,Laren,Noord-Holland,27,Ziekenhuisopname,1,9
2020-10-11,417,Laren,Noord-Holland,27,Overleden,0,3
2020-10-11,420,Medemblik,Noord-Holland,27,Totaal,7,189
2020-10-11,420,Medemblik,Noord-Holland,27,Ziekenhuisopname,0,19
2020-10-11,420,Medemblik,Noord-Holland,27,Overleden,0,6
2020-10-11,431,Oostzaan,Noord-Holland,27,Totaal,11,116
2020-10-11,431,Oostzaan,Noord-Holland,27,Ziekenhuisopname,0,12
2020-10-11,431,Oostzaan,Noord-Holland,27,Overleden,0,2
2020-10-11,432,Opmeer,Noord-Holland,27,Totaal,0,40
2020-10-11,432,Opmeer,Noord-Holland,27,Ziekenhuisopname,0,1
2020-10-11,432,Opmeer,Noord-Holland,27,Overleden,0,1
2020-10-11,437,Ouder-Amstel,Noord-Holland,27,Totaal,4,227
2020-10-11,437,Ouder-Amstel,Noord-Holland,27,Ziekenhuisopname,0,6
2020-10-11,437,Ouder-Amstel,Noord-Holland,27,Overleden,0,0
2020-10-11,439,Purmerend,Noord-Holland,27,Totaal,37,701
2020-10-11,439,Purmerend,Noord-Holland,27,Ziekenhuisopname,1,75
2020-10-11,439,Purmerend,Noord-Holland,27,Overleden,0,35
2020-10-11,441,Schagen,Noord-Holland,27,Totaal,11,218
2020-10-11,441,Schagen,Noord-Holland,27,Ziekenhuisopname,0,19
2020-10-11,441,Schagen,Noord-Holland,27,Overleden,0,10
2020-10-11,448,Texel,Noord-Holland,27,Totaal,1,45
2020-10-11,448,Texel,Noord-Holland,27,Ziekenhuisopname,0,5
2020-10-11,448,Texel,Noord-Holland,27,Overleden,0,2
2020-10-11,450,Uitgeest,Noord-Holland,27,Totaal,8,105
2020-10-11,450,Uitgeest,Noord-Holland,27,Ziekenhuisopname,0,5
2020-10-11,450,Uitgeest,Noord-Holland,27,Overleden,0,1
2020-10-11,451,Uithoorn,Noord-Holland,27,Totaal,3,295
2020-10-11,451,Uithoorn,Noord-Holland,27,Ziekenhuisopname,0,18
2020-10-11,451,Uithoorn,Noord-Holland,27,Overleden,0,2
2020-10-11,453,Velsen,Noord-Holland,27,Totaal,15,670
2020-10-11,453,Velsen,Noord-Holland,27,Ziekenhuisopname,0,39
2020-10-11,453,Velsen,Noord-Holland,27,Overleden,0,43
2020-10-11,457,Weesp,Noord-Holland,27,Totaal,7,330
2020-10-11,457,Weesp,Noord-Holland,27,Ziekenhuisopname,0,9
2020-10-11,457,Weesp,Noord-Holland,27,Overleden,0,13
2020-10-11,473,Zandvoort,Noord-Holland,27,Totaal,2,148
2020-10-11,473,Zandvoort,Noord-Holland,27,Ziekenhuisopname,0,12
2020-10-11,473,Zandvoort,Noord-Holland,27,Overleden,0,9
2020-10-11,479,Zaanstad,Noord-Holland,27,Totaal,70,1631
2020-10-11,479,Zaanstad,Noord-Holland,27,Ziekenhuisopname,2,139
2020-10-11,479,Zaanstad,Noord-Holland,27,Overleden,0,54
2020-10-11,482,Alblasserdam,Zuid-Holland,28,Totaal,12,270
2020-10-11,482,Alblasserdam,Zuid-Holland,28,Ziekenhuisopname,0,11
2020-10-11,482,Alblasserdam,Zuid-Holland,28,Overleden,0,5
2020-10-11,484,Alphen aan den Rijn,Zuid-Holland,28,Totaal,47,1050
2020-10-11,484,Alphen aan den Rijn,Zuid-Holland,28,Ziekenhuisopname,0,72
2020-10-11,484,Alphen aan den Rijn,Zuid-Holland,28,Overleden,0,26
2020-10-11,489,Barendrecht,Zuid-Holland,28,Totaal,28,758
2020-10-11,489,Barendrecht,Zuid-Holland,28,Ziekenhuisopname,0,43
2020-10-11,489,Barendrecht,Zuid-Holland,28,Overleden,0,13
2020-10-11,498,Drechterland,Noord-Holland,27,Totaal,1,97
2020-10-11,498,Drechterland,Noord-Holland,27,Ziekenhuisopname,0,5
2020-10-11,498,Drechterland,Noord-Holland,27,Overleden,0,8
2020-10-11,501,Brielle,Zuid-Holland,28,Totaal,6,165
2020-10-11,501,Brielle,Zuid-Holland,28,Ziekenhuisopname,0,12
2020-10-11,501,Brielle,Zuid-Holland,28,Overleden,0,0
2020-10-11,502,Capelle aan den IJssel,Zuid-Holland,28,Totaal,29,1068
2020-10-11,502,Capelle aan den IJssel,Zuid-Holland,28,Ziekenhuisopname,0,60
2020-10-11,502,Capelle aan den IJssel,Zuid-Holland,28,Overleden,0,62
2020-10-11,503,Delft,Zuid-Holland,28,Totaal,47,1416
2020-10-11,503,Delft,Zuid-Holland,28,Ziekenhuisopname,1,43
2020-10-11,503,Delft,Zuid-Holland,28,Overleden,0,12
2020-10-11,505,Dordrecht,Zuid-Holland,28,Totaal,54,1452
2020-10-11,505,Dordrecht,Zuid-Holland,28,Ziekenhuisopname,1,97
2020-10-11,505,Dordrecht,Zuid-Holland,28,Overleden,0,69
2020-10-11,512,Gorinchem,Zuid-Holland,28,Totaal,15,411
2020-10-11,512,Gorinchem,Zuid-Holland,28,Ziekenhuisopname,0,19
2020-10-11,512,Gorinchem,Zuid-Holland,28,Overleden,0,16
2020-10-11,513,Gouda,Zuid-Holland,28,Totaal,45,1076
2020-10-11,513,Gouda,Zuid-Holland,28,Ziekenhuisopname,0,51
2020-10-11,513,Gouda,Zuid-Holland,28,Overleden,1,44
2020-10-11,518,'s-Gravenhage,Zuid-Holland,28,Totaal,273,10008
2020-10-11,518,'s-Gravenhage,Zuid-Holland,28,Ziekenhuisopname,4,480
2020-10-11,518,'s-Gravenhage,Zuid-Holland,28,Overleden,1,292
2020-10-11,523,Hardinxveld-Giessendam,Zuid-Holland,28,Totaal,8,134
2020-10-11,523,Hardinxveld-Giessendam,Zuid-Holland,28,Ziekenhuisopname,0,2
2020-10-11,523,Hardinxveld-Giessendam,Zuid-Holland,28,Overleden,0,2
2020-10-11,530,Hellevoetsluis,Zuid-Holland,28,Totaal,10,358
2020-10-11,530,Hellevoetsluis,Zuid-Holland,28,Ziekenhuisopname,0,17
2020-10-11,530,Hellevoetsluis,Zuid-Holland,28,Overleden,0,5
2020-10-11,531,Hendrik-Ido-Ambacht,Zuid-Holland,28,Totaal,14,390
2020-10-11,531,Hendrik-Ido-Ambacht,Zuid-Holland,28,Ziekenhuisopname,0,13
2020-10-11,531,Hendrik-Ido-Ambacht,Zuid-Holland,28,Overleden,0,6
2020-10-11,532,Stede Broec,Noord-Holland,27,Totaal,3,102
2020-10-11,532,Stede Broec,Noord-Holland,27,Ziekenhuisopname,0,19
2020-10-11,532,Stede Broec,Noord-Holland,27,Overleden,0,5
2020-10-11,534,Hillegom,Zuid-Holland,28,Totaal,10,218
2020-10-11,534,Hillegom,Zuid-Holland,28,Ziekenhuisopname,0,8
2020-10-11,534,Hillegom,Zuid-Holland,28,Overleden,0,2
2020-10-11,537,Katwijk,Zuid-Holland,28,Totaal,49,702
2020-10-11,537,Katwijk,Zuid-Holland,28,Ziekenhuisopname,1,38
2020-10-11,537,Katwijk,Zuid-Holland,28,Overleden,0,15
2020-10-11,542,Krimpen aan den IJssel,Zuid-Holland,28,Totaal,21,385
2020-10-11,542,Krimpen aan den IJssel,Zuid-Holland,28,Ziekenhuisopname,1,14
2020-10-11,542,Krimpen aan den IJssel,Zuid-Holland,28,Overleden,0,8
2020-10-11,546,Leiden,Zuid-Holland,28,Totaal,77,1462
2020-10-11,546,Leiden,Zuid-Holland,28,Ziekenhuisopname,0,51
2020-10-11,546,Leiden,Zuid-Holland,28,Overleden,0,22
2020-10-11,547,Leiderdorp,Zuid-Holland,28,Totaal,15,223
2020-10-11,547,Leiderdorp,Zuid-Holland,28,Ziekenhuisopname,0,17
2020-10-11,547,Leiderdorp,Zuid-Holland,28,Overleden,0,7
2020-10-11,553,Lisse,Zuid-Holland,28,Totaal,9,123
2020-10-11,553,Lisse,Zuid-Holland,28,Ziekenhuisopname,0,9
2020-10-11,553,Lisse,Zuid-Holland,28,Overleden,0,2
2020-10-11,556,Maassluis,Zuid-Holland,28,Totaal,20,435
2020-10-11,556,Maassluis,Zuid-Holland,28,Ziekenhuisopname,0,23
2020-10-11,556,Maassluis,Zuid-Holland,28,Overleden,0,9
2020-10-11,569,Nieuwkoop,Zuid-Holland,28,Totaal,11,206
2020-10-11,569,Nieuwkoop,Zuid-Holland,28,Ziekenhuisopname,0,10
2020-10-11,569,Nieuwkoop,Zuid-Holland,28,Overleden,0,6
2020-10-11,575,Noordwijk,Zuid-Holland,28,Totaal,21,362
2020-10-11,575,Noordwijk,Zuid-Holland,28,Ziekenhuisopname,0,22
2020-10-11,575,Noordwijk,Zuid-Holland,28,Overleden,0,3
2020-10-11,579,Oegstgeest,Zuid-Holland,28,Totaal,11,208
2020-10-11,579,Oegstgeest,Zuid-Holland,28,Ziekenhuisopname,0,10
2020-10-11,579,Oegstgeest,Zuid-Holland,28,Overleden,0,3
2020-10-11,589,Oudewater,Utrecht,26,Totaal,2,117
2020-10-11,589,Oudewater,Utrecht,26,Ziekenhuisopname,0,26
2020-10-11,589,Oudewater,Utrecht,26,Overleden,0,9
2020-10-11,590,Papendrecht,Zuid-Holland,28,Totaal,12,259
2020-10-11,590,Papendrecht,Zuid-Holland,28,Ziekenhuisopname,0,9
2020-10-11,590,Papendrecht,Zuid-Holland,28,Overleden,0,8
2020-10-11,597,Ridderkerk,Zuid-Holland,28,Totaal,29,565
2020-10-11,597,Ridderkerk,Zuid-Holland,28,Ziekenhuisopname,0,41
2020-10-11,597,Ridderkerk,Zuid-Holland,28,Overleden,0,19
2020-10-11,599,Rotterdam,Zuid-Holland,28,Totaal,376,13599
2020-10-11,599,Rotterdam,Zuid-Holland,28,Ziekenhuisopname,6,695
2020-10-11,599,Rotterdam,Zuid-Holland,28,Overleden,1,377
2020-10-11,603,Rijswijk,Zuid-Holland,28,Totaal,26,701
2020-10-11,603,Rijswijk,Zuid-Holland,28,Ziekenhuisopname,1,48
2020-10-11,603,Rijswijk,Zuid-Holland,28,Overleden,0,27
2020-10-11,606,Schiedam,Zuid-Holland,28,Totaal,37,1270
2020-10-11,606,Schiedam,Zuid-Holland,28,Ziekenhuisopname,0,64
2020-10-11,606,Schiedam,Zuid-Holland,28,Overleden,0,24
2020-10-11,610,Sliedrecht,Zuid-Holland,28,Totaal,4,197
2020-10-11,610,Sliedrecht,Zuid-Holland,28,Ziekenhuisopname,0,9
2020-10-11,610,Sliedrecht,Zuid-Holland,28,Overleden,0,5
2020-10-11,613,Albrandswaard,Zuid-Holland,28,Totaal,14,382
2020-10-11,613,Albrandswaard,Zuid-Holland,28,Ziekenhuisopname,0,16
2020-10-11,613,Albrandswaard,Zuid-Holland,28,Overleden,0,8
2020-10-11,614,Westvoorne,Zuid-Holland,28,Totaal,11,140
2020-10-11,614,Westvoorne,Zuid-Holland,28,Ziekenhuisopname,0,6
2020-10-11,614,Westvoorne,Zuid-Holland,28,Overleden,0,0
2020-10-11,622,Vlaardingen,Zuid-Holland,28,Totaal,40,1111
2020-10-11,622,Vlaardingen,Zuid-Holland,28,Ziekenhuisopname,1,51
2020-10-11,622,Vlaardingen,Zuid-Holland,28,Overleden,0,30
2020-10-11,626,Voorschoten,Zuid-Holland,28,Totaal,11,222
2020-10-11,626,Voorschoten,Zuid-Holland,28,Ziekenhuisopname,0,10
2020-10-11,626,Voorschoten,Zuid-Holland,28,Overleden,0,11
2020-10-11,627,Waddinxveen,Zuid-Holland,28,Totaal,20,324
2020-10-11,627,Waddinxveen,Zuid-Holland,28,Ziekenhuisopname,0,21
2020-10-11,627,Waddinxveen,Zuid-Holland,28,Overleden,0,7
2020-10-11,629,Wassenaar,Zuid-Holland,28,Totaal,7,256
2020-10-11,629,Wassenaar,Zuid-Holland,28,Ziekenhuisopname,0,10
2020-10-11,629,Wassenaar,Zuid-Holland,28,Overleden,0,13
2020-10-11,632,Woerden,Utrecht,26,Totaal,16,482
2020-10-11,632,Woerden,Utrecht,26,Ziekenhuisopname,1,56
2020-10-11,632,Woerden,Utrecht,26,Overleden,1,21
2020-10-11,637,Zoetermeer,Zuid-Holland,28,Totaal,65,1419
2020-10-11,637,Zoetermeer,Zuid-Holland,28,Ziekenhuisopname,0,62
2020-10-11,637,Zoetermeer,Zuid-Holland,28,Overleden,0,14
2020-10-11,638,Zoeterwoude,Zuid-Holland,28,Totaal,1,62
2020-10-11,638,Zoeterwoude,Zuid-Holland,28,Ziekenhuisopname,0,3
2020-10-11,638,Zoeterwoude,Zuid-Holland,28,Overleden,0,1
2020-10-11,642,Zwijndrecht,Zuid-Holland,28,Totaal,27,584
2020-10-11,642,Zwijndrecht,Zuid-Holland,28,Ziekenhuisopname,0,27
2020-10-11,642,Zwijndrecht,Zuid-Holland,28,Overleden,0,28
2020-10-11,654,Borsele,Zeeland,29,Totaal,1,85
2020-10-11,654,Borsele,Zeeland,29,Ziekenhuisopname,0,5
2020-10-11,654,Borsele,Zeeland,29,Overleden,0,1
2020-10-11,664,Goes,Zeeland,29,Totaal,6,272
2020-10-11,664,Goes,Zeeland,29,Ziekenhuisopname,0,13
2020-10-11,664,Goes,Zeeland,29,Overleden,0,13
2020-10-11,668,West Maas en Waal,Gelderland,25,Totaal,7,154
2020-10-11,668,West Maas en Waal,Gelderland,25,Ziekenhuisopname,0,21
2020-10-11,668,West Maas en Waal,Gelderland,25,Overleden,0,9
2020-10-11,677,Hulst,Zeeland,29,Totaal,6,112
2020-10-11,677,Hulst,Zeeland,29,Ziekenhuisopname,0,10
2020-10-11,677,Hulst,Zeeland,29,Overleden,0,5
2020-10-11,678,Kapelle,Zeeland,29,Totaal,1,48
2020-10-11,678,Kapelle,Zeeland,29,Ziekenhuisopname,0,3
2020-10-11,678,Kapelle,Zeeland,29,Overleden,0,1
2020-10-11,687,Middelburg,Zeeland,29,Totaal,4,212
2020-10-11,687,Middelburg,Zeeland,29,Ziekenhuisopname,0,19
2020-10-11,687,Middelburg,Zeeland,29,Overleden,0,10
2020-10-11,703,Reimerswaal,Zeeland,29,Totaal,10,98
2020-10-11,703,Reimerswaal,Zeeland,29,Ziekenhuisopname,0,5
2020-10-11,703,Reimerswaal,Zeeland,29,Overleden,0,2
2020-10-11,715,Terneuzen,Zeeland,29,Totaal,5,235
2020-10-11,715,Terneuzen,Zeeland,29,Ziekenhuisopname,0,25
2020-10-11,715,Terneuzen,Zeeland,29,Overleden,0,4
2020-10-11,716,Tholen,Zeeland,29,Totaal,9,255
2020-10-11,716,Tholen,Zeeland,29,Ziekenhuisopname,1,42
2020-10-11,716,Tholen,Zeeland,29,Overleden,0,16
2020-10-11,717,Veere,Zeeland,29,Totaal,3,75
2020-10-11,717,Veere,Zeeland,29,Ziekenhuisopname,0,6
2020-10-11,717,Veere,Zeeland,29,Overleden,0,2
2020-10-11,718,Vlissingen,Zeeland,29,Totaal,5,179
2020-10-11,718,Vlissingen,Zeeland,29,Ziekenhuisopname,0,9
2020-10-11,718,Vlissingen,Zeeland,29,Overleden,0,5
2020-10-11,736,De Ronde Venen,Utrecht,26,Totaal,13,449
2020-10-11,736,De Ronde Venen,Utrecht,26,Ziekenhuisopname,0,41
2020-10-11,736,De Ronde Venen,Utrecht,26,Overleden,0,13
2020-10-11,737,Tytsjerksteradiel,Friesland,21,Totaal,7,129
2020-10-11,737,Tytsjerksteradiel,Friesland,21,Ziekenhuisopname,0,6
2020-10-11,737,Tytsjerksteradiel,Friesland,21,Overleden,0,1
2020-10-11,743,Asten,Noord-Brabant,30,Totaal,3,145
2020-10-11,743,Asten,Noord-Brabant,30,Ziekenhuisopname,0,18
2020-10-11,743,Asten,Noord-Brabant,30,Overleden,0,12
2020-10-11,744,Baarle-Nassau,Noord-Brabant,30,Totaal,5,49
2020-10-11,744,Baarle-Nassau,Noord-Brabant,30,Ziekenhuisopname,0,9
2020-10-11,744,Baarle-Nassau,Noord-Brabant,30,Overleden,0,2
2020-10-11,748,Bergen op Zoom,Noord-Brabant,30,Totaal,43,883
2020-10-11,748,Bergen op Zoom,Noord-Brabant,30,Ziekenhuisopname,1,34
2020-10-11,748,Bergen op Zoom,Noord-Brabant,30,Overleden,0,13
2020-10-11,753,Best,Noord-Brabant,30,Totaal,2,203
2020-10-11,753,Best,Noord-Brabant,30,Ziekenhuisopname,0,31
2020-10-11,753,Best,Noord-Brabant,30,Overleden,0,11
2020-10-11,755,Boekel,Noord-Brabant,30,Totaal,2,108
2020-10-11,755,Boekel,Noord-Brabant,30,Ziekenhuisopname,0,34
2020-10-11,755,Boekel,Noord-Brabant,30,Overleden,0,20
2020-10-11,756,Boxmeer,Noord-Brabant,30,Totaal,7,251
2020-10-11,756,Boxmeer,Noord-Brabant,30,Ziekenhuisopname,0,20
2020-10-11,756,Boxmeer,Noord-Brabant,30,Overleden,0,28
2020-10-11,757,Boxtel,Noord-Brabant,30,Totaal,5,231
2020-10-11,757,Boxtel,Noord-Brabant,30,Ziekenhuisopname,0,24
2020-10-11,757,Boxtel,Noord-Brabant,30,Overleden,0,26
2020-10-11,758,Breda,Noord-Brabant,30,Totaal,99,1799
2020-10-11,758,Breda,Noord-Brabant,30,Ziekenhuisopname,1,156
2020-10-11,758,Breda,Noord-Brabant,30,Overleden,0,70
2020-10-11,762,Deurne,Noord-Brabant,30,Totaal,11,359
2020-10-11,762,Deurne,Noord-Brabant,30,Ziekenhuisopname,0,56
2020-10-11,762,Deurne,Noord-Brabant,30,Overleden,0,25
2020-10-11,765,Pekela,Groningen,20,Totaal,6,27
2020-10-11,765,Pekela,Groningen,20,Ziekenhuisopname,0,4
2020-10-11,765,Pekela,Groningen,20,Overleden,0,0
2020-10-11,766,Dongen,Noord-Brabant,30,Totaal,6,198
2020-10-11,766,Dongen,Noord-Brabant,30,Ziekenhuisopname,0,21
2020-10-11,766,Dongen,Noord-Brabant,30,Overleden,0,13
2020-10-11,770,Eersel,Noord-Brabant,30,Totaal,14,249
2020-10-11,770,Eersel,Noord-Brabant,30,Ziekenhuisopname,0,27
2020-10-11,770,Eersel,Noord-Brabant,30,Overleden,0,10
2020-10-11,772,Eindhoven,Noord-Brabant,30,Totaal,74,2039
2020-10-11,772,Eindhoven,Noord-Brabant,30,Ziekenhuisopname,0,190
2020-10-11,772,Eindhoven,Noord-Brabant,30,Overleden,0,92
2020-10-11,777,Etten-Leur,Noord-Brabant,30,Totaal,23,431
2020-10-11,777,Etten-Leur,Noord-Brabant,30,Ziekenhuisopname,0,43
2020-10-11,777,Etten-Leur,Noord-Brabant,30,Overleden,0,30
2020-10-11,779,Geertruidenberg,Noord-Brabant,30,Totaal,9,129
2020-10-11,779,Geertruidenberg,Noord-Brabant,30,Ziekenhuisopname,0,13
2020-10-11,779,Geertruidenberg,Noord-Brabant,30,Overleden,0,6
2020-10-11,784,Gilze en Rijen,Noord-Brabant,30,Totaal,4,216
2020-10-11,784,Gilze en Rijen,Noord-Brabant,30,Ziekenhuisopname,0,20
2020-10-11,784,Gilze en Rijen,Noord-Brabant,30,Overleden,0,15
2020-10-11,785,Goirle,Noord-Brabant,30,Totaal,4,253
2020-10-11,785,Goirle,Noord-Brabant,30,Ziekenhuisopname,0,32
2020-10-11,785,Goirle,Noord-Brabant,30,Overleden,0,19
2020-10-11,786,Grave,Noord-Brabant,30,Totaal,6,136
2020-10-11,786,Grave,Noord-Brabant,30,Ziekenhuisopname,0,21
2020-10-11,786,Grave,Noord-Brabant,30,Overleden,0,11
2020-10-11,788,Haaren,Noord-Brabant,30,Totaal,2,105
2020-10-11,788,Haaren,Noord-Brabant,30,Ziekenhuisopname,0,19
2020-10-11,788,Haaren,Noord-Brabant,30,Overleden,0,8
2020-10-11,794,Helmond,Noord-Brabant,30,Totaal,40,1111
2020-10-11,794,Helmond,Noord-Brabant,30,Ziekenhuisopname,0,119
2020-10-11,794,Helmond,Noord-Brabant,30,Overleden,0,45
2020-10-11,796,'s-Hertogenbosch,Noord-Brabant,30,Totaal,39,1403
2020-10-11,796,'s-Hertogenbosch,Noord-Brabant,30,Ziekenhuisopname,0,137
2020-10-11,796,'s-Hertogenbosch,Noord-Brabant,30,Overleden,0,80
2020-10-11,797,Heusden,Noord-Brabant,30,Totaal,7,388
2020-10-11,797,Heusden,Noord-Brabant,30,Ziekenhuisopname,0,46
2020-10-11,797,Heusden,Noord-Brabant,30,Overleden,0,26
2020-10-11,798,Hilvarenbeek,Noord-Brabant,30,Totaal,3,143
2020-10-11,798,Hilvarenbeek,Noord-Brabant,30,Ziekenhuisopname,0,10
2020-10-11,798,Hilvarenbeek,Noord-Brabant,30,Overleden,0,7
2020-10-11,809,Loon op Zand,Noord-Brabant,30,Totaal,4,196
2020-10-11,809,Loon op Zand,Noord-Brabant,30,Ziekenhuisopname,0,27
2020-10-11,809,Loon op Zand,Noord-Brabant,30,Overleden,0,8
2020-10-11,815,Mill en Sint Hubert,Noord-Brabant,30,Totaal,3,113
2020-10-11,815,Mill en Sint Hubert,Noord-Brabant,30,Ziekenhuisopname,0,9
2020-10-11,815,Mill en Sint Hubert,Noord-Brabant,30,Overleden,0,5
2020-10-11,820,"Nuenen, Gerwen en Nederwetten",Noord-Brabant,30,Totaal,5,203
2020-10-11,820,"Nuenen, Gerwen en Nederwetten",Noord-Brabant,30,Ziekenhuisopname,0,18
2020-10-11,820,"Nuenen, Gerwen en Nederwetten",Noord-Brabant,30,Overleden,0,9
2020-10-11,823,Oirschot,Noord-Brabant,30,Totaal,6,207
2020-10-11,823,Oirschot,Noord-Brabant,30,Ziekenhuisopname,0,13
2020-10-11,823,Oirschot,Noord-Brabant,30,Overleden,0,9
2020-10-11,824,Oisterwijk,Noord-Brabant,30,Totaal,5,176
2020-10-11,824,Oisterwijk,Noord-Brabant,30,Ziekenhuisopname,0,24
2020-10-11,824,Oisterwijk,Noord-Brabant,30,Overleden,0,11
2020-10-11,826,Oosterhout,Noord-Brabant,30,Totaal,27,442
2020-10-11,826,Oosterhout,Noord-Brabant,30,Ziekenhuisopname,0,51
2020-10-11,826,Oosterhout,Noord-Brabant,30,Overleden,0,17
2020-10-11,828,Oss,Noord-Brabant,30,Totaal,29,1165
2020-10-11,828,Oss,Noord-Brabant,30,Ziekenhuisopname,0,172
2020-10-11,828,Oss,Noord-Brabant,30,Overleden,0,88
2020-10-11,840,Rucphen,Noord-Brabant,30,Totaal,23,245
2020-10-11,840,Rucphen,Noord-Brabant,30,Ziekenhuisopname,0,11
2020-10-11,840,Rucphen,Noord-Brabant,30,Overleden,0,10
2020-10-11,845,Sint-Michielsgestel,Noord-Brabant,30,Totaal,11,291
2020-10-11,845,Sint-Michielsgestel,Noord-Brabant,30,Ziekenhuisopname,0,37
2020-10-11,845,Sint-Michielsgestel,Noord-Brabant,30,Overleden,0,19
2020-10-11,847,Someren,Noord-Brabant,30,Totaal,5,148
2020-10-11,847,Someren,Noord-Brabant,30,Ziekenhuisopname,0,33
2020-10-11,847,Someren,Noord-Brabant,30,Overleden,0,8
2020-10-11,848,Son en Breugel,Noord-Brabant,30,Totaal,6,143
2020-10-11,848,Son en Breugel,Noord-Brabant,30,Ziekenhuisopname,0,31
2020-10-11,848,Son en Breugel,Noord-Brabant,30,Overleden,0,14
2020-10-11,851,Steenbergen,Noord-Brabant,30,Totaal,13,221
2020-10-11,851,Steenbergen,Noord-Brabant,30,Ziekenhuisopname,0,13
2020-10-11,851,Steenbergen,Noord-Brabant,30,Overleden,0,13
2020-10-11,852,Waterland,Noord-Holland,27,Totaal,7,164
2020-10-11,852,Waterland,Noord-Holland,27,Ziekenhuisopname,0,17
2020-10-11,852,Waterland,Noord-Holland,27,Overleden,0,4
2020-10-11,855,Tilburg,Noord-Brabant,30,Totaal,41,2274
2020-10-11,855,Tilburg,Noord-Brabant,30,Ziekenhuisopname,1,261
2020-10-11,855,Tilburg,Noord-Brabant,30,Overleden,1,169
2020-10-11,856,Uden,Noord-Brabant,30,Totaal,11,394
2020-10-11,856,Uden,Noord-Brabant,30,Ziekenhuisopname,0,115
2020-10-11,856,Uden,Noord-Brabant,30,Overleden,0,63
2020-10-11,858,Valkenswaard,Noord-Brabant,30,Totaal,18,341
2020-10-11,858,Valkenswaard,Noord-Brabant,30,Ziekenhuisopname,0,19
2020-10-11,858,Valkenswaard,Noord-Brabant,30,Overleden,0,37
2020-10-11,861,Veldhoven,Noord-Brabant,30,Totaal,26,412
2020-10-11,861,Veldhoven,Noord-Brabant,30,Ziekenhuisopname,0,31
2020-10-11,861,Veldhoven,Noord-Brabant,30,Overleden,0,18
2020-10-11,865,Vught,Noord-Brabant,30,Totaal,8,231
2020-10-11,865,Vught,Noord-Brabant,30,Ziekenhuisopname,0,43
2020-10-11,865,Vught,Noord-Brabant,30,Overleden,0,17
2020-10-11,866,Waalre,Noord-Brabant,30,Totaal,8,138
2020-10-11,866,Waalre,Noord-Brabant,30,Ziekenhuisopname,0,7
2020-10-11,866,Waalre,Noord-Brabant,30,Overleden,0,5
2020-10-11,867,Waalwijk,Noord-Brabant,30,Totaal,15,429
2020-10-11,867,Waalwijk,Noord-Brabant,30,Ziekenhuisopname,0,40
2020-10-11,867,Waalwijk,Noord-Brabant,30,Overleden,0,37
2020-10-11,873,Woensdrecht,Noord-Brabant,30,Totaal,12,186
2020-10-11,873,Woensdrecht,Noord-Brabant,30,Ziekenhuisopname,0,7
2020-10-11,873,Woensdrecht,Noord-Brabant,30,Overleden,0,7
2020-10-11,879,Zundert,Noord-Brabant,30,Totaal,5,211
2020-10-11,879,Zundert,Noord-Brabant,30,Ziekenhuisopname,0,24
2020-10-11,879,Zundert,Noord-Brabant,30,Overleden,0,11
2020-10-11,880,Wormerland,Noord-Holland,27,Totaal,10,139
2020-10-11,880,Wormerland,Noord-Holland,27,Ziekenhuisopname,0,20
2020-10-11,880,Wormerland,Noord-Holland,27,Overleden,0,6
2020-10-11,882,Landgraaf,Limburg,31,Totaal,2,215
2020-10-11,882,Landgraaf,Limburg,31,Ziekenhuisopname,0,53
2020-10-11,882,Landgraaf,Limburg,31,Overleden,0,14
2020-10-11,888,Beek,Limburg,31,Totaal,2,75
2020-10-11,888,Beek,Limburg,31,Ziekenhuisopname,0,16
2020-10-11,888,Beek,Limburg,31,Overleden,0,6
2020-10-11,889,Beesel,Limburg,31,Totaal,1,70
2020-10-11,889,Beesel,Limburg,31,Ziekenhuisopname,0,20
2020-10-11,889,Beesel,Limburg,31,Overleden,0,8
2020-10-11,893,Bergen (L.),Limburg,31,Totaal,3,74
2020-10-11,893,Bergen (L.),Limburg,31,Ziekenhuisopname,0,7
2020-10-11,893,Bergen (L.),Limburg,31,Overleden,0,2
2020-10-11,899,Brunssum,Limburg,31,Totaal,3,206
2020-10-11,899,Brunssum,Limburg,31,Ziekenhuisopname,0,46
2020-10-11,899,Brunssum,Limburg,31,Overleden,0,19
2020-10-11,907,Gennep,Limburg,31,Totaal,5,132
2020-10-11,907,Gennep,Limburg,31,Ziekenhuisopname,0,17
2020-10-11,907,Gennep,Limburg,31,Overleden,0,10
2020-10-11,917,Heerlen,Limburg,31,Totaal,5,602
2020-10-11,917,Heerlen,Limburg,31,Ziekenhuisopname,0,126
2020-10-11,917,Heerlen,Limburg,31,Overleden,0,54
2020-10-11,928,Kerkrade,Limburg,31,Totaal,7,316
2020-10-11,928,Kerkrade,Limburg,31,Ziekenhuisopname,0,64
2020-10-11,928,Kerkrade,Limburg,31,Overleden,0,35
2020-10-11,935,Maastricht,Limburg,31,Totaal,17,1347
2020-10-11,935,Maastricht,Limburg,31,Ziekenhuisopname,0,193
2020-10-11,935,Maastricht,Limburg,31,Overleden,0,140
2020-10-11,938,Meerssen,Limburg,31,Totaal,4,160
2020-10-11,938,Meerssen,Limburg,31,Ziekenhuisopname,0,23
2020-10-11,938,Meerssen,Limburg,31,Overleden,0,13
2020-10-11,944,Mook en Middelaar,Limburg,31,Totaal,2,95
2020-10-11,944,Mook en Middelaar,Limburg,31,Ziekenhuisopname,0,7
2020-10-11,944,Mook en Middelaar,Limburg,31,Overleden,0,5
2020-10-11,946,Nederweert,Limburg,31,Totaal,4,114
2020-10-11,946,Nederweert,Limburg,31,Ziekenhuisopname,0,31
2020-10-11,946,Nederweert,Limburg,31,Overleden,0,7
2020-10-11,957,Roermond,Limburg,31,Totaal,9,334
2020-10-11,957,Roermond,Limburg,31,Ziekenhuisopname,0,62
2020-10-11,957,Roermond,Limburg,31,Overleden,0,23
2020-10-11,965,Simpelveld,Limburg,31,Totaal,0,63
2020-10-11,965,Simpelveld,Limburg,31,Ziekenhuisopname,0,19
2020-10-11,965,Simpelveld,Limburg,31,Overleden,0,5
2020-10-11,971,Stein,Limburg,31,Totaal,6,167
2020-10-11,971,Stein,Limburg,31,Ziekenhuisopname,0,44
2020-10-11,971,Stein,Limburg,31,Overleden,0,15
2020-10-11,981,Vaals,Limburg,31,Totaal,3,42
2020-10-11,981,Vaals,Limburg,31,Ziekenhuisopname,0,10
2020-10-11,981,Vaals,Limburg,31,Overleden,0,2
2020-10-11,983,Venlo,Limburg,31,Totaal,39,868
2020-10-11,983,Venlo,Limburg,31,Ziekenhuisopname,0,135
2020-10-11,983,Venlo,Limburg,31,Overleden,0,67
2020-10-11,984,Venray,Limburg,31,Totaal,20,335
2020-10-11,984,Venray,Limburg,31,Ziekenhuisopname,0,37
2020-10-11,984,Venray,Limburg,31,Overleden,0,18
2020-10-11,986,Voerendaal,Limburg,31,Totaal,2,69
2020-10-11,986,Voerendaal,Limburg,31,Ziekenhuisopname,0,17
2020-10-11,986,Voerendaal,Limburg,31,Overleden,0,8
2020-10-11,988,Weert,Limburg,31,Totaal,24,335
2020-10-11,988,Weert,Limburg,31,Ziekenhuisopname,0,68
2020-10-11,988,Weert,Limburg,31,Overleden,0,16
2020-10-11,994,Valkenburg aan de Geul,Limburg,31,Totaal,3,123
2020-10-11,994,Valkenburg aan de Geul,Limburg,31,Ziekenhuisopname,0,19
2020-10-11,994,Valkenburg aan de Geul,Limburg,31,Overleden,0,7
2020-10-11,995,Lelystad,Flevoland,24,Totaal,13,546
2020-10-11,995,Lelystad,Flevoland,24,Ziekenhuisopname,0,74
2020-10-11,995,Lelystad,Flevoland,24,Overleden,0,31
2020-10-11,1507,Horst aan de Maas,Limburg,31,Totaal,15,295
2020-10-11,1507,Horst aan de Maas,Limburg,31,Ziekenhuisopname,0,41
2020-10-11,1507,Horst aan de Maas,Limburg,31,Overleden,0,27
2020-10-11,1509,Oude IJsselstreek,Gelderland,25,Totaal,10,229
2020-10-11,1509,Oude IJsselstreek,Gelderland,25,Ziekenhuisopname,0,22
2020-10-11,1509,Oude IJsselstreek,Gelderland,25,Overleden,0,9
2020-10-11,1525,Teylingen,Zuid-Holland,28,Totaal,15,337
2020-10-11,1525,Teylingen,Zuid-Holland,28,Ziekenhuisopname,0,17
2020-10-11,1525,Teylingen,Zuid-Holland,28,Overleden,0,3
2020-10-11,1581,Utrechtse Heuvelrug,Utrecht,26,Totaal,14,409
2020-10-11,1581,Utrechtse Heuvelrug,Utrecht,26,Ziekenhuisopname,0,29
2020-10-11,1581,Utrechtse Heuvelrug,Utrecht,26,Overleden,1,15
2020-10-11,1586,Oost Gelre,Gelderland,25,Totaal,14,233
2020-10-11,1586,Oost Gelre,Gelderland,25,Ziekenhuisopname,0,18
2020-10-11,1586,Oost Gelre,Gelderland,25,Overleden,0,6
2020-10-11,1598,Koggenland,Noord-Holland,27,Totaal,3,149
2020-10-11,1598,Koggenland,Noord-Holland,27,Ziekenhuisopname,0,7
2020-10-11,1598,Koggenland,Noord-Holland,27,Overleden,0,7
2020-10-11,1621,Lansingerland,Zuid-Holland,28,Totaal,27,815
2020-10-11,1621,Lansingerland,Zuid-Holland,28,Ziekenhuisopname,1,48
2020-10-11,1621,Lansingerland,Zuid-Holland,28,Overleden,1,28
2020-10-11,1640,Leudal,Limburg,31,Totaal,13,265
2020-10-11,1640,Leudal,Limburg,31,Ziekenhuisopname,0,54
2020-10-11,1640,Leudal,Limburg,31,Overleden,0,33
2020-10-11,1641,Maasgouw,Limburg,31,Totaal,5,158
2020-10-11,1641,Maasgouw,Limburg,31,Ziekenhuisopname,0,28
2020-10-11,1641,Maasgouw,Limburg,31,Overleden,0,15
2020-10-11,1652,Gemert-Bakel,Noord-Brabant,30,Totaal,11,327
2020-10-11,1652,Gemert-Bakel,Noord-Brabant,30,Ziekenhuisopname,0,79
2020-10-11,1652,Gemert-Bakel,Noord-Brabant,30,Overleden,0,32
2020-10-11,1655,Halderberge,Noord-Brabant,30,Totaal,14,259
2020-10-11,1655,Halderberge,Noord-Brabant,30,Ziekenhuisopname,0,16
2020-10-11,1655,Halderberge,Noord-Brabant,30,Overleden,0,9
2020-10-11,1658,Heeze-Leende,Noord-Brabant,30,Totaal,7,147
2020-10-11,1658,Heeze-Leende,Noord-Brabant,30,Ziekenhuisopname,0,16
2020-10-11,1658,Heeze-Leende,Noord-Brabant,30,Overleden,0,8
2020-10-11,1659,Laarbeek,Noord-Brabant,30,Totaal,4,219
2020-10-11,1659,Laarbeek,Noord-Brabant,30,Ziekenhuisopname,0,41
2020-10-11,1659,Laarbeek,Noord-Brabant,30,Overleden,0,26
2020-10-11,1667,Reusel-De Mierden,Noord-Brabant,30,Totaal,10,214
2020-10-11,1667,Reusel-De Mierden,Noord-Brabant,30,Ziekenhuisopname,0,12
2020-10-11,1667,Reusel-De Mierden,Noord-Brabant,30,Overleden,0,2
2020-10-11,1669,Roerdalen,Limburg,31,Totaal,3,86
2020-10-11,1669,Roerdalen,Limburg,31,Ziekenhuisopname,0,27
2020-10-11,1669,Roerdalen,Limburg,31,Overleden,0,8
2020-10-11,1674,Roosendaal,Noord-Brabant,30,Totaal,61,788
2020-10-11,1674,Roosendaal,Noord-Brabant,30,Ziekenhuisopname,1,37
2020-10-11,1674,Roosendaal,Noord-Brabant,30,Overleden,0,24
2020-10-11,1676,Schouwen-Duiveland,Zeeland,29,Totaal,15,196
2020-10-11,1676,Schouwen-Duiveland,Zeeland,29,Ziekenhuisopname,0,12
2020-10-11,1676,Schouwen-Duiveland,Zeeland,29,Overleden,0,9
2020-10-11,1680,Aa en Hunze,Drenthe,22,Totaal,17,102
2020-10-11,1680,Aa en Hunze,Drenthe,22,Ziekenhuisopname,0,1
2020-10-11,1680,Aa en Hunze,Drenthe,22,Overleden,0,0
2020-10-11,1681,Borger-Odoorn,Drenthe,22,Totaal,18,85
2020-10-11,1681,Borger-Odoorn,Drenthe,22,Ziekenhuisopname,1,5
2020-10-11,1681,Borger-Odoorn,Drenthe,22,Overleden,0,4
2020-10-11,1684,Cuijk,Noord-Brabant,30,Totaal,8,189
2020-10-11,1684,Cuijk,Noord-Brabant,30,Ziekenhuisopname,0,12
2020-10-11,1684,Cuijk,Noord-Brabant,30,Overleden,0,10
2020-10-11,1685,Landerd,Noord-Brabant,30,Totaal,13,242
2020-10-11,1685,Landerd,Noord-Brabant,30,Ziekenhuisopname,0,42
2020-10-11,1685,Landerd,Noord-Brabant,30,Overleden,0,21
2020-10-11,1690,De Wolden,Drenthe,22,Totaal,11,103
2020-10-11,1690,De Wolden,Drenthe,22,Ziekenhuisopname,0,11
2020-10-11,1690,De Wolden,Drenthe,22,Overleden,0,5
2020-10-11,1695,Noord-Beveland,Zeeland,29,Totaal,4,36
2020-10-11,1695,Noord-Beveland,Zeeland,29,Ziekenhuisopname,0,1
2020-10-11,1695,Noord-Beveland,Zeeland,29,Overleden,0,0
2020-10-11,1696,Wijdemeren,Noord-Holland,27,Totaal,9,192
2020-10-11,1696,Wijdemeren,Noord-Holland,27,Ziekenhuisopname,0,9
2020-10-11,1696,Wijdemeren,Noord-Holland,27,Overleden,0,0
2020-10-11,1699,Noordenveld,Drenthe,22,Totaal,12,158
2020-10-11,1699,Noordenveld,Drenthe,22,Ziekenhuisopname,0,4
2020-10-11,1699,Noordenveld,Drenthe,22,Overleden,0,13
2020-10-11,1700,Twenterand,Overijssel,23,Totaal,14,135
2020-10-11,1700,Twenterand,Overijssel,23,Ziekenhuisopname,0,12
2020-10-11,1700,Twenterand,Overijssel,23,Overleden,0,3
2020-10-11,1701,Westerveld,Drenthe,22,Totaal,11,73
2020-10-11,1701,Westerveld,Drenthe,22,Ziekenhuisopname,0,9
2020-10-11,1701,Westerveld,Drenthe,22,Overleden,0,4
2020-10-11,1702,Sint Anthonis,Noord-Brabant,30,Totaal,3,114
2020-10-11,1702,Sint Anthonis,Noord-Brabant,30,Ziekenhuisopname,0,20
2020-10-11,1702,Sint Anthonis,Noord-Brabant,30,Overleden,0,11
2020-10-11,1705,Lingewaard,Gelderland,25,Totaal,11,363
2020-10-11,1705,Lingewaard,Gelderland,25,Ziekenhuisopname,-1,35
2020-10-11,1705,Lingewaard,Gelderland,25,Overleden,0,11
2020-10-11,1706,Cranendonck,Noord-Brabant,30,Totaal,14,302
2020-10-11,1706,Cranendonck,Noord-Brabant,30,Ziekenhuisopname,0,63
2020-10-11,1706,Cranendonck,Noord-Brabant,30,Overleden,0,36
2020-10-11,1708,Steenwijkerland,Overijssel,23,Totaal,4,251
2020-10-11,1708,Steenwijkerland,Overijssel,23,Ziekenhuisopname,0,15
2020-10-11,1708,Steenwijkerland,Overijssel,23,Overleden,0,8
2020-10-11,1709,Moerdijk,Noord-Brabant,30,Totaal,14,277
2020-10-11,1709,Moerdijk,Noord-Brabant,30,Ziekenhuisopname,0,17
2020-10-11,1709,Moerdijk,Noord-Brabant,30,Overleden,0,9
2020-10-11,1711,Echt-Susteren,Limburg,31,Totaal,9,143
2020-10-11,1711,Echt-Susteren,Limburg,31,Ziekenhuisopname,0,40
2020-10-11,1711,Echt-Susteren,Limburg,31,Overleden,0,18
2020-10-11,1714,Sluis,Zeeland,29,Totaal,2,38
2020-10-11,1714,Sluis,Zeeland,29,Ziekenhuisopname,0,9
2020-10-11,1714,Sluis,Zeeland,29,Overleden,0,4
2020-10-11,1719,Drimmelen,Noord-Brabant,30,Totaal,7,181
2020-10-11,1719,Drimmelen,Noord-Brabant,30,Ziekenhuisopname,0,21
2020-10-11,1719,Drimmelen,Noord-Brabant,30,Overleden,0,9
2020-10-11,1721,Bernheze,Noord-Brabant,30,Totaal,6,426
2020-10-11,1721,Bernheze,Noord-Brabant,30,Ziekenhuisopname,0,95
2020-10-11,1721,Bernheze,Noord-Brabant,30,Overleden,0,65
2020-10-11,1723,Alphen-Chaam,Noord-Brabant,30,Totaal,2,95
2020-10-11,1723,Alphen-Chaam,Noord-Brabant,30,Ziekenhuisopname,0,18
2020-10-11,1723,Alphen-Chaam,Noord-Brabant,30,Overleden,0,5
2020-10-11,1724,Bergeijk,Noord-Brabant,30,Totaal,15,247
2020-10-11,1724,Bergeijk,Noord-Brabant,30,Ziekenhuisopname,0,19
2020-10-11,1724,Bergeijk,Noord-Brabant,30,Overleden,0,5
2020-10-11,1728,Bladel,Noord-Brabant,30,Totaal,27,400
2020-10-11,1728,Bladel,Noord-Brabant,30,Ziekenhuisopname,0,21
2020-10-11,1728,Bladel,Noord-Brabant,30,Overleden,0,9
2020-10-11,1729,Gulpen-Wittem,Limburg,31,Totaal,4,135
2020-10-11,1729,Gulpen-Wittem,Limburg,31,Ziekenhuisopname,0,22
2020-10-11,1729,Gulpen-Wittem,Limburg,31,Overleden,0,15
2020-10-11,1730,Tynaarlo,Drenthe,22,Totaal,10,142
2020-10-11,1730,Tynaarlo,Drenthe,22,Ziekenhuisopname,0,9
2020-10-11,1730,Tynaarlo,Drenthe,22,Overleden,0,0
2020-10-11,1731,Midden-Drenthe,Drenthe,22,Totaal,6,77
2020-10-11,1731,Midden-Drenthe,Drenthe,22,Ziekenhuisopname,0,6
2020-10-11,1731,Midden-Drenthe,Drenthe,22,Overleden,0,0
2020-10-11,1734,Overbetuwe,Gelderland,25,Totaal,9,381
2020-10-11,1734,Overbetuwe,Gelderland,25,Ziekenhuisopname,0,56
2020-10-11,1734,Overbetuwe,Gelderland,25,Overleden,0,16
2020-10-11,1735,Hof van Twente,Overijssel,23,Totaal,20,233
2020-10-11,1735,Hof van Twente,Overijssel,23,Ziekenhuisopname,0,15
2020-10-11,1735,Hof van Twente,Overijssel,23,Overleden,0,5
2020-10-11,1740,Neder-Betuwe,Gelderland,25,Totaal,5,223
2020-10-11,1740,Neder-Betuwe,Gelderland,25,Ziekenhuisopname,0,41
2020-10-11,1740,Neder-Betuwe,Gelderland,25,Overleden,0,21
2020-10-11,1742,Rijssen-Holten,Overijssel,23,Totaal,11,325
2020-10-11,1742,Rijssen-Holten,Overijssel,23,Ziekenhuisopname,0,29
2020-10-11,1742,Rijssen-Holten,Overijssel,23,Overleden,0,25
2020-10-11,1771,Geldrop-Mierlo,Noord-Brabant,30,Totaal,9,297
2020-10-11,1771,Geldrop-Mierlo,Noord-Brabant,30,Ziekenhuisopname,0,34
2020-10-11,1771,Geldrop-Mierlo,Noord-Brabant,30,Overleden,0,16
2020-10-11,1773,Olst-Wijhe,Overijssel,23,Totaal,2,112
2020-10-11,1773,Olst-Wijhe,Overijssel,23,Ziekenhuisopname,0,12
2020-10-11,1773,Olst-Wijhe,Overijssel,23,Overleden,0,8
2020-10-11,1774,Dinkelland,Overijssel,23,Totaal,16,218
2020-10-11,1774,Dinkelland,Overijssel,23,Ziekenhuisopname,0,20
2020-10-11,1774,Dinkelland,Overijssel,23,Overleden,0,10
2020-10-11,1783,Westland,Zuid-Holland,28,Totaal,48,1158
2020-10-11,1783,Westland,Zuid-Holland,28,Ziekenhuisopname,0,65
2020-10-11,1783,Westland,Zuid-Holland,28,Overleden,0,30
2020-10-11,1842,Midden-Delfland,Zuid-Holland,28,Totaal,5,164
2020-10-11,1842,Midden-Delfland,Zuid-Holland,28,Ziekenhuisopname,0,5
2020-10-11,1842,Midden-Delfland,Zuid-Holland,28,Overleden,0,0
2020-10-11,1859,Berkelland,Gelderland,25,Totaal,14,268
2020-10-11,1859,Berkelland,Gelderland,25,Ziekenhuisopname,0,14
2020-10-11,1859,Berkelland,Gelderland,25,Overleden,0,7
2020-10-11,1876,Bronckhorst,Gelderland,25,Totaal,12,206
2020-10-11,1876,Bronckhorst,Gelderland,25,Ziekenhuisopname,0,17
2020-10-11,1876,Bronckhorst,Gelderland,25,Overleden,0,7
2020-10-11,1883,Sittard-Geleen,Limburg,31,Totaal,15,629
2020-10-11,1883,Sittard-Geleen,Limburg,31,Ziekenhuisopname,0,120
2020-10-11,1883,Sittard-Geleen,Limburg,31,Overleden,0,64
2020-10-11,1884,Kaag en Braassem,Zuid-Holland,28,Totaal,20,178
2020-10-11,1884,Kaag en Braassem,Zuid-Holland,28,Ziekenhuisopname,0,8
2020-10-11,1884,Kaag en Braassem,Zuid-Holland,28,Overleden,0,3
2020-10-11,1891,Dantumadiel,Friesland,21,Totaal,3,81
2020-10-11,1891,Dantumadiel,Friesland,21,Ziekenhuisopname,0,2
2020-10-11,1891,Dantumadiel,Friesland,21,Overleden,0,0
2020-10-11,1892,Zuidplas,Zuid-Holland,28,Totaal,27,641
2020-10-11,1892,Zuidplas,Zuid-Holland,28,Ziekenhuisopname,0,28
2020-10-11,1892,Zuidplas,Zuid-Holland,28,Overleden,0,21
2020-10-11,1894,Peel en Maas,Limburg,31,Totaal,17,408
2020-10-11,1894,Peel en Maas,Limburg,31,Ziekenhuisopname,0,144
2020-10-11,1894,Peel en Maas,Limburg,31,Overleden,0,65
2020-10-11,1895,Oldambt,Groningen,20,Totaal,8,116
2020-10-11,1895,Oldambt,Groningen,20,Ziekenhuisopname,0,8
2020-10-11,1895,Oldambt,Groningen,20,Overleden,0,3
2020-10-11,1896,Zwartewaterland,Overijssel,23,Totaal,2,211
2020-10-11,1896,Zwartewaterland,Overijssel,23,Ziekenhuisopname,0,35
2020-10-11,1896,Zwartewaterland,Overijssel,23,Overleden,0,21
2020-10-11,1900,Sdwest-Frysln,Friesland,21,Totaal,24,340
2020-10-11,1900,Sdwest-Frysln,Friesland,21,Ziekenhuisopname,0,19
2020-10-11,1900,Sdwest-Frysln,Friesland,21,Overleden,0,6
2020-10-11,1901,Bodegraven-Reeuwijk,Zuid-Holland,28,Totaal,21,344
2020-10-11,1901,Bodegraven-Reeuwijk,Zuid-Holland,28,Ziekenhuisopname,1,10
2020-10-11,1901,Bodegraven-Reeuwijk,Zuid-Holland,28,Overleden,0,9
2020-10-11,1903,Eijsden-Margraten,Limburg,31,Totaal,10,267
2020-10-11,1903,Eijsden-Margraten,Limburg,31,Ziekenhuisopname,1,55
2020-10-11,1903,Eijsden-Margraten,Limburg,31,Overleden,0,27
2020-10-11,1904,Stichtse Vecht,Utrecht,26,Totaal,25,623
2020-10-11,1904,Stichtse Vecht,Utrecht,26,Ziekenhuisopname,0,42
2020-10-11,1904,Stichtse Vecht,Utrecht,26,Overleden,0,14
2020-10-11,1911,Hollands Kroon,Noord-Holland,27,Totaal,11,175
2020-10-11,1911,Hollands Kroon,Noord-Holland,27,Ziekenhuisopname,0,26
2020-10-11,1911,Hollands Kroon,Noord-Holland,27,Overleden,0,6
2020-10-11,1916,Leidschendam-Voorburg,Zuid-Holland,28,Totaal,25,873
2020-10-11,1916,Leidschendam-Voorburg,Zuid-Holland,28,Ziekenhuisopname,0,34
2020-10-11,1916,Leidschendam-Voorburg,Zuid-Holland,28,Overleden,0,25
2020-10-11,1924,Goeree-Overflakkee,Zuid-Holland,28,Totaal,13,525
2020-10-11,1924,Goeree-Overflakkee,Zuid-Holland,28,Ziekenhuisopname,0,57
2020-10-11,1924,Goeree-Overflakkee,Zuid-Holland,28,Overleden,0,35
2020-10-11,1926,Pijnacker-Nootdorp,Zuid-Holland,28,Totaal,14,637
2020-10-11,1926,Pijnacker-Nootdorp,Zuid-Holland,28,Ziekenhuisopname,0,30
2020-10-11,1926,Pijnacker-Nootdorp,Zuid-Holland,28,Overleden,0,18
2020-10-11,1930,Nissewaard,Zuid-Holland,28,Totaal,33,863
2020-10-11,1930,Nissewaard,Zuid-Holland,28,Ziekenhuisopname,0,64
2020-10-11,1930,Nissewaard,Zuid-Holland,28,Overleden,0,23
2020-10-11,1931,Krimpenerwaard,Zuid-Holland,28,Totaal,34,677
2020-10-11,1931,Krimpenerwaard,Zuid-Holland,28,Ziekenhuisopname,0,47
2020-10-11,1931,Krimpenerwaard,Zuid-Holland,28,Overleden,0,35
2020-10-11,1940,De Fryske Marren,Friesland,21,Totaal,13,221
2020-10-11,1940,De Fryske Marren,Friesland,21,Ziekenhuisopname,0,19
2020-10-11,1940,De Fryske Marren,Friesland,21,Overleden,0,6
2020-10-11,1942,Gooise Meren,Noord-Holland,27,Totaal,30,551
2020-10-11,1942,Gooise Meren,Noord-Holland,27,Ziekenhuisopname,1,26
2020-10-11,1942,Gooise Meren,Noord-Holland,27,Overleden,0,15
2020-10-11,1945,Berg en Dal,Gelderland,25,Totaal,14,414
2020-10-11,1945,Berg en Dal,Gelderland,25,Ziekenhuisopname,0,32
2020-10-11,1945,Berg en Dal,Gelderland,25,Overleden,0,20
2020-10-11,1948,Meierijstad,Noord-Brabant,30,Totaal,17,898
2020-10-11,1948,Meierijstad,Noord-Brabant,30,Ziekenhuisopname,0,211
2020-10-11,1948,Meierijstad,Noord-Brabant,30,Overleden,0,131
2020-10-11,1949,Waadhoeke,Friesland,21,Totaal,19,227
2020-10-11,1949,Waadhoeke,Friesland,21,Ziekenhuisopname,0,13
2020-10-11,1949,Waadhoeke,Friesland,21,Overleden,0,15
2020-10-11,1950,Westerwolde,Groningen,20,Totaal,3,68
2020-10-11,1950,Westerwolde,Groningen,20,Ziekenhuisopname,0,7
2020-10-11,1950,Westerwolde,Groningen,20,Overleden,0,1
2020-10-11,1952,Midden-Groningen,Groningen,20,Totaal,8,161
2020-10-11,1952,Midden-Groningen,Groningen,20,Ziekenhuisopname,0,7
2020-10-11,1952,Midden-Groningen,Groningen,20,Overleden,0,4
2020-10-11,1954,Beekdaelen,Limburg,31,Totaal,4,266
2020-10-11,1954,Beekdaelen,Limburg,31,Ziekenhuisopname,0,52
2020-10-11,1954,Beekdaelen,Limburg,31,Overleden,0,23
2020-10-11,1955,Montferland,Gelderland,25,Totaal,9,189
2020-10-11,1955,Montferland,Gelderland,25,Ziekenhuisopname,0,22
2020-10-11,1955,Montferland,Gelderland,25,Overleden,0,9
2020-10-11,1959,Altena,Noord-Brabant,30,Totaal,36,428
2020-10-11,1959,Altena,Noord-Brabant,30,Ziekenhuisopname,1,36
2020-10-11,1959,Altena,Noord-Brabant,30,Overleden,0,11
2020-10-11,1960,West Betuwe,Gelderland,25,Totaal,15,384
2020-10-11,1960,West Betuwe,Gelderland,25,Ziekenhuisopname,0,44
2020-10-11,1960,West Betuwe,Gelderland,25,Overleden,1,29
2020-10-11,1961,Vijfheerenlanden,Utrecht,26,Totaal,26,730
2020-10-11,1961,Vijfheerenlanden,Utrecht,26,Ziekenhuisopname,0,40
2020-10-11,1961,Vijfheerenlanden,Utrecht,26,Overleden,0,43
2020-10-11,1963,Hoeksche Waard,Zuid-Holland,28,Totaal,37,1018
2020-10-11,1963,Hoeksche Waard,Zuid-Holland,28,Ziekenhuisopname,0,81
2020-10-11,1963,Hoeksche Waard,Zuid-Holland,28,Overleden,0,21
2020-10-11,1966,Het Hogeland,Groningen,20,Totaal,10,196
2020-10-11,1966,Het Hogeland,Groningen,20,Ziekenhuisopname,0,8
2020-10-11,1966,Het Hogeland,Groningen,20,Overleden,0,4
2020-10-11,1969,Westerkwartier,Groningen,20,Totaal,14,208
2020-10-11,1969,Westerkwartier,Groningen,20,Ziekenhuisopname,0,16
2020-10-11,1969,Westerkwartier,Groningen,20,Overleden,0,4
2020-10-11,1970,Noardeast-Frysln,Friesland,21,Totaal,5,154
2020-10-11,1970,Noardeast-Frysln,Friesland,21,Ziekenhuisopname,0,7
2020-10-11,1970,Noardeast-Frysln,Friesland,21,Overleden,0,4
2020-10-11,1978,Molenlanden,Zuid-Holland,28,Totaal,14,340
2020-10-11,1978,Molenlanden,Zuid-Holland,28,Ziekenhuisopname,0,20
2020-10-11,1978,Molenlanden,Zuid-Holland,28,Overleden,0,9
