Datum,Gemeentecode,Gemeentenaam,Provincienaam,Provinciecode,Type,Aantal,AantalCumulatief
2020-04-02,-1,,,-1,Totaal,,
2020-04-02,-1,,,-1,Ziekenhuisopname,6,77
2020-04-02,-1,,,-1,Overleden,,
2020-04-02,3,Appingedam,Groningen,20,Totaal,,
2020-04-02,3,Appingedam,Groningen,20,Ziekenhuisopname,0,1
2020-04-02,3,Appingedam,Groningen,20,Overleden,,
2020-04-02,10,Delfzijl,Groningen,20,Totaal,,
2020-04-02,10,Delfzijl,Groningen,20,Ziekenhuisopname,0,4
2020-04-02,10,Delfzijl,Groningen,20,Overleden,,
2020-04-02,14,Groningen,Groningen,20,Totaal,,
2020-04-02,14,Groningen,Groningen,20,Ziekenhuisopname,1,12
2020-04-02,14,Groningen,Groningen,20,Overleden,,
2020-04-02,24,Loppersum,Groningen,20,Totaal,,
2020-04-02,24,Loppersum,Groningen,20,Ziekenhuisopname,0,0
2020-04-02,24,Loppersum,Groningen,20,Overleden,,
2020-04-02,34,Almere,Flevoland,24,Totaal,,
2020-04-02,34,Almere,Flevoland,24,Ziekenhuisopname,11,61
2020-04-02,34,Almere,Flevoland,24,Overleden,,
2020-04-02,37,Stadskanaal,Groningen,20,Totaal,,
2020-04-02,37,Stadskanaal,Groningen,20,Ziekenhuisopname,0,0
2020-04-02,37,Stadskanaal,Groningen,20,Overleden,,
2020-04-02,47,Veendam,Groningen,20,Totaal,,
2020-04-02,47,Veendam,Groningen,20,Ziekenhuisopname,0,1
2020-04-02,47,Veendam,Groningen,20,Overleden,,
2020-04-02,50,Zeewolde,Flevoland,24,Totaal,,
2020-04-02,50,Zeewolde,Flevoland,24,Ziekenhuisopname,1,5
2020-04-02,50,Zeewolde,Flevoland,24,Overleden,,
2020-04-02,59,Achtkarspelen,Friesland,21,Totaal,,
2020-04-02,59,Achtkarspelen,Friesland,21,Ziekenhuisopname,0,0
2020-04-02,59,Achtkarspelen,Friesland,21,Overleden,,
2020-04-02,60,Ameland,Friesland,21,Totaal,,
2020-04-02,60,Ameland,Friesland,21,Ziekenhuisopname,0,0
2020-04-02,60,Ameland,Friesland,21,Overleden,,
2020-04-02,72,Harlingen,Friesland,21,Totaal,,
2020-04-02,72,Harlingen,Friesland,21,Ziekenhuisopname,0,1
2020-04-02,72,Harlingen,Friesland,21,Overleden,,
2020-04-02,74,Heerenveen,Friesland,21,Totaal,,
2020-04-02,74,Heerenveen,Friesland,21,Ziekenhuisopname,0,7
2020-04-02,74,Heerenveen,Friesland,21,Overleden,,
2020-04-02,80,Leeuwarden,Friesland,21,Totaal,,
2020-04-02,80,Leeuwarden,Friesland,21,Ziekenhuisopname,2,21
2020-04-02,80,Leeuwarden,Friesland,21,Overleden,,
2020-04-02,85,Ooststellingwerf,Friesland,21,Totaal,,
2020-04-02,85,Ooststellingwerf,Friesland,21,Ziekenhuisopname,0,1
2020-04-02,85,Ooststellingwerf,Friesland,21,Overleden,,
2020-04-02,86,Opsterland,Friesland,21,Totaal,,
2020-04-02,86,Opsterland,Friesland,21,Ziekenhuisopname,0,4
2020-04-02,86,Opsterland,Friesland,21,Overleden,,
2020-04-02,88,Schiermonnikoog,Friesland,21,Totaal,,
2020-04-02,88,Schiermonnikoog,Friesland,21,Ziekenhuisopname,0,0
2020-04-02,88,Schiermonnikoog,Friesland,21,Overleden,,
2020-04-02,90,Smallingerland,Friesland,21,Totaal,,
2020-04-02,90,Smallingerland,Friesland,21,Ziekenhuisopname,0,5
2020-04-02,90,Smallingerland,Friesland,21,Overleden,,
2020-04-02,93,Terschelling,Friesland,21,Totaal,,
2020-04-02,93,Terschelling,Friesland,21,Ziekenhuisopname,0,0
2020-04-02,93,Terschelling,Friesland,21,Overleden,,
2020-04-02,96,Vlieland,Friesland,21,Totaal,,
2020-04-02,96,Vlieland,Friesland,21,Ziekenhuisopname,0,0
2020-04-02,96,Vlieland,Friesland,21,Overleden,,
2020-04-02,98,Weststellingwerf,Friesland,21,Totaal,,
2020-04-02,98,Weststellingwerf,Friesland,21,Ziekenhuisopname,0,2
2020-04-02,98,Weststellingwerf,Friesland,21,Overleden,,
2020-04-02,106,Assen,Drenthe,22,Totaal,,
2020-04-02,106,Assen,Drenthe,22,Ziekenhuisopname,0,7
2020-04-02,106,Assen,Drenthe,22,Overleden,,
2020-04-02,109,Coevorden,Drenthe,22,Totaal,,
2020-04-02,109,Coevorden,Drenthe,22,Ziekenhuisopname,0,6
2020-04-02,109,Coevorden,Drenthe,22,Overleden,,
2020-04-02,114,Emmen,Drenthe,22,Totaal,,
2020-04-02,114,Emmen,Drenthe,22,Ziekenhuisopname,0,6
2020-04-02,114,Emmen,Drenthe,22,Overleden,,
2020-04-02,118,Hoogeveen,Drenthe,22,Totaal,,
2020-04-02,118,Hoogeveen,Drenthe,22,Ziekenhuisopname,0,5
2020-04-02,118,Hoogeveen,Drenthe,22,Overleden,,
2020-04-02,119,Meppel,Drenthe,22,Totaal,,
2020-04-02,119,Meppel,Drenthe,22,Ziekenhuisopname,0,4
2020-04-02,119,Meppel,Drenthe,22,Overleden,,
2020-04-02,141,Almelo,Overijssel,23,Totaal,,
2020-04-02,141,Almelo,Overijssel,23,Ziekenhuisopname,2,12
2020-04-02,141,Almelo,Overijssel,23,Overleden,,
2020-04-02,147,Borne,Overijssel,23,Totaal,,
2020-04-02,147,Borne,Overijssel,23,Ziekenhuisopname,0,10
2020-04-02,147,Borne,Overijssel,23,Overleden,,
2020-04-02,148,Dalfsen,Overijssel,23,Totaal,,
2020-04-02,148,Dalfsen,Overijssel,23,Ziekenhuisopname,2,9
2020-04-02,148,Dalfsen,Overijssel,23,Overleden,,
2020-04-02,150,Deventer,Overijssel,23,Totaal,,
2020-04-02,150,Deventer,Overijssel,23,Ziekenhuisopname,3,25
2020-04-02,150,Deventer,Overijssel,23,Overleden,,
2020-04-02,153,Enschede,Overijssel,23,Totaal,,
2020-04-02,153,Enschede,Overijssel,23,Ziekenhuisopname,0,28
2020-04-02,153,Enschede,Overijssel,23,Overleden,,
2020-04-02,158,Haaksbergen,Overijssel,23,Totaal,,
2020-04-02,158,Haaksbergen,Overijssel,23,Ziekenhuisopname,0,6
2020-04-02,158,Haaksbergen,Overijssel,23,Overleden,,
2020-04-02,160,Hardenberg,Overijssel,23,Totaal,,
2020-04-02,160,Hardenberg,Overijssel,23,Ziekenhuisopname,1,10
2020-04-02,160,Hardenberg,Overijssel,23,Overleden,,
2020-04-02,163,Hellendoorn,Overijssel,23,Totaal,,
2020-04-02,163,Hellendoorn,Overijssel,23,Ziekenhuisopname,0,4
2020-04-02,163,Hellendoorn,Overijssel,23,Overleden,,
2020-04-02,164,Hengelo,Overijssel,23,Totaal,,
2020-04-02,164,Hengelo,Overijssel,23,Ziekenhuisopname,1,8
2020-04-02,164,Hengelo,Overijssel,23,Overleden,,
2020-04-02,166,Kampen,Overijssel,23,Totaal,,
2020-04-02,166,Kampen,Overijssel,23,Ziekenhuisopname,0,38
2020-04-02,166,Kampen,Overijssel,23,Overleden,,
2020-04-02,168,Losser,Overijssel,23,Totaal,,
2020-04-02,168,Losser,Overijssel,23,Ziekenhuisopname,0,3
2020-04-02,168,Losser,Overijssel,23,Overleden,,
2020-04-02,171,Noordoostpolder,Flevoland,24,Totaal,,
2020-04-02,171,Noordoostpolder,Flevoland,24,Ziekenhuisopname,1,7
2020-04-02,171,Noordoostpolder,Flevoland,24,Overleden,,
2020-04-02,173,Oldenzaal,Overijssel,23,Totaal,,
2020-04-02,173,Oldenzaal,Overijssel,23,Ziekenhuisopname,2,10
2020-04-02,173,Oldenzaal,Overijssel,23,Overleden,,
2020-04-02,175,Ommen,Overijssel,23,Totaal,,
2020-04-02,175,Ommen,Overijssel,23,Ziekenhuisopname,2,6
2020-04-02,175,Ommen,Overijssel,23,Overleden,,
2020-04-02,177,Raalte,Overijssel,23,Totaal,,
2020-04-02,177,Raalte,Overijssel,23,Ziekenhuisopname,2,18
2020-04-02,177,Raalte,Overijssel,23,Overleden,,
2020-04-02,180,Staphorst,Overijssel,23,Totaal,,
2020-04-02,180,Staphorst,Overijssel,23,Ziekenhuisopname,0,1
2020-04-02,180,Staphorst,Overijssel,23,Overleden,,
2020-04-02,183,Tubbergen,Overijssel,23,Totaal,,
2020-04-02,183,Tubbergen,Overijssel,23,Ziekenhuisopname,1,8
2020-04-02,183,Tubbergen,Overijssel,23,Overleden,,
2020-04-02,184,Urk,Flevoland,24,Totaal,,
2020-04-02,184,Urk,Flevoland,24,Ziekenhuisopname,1,12
2020-04-02,184,Urk,Flevoland,24,Overleden,,
2020-04-02,189,Wierden,Overijssel,23,Totaal,,
2020-04-02,189,Wierden,Overijssel,23,Ziekenhuisopname,0,2
2020-04-02,189,Wierden,Overijssel,23,Overleden,,
2020-04-02,193,Zwolle,Overijssel,23,Totaal,,
2020-04-02,193,Zwolle,Overijssel,23,Ziekenhuisopname,5,33
2020-04-02,193,Zwolle,Overijssel,23,Overleden,,
2020-04-02,197,Aalten,Gelderland,25,Totaal,,
2020-04-02,197,Aalten,Gelderland,25,Ziekenhuisopname,0,1
2020-04-02,197,Aalten,Gelderland,25,Overleden,,
2020-04-02,200,Apeldoorn,Gelderland,25,Totaal,,
2020-04-02,200,Apeldoorn,Gelderland,25,Ziekenhuisopname,0,22
2020-04-02,200,Apeldoorn,Gelderland,25,Overleden,,
2020-04-02,202,Arnhem,Gelderland,25,Totaal,,
2020-04-02,202,Arnhem,Gelderland,25,Ziekenhuisopname,3,33
2020-04-02,202,Arnhem,Gelderland,25,Overleden,,
2020-04-02,203,Barneveld,Gelderland,25,Totaal,,
2020-04-02,203,Barneveld,Gelderland,25,Ziekenhuisopname,0,8
2020-04-02,203,Barneveld,Gelderland,25,Overleden,,
2020-04-02,209,Beuningen,Gelderland,25,Totaal,,
2020-04-02,209,Beuningen,Gelderland,25,Ziekenhuisopname,2,14
2020-04-02,209,Beuningen,Gelderland,25,Overleden,,
2020-04-02,213,Brummen,Gelderland,25,Totaal,,
2020-04-02,213,Brummen,Gelderland,25,Ziekenhuisopname,1,5
2020-04-02,213,Brummen,Gelderland,25,Overleden,,
2020-04-02,214,Buren,Gelderland,25,Totaal,,
2020-04-02,214,Buren,Gelderland,25,Ziekenhuisopname,0,5
2020-04-02,214,Buren,Gelderland,25,Overleden,,
2020-04-02,216,Culemborg,Gelderland,25,Totaal,,
2020-04-02,216,Culemborg,Gelderland,25,Ziekenhuisopname,2,17
2020-04-02,216,Culemborg,Gelderland,25,Overleden,,
2020-04-02,221,Doesburg,Gelderland,25,Totaal,,
2020-04-02,221,Doesburg,Gelderland,25,Ziekenhuisopname,0,3
2020-04-02,221,Doesburg,Gelderland,25,Overleden,,
2020-04-02,222,Doetinchem,Gelderland,25,Totaal,,
2020-04-02,222,Doetinchem,Gelderland,25,Ziekenhuisopname,0,5
2020-04-02,222,Doetinchem,Gelderland,25,Overleden,,
2020-04-02,225,Druten,Gelderland,25,Totaal,,
2020-04-02,225,Druten,Gelderland,25,Ziekenhuisopname,0,13
2020-04-02,225,Druten,Gelderland,25,Overleden,,
2020-04-02,226,Duiven,Gelderland,25,Totaal,,
2020-04-02,226,Duiven,Gelderland,25,Ziekenhuisopname,0,4
2020-04-02,226,Duiven,Gelderland,25,Overleden,,
2020-04-02,228,Ede,Gelderland,25,Totaal,,
2020-04-02,228,Ede,Gelderland,25,Ziekenhuisopname,2,31
2020-04-02,228,Ede,Gelderland,25,Overleden,,
2020-04-02,230,Elburg,Gelderland,25,Totaal,,
2020-04-02,230,Elburg,Gelderland,25,Ziekenhuisopname,0,4
2020-04-02,230,Elburg,Gelderland,25,Overleden,,
2020-04-02,232,Epe,Gelderland,25,Totaal,,
2020-04-02,232,Epe,Gelderland,25,Ziekenhuisopname,0,10
2020-04-02,232,Epe,Gelderland,25,Overleden,,
2020-04-02,233,Ermelo,Gelderland,25,Totaal,,
2020-04-02,233,Ermelo,Gelderland,25,Ziekenhuisopname,2,11
2020-04-02,233,Ermelo,Gelderland,25,Overleden,,
2020-04-02,243,Harderwijk,Gelderland,25,Totaal,,
2020-04-02,243,Harderwijk,Gelderland,25,Ziekenhuisopname,0,8
2020-04-02,243,Harderwijk,Gelderland,25,Overleden,,
2020-04-02,244,Hattem,Gelderland,25,Totaal,,
2020-04-02,244,Hattem,Gelderland,25,Ziekenhuisopname,0,5
2020-04-02,244,Hattem,Gelderland,25,Overleden,,
2020-04-02,246,Heerde,Gelderland,25,Totaal,,
2020-04-02,246,Heerde,Gelderland,25,Ziekenhuisopname,0,19
2020-04-02,246,Heerde,Gelderland,25,Overleden,,
2020-04-02,252,Heumen,Gelderland,25,Totaal,,
2020-04-02,252,Heumen,Gelderland,25,Ziekenhuisopname,2,10
2020-04-02,252,Heumen,Gelderland,25,Overleden,,
2020-04-02,262,Lochem,Gelderland,25,Totaal,,
2020-04-02,262,Lochem,Gelderland,25,Ziekenhuisopname,1,3
2020-04-02,262,Lochem,Gelderland,25,Overleden,,
2020-04-02,263,Maasdriel,Gelderland,25,Totaal,,
2020-04-02,263,Maasdriel,Gelderland,25,Ziekenhuisopname,0,11
2020-04-02,263,Maasdriel,Gelderland,25,Overleden,,
2020-04-02,267,Nijkerk,Gelderland,25,Totaal,,
2020-04-02,267,Nijkerk,Gelderland,25,Ziekenhuisopname,3,14
2020-04-02,267,Nijkerk,Gelderland,25,Overleden,,
2020-04-02,268,Nijmegen,Gelderland,25,Totaal,,
2020-04-02,268,Nijmegen,Gelderland,25,Ziekenhuisopname,4,83
2020-04-02,268,Nijmegen,Gelderland,25,Overleden,,
2020-04-02,269,Oldebroek,Gelderland,25,Totaal,,
2020-04-02,269,Oldebroek,Gelderland,25,Ziekenhuisopname,0,8
2020-04-02,269,Oldebroek,Gelderland,25,Overleden,,
2020-04-02,273,Putten,Gelderland,25,Totaal,,
2020-04-02,273,Putten,Gelderland,25,Ziekenhuisopname,0,1
2020-04-02,273,Putten,Gelderland,25,Overleden,,
2020-04-02,274,Renkum,Gelderland,25,Totaal,,
2020-04-02,274,Renkum,Gelderland,25,Ziekenhuisopname,0,11
2020-04-02,274,Renkum,Gelderland,25,Overleden,,
2020-04-02,275,Rheden,Gelderland,25,Totaal,,
2020-04-02,275,Rheden,Gelderland,25,Ziekenhuisopname,2,24
2020-04-02,275,Rheden,Gelderland,25,Overleden,,
2020-04-02,277,Rozendaal,Gelderland,25,Totaal,,
2020-04-02,277,Rozendaal,Gelderland,25,Ziekenhuisopname,0,1
2020-04-02,277,Rozendaal,Gelderland,25,Overleden,,
2020-04-02,279,Scherpenzeel,Gelderland,25,Totaal,,
2020-04-02,279,Scherpenzeel,Gelderland,25,Ziekenhuisopname,0,0
2020-04-02,279,Scherpenzeel,Gelderland,25,Overleden,,
2020-04-02,281,Tiel,Gelderland,25,Totaal,,
2020-04-02,281,Tiel,Gelderland,25,Ziekenhuisopname,0,21
2020-04-02,281,Tiel,Gelderland,25,Overleden,,
2020-04-02,285,Voorst,Gelderland,25,Totaal,,
2020-04-02,285,Voorst,Gelderland,25,Ziekenhuisopname,3,6
2020-04-02,285,Voorst,Gelderland,25,Overleden,,
2020-04-02,289,Wageningen,Gelderland,25,Totaal,,
2020-04-02,289,Wageningen,Gelderland,25,Ziekenhuisopname,0,6
2020-04-02,289,Wageningen,Gelderland,25,Overleden,,
2020-04-02,293,Westervoort,Gelderland,25,Totaal,,
2020-04-02,293,Westervoort,Gelderland,25,Ziekenhuisopname,0,3
2020-04-02,293,Westervoort,Gelderland,25,Overleden,,
2020-04-02,294,Winterswijk,Gelderland,25,Totaal,,
2020-04-02,294,Winterswijk,Gelderland,25,Ziekenhuisopname,0,1
2020-04-02,294,Winterswijk,Gelderland,25,Overleden,,
2020-04-02,296,Wijchen,Gelderland,25,Totaal,,
2020-04-02,296,Wijchen,Gelderland,25,Ziekenhuisopname,1,31
2020-04-02,296,Wijchen,Gelderland,25,Overleden,,
2020-04-02,297,Zaltbommel,Gelderland,25,Totaal,,
2020-04-02,297,Zaltbommel,Gelderland,25,Ziekenhuisopname,1,10
2020-04-02,297,Zaltbommel,Gelderland,25,Overleden,,
2020-04-02,299,Zevenaar,Gelderland,25,Totaal,,
2020-04-02,299,Zevenaar,Gelderland,25,Ziekenhuisopname,2,20
2020-04-02,299,Zevenaar,Gelderland,25,Overleden,,
2020-04-02,301,Zutphen,Gelderland,25,Totaal,,
2020-04-02,301,Zutphen,Gelderland,25,Ziekenhuisopname,1,9
2020-04-02,301,Zutphen,Gelderland,25,Overleden,,
2020-04-02,302,Nunspeet,Gelderland,25,Totaal,,
2020-04-02,302,Nunspeet,Gelderland,25,Ziekenhuisopname,2,19
2020-04-02,302,Nunspeet,Gelderland,25,Overleden,,
2020-04-02,303,Dronten,Flevoland,24,Totaal,,
2020-04-02,303,Dronten,Flevoland,24,Ziekenhuisopname,2,12
2020-04-02,303,Dronten,Flevoland,24,Overleden,,
2020-04-02,307,Amersfoort,Utrecht,26,Totaal,,
2020-04-02,307,Amersfoort,Utrecht,26,Ziekenhuisopname,4,28
2020-04-02,307,Amersfoort,Utrecht,26,Overleden,,
2020-04-02,308,Baarn,Utrecht,26,Totaal,,
2020-04-02,308,Baarn,Utrecht,26,Ziekenhuisopname,2,4
2020-04-02,308,Baarn,Utrecht,26,Overleden,,
2020-04-02,310,De Bilt,Utrecht,26,Totaal,,
2020-04-02,310,De Bilt,Utrecht,26,Ziekenhuisopname,0,13
2020-04-02,310,De Bilt,Utrecht,26,Overleden,,
2020-04-02,312,Bunnik,Utrecht,26,Totaal,,
2020-04-02,312,Bunnik,Utrecht,26,Ziekenhuisopname,0,4
2020-04-02,312,Bunnik,Utrecht,26,Overleden,,
2020-04-02,313,Bunschoten,Utrecht,26,Totaal,,
2020-04-02,313,Bunschoten,Utrecht,26,Ziekenhuisopname,0,2
2020-04-02,313,Bunschoten,Utrecht,26,Overleden,,
2020-04-02,317,Eemnes,Utrecht,26,Totaal,,
2020-04-02,317,Eemnes,Utrecht,26,Ziekenhuisopname,0,1
2020-04-02,317,Eemnes,Utrecht,26,Overleden,,
2020-04-02,321,Houten,Utrecht,26,Totaal,,
2020-04-02,321,Houten,Utrecht,26,Ziekenhuisopname,2,12
2020-04-02,321,Houten,Utrecht,26,Overleden,,
2020-04-02,327,Leusden,Utrecht,26,Totaal,,
2020-04-02,327,Leusden,Utrecht,26,Ziekenhuisopname,0,5
2020-04-02,327,Leusden,Utrecht,26,Overleden,,
2020-04-02,331,Lopik,Utrecht,26,Totaal,,
2020-04-02,331,Lopik,Utrecht,26,Ziekenhuisopname,0,10
2020-04-02,331,Lopik,Utrecht,26,Overleden,,
2020-04-02,335,Montfoort,Utrecht,26,Totaal,,
2020-04-02,335,Montfoort,Utrecht,26,Ziekenhuisopname,0,9
2020-04-02,335,Montfoort,Utrecht,26,Overleden,,
2020-04-02,339,Renswoude,Utrecht,26,Totaal,,
2020-04-02,339,Renswoude,Utrecht,26,Ziekenhuisopname,0,1
2020-04-02,339,Renswoude,Utrecht,26,Overleden,,
2020-04-02,340,Rhenen,Utrecht,26,Totaal,,
2020-04-02,340,Rhenen,Utrecht,26,Ziekenhuisopname,0,3
2020-04-02,340,Rhenen,Utrecht,26,Overleden,,
2020-04-02,342,Soest,Utrecht,26,Totaal,,
2020-04-02,342,Soest,Utrecht,26,Ziekenhuisopname,1,10
2020-04-02,342,Soest,Utrecht,26,Overleden,,
2020-04-02,344,Utrecht,Utrecht,26,Totaal,,
2020-04-02,344,Utrecht,Utrecht,26,Ziekenhuisopname,10,90
2020-04-02,344,Utrecht,Utrecht,26,Overleden,,
2020-04-02,345,Veenendaal,Utrecht,26,Totaal,,
2020-04-02,345,Veenendaal,Utrecht,26,Ziekenhuisopname,0,7
2020-04-02,345,Veenendaal,Utrecht,26,Overleden,,
2020-04-02,351,Woudenberg,Utrecht,26,Totaal,,
2020-04-02,351,Woudenberg,Utrecht,26,Ziekenhuisopname,0,2
2020-04-02,351,Woudenberg,Utrecht,26,Overleden,,
2020-04-02,352,Wijk bij Duurstede,Utrecht,26,Totaal,,
2020-04-02,352,Wijk bij Duurstede,Utrecht,26,Ziekenhuisopname,0,7
2020-04-02,352,Wijk bij Duurstede,Utrecht,26,Overleden,,
2020-04-02,353,IJsselstein,Utrecht,26,Totaal,,
2020-04-02,353,IJsselstein,Utrecht,26,Ziekenhuisopname,3,21
2020-04-02,353,IJsselstein,Utrecht,26,Overleden,,
2020-04-02,355,Zeist,Utrecht,26,Totaal,,
2020-04-02,355,Zeist,Utrecht,26,Ziekenhuisopname,2,15
2020-04-02,355,Zeist,Utrecht,26,Overleden,,
2020-04-02,356,Nieuwegein,Utrecht,26,Totaal,,
2020-04-02,356,Nieuwegein,Utrecht,26,Ziekenhuisopname,3,20
2020-04-02,356,Nieuwegein,Utrecht,26,Overleden,,
2020-04-02,358,Aalsmeer,Noord-Holland,27,Totaal,,
2020-04-02,358,Aalsmeer,Noord-Holland,27,Ziekenhuisopname,1,6
2020-04-02,358,Aalsmeer,Noord-Holland,27,Overleden,,
2020-04-02,361,Alkmaar,Noord-Holland,27,Totaal,,
2020-04-02,361,Alkmaar,Noord-Holland,27,Ziekenhuisopname,3,24
2020-04-02,361,Alkmaar,Noord-Holland,27,Overleden,,
2020-04-02,362,Amstelveen,Noord-Holland,27,Totaal,,
2020-04-02,362,Amstelveen,Noord-Holland,27,Ziekenhuisopname,0,31
2020-04-02,362,Amstelveen,Noord-Holland,27,Overleden,,
2020-04-02,363,Amsterdam,Noord-Holland,27,Totaal,,
2020-04-02,363,Amsterdam,Noord-Holland,27,Ziekenhuisopname,17,263
2020-04-02,363,Amsterdam,Noord-Holland,27,Overleden,,
2020-04-02,370,Beemster,Noord-Holland,27,Totaal,,
2020-04-02,370,Beemster,Noord-Holland,27,Ziekenhuisopname,0,2
2020-04-02,370,Beemster,Noord-Holland,27,Overleden,,
2020-04-02,373,Bergen (NH.),Noord-Holland,27,Totaal,,
2020-04-02,373,Bergen (NH.),Noord-Holland,27,Ziekenhuisopname,1,11
2020-04-02,373,Bergen (NH.),Noord-Holland,27,Overleden,,
2020-04-02,375,Beverwijk,Noord-Holland,27,Totaal,,
2020-04-02,375,Beverwijk,Noord-Holland,27,Ziekenhuisopname,0,7
2020-04-02,375,Beverwijk,Noord-Holland,27,Overleden,,
2020-04-02,376,Blaricum,Noord-Holland,27,Totaal,,
2020-04-02,376,Blaricum,Noord-Holland,27,Ziekenhuisopname,3,5
2020-04-02,376,Blaricum,Noord-Holland,27,Overleden,,
2020-04-02,377,Bloemendaal,Noord-Holland,27,Totaal,,
2020-04-02,377,Bloemendaal,Noord-Holland,27,Ziekenhuisopname,0,3
2020-04-02,377,Bloemendaal,Noord-Holland,27,Overleden,,
2020-04-02,383,Castricum,Noord-Holland,27,Totaal,,
2020-04-02,383,Castricum,Noord-Holland,27,Ziekenhuisopname,0,8
2020-04-02,383,Castricum,Noord-Holland,27,Overleden,,
2020-04-02,384,Diemen,Noord-Holland,27,Totaal,,
2020-04-02,384,Diemen,Noord-Holland,27,Ziekenhuisopname,0,4
2020-04-02,384,Diemen,Noord-Holland,27,Overleden,,
2020-04-02,385,Edam-Volendam,Noord-Holland,27,Totaal,,
2020-04-02,385,Edam-Volendam,Noord-Holland,27,Ziekenhuisopname,0,10
2020-04-02,385,Edam-Volendam,Noord-Holland,27,Overleden,,
2020-04-02,388,Enkhuizen,Noord-Holland,27,Totaal,,
2020-04-02,388,Enkhuizen,Noord-Holland,27,Ziekenhuisopname,0,14
2020-04-02,388,Enkhuizen,Noord-Holland,27,Overleden,,
2020-04-02,392,Haarlem,Noord-Holland,27,Totaal,,
2020-04-02,392,Haarlem,Noord-Holland,27,Ziekenhuisopname,1,32
2020-04-02,392,Haarlem,Noord-Holland,27,Overleden,,
2020-04-02,394,Haarlemmermeer,Noord-Holland,27,Totaal,,
2020-04-02,394,Haarlemmermeer,Noord-Holland,27,Ziekenhuisopname,2,34
2020-04-02,394,Haarlemmermeer,Noord-Holland,27,Overleden,,
2020-04-02,396,Heemskerk,Noord-Holland,27,Totaal,,
2020-04-02,396,Heemskerk,Noord-Holland,27,Ziekenhuisopname,0,17
2020-04-02,396,Heemskerk,Noord-Holland,27,Overleden,,
2020-04-02,397,Heemstede,Noord-Holland,27,Totaal,,
2020-04-02,397,Heemstede,Noord-Holland,27,Ziekenhuisopname,0,5
2020-04-02,397,Heemstede,Noord-Holland,27,Overleden,,
2020-04-02,398,Heerhugowaard,Noord-Holland,27,Totaal,,
2020-04-02,398,Heerhugowaard,Noord-Holland,27,Ziekenhuisopname,0,19
2020-04-02,398,Heerhugowaard,Noord-Holland,27,Overleden,,
2020-04-02,399,Heiloo,Noord-Holland,27,Totaal,,
2020-04-02,399,Heiloo,Noord-Holland,27,Ziekenhuisopname,0,5
2020-04-02,399,Heiloo,Noord-Holland,27,Overleden,,
2020-04-02,400,Den Helder,Noord-Holland,27,Totaal,,
2020-04-02,400,Den Helder,Noord-Holland,27,Ziekenhuisopname,0,6
2020-04-02,400,Den Helder,Noord-Holland,27,Overleden,,
2020-04-02,402,Hilversum,Noord-Holland,27,Totaal,,
2020-04-02,402,Hilversum,Noord-Holland,27,Ziekenhuisopname,1,16
2020-04-02,402,Hilversum,Noord-Holland,27,Overleden,,
2020-04-02,405,Hoorn,Noord-Holland,27,Totaal,,
2020-04-02,405,Hoorn,Noord-Holland,27,Ziekenhuisopname,0,16
2020-04-02,405,Hoorn,Noord-Holland,27,Overleden,,
2020-04-02,406,Huizen,Noord-Holland,27,Totaal,,
2020-04-02,406,Huizen,Noord-Holland,27,Ziekenhuisopname,0,12
2020-04-02,406,Huizen,Noord-Holland,27,Overleden,,
2020-04-02,415,Landsmeer,Noord-Holland,27,Totaal,,
2020-04-02,415,Landsmeer,Noord-Holland,27,Ziekenhuisopname,0,3
2020-04-02,415,Landsmeer,Noord-Holland,27,Overleden,,
2020-04-02,416,Langedijk,Noord-Holland,27,Totaal,,
2020-04-02,416,Langedijk,Noord-Holland,27,Ziekenhuisopname,0,8
2020-04-02,416,Langedijk,Noord-Holland,27,Overleden,,
2020-04-02,417,Laren,Noord-Holland,27,Totaal,,
2020-04-02,417,Laren,Noord-Holland,27,Ziekenhuisopname,1,7
2020-04-02,417,Laren,Noord-Holland,27,Overleden,,
2020-04-02,420,Medemblik,Noord-Holland,27,Totaal,,
2020-04-02,420,Medemblik,Noord-Holland,27,Ziekenhuisopname,0,10
2020-04-02,420,Medemblik,Noord-Holland,27,Overleden,,
2020-04-02,431,Oostzaan,Noord-Holland,27,Totaal,,
2020-04-02,431,Oostzaan,Noord-Holland,27,Ziekenhuisopname,1,4
2020-04-02,431,Oostzaan,Noord-Holland,27,Overleden,,
2020-04-02,432,Opmeer,Noord-Holland,27,Totaal,,
2020-04-02,432,Opmeer,Noord-Holland,27,Ziekenhuisopname,0,1
2020-04-02,432,Opmeer,Noord-Holland,27,Overleden,,
2020-04-02,437,Ouder-Amstel,Noord-Holland,27,Totaal,,
2020-04-02,437,Ouder-Amstel,Noord-Holland,27,Ziekenhuisopname,1,4
2020-04-02,437,Ouder-Amstel,Noord-Holland,27,Overleden,,
2020-04-02,439,Purmerend,Noord-Holland,27,Totaal,,
2020-04-02,439,Purmerend,Noord-Holland,27,Ziekenhuisopname,1,38
2020-04-02,439,Purmerend,Noord-Holland,27,Overleden,,
2020-04-02,441,Schagen,Noord-Holland,27,Totaal,,
2020-04-02,441,Schagen,Noord-Holland,27,Ziekenhuisopname,0,10
2020-04-02,441,Schagen,Noord-Holland,27,Overleden,,
2020-04-02,448,Texel,Noord-Holland,27,Totaal,,
2020-04-02,448,Texel,Noord-Holland,27,Ziekenhuisopname,1,2
2020-04-02,448,Texel,Noord-Holland,27,Overleden,,
2020-04-02,450,Uitgeest,Noord-Holland,27,Totaal,,
2020-04-02,450,Uitgeest,Noord-Holland,27,Ziekenhuisopname,0,3
2020-04-02,450,Uitgeest,Noord-Holland,27,Overleden,,
2020-04-02,451,Uithoorn,Noord-Holland,27,Totaal,,
2020-04-02,451,Uithoorn,Noord-Holland,27,Ziekenhuisopname,0,9
2020-04-02,451,Uithoorn,Noord-Holland,27,Overleden,,
2020-04-02,453,Velsen,Noord-Holland,27,Totaal,,
2020-04-02,453,Velsen,Noord-Holland,27,Ziekenhuisopname,1,16
2020-04-02,453,Velsen,Noord-Holland,27,Overleden,,
2020-04-02,457,Weesp,Noord-Holland,27,Totaal,,
2020-04-02,457,Weesp,Noord-Holland,27,Ziekenhuisopname,1,5
2020-04-02,457,Weesp,Noord-Holland,27,Overleden,,
2020-04-02,473,Zandvoort,Noord-Holland,27,Totaal,,
2020-04-02,473,Zandvoort,Noord-Holland,27,Ziekenhuisopname,2,6
2020-04-02,473,Zandvoort,Noord-Holland,27,Overleden,,
2020-04-02,479,Zaanstad,Noord-Holland,27,Totaal,,
2020-04-02,479,Zaanstad,Noord-Holland,27,Ziekenhuisopname,1,35
2020-04-02,479,Zaanstad,Noord-Holland,27,Overleden,,
2020-04-02,482,Alblasserdam,Zuid-Holland,28,Totaal,,
2020-04-02,482,Alblasserdam,Zuid-Holland,28,Ziekenhuisopname,1,3
2020-04-02,482,Alblasserdam,Zuid-Holland,28,Overleden,,
2020-04-02,484,Alphen aan den Rijn,Zuid-Holland,28,Totaal,,
2020-04-02,484,Alphen aan den Rijn,Zuid-Holland,28,Ziekenhuisopname,1,33
2020-04-02,484,Alphen aan den Rijn,Zuid-Holland,28,Overleden,,
2020-04-02,489,Barendrecht,Zuid-Holland,28,Totaal,,
2020-04-02,489,Barendrecht,Zuid-Holland,28,Ziekenhuisopname,1,18
2020-04-02,489,Barendrecht,Zuid-Holland,28,Overleden,,
2020-04-02,498,Drechterland,Noord-Holland,27,Totaal,,
2020-04-02,498,Drechterland,Noord-Holland,27,Ziekenhuisopname,0,1
2020-04-02,498,Drechterland,Noord-Holland,27,Overleden,,
2020-04-02,501,Brielle,Zuid-Holland,28,Totaal,,
2020-04-02,501,Brielle,Zuid-Holland,28,Ziekenhuisopname,0,5
2020-04-02,501,Brielle,Zuid-Holland,28,Overleden,,
2020-04-02,502,Capelle aan den IJssel,Zuid-Holland,28,Totaal,,
2020-04-02,502,Capelle aan den IJssel,Zuid-Holland,28,Ziekenhuisopname,1,23
2020-04-02,502,Capelle aan den IJssel,Zuid-Holland,28,Overleden,,
2020-04-02,503,Delft,Zuid-Holland,28,Totaal,,
2020-04-02,503,Delft,Zuid-Holland,28,Ziekenhuisopname,1,23
2020-04-02,503,Delft,Zuid-Holland,28,Overleden,,
2020-04-02,505,Dordrecht,Zuid-Holland,28,Totaal,,
2020-04-02,505,Dordrecht,Zuid-Holland,28,Ziekenhuisopname,2,32
2020-04-02,505,Dordrecht,Zuid-Holland,28,Overleden,,
2020-04-02,512,Gorinchem,Zuid-Holland,28,Totaal,,
2020-04-02,512,Gorinchem,Zuid-Holland,28,Ziekenhuisopname,0,10
2020-04-02,512,Gorinchem,Zuid-Holland,28,Overleden,,
2020-04-02,513,Gouda,Zuid-Holland,28,Totaal,,
2020-04-02,513,Gouda,Zuid-Holland,28,Ziekenhuisopname,2,15
2020-04-02,513,Gouda,Zuid-Holland,28,Overleden,,
2020-04-02,518,'s-Gravenhage,Zuid-Holland,28,Totaal,,
2020-04-02,518,'s-Gravenhage,Zuid-Holland,28,Ziekenhuisopname,16,112
2020-04-02,518,'s-Gravenhage,Zuid-Holland,28,Overleden,,
2020-04-02,523,Hardinxveld-Giessendam,Zuid-Holland,28,Totaal,,
2020-04-02,523,Hardinxveld-Giessendam,Zuid-Holland,28,Ziekenhuisopname,0,1
2020-04-02,523,Hardinxveld-Giessendam,Zuid-Holland,28,Overleden,,
2020-04-02,530,Hellevoetsluis,Zuid-Holland,28,Totaal,,
2020-04-02,530,Hellevoetsluis,Zuid-Holland,28,Ziekenhuisopname,0,6
2020-04-02,530,Hellevoetsluis,Zuid-Holland,28,Overleden,,
2020-04-02,531,Hendrik-Ido-Ambacht,Zuid-Holland,28,Totaal,,
2020-04-02,531,Hendrik-Ido-Ambacht,Zuid-Holland,28,Ziekenhuisopname,0,3
2020-04-02,531,Hendrik-Ido-Ambacht,Zuid-Holland,28,Overleden,,
2020-04-02,532,Stede Broec,Noord-Holland,27,Totaal,,
2020-04-02,532,Stede Broec,Noord-Holland,27,Ziekenhuisopname,0,11
2020-04-02,532,Stede Broec,Noord-Holland,27,Overleden,,
2020-04-02,534,Hillegom,Zuid-Holland,28,Totaal,,
2020-04-02,534,Hillegom,Zuid-Holland,28,Ziekenhuisopname,1,4
2020-04-02,534,Hillegom,Zuid-Holland,28,Overleden,,
2020-04-02,537,Katwijk,Zuid-Holland,28,Totaal,,
2020-04-02,537,Katwijk,Zuid-Holland,28,Ziekenhuisopname,2,11
2020-04-02,537,Katwijk,Zuid-Holland,28,Overleden,,
2020-04-02,542,Krimpen aan den IJssel,Zuid-Holland,28,Totaal,,
2020-04-02,542,Krimpen aan den IJssel,Zuid-Holland,28,Ziekenhuisopname,1,4
2020-04-02,542,Krimpen aan den IJssel,Zuid-Holland,28,Overleden,,
2020-04-02,546,Leiden,Zuid-Holland,28,Totaal,,
2020-04-02,546,Leiden,Zuid-Holland,28,Ziekenhuisopname,0,18
2020-04-02,546,Leiden,Zuid-Holland,28,Overleden,,
2020-04-02,547,Leiderdorp,Zuid-Holland,28,Totaal,,
2020-04-02,547,Leiderdorp,Zuid-Holland,28,Ziekenhuisopname,0,5
2020-04-02,547,Leiderdorp,Zuid-Holland,28,Overleden,,
2020-04-02,553,Lisse,Zuid-Holland,28,Totaal,,
2020-04-02,553,Lisse,Zuid-Holland,28,Ziekenhuisopname,0,3
2020-04-02,553,Lisse,Zuid-Holland,28,Overleden,,
2020-04-02,556,Maassluis,Zuid-Holland,28,Totaal,,
2020-04-02,556,Maassluis,Zuid-Holland,28,Ziekenhuisopname,1,9
2020-04-02,556,Maassluis,Zuid-Holland,28,Overleden,,
2020-04-02,569,Nieuwkoop,Zuid-Holland,28,Totaal,,
2020-04-02,569,Nieuwkoop,Zuid-Holland,28,Ziekenhuisopname,0,5
2020-04-02,569,Nieuwkoop,Zuid-Holland,28,Overleden,,
2020-04-02,575,Noordwijk,Zuid-Holland,28,Totaal,,
2020-04-02,575,Noordwijk,Zuid-Holland,28,Ziekenhuisopname,0,8
2020-04-02,575,Noordwijk,Zuid-Holland,28,Overleden,,
2020-04-02,579,Oegstgeest,Zuid-Holland,28,Totaal,,
2020-04-02,579,Oegstgeest,Zuid-Holland,28,Ziekenhuisopname,0,3
2020-04-02,579,Oegstgeest,Zuid-Holland,28,Overleden,,
2020-04-02,589,Oudewater,Utrecht,26,Totaal,,
2020-04-02,589,Oudewater,Utrecht,26,Ziekenhuisopname,1,16
2020-04-02,589,Oudewater,Utrecht,26,Overleden,,
2020-04-02,590,Papendrecht,Zuid-Holland,28,Totaal,,
2020-04-02,590,Papendrecht,Zuid-Holland,28,Ziekenhuisopname,0,1
2020-04-02,590,Papendrecht,Zuid-Holland,28,Overleden,,
2020-04-02,597,Ridderkerk,Zuid-Holland,28,Totaal,,
2020-04-02,597,Ridderkerk,Zuid-Holland,28,Ziekenhuisopname,1,23
2020-04-02,597,Ridderkerk,Zuid-Holland,28,Overleden,,
2020-04-02,599,Rotterdam,Zuid-Holland,28,Totaal,,
2020-04-02,599,Rotterdam,Zuid-Holland,28,Ziekenhuisopname,19,151
2020-04-02,599,Rotterdam,Zuid-Holland,28,Overleden,,
2020-04-02,603,Rijswijk,Zuid-Holland,28,Totaal,,
2020-04-02,603,Rijswijk,Zuid-Holland,28,Ziekenhuisopname,1,13
2020-04-02,603,Rijswijk,Zuid-Holland,28,Overleden,,
2020-04-02,606,Schiedam,Zuid-Holland,28,Totaal,,
2020-04-02,606,Schiedam,Zuid-Holland,28,Ziekenhuisopname,0,21
2020-04-02,606,Schiedam,Zuid-Holland,28,Overleden,,
2020-04-02,610,Sliedrecht,Zuid-Holland,28,Totaal,,
2020-04-02,610,Sliedrecht,Zuid-Holland,28,Ziekenhuisopname,0,2
2020-04-02,610,Sliedrecht,Zuid-Holland,28,Overleden,,
2020-04-02,613,Albrandswaard,Zuid-Holland,28,Totaal,,
2020-04-02,613,Albrandswaard,Zuid-Holland,28,Ziekenhuisopname,0,5
2020-04-02,613,Albrandswaard,Zuid-Holland,28,Overleden,,
2020-04-02,614,Westvoorne,Zuid-Holland,28,Totaal,,
2020-04-02,614,Westvoorne,Zuid-Holland,28,Ziekenhuisopname,0,4
2020-04-02,614,Westvoorne,Zuid-Holland,28,Overleden,,
2020-04-02,622,Vlaardingen,Zuid-Holland,28,Totaal,,
2020-04-02,622,Vlaardingen,Zuid-Holland,28,Ziekenhuisopname,1,16
2020-04-02,622,Vlaardingen,Zuid-Holland,28,Overleden,,
2020-04-02,626,Voorschoten,Zuid-Holland,28,Totaal,,
2020-04-02,626,Voorschoten,Zuid-Holland,28,Ziekenhuisopname,0,5
2020-04-02,626,Voorschoten,Zuid-Holland,28,Overleden,,
2020-04-02,627,Waddinxveen,Zuid-Holland,28,Totaal,,
2020-04-02,627,Waddinxveen,Zuid-Holland,28,Ziekenhuisopname,0,6
2020-04-02,627,Waddinxveen,Zuid-Holland,28,Overleden,,
2020-04-02,629,Wassenaar,Zuid-Holland,28,Totaal,,
2020-04-02,629,Wassenaar,Zuid-Holland,28,Ziekenhuisopname,0,2
2020-04-02,629,Wassenaar,Zuid-Holland,28,Overleden,,
2020-04-02,632,Woerden,Utrecht,26,Totaal,,
2020-04-02,632,Woerden,Utrecht,26,Ziekenhuisopname,1,26
2020-04-02,632,Woerden,Utrecht,26,Overleden,,
2020-04-02,637,Zoetermeer,Zuid-Holland,28,Totaal,,
2020-04-02,637,Zoetermeer,Zuid-Holland,28,Ziekenhuisopname,1,23
2020-04-02,637,Zoetermeer,Zuid-Holland,28,Overleden,,
2020-04-02,638,Zoeterwoude,Zuid-Holland,28,Totaal,,
2020-04-02,638,Zoeterwoude,Zuid-Holland,28,Ziekenhuisopname,0,2
2020-04-02,638,Zoeterwoude,Zuid-Holland,28,Overleden,,
2020-04-02,642,Zwijndrecht,Zuid-Holland,28,Totaal,,
2020-04-02,642,Zwijndrecht,Zuid-Holland,28,Ziekenhuisopname,0,9
2020-04-02,642,Zwijndrecht,Zuid-Holland,28,Overleden,,
2020-04-02,654,Borsele,Zeeland,29,Totaal,,
2020-04-02,654,Borsele,Zeeland,29,Ziekenhuisopname,0,3
2020-04-02,654,Borsele,Zeeland,29,Overleden,,
2020-04-02,664,Goes,Zeeland,29,Totaal,,
2020-04-02,664,Goes,Zeeland,29,Ziekenhuisopname,1,7
2020-04-02,664,Goes,Zeeland,29,Overleden,,
2020-04-02,668,West Maas en Waal,Gelderland,25,Totaal,,
2020-04-02,668,West Maas en Waal,Gelderland,25,Ziekenhuisopname,0,9
2020-04-02,668,West Maas en Waal,Gelderland,25,Overleden,,
2020-04-02,677,Hulst,Zeeland,29,Totaal,,
2020-04-02,677,Hulst,Zeeland,29,Ziekenhuisopname,0,4
2020-04-02,677,Hulst,Zeeland,29,Overleden,,
2020-04-02,678,Kapelle,Zeeland,29,Totaal,,
2020-04-02,678,Kapelle,Zeeland,29,Ziekenhuisopname,0,1
2020-04-02,678,Kapelle,Zeeland,29,Overleden,,
2020-04-02,687,Middelburg,Zeeland,29,Totaal,,
2020-04-02,687,Middelburg,Zeeland,29,Ziekenhuisopname,0,12
2020-04-02,687,Middelburg,Zeeland,29,Overleden,,
2020-04-02,703,Reimerswaal,Zeeland,29,Totaal,,
2020-04-02,703,Reimerswaal,Zeeland,29,Ziekenhuisopname,0,4
2020-04-02,703,Reimerswaal,Zeeland,29,Overleden,,
2020-04-02,715,Terneuzen,Zeeland,29,Totaal,,
2020-04-02,715,Terneuzen,Zeeland,29,Ziekenhuisopname,1,14
2020-04-02,715,Terneuzen,Zeeland,29,Overleden,,
2020-04-02,716,Tholen,Zeeland,29,Totaal,,
2020-04-02,716,Tholen,Zeeland,29,Ziekenhuisopname,2,25
2020-04-02,716,Tholen,Zeeland,29,Overleden,,
2020-04-02,717,Veere,Zeeland,29,Totaal,,
2020-04-02,717,Veere,Zeeland,29,Ziekenhuisopname,0,3
2020-04-02,717,Veere,Zeeland,29,Overleden,,
2020-04-02,718,Vlissingen,Zeeland,29,Totaal,,
2020-04-02,718,Vlissingen,Zeeland,29,Ziekenhuisopname,0,6
2020-04-02,718,Vlissingen,Zeeland,29,Overleden,,
2020-04-02,736,De Ronde Venen,Utrecht,26,Totaal,,
2020-04-02,736,De Ronde Venen,Utrecht,26,Ziekenhuisopname,4,16
2020-04-02,736,De Ronde Venen,Utrecht,26,Overleden,,
2020-04-02,737,Tytsjerksteradiel,Friesland,21,Totaal,,
2020-04-02,737,Tytsjerksteradiel,Friesland,21,Ziekenhuisopname,2,3
2020-04-02,737,Tytsjerksteradiel,Friesland,21,Overleden,,
2020-04-02,743,Asten,Noord-Brabant,30,Totaal,,
2020-04-02,743,Asten,Noord-Brabant,30,Ziekenhuisopname,1,6
2020-04-02,743,Asten,Noord-Brabant,30,Overleden,,
2020-04-02,744,Baarle-Nassau,Noord-Brabant,30,Totaal,,
2020-04-02,744,Baarle-Nassau,Noord-Brabant,30,Ziekenhuisopname,0,1
2020-04-02,744,Baarle-Nassau,Noord-Brabant,30,Overleden,,
2020-04-02,748,Bergen op Zoom,Noord-Brabant,30,Totaal,,
2020-04-02,748,Bergen op Zoom,Noord-Brabant,30,Ziekenhuisopname,0,13
2020-04-02,748,Bergen op Zoom,Noord-Brabant,30,Overleden,,
2020-04-02,753,Best,Noord-Brabant,30,Totaal,,
2020-04-02,753,Best,Noord-Brabant,30,Ziekenhuisopname,2,21
2020-04-02,753,Best,Noord-Brabant,30,Overleden,,
2020-04-02,755,Boekel,Noord-Brabant,30,Totaal,,
2020-04-02,755,Boekel,Noord-Brabant,30,Ziekenhuisopname,3,26
2020-04-02,755,Boekel,Noord-Brabant,30,Overleden,,
2020-04-02,756,Boxmeer,Noord-Brabant,30,Totaal,,
2020-04-02,756,Boxmeer,Noord-Brabant,30,Ziekenhuisopname,1,11
2020-04-02,756,Boxmeer,Noord-Brabant,30,Overleden,,
2020-04-02,757,Boxtel,Noord-Brabant,30,Totaal,,
2020-04-02,757,Boxtel,Noord-Brabant,30,Ziekenhuisopname,0,9
2020-04-02,757,Boxtel,Noord-Brabant,30,Overleden,,
2020-04-02,758,Breda,Noord-Brabant,30,Totaal,,
2020-04-02,758,Breda,Noord-Brabant,30,Ziekenhuisopname,3,121
2020-04-02,758,Breda,Noord-Brabant,30,Overleden,,
2020-04-02,762,Deurne,Noord-Brabant,30,Totaal,,
2020-04-02,762,Deurne,Noord-Brabant,30,Ziekenhuisopname,2,39
2020-04-02,762,Deurne,Noord-Brabant,30,Overleden,,
2020-04-02,765,Pekela,Groningen,20,Totaal,,
2020-04-02,765,Pekela,Groningen,20,Ziekenhuisopname,0,4
2020-04-02,765,Pekela,Groningen,20,Overleden,,
2020-04-02,766,Dongen,Noord-Brabant,30,Totaal,,
2020-04-02,766,Dongen,Noord-Brabant,30,Ziekenhuisopname,3,10
2020-04-02,766,Dongen,Noord-Brabant,30,Overleden,,
2020-04-02,770,Eersel,Noord-Brabant,30,Totaal,,
2020-04-02,770,Eersel,Noord-Brabant,30,Ziekenhuisopname,2,15
2020-04-02,770,Eersel,Noord-Brabant,30,Overleden,,
2020-04-02,772,Eindhoven,Noord-Brabant,30,Totaal,,
2020-04-02,772,Eindhoven,Noord-Brabant,30,Ziekenhuisopname,7,69
2020-04-02,772,Eindhoven,Noord-Brabant,30,Overleden,,
2020-04-02,777,Etten-Leur,Noord-Brabant,30,Totaal,,
2020-04-02,777,Etten-Leur,Noord-Brabant,30,Ziekenhuisopname,3,26
2020-04-02,777,Etten-Leur,Noord-Brabant,30,Overleden,,
2020-04-02,779,Geertruidenberg,Noord-Brabant,30,Totaal,,
2020-04-02,779,Geertruidenberg,Noord-Brabant,30,Ziekenhuisopname,1,8
2020-04-02,779,Geertruidenberg,Noord-Brabant,30,Overleden,,
2020-04-02,784,Gilze en Rijen,Noord-Brabant,30,Totaal,,
2020-04-02,784,Gilze en Rijen,Noord-Brabant,30,Ziekenhuisopname,2,15
2020-04-02,784,Gilze en Rijen,Noord-Brabant,30,Overleden,,
2020-04-02,785,Goirle,Noord-Brabant,30,Totaal,,
2020-04-02,785,Goirle,Noord-Brabant,30,Ziekenhuisopname,2,19
2020-04-02,785,Goirle,Noord-Brabant,30,Overleden,,
2020-04-02,786,Grave,Noord-Brabant,30,Totaal,,
2020-04-02,786,Grave,Noord-Brabant,30,Ziekenhuisopname,1,11
2020-04-02,786,Grave,Noord-Brabant,30,Overleden,,
2020-04-02,788,Haaren,Noord-Brabant,30,Totaal,,
2020-04-02,788,Haaren,Noord-Brabant,30,Ziekenhuisopname,0,14
2020-04-02,788,Haaren,Noord-Brabant,30,Overleden,,
2020-04-02,794,Helmond,Noord-Brabant,30,Totaal,,
2020-04-02,794,Helmond,Noord-Brabant,30,Ziekenhuisopname,7,45
2020-04-02,794,Helmond,Noord-Brabant,30,Overleden,,
2020-04-02,796,'s-Hertogenbosch,Noord-Brabant,30,Totaal,,
2020-04-02,796,'s-Hertogenbosch,Noord-Brabant,30,Ziekenhuisopname,3,72
2020-04-02,796,'s-Hertogenbosch,Noord-Brabant,30,Overleden,,
2020-04-02,797,Heusden,Noord-Brabant,30,Totaal,,
2020-04-02,797,Heusden,Noord-Brabant,30,Ziekenhuisopname,4,29
2020-04-02,797,Heusden,Noord-Brabant,30,Overleden,,
2020-04-02,798,Hilvarenbeek,Noord-Brabant,30,Totaal,,
2020-04-02,798,Hilvarenbeek,Noord-Brabant,30,Ziekenhuisopname,0,5
2020-04-02,798,Hilvarenbeek,Noord-Brabant,30,Overleden,,
2020-04-02,809,Loon op Zand,Noord-Brabant,30,Totaal,,
2020-04-02,809,Loon op Zand,Noord-Brabant,30,Ziekenhuisopname,0,15
2020-04-02,809,Loon op Zand,Noord-Brabant,30,Overleden,,
2020-04-02,815,Mill en Sint Hubert,Noord-Brabant,30,Totaal,,
2020-04-02,815,Mill en Sint Hubert,Noord-Brabant,30,Ziekenhuisopname,0,6
2020-04-02,815,Mill en Sint Hubert,Noord-Brabant,30,Overleden,,
2020-04-02,820,"Nuenen, Gerwen en Nederwetten",Noord-Brabant,30,Totaal,,
2020-04-02,820,"Nuenen, Gerwen en Nederwetten",Noord-Brabant,30,Ziekenhuisopname,2,11
2020-04-02,820,"Nuenen, Gerwen en Nederwetten",Noord-Brabant,30,Overleden,,
2020-04-02,823,Oirschot,Noord-Brabant,30,Totaal,,
2020-04-02,823,Oirschot,Noord-Brabant,30,Ziekenhuisopname,0,6
2020-04-02,823,Oirschot,Noord-Brabant,30,Overleden,,
2020-04-02,824,Oisterwijk,Noord-Brabant,30,Totaal,,
2020-04-02,824,Oisterwijk,Noord-Brabant,30,Ziekenhuisopname,0,10
2020-04-02,824,Oisterwijk,Noord-Brabant,30,Overleden,,
2020-04-02,826,Oosterhout,Noord-Brabant,30,Totaal,,
2020-04-02,826,Oosterhout,Noord-Brabant,30,Ziekenhuisopname,1,25
2020-04-02,826,Oosterhout,Noord-Brabant,30,Overleden,,
2020-04-02,828,Oss,Noord-Brabant,30,Totaal,,
2020-04-02,828,Oss,Noord-Brabant,30,Ziekenhuisopname,8,86
2020-04-02,828,Oss,Noord-Brabant,30,Overleden,,
2020-04-02,840,Rucphen,Noord-Brabant,30,Totaal,,
2020-04-02,840,Rucphen,Noord-Brabant,30,Ziekenhuisopname,0,4
2020-04-02,840,Rucphen,Noord-Brabant,30,Overleden,,
2020-04-02,845,Sint-Michielsgestel,Noord-Brabant,30,Totaal,,
2020-04-02,845,Sint-Michielsgestel,Noord-Brabant,30,Ziekenhuisopname,1,15
2020-04-02,845,Sint-Michielsgestel,Noord-Brabant,30,Overleden,,
2020-04-02,847,Someren,Noord-Brabant,30,Totaal,,
2020-04-02,847,Someren,Noord-Brabant,30,Ziekenhuisopname,1,14
2020-04-02,847,Someren,Noord-Brabant,30,Overleden,,
2020-04-02,848,Son en Breugel,Noord-Brabant,30,Totaal,,
2020-04-02,848,Son en Breugel,Noord-Brabant,30,Ziekenhuisopname,1,19
2020-04-02,848,Son en Breugel,Noord-Brabant,30,Overleden,,
2020-04-02,851,Steenbergen,Noord-Brabant,30,Totaal,,
2020-04-02,851,Steenbergen,Noord-Brabant,30,Ziekenhuisopname,0,7
2020-04-02,851,Steenbergen,Noord-Brabant,30,Overleden,,
2020-04-02,852,Waterland,Noord-Holland,27,Totaal,,
2020-04-02,852,Waterland,Noord-Holland,27,Ziekenhuisopname,0,8
2020-04-02,852,Waterland,Noord-Holland,27,Overleden,,
2020-04-02,855,Tilburg,Noord-Brabant,30,Totaal,,
2020-04-02,855,Tilburg,Noord-Brabant,30,Ziekenhuisopname,5,124
2020-04-02,855,Tilburg,Noord-Brabant,30,Overleden,,
2020-04-02,856,Uden,Noord-Brabant,30,Totaal,,
2020-04-02,856,Uden,Noord-Brabant,30,Ziekenhuisopname,4,77
2020-04-02,856,Uden,Noord-Brabant,30,Overleden,,
2020-04-02,858,Valkenswaard,Noord-Brabant,30,Totaal,,
2020-04-02,858,Valkenswaard,Noord-Brabant,30,Ziekenhuisopname,0,8
2020-04-02,858,Valkenswaard,Noord-Brabant,30,Overleden,,
2020-04-02,861,Veldhoven,Noord-Brabant,30,Totaal,,
2020-04-02,861,Veldhoven,Noord-Brabant,30,Ziekenhuisopname,1,9
2020-04-02,861,Veldhoven,Noord-Brabant,30,Overleden,,
2020-04-02,865,Vught,Noord-Brabant,30,Totaal,,
2020-04-02,865,Vught,Noord-Brabant,30,Ziekenhuisopname,1,25
2020-04-02,865,Vught,Noord-Brabant,30,Overleden,,
2020-04-02,866,Waalre,Noord-Brabant,30,Totaal,,
2020-04-02,866,Waalre,Noord-Brabant,30,Ziekenhuisopname,0,1
2020-04-02,866,Waalre,Noord-Brabant,30,Overleden,,
2020-04-02,867,Waalwijk,Noord-Brabant,30,Totaal,,
2020-04-02,867,Waalwijk,Noord-Brabant,30,Ziekenhuisopname,-1,15
2020-04-02,867,Waalwijk,Noord-Brabant,30,Overleden,,
2020-04-02,873,Woensdrecht,Noord-Brabant,30,Totaal,,
2020-04-02,873,Woensdrecht,Noord-Brabant,30,Ziekenhuisopname,0,4
2020-04-02,873,Woensdrecht,Noord-Brabant,30,Overleden,,
2020-04-02,879,Zundert,Noord-Brabant,30,Totaal,,
2020-04-02,879,Zundert,Noord-Brabant,30,Ziekenhuisopname,1,14
2020-04-02,879,Zundert,Noord-Brabant,30,Overleden,,
2020-04-02,880,Wormerland,Noord-Holland,27,Totaal,,
2020-04-02,880,Wormerland,Noord-Holland,27,Ziekenhuisopname,1,10
2020-04-02,880,Wormerland,Noord-Holland,27,Overleden,,
2020-04-02,882,Landgraaf,Limburg,31,Totaal,,
2020-04-02,882,Landgraaf,Limburg,31,Ziekenhuisopname,15,22
2020-04-02,882,Landgraaf,Limburg,31,Overleden,,
2020-04-02,888,Beek,Limburg,31,Totaal,,
2020-04-02,888,Beek,Limburg,31,Ziekenhuisopname,7,7
2020-04-02,888,Beek,Limburg,31,Overleden,,
2020-04-02,889,Beesel,Limburg,31,Totaal,,
2020-04-02,889,Beesel,Limburg,31,Ziekenhuisopname,1,11
2020-04-02,889,Beesel,Limburg,31,Overleden,,
2020-04-02,893,Bergen (L.),Limburg,31,Totaal,,
2020-04-02,893,Bergen (L.),Limburg,31,Ziekenhuisopname,0,3
2020-04-02,893,Bergen (L.),Limburg,31,Overleden,,
2020-04-02,899,Brunssum,Limburg,31,Totaal,,
2020-04-02,899,Brunssum,Limburg,31,Ziekenhuisopname,12,21
2020-04-02,899,Brunssum,Limburg,31,Overleden,,
2020-04-02,907,Gennep,Limburg,31,Totaal,,
2020-04-02,907,Gennep,Limburg,31,Ziekenhuisopname,0,11
2020-04-02,907,Gennep,Limburg,31,Overleden,,
2020-04-02,917,Heerlen,Limburg,31,Totaal,,
2020-04-02,917,Heerlen,Limburg,31,Ziekenhuisopname,40,66
2020-04-02,917,Heerlen,Limburg,31,Overleden,,
2020-04-02,928,Kerkrade,Limburg,31,Totaal,,
2020-04-02,928,Kerkrade,Limburg,31,Ziekenhuisopname,20,30
2020-04-02,928,Kerkrade,Limburg,31,Overleden,,
2020-04-02,935,Maastricht,Limburg,31,Totaal,,
2020-04-02,935,Maastricht,Limburg,31,Ziekenhuisopname,51,77
2020-04-02,935,Maastricht,Limburg,31,Overleden,,
2020-04-02,938,Meerssen,Limburg,31,Totaal,,
2020-04-02,938,Meerssen,Limburg,31,Ziekenhuisopname,4,7
2020-04-02,938,Meerssen,Limburg,31,Overleden,,
2020-04-02,944,Mook en Middelaar,Limburg,31,Totaal,,
2020-04-02,944,Mook en Middelaar,Limburg,31,Ziekenhuisopname,0,3
2020-04-02,944,Mook en Middelaar,Limburg,31,Overleden,,
2020-04-02,946,Nederweert,Limburg,31,Totaal,,
2020-04-02,946,Nederweert,Limburg,31,Ziekenhuisopname,0,24
2020-04-02,946,Nederweert,Limburg,31,Overleden,,
2020-04-02,957,Roermond,Limburg,31,Totaal,,
2020-04-02,957,Roermond,Limburg,31,Ziekenhuisopname,0,30
2020-04-02,957,Roermond,Limburg,31,Overleden,,
2020-04-02,965,Simpelveld,Limburg,31,Totaal,,
2020-04-02,965,Simpelveld,Limburg,31,Ziekenhuisopname,6,8
2020-04-02,965,Simpelveld,Limburg,31,Overleden,,
2020-04-02,971,Stein,Limburg,31,Totaal,,
2020-04-02,971,Stein,Limburg,31,Ziekenhuisopname,13,24
2020-04-02,971,Stein,Limburg,31,Overleden,,
2020-04-02,981,Vaals,Limburg,31,Totaal,,
2020-04-02,981,Vaals,Limburg,31,Ziekenhuisopname,4,6
2020-04-02,981,Vaals,Limburg,31,Overleden,,
2020-04-02,983,Venlo,Limburg,31,Totaal,,
2020-04-02,983,Venlo,Limburg,31,Ziekenhuisopname,6,72
2020-04-02,983,Venlo,Limburg,31,Overleden,,
2020-04-02,984,Venray,Limburg,31,Totaal,,
2020-04-02,984,Venray,Limburg,31,Ziekenhuisopname,1,23
2020-04-02,984,Venray,Limburg,31,Overleden,,
2020-04-02,986,Voerendaal,Limburg,31,Totaal,,
2020-04-02,986,Voerendaal,Limburg,31,Ziekenhuisopname,5,7
2020-04-02,986,Voerendaal,Limburg,31,Overleden,,
2020-04-02,988,Weert,Limburg,31,Totaal,,
2020-04-02,988,Weert,Limburg,31,Ziekenhuisopname,1,31
2020-04-02,988,Weert,Limburg,31,Overleden,,
2020-04-02,994,Valkenburg aan de Geul,Limburg,31,Totaal,,
2020-04-02,994,Valkenburg aan de Geul,Limburg,31,Ziekenhuisopname,1,3
2020-04-02,994,Valkenburg aan de Geul,Limburg,31,Overleden,,
2020-04-02,995,Lelystad,Flevoland,24,Totaal,,
2020-04-02,995,Lelystad,Flevoland,24,Ziekenhuisopname,2,27
2020-04-02,995,Lelystad,Flevoland,24,Overleden,,
2020-04-02,1507,Horst aan de Maas,Limburg,31,Totaal,,
2020-04-02,1507,Horst aan de Maas,Limburg,31,Ziekenhuisopname,4,29
2020-04-02,1507,Horst aan de Maas,Limburg,31,Overleden,,
2020-04-02,1509,Oude IJsselstreek,Gelderland,25,Totaal,,
2020-04-02,1509,Oude IJsselstreek,Gelderland,25,Ziekenhuisopname,1,3
2020-04-02,1509,Oude IJsselstreek,Gelderland,25,Overleden,,
2020-04-02,1525,Teylingen,Zuid-Holland,28,Totaal,,
2020-04-02,1525,Teylingen,Zuid-Holland,28,Ziekenhuisopname,0,7
2020-04-02,1525,Teylingen,Zuid-Holland,28,Overleden,,
2020-04-02,1581,Utrechtse Heuvelrug,Utrecht,26,Totaal,,
2020-04-02,1581,Utrechtse Heuvelrug,Utrecht,26,Ziekenhuisopname,1,11
2020-04-02,1581,Utrechtse Heuvelrug,Utrecht,26,Overleden,,
2020-04-02,1586,Oost Gelre,Gelderland,25,Totaal,,
2020-04-02,1586,Oost Gelre,Gelderland,25,Ziekenhuisopname,0,2
2020-04-02,1586,Oost Gelre,Gelderland,25,Overleden,,
2020-04-02,1598,Koggenland,Noord-Holland,27,Totaal,,
2020-04-02,1598,Koggenland,Noord-Holland,27,Ziekenhuisopname,0,6
2020-04-02,1598,Koggenland,Noord-Holland,27,Overleden,,
2020-04-02,1621,Lansingerland,Zuid-Holland,28,Totaal,,
2020-04-02,1621,Lansingerland,Zuid-Holland,28,Ziekenhuisopname,2,18
2020-04-02,1621,Lansingerland,Zuid-Holland,28,Overleden,,
2020-04-02,1640,Leudal,Limburg,31,Totaal,,
2020-04-02,1640,Leudal,Limburg,31,Ziekenhuisopname,2,35
2020-04-02,1640,Leudal,Limburg,31,Overleden,,
2020-04-02,1641,Maasgouw,Limburg,31,Totaal,,
2020-04-02,1641,Maasgouw,Limburg,31,Ziekenhuisopname,1,13
2020-04-02,1641,Maasgouw,Limburg,31,Overleden,,
2020-04-02,1652,Gemert-Bakel,Noord-Brabant,30,Totaal,,
2020-04-02,1652,Gemert-Bakel,Noord-Brabant,30,Ziekenhuisopname,1,57
2020-04-02,1652,Gemert-Bakel,Noord-Brabant,30,Overleden,,
2020-04-02,1655,Halderberge,Noord-Brabant,30,Totaal,,
2020-04-02,1655,Halderberge,Noord-Brabant,30,Ziekenhuisopname,0,9
2020-04-02,1655,Halderberge,Noord-Brabant,30,Overleden,,
2020-04-02,1658,Heeze-Leende,Noord-Brabant,30,Totaal,,
2020-04-02,1658,Heeze-Leende,Noord-Brabant,30,Ziekenhuisopname,0,6
2020-04-02,1658,Heeze-Leende,Noord-Brabant,30,Overleden,,
2020-04-02,1659,Laarbeek,Noord-Brabant,30,Totaal,,
2020-04-02,1659,Laarbeek,Noord-Brabant,30,Ziekenhuisopname,0,24
2020-04-02,1659,Laarbeek,Noord-Brabant,30,Overleden,,
2020-04-02,1667,Reusel-De Mierden,Noord-Brabant,30,Totaal,,
2020-04-02,1667,Reusel-De Mierden,Noord-Brabant,30,Ziekenhuisopname,1,5
2020-04-02,1667,Reusel-De Mierden,Noord-Brabant,30,Overleden,,
2020-04-02,1669,Roerdalen,Limburg,31,Totaal,,
2020-04-02,1669,Roerdalen,Limburg,31,Ziekenhuisopname,1,17
2020-04-02,1669,Roerdalen,Limburg,31,Overleden,,
2020-04-02,1674,Roosendaal,Noord-Brabant,30,Totaal,,
2020-04-02,1674,Roosendaal,Noord-Brabant,30,Ziekenhuisopname,0,12
2020-04-02,1674,Roosendaal,Noord-Brabant,30,Overleden,,
2020-04-02,1676,Schouwen-Duiveland,Zeeland,29,Totaal,,
2020-04-02,1676,Schouwen-Duiveland,Zeeland,29,Ziekenhuisopname,0,7
2020-04-02,1676,Schouwen-Duiveland,Zeeland,29,Overleden,,
2020-04-02,1680,Aa en Hunze,Drenthe,22,Totaal,,
2020-04-02,1680,Aa en Hunze,Drenthe,22,Ziekenhuisopname,0,1
2020-04-02,1680,Aa en Hunze,Drenthe,22,Overleden,,
2020-04-02,1681,Borger-Odoorn,Drenthe,22,Totaal,,
2020-04-02,1681,Borger-Odoorn,Drenthe,22,Ziekenhuisopname,0,1
2020-04-02,1681,Borger-Odoorn,Drenthe,22,Overleden,,
2020-04-02,1684,Cuijk,Noord-Brabant,30,Totaal,,
2020-04-02,1684,Cuijk,Noord-Brabant,30,Ziekenhuisopname,0,6
2020-04-02,1684,Cuijk,Noord-Brabant,30,Overleden,,
2020-04-02,1685,Landerd,Noord-Brabant,30,Totaal,,
2020-04-02,1685,Landerd,Noord-Brabant,30,Ziekenhuisopname,1,22
2020-04-02,1685,Landerd,Noord-Brabant,30,Overleden,,
2020-04-02,1690,De Wolden,Drenthe,22,Totaal,,
2020-04-02,1690,De Wolden,Drenthe,22,Ziekenhuisopname,0,2
2020-04-02,1690,De Wolden,Drenthe,22,Overleden,,
2020-04-02,1695,Noord-Beveland,Zeeland,29,Totaal,,
2020-04-02,1695,Noord-Beveland,Zeeland,29,Ziekenhuisopname,0,0
2020-04-02,1695,Noord-Beveland,Zeeland,29,Overleden,,
2020-04-02,1696,Wijdemeren,Noord-Holland,27,Totaal,,
2020-04-02,1696,Wijdemeren,Noord-Holland,27,Ziekenhuisopname,1,5
2020-04-02,1696,Wijdemeren,Noord-Holland,27,Overleden,,
2020-04-02,1699,Noordenveld,Drenthe,22,Totaal,,
2020-04-02,1699,Noordenveld,Drenthe,22,Ziekenhuisopname,0,1
2020-04-02,1699,Noordenveld,Drenthe,22,Overleden,,
2020-04-02,1700,Twenterand,Overijssel,23,Totaal,,
2020-04-02,1700,Twenterand,Overijssel,23,Ziekenhuisopname,1,6
2020-04-02,1700,Twenterand,Overijssel,23,Overleden,,
2020-04-02,1701,Westerveld,Drenthe,22,Totaal,,
2020-04-02,1701,Westerveld,Drenthe,22,Ziekenhuisopname,1,2
2020-04-02,1701,Westerveld,Drenthe,22,Overleden,,
2020-04-02,1702,Sint Anthonis,Noord-Brabant,30,Totaal,,
2020-04-02,1702,Sint Anthonis,Noord-Brabant,30,Ziekenhuisopname,0,14
2020-04-02,1702,Sint Anthonis,Noord-Brabant,30,Overleden,,
2020-04-02,1705,Lingewaard,Gelderland,25,Totaal,,
2020-04-02,1705,Lingewaard,Gelderland,25,Ziekenhuisopname,1,18
2020-04-02,1705,Lingewaard,Gelderland,25,Overleden,,
2020-04-02,1706,Cranendonck,Noord-Brabant,30,Totaal,,
2020-04-02,1706,Cranendonck,Noord-Brabant,30,Ziekenhuisopname,3,38
2020-04-02,1706,Cranendonck,Noord-Brabant,30,Overleden,,
2020-04-02,1708,Steenwijkerland,Overijssel,23,Totaal,,
2020-04-02,1708,Steenwijkerland,Overijssel,23,Ziekenhuisopname,0,7
2020-04-02,1708,Steenwijkerland,Overijssel,23,Overleden,,
2020-04-02,1709,Moerdijk,Noord-Brabant,30,Totaal,,
2020-04-02,1709,Moerdijk,Noord-Brabant,30,Ziekenhuisopname,0,6
2020-04-02,1709,Moerdijk,Noord-Brabant,30,Overleden,,
2020-04-02,1711,Echt-Susteren,Limburg,31,Totaal,,
2020-04-02,1711,Echt-Susteren,Limburg,31,Ziekenhuisopname,0,22
2020-04-02,1711,Echt-Susteren,Limburg,31,Overleden,,
2020-04-02,1714,Sluis,Zeeland,29,Totaal,,
2020-04-02,1714,Sluis,Zeeland,29,Ziekenhuisopname,0,4
2020-04-02,1714,Sluis,Zeeland,29,Overleden,,
2020-04-02,1719,Drimmelen,Noord-Brabant,30,Totaal,,
2020-04-02,1719,Drimmelen,Noord-Brabant,30,Ziekenhuisopname,0,14
2020-04-02,1719,Drimmelen,Noord-Brabant,30,Overleden,,
2020-04-02,1721,Bernheze,Noord-Brabant,30,Totaal,,
2020-04-02,1721,Bernheze,Noord-Brabant,30,Ziekenhuisopname,4,65
2020-04-02,1721,Bernheze,Noord-Brabant,30,Overleden,,
2020-04-02,1723,Alphen-Chaam,Noord-Brabant,30,Totaal,,
2020-04-02,1723,Alphen-Chaam,Noord-Brabant,30,Ziekenhuisopname,1,10
2020-04-02,1723,Alphen-Chaam,Noord-Brabant,30,Overleden,,
2020-04-02,1724,Bergeijk,Noord-Brabant,30,Totaal,,
2020-04-02,1724,Bergeijk,Noord-Brabant,30,Ziekenhuisopname,0,5
2020-04-02,1724,Bergeijk,Noord-Brabant,30,Overleden,,
2020-04-02,1728,Bladel,Noord-Brabant,30,Totaal,,
2020-04-02,1728,Bladel,Noord-Brabant,30,Ziekenhuisopname,1,11
2020-04-02,1728,Bladel,Noord-Brabant,30,Overleden,,
2020-04-02,1729,Gulpen-Wittem,Limburg,31,Totaal,,
2020-04-02,1729,Gulpen-Wittem,Limburg,31,Ziekenhuisopname,8,10
2020-04-02,1729,Gulpen-Wittem,Limburg,31,Overleden,,
2020-04-02,1730,Tynaarlo,Drenthe,22,Totaal,,
2020-04-02,1730,Tynaarlo,Drenthe,22,Ziekenhuisopname,0,5
2020-04-02,1730,Tynaarlo,Drenthe,22,Overleden,,
2020-04-02,1731,Midden-Drenthe,Drenthe,22,Totaal,,
2020-04-02,1731,Midden-Drenthe,Drenthe,22,Ziekenhuisopname,0,4
2020-04-02,1731,Midden-Drenthe,Drenthe,22,Overleden,,
2020-04-02,1734,Overbetuwe,Gelderland,25,Totaal,,
2020-04-02,1734,Overbetuwe,Gelderland,25,Ziekenhuisopname,1,39
2020-04-02,1734,Overbetuwe,Gelderland,25,Overleden,,
2020-04-02,1735,Hof van Twente,Overijssel,23,Totaal,,
2020-04-02,1735,Hof van Twente,Overijssel,23,Ziekenhuisopname,1,10
2020-04-02,1735,Hof van Twente,Overijssel,23,Overleden,,
2020-04-02,1740,Neder-Betuwe,Gelderland,25,Totaal,,
2020-04-02,1740,Neder-Betuwe,Gelderland,25,Ziekenhuisopname,0,26
2020-04-02,1740,Neder-Betuwe,Gelderland,25,Overleden,,
2020-04-02,1742,Rijssen-Holten,Overijssel,23,Totaal,,
2020-04-02,1742,Rijssen-Holten,Overijssel,23,Ziekenhuisopname,5,13
2020-04-02,1742,Rijssen-Holten,Overijssel,23,Overleden,,
2020-04-02,1771,Geldrop-Mierlo,Noord-Brabant,30,Totaal,,
2020-04-02,1771,Geldrop-Mierlo,Noord-Brabant,30,Ziekenhuisopname,3,13
2020-04-02,1771,Geldrop-Mierlo,Noord-Brabant,30,Overleden,,
2020-04-02,1773,Olst-Wijhe,Overijssel,23,Totaal,,
2020-04-02,1773,Olst-Wijhe,Overijssel,23,Ziekenhuisopname,1,6
2020-04-02,1773,Olst-Wijhe,Overijssel,23,Overleden,,
2020-04-02,1774,Dinkelland,Overijssel,23,Totaal,,
2020-04-02,1774,Dinkelland,Overijssel,23,Ziekenhuisopname,2,15
2020-04-02,1774,Dinkelland,Overijssel,23,Overleden,,
2020-04-02,1783,Westland,Zuid-Holland,28,Totaal,,
2020-04-02,1783,Westland,Zuid-Holland,28,Ziekenhuisopname,2,28
2020-04-02,1783,Westland,Zuid-Holland,28,Overleden,,
2020-04-02,1842,Midden-Delfland,Zuid-Holland,28,Totaal,,
2020-04-02,1842,Midden-Delfland,Zuid-Holland,28,Ziekenhuisopname,1,3
2020-04-02,1842,Midden-Delfland,Zuid-Holland,28,Overleden,,
2020-04-02,1859,Berkelland,Gelderland,25,Totaal,,
2020-04-02,1859,Berkelland,Gelderland,25,Ziekenhuisopname,0,1
2020-04-02,1859,Berkelland,Gelderland,25,Overleden,,
2020-04-02,1876,Bronckhorst,Gelderland,25,Totaal,,
2020-04-02,1876,Bronckhorst,Gelderland,25,Ziekenhuisopname,0,1
2020-04-02,1876,Bronckhorst,Gelderland,25,Overleden,,
2020-04-02,1883,Sittard-Geleen,Limburg,31,Totaal,,
2020-04-02,1883,Sittard-Geleen,Limburg,31,Ziekenhuisopname,30,55
2020-04-02,1883,Sittard-Geleen,Limburg,31,Overleden,,
2020-04-02,1884,Kaag en Braassem,Zuid-Holland,28,Totaal,,
2020-04-02,1884,Kaag en Braassem,Zuid-Holland,28,Ziekenhuisopname,0,4
2020-04-02,1884,Kaag en Braassem,Zuid-Holland,28,Overleden,,
2020-04-02,1891,Dantumadiel,Friesland,21,Totaal,,
2020-04-02,1891,Dantumadiel,Friesland,21,Ziekenhuisopname,1,1
2020-04-02,1891,Dantumadiel,Friesland,21,Overleden,,
2020-04-02,1892,Zuidplas,Zuid-Holland,28,Totaal,,
2020-04-02,1892,Zuidplas,Zuid-Holland,28,Ziekenhuisopname,0,10
2020-04-02,1892,Zuidplas,Zuid-Holland,28,Overleden,,
2020-04-02,1894,Peel en Maas,Limburg,31,Totaal,,
2020-04-02,1894,Peel en Maas,Limburg,31,Ziekenhuisopname,2,109
2020-04-02,1894,Peel en Maas,Limburg,31,Overleden,,
2020-04-02,1895,Oldambt,Groningen,20,Totaal,,
2020-04-02,1895,Oldambt,Groningen,20,Ziekenhuisopname,0,1
2020-04-02,1895,Oldambt,Groningen,20,Overleden,,
2020-04-02,1896,Zwartewaterland,Overijssel,23,Totaal,,
2020-04-02,1896,Zwartewaterland,Overijssel,23,Ziekenhuisopname,1,21
2020-04-02,1896,Zwartewaterland,Overijssel,23,Overleden,,
2020-04-02,1900,Sdwest-Frysln,Friesland,21,Totaal,,
2020-04-02,1900,Sdwest-Frysln,Friesland,21,Ziekenhuisopname,0,13
2020-04-02,1900,Sdwest-Frysln,Friesland,21,Overleden,,
2020-04-02,1901,Bodegraven-Reeuwijk,Zuid-Holland,28,Totaal,,
2020-04-02,1901,Bodegraven-Reeuwijk,Zuid-Holland,28,Ziekenhuisopname,0,3
2020-04-02,1901,Bodegraven-Reeuwijk,Zuid-Holland,28,Overleden,,
2020-04-02,1903,Eijsden-Margraten,Limburg,31,Totaal,,
2020-04-02,1903,Eijsden-Margraten,Limburg,31,Ziekenhuisopname,18,24
2020-04-02,1903,Eijsden-Margraten,Limburg,31,Overleden,,
2020-04-02,1904,Stichtse Vecht,Utrecht,26,Totaal,,
2020-04-02,1904,Stichtse Vecht,Utrecht,26,Ziekenhuisopname,2,18
2020-04-02,1904,Stichtse Vecht,Utrecht,26,Overleden,,
2020-04-02,1911,Hollands Kroon,Noord-Holland,27,Totaal,,
2020-04-02,1911,Hollands Kroon,Noord-Holland,27,Ziekenhuisopname,1,21
2020-04-02,1911,Hollands Kroon,Noord-Holland,27,Overleden,,
2020-04-02,1916,Leidschendam-Voorburg,Zuid-Holland,28,Totaal,,
2020-04-02,1916,Leidschendam-Voorburg,Zuid-Holland,28,Ziekenhuisopname,1,8
2020-04-02,1916,Leidschendam-Voorburg,Zuid-Holland,28,Overleden,,
2020-04-02,1924,Goeree-Overflakkee,Zuid-Holland,28,Totaal,,
2020-04-02,1924,Goeree-Overflakkee,Zuid-Holland,28,Ziekenhuisopname,3,29
2020-04-02,1924,Goeree-Overflakkee,Zuid-Holland,28,Overleden,,
2020-04-02,1926,Pijnacker-Nootdorp,Zuid-Holland,28,Totaal,,
2020-04-02,1926,Pijnacker-Nootdorp,Zuid-Holland,28,Ziekenhuisopname,0,10
2020-04-02,1926,Pijnacker-Nootdorp,Zuid-Holland,28,Overleden,,
2020-04-02,1930,Nissewaard,Zuid-Holland,28,Totaal,,
2020-04-02,1930,Nissewaard,Zuid-Holland,28,Ziekenhuisopname,2,22
2020-04-02,1930,Nissewaard,Zuid-Holland,28,Overleden,,
2020-04-02,1931,Krimpenerwaard,Zuid-Holland,28,Totaal,,
2020-04-02,1931,Krimpenerwaard,Zuid-Holland,28,Ziekenhuisopname,1,28
2020-04-02,1931,Krimpenerwaard,Zuid-Holland,28,Overleden,,
2020-04-02,1940,De Fryske Marren,Friesland,21,Totaal,,
2020-04-02,1940,De Fryske Marren,Friesland,21,Ziekenhuisopname,0,11
2020-04-02,1940,De Fryske Marren,Friesland,21,Overleden,,
2020-04-02,1942,Gooise Meren,Noord-Holland,27,Totaal,,
2020-04-02,1942,Gooise Meren,Noord-Holland,27,Ziekenhuisopname,0,15
2020-04-02,1942,Gooise Meren,Noord-Holland,27,Overleden,,
2020-04-02,1945,Berg en Dal,Gelderland,25,Totaal,,
2020-04-02,1945,Berg en Dal,Gelderland,25,Ziekenhuisopname,2,19
2020-04-02,1945,Berg en Dal,Gelderland,25,Overleden,,
2020-04-02,1948,Meierijstad,Noord-Brabant,30,Totaal,,
2020-04-02,1948,Meierijstad,Noord-Brabant,30,Ziekenhuisopname,12,124
2020-04-02,1948,Meierijstad,Noord-Brabant,30,Overleden,,
2020-04-02,1949,Waadhoeke,Friesland,21,Totaal,,
2020-04-02,1949,Waadhoeke,Friesland,21,Ziekenhuisopname,0,4
2020-04-02,1949,Waadhoeke,Friesland,21,Overleden,,
2020-04-02,1950,Westerwolde,Groningen,20,Totaal,,
2020-04-02,1950,Westerwolde,Groningen,20,Ziekenhuisopname,0,4
2020-04-02,1950,Westerwolde,Groningen,20,Overleden,,
2020-04-02,1952,Midden-Groningen,Groningen,20,Totaal,,
2020-04-02,1952,Midden-Groningen,Groningen,20,Ziekenhuisopname,0,4
2020-04-02,1952,Midden-Groningen,Groningen,20,Overleden,,
2020-04-02,1954,Beekdaelen,Limburg,31,Totaal,,
2020-04-02,1954,Beekdaelen,Limburg,31,Ziekenhuisopname,16,28
2020-04-02,1954,Beekdaelen,Limburg,31,Overleden,,
2020-04-02,1955,Montferland,Gelderland,25,Totaal,,
2020-04-02,1955,Montferland,Gelderland,25,Ziekenhuisopname,0,4
2020-04-02,1955,Montferland,Gelderland,25,Overleden,,
2020-04-02,1959,Altena,Noord-Brabant,30,Totaal,,
2020-04-02,1959,Altena,Noord-Brabant,30,Ziekenhuisopname,0,19
2020-04-02,1959,Altena,Noord-Brabant,30,Overleden,,
2020-04-02,1960,West Betuwe,Gelderland,25,Totaal,,
2020-04-02,1960,West Betuwe,Gelderland,25,Ziekenhuisopname,1,15
2020-04-02,1960,West Betuwe,Gelderland,25,Overleden,,
2020-04-02,1961,Vijfheerenlanden,Utrecht,26,Totaal,,
2020-04-02,1961,Vijfheerenlanden,Utrecht,26,Ziekenhuisopname,1,12
2020-04-02,1961,Vijfheerenlanden,Utrecht,26,Overleden,,
2020-04-02,1963,Hoeksche Waard,Zuid-Holland,28,Totaal,,
2020-04-02,1963,Hoeksche Waard,Zuid-Holland,28,Ziekenhuisopname,5,35
2020-04-02,1963,Hoeksche Waard,Zuid-Holland,28,Overleden,,
2020-04-02,1966,Het Hogeland,Groningen,20,Totaal,,
2020-04-02,1966,Het Hogeland,Groningen,20,Ziekenhuisopname,0,4
2020-04-02,1966,Het Hogeland,Groningen,20,Overleden,,
2020-04-02,1969,Westerkwartier,Groningen,20,Totaal,,
2020-04-02,1969,Westerkwartier,Groningen,20,Ziekenhuisopname,1,10
2020-04-02,1969,Westerkwartier,Groningen,20,Overleden,,
2020-04-02,1970,Noardeast-Frysln,Friesland,21,Totaal,,
2020-04-02,1970,Noardeast-Frysln,Friesland,21,Ziekenhuisopname,0,4
2020-04-02,1970,Noardeast-Frysln,Friesland,21,Overleden,,
2020-04-02,1978,Molenlanden,Zuid-Holland,28,Totaal,,
2020-04-02,1978,Molenlanden,Zuid-Holland,28,Ziekenhuisopname,0,10
2020-04-02,1978,Molenlanden,Zuid-Holland,28,Overleden,,
