Datum,Gemeentecode,Gemeentenaam,Provincienaam,Provinciecode,Type,Aantal,AantalCumulatief
2020-08-06,-1,,,-1,Totaal,2,529
2020-08-06,-1,,,-1,Ziekenhuisopname,0,62
2020-08-06,-1,,,-1,Overleden,0,18
2020-08-06,3,Appingedam,Groningen,20,Totaal,0,5
2020-08-06,3,Appingedam,Groningen,20,Ziekenhuisopname,0,3
2020-08-06,3,Appingedam,Groningen,20,Overleden,0,0
2020-08-06,10,Delfzijl,Groningen,20,Totaal,0,18
2020-08-06,10,Delfzijl,Groningen,20,Ziekenhuisopname,0,6
2020-08-06,10,Delfzijl,Groningen,20,Overleden,0,0
2020-08-06,14,Groningen,Groningen,20,Totaal,3,210
2020-08-06,14,Groningen,Groningen,20,Ziekenhuisopname,0,18
2020-08-06,14,Groningen,Groningen,20,Overleden,0,3
2020-08-06,24,Loppersum,Groningen,20,Totaal,0,2
2020-08-06,24,Loppersum,Groningen,20,Ziekenhuisopname,0,0
2020-08-06,24,Loppersum,Groningen,20,Overleden,0,0
2020-08-06,34,Almere,Flevoland,24,Totaal,5,508
2020-08-06,34,Almere,Flevoland,24,Ziekenhuisopname,0,127
2020-08-06,34,Almere,Flevoland,24,Overleden,0,32
2020-08-06,37,Stadskanaal,Groningen,20,Totaal,0,9
2020-08-06,37,Stadskanaal,Groningen,20,Ziekenhuisopname,0,2
2020-08-06,37,Stadskanaal,Groningen,20,Overleden,0,2
2020-08-06,47,Veendam,Groningen,20,Totaal,0,8
2020-08-06,47,Veendam,Groningen,20,Ziekenhuisopname,0,2
2020-08-06,47,Veendam,Groningen,20,Overleden,0,0
2020-08-06,50,Zeewolde,Flevoland,24,Totaal,0,51
2020-08-06,50,Zeewolde,Flevoland,24,Ziekenhuisopname,0,12
2020-08-06,50,Zeewolde,Flevoland,24,Overleden,0,6
2020-08-06,59,Achtkarspelen,Friesland,21,Totaal,0,15
2020-08-06,59,Achtkarspelen,Friesland,21,Ziekenhuisopname,0,0
2020-08-06,59,Achtkarspelen,Friesland,21,Overleden,0,0
2020-08-06,60,Ameland,Friesland,21,Totaal,0,0
2020-08-06,60,Ameland,Friesland,21,Ziekenhuisopname,0,0
2020-08-06,60,Ameland,Friesland,21,Overleden,0,0
2020-08-06,72,Harlingen,Friesland,21,Totaal,0,17
2020-08-06,72,Harlingen,Friesland,21,Ziekenhuisopname,0,4
2020-08-06,72,Harlingen,Friesland,21,Overleden,0,1
2020-08-06,74,Heerenveen,Friesland,21,Totaal,0,95
2020-08-06,74,Heerenveen,Friesland,21,Ziekenhuisopname,0,13
2020-08-06,74,Heerenveen,Friesland,21,Overleden,0,21
2020-08-06,80,Leeuwarden,Friesland,21,Totaal,0,72
2020-08-06,80,Leeuwarden,Friesland,21,Ziekenhuisopname,0,33
2020-08-06,80,Leeuwarden,Friesland,21,Overleden,0,6
2020-08-06,85,Ooststellingwerf,Friesland,21,Totaal,0,8
2020-08-06,85,Ooststellingwerf,Friesland,21,Ziekenhuisopname,0,3
2020-08-06,85,Ooststellingwerf,Friesland,21,Overleden,0,0
2020-08-06,86,Opsterland,Friesland,21,Totaal,0,24
2020-08-06,86,Opsterland,Friesland,21,Ziekenhuisopname,0,7
2020-08-06,86,Opsterland,Friesland,21,Overleden,0,0
2020-08-06,88,Schiermonnikoog,Friesland,21,Totaal,0,0
2020-08-06,88,Schiermonnikoog,Friesland,21,Ziekenhuisopname,0,0
2020-08-06,88,Schiermonnikoog,Friesland,21,Overleden,0,0
2020-08-06,90,Smallingerland,Friesland,21,Totaal,0,59
2020-08-06,90,Smallingerland,Friesland,21,Ziekenhuisopname,0,9
2020-08-06,90,Smallingerland,Friesland,21,Overleden,0,5
2020-08-06,93,Terschelling,Friesland,21,Totaal,0,2
2020-08-06,93,Terschelling,Friesland,21,Ziekenhuisopname,0,0
2020-08-06,93,Terschelling,Friesland,21,Overleden,0,0
2020-08-06,96,Vlieland,Friesland,21,Totaal,0,0
2020-08-06,96,Vlieland,Friesland,21,Ziekenhuisopname,0,0
2020-08-06,96,Vlieland,Friesland,21,Overleden,0,0
2020-08-06,98,Weststellingwerf,Friesland,21,Totaal,0,29
2020-08-06,98,Weststellingwerf,Friesland,21,Ziekenhuisopname,0,3
2020-08-06,98,Weststellingwerf,Friesland,21,Overleden,0,4
2020-08-06,106,Assen,Drenthe,22,Totaal,0,52
2020-08-06,106,Assen,Drenthe,22,Ziekenhuisopname,0,12
2020-08-06,106,Assen,Drenthe,22,Overleden,0,2
2020-08-06,109,Coevorden,Drenthe,22,Totaal,0,57
2020-08-06,109,Coevorden,Drenthe,22,Ziekenhuisopname,0,13
2020-08-06,109,Coevorden,Drenthe,22,Overleden,0,2
2020-08-06,114,Emmen,Drenthe,22,Totaal,0,106
2020-08-06,114,Emmen,Drenthe,22,Ziekenhuisopname,0,20
2020-08-06,114,Emmen,Drenthe,22,Overleden,0,11
2020-08-06,118,Hoogeveen,Drenthe,22,Totaal,3,101
2020-08-06,118,Hoogeveen,Drenthe,22,Ziekenhuisopname,0,19
2020-08-06,118,Hoogeveen,Drenthe,22,Overleden,0,8
2020-08-06,119,Meppel,Drenthe,22,Totaal,0,51
2020-08-06,119,Meppel,Drenthe,22,Ziekenhuisopname,0,11
2020-08-06,119,Meppel,Drenthe,22,Overleden,0,5
2020-08-06,141,Almelo,Overijssel,23,Totaal,0,96
2020-08-06,141,Almelo,Overijssel,23,Ziekenhuisopname,0,23
2020-08-06,141,Almelo,Overijssel,23,Overleden,0,9
2020-08-06,147,Borne,Overijssel,23,Totaal,0,50
2020-08-06,147,Borne,Overijssel,23,Ziekenhuisopname,0,14
2020-08-06,147,Borne,Overijssel,23,Overleden,0,6
2020-08-06,148,Dalfsen,Overijssel,23,Totaal,1,84
2020-08-06,148,Dalfsen,Overijssel,23,Ziekenhuisopname,0,16
2020-08-06,148,Dalfsen,Overijssel,23,Overleden,0,6
2020-08-06,150,Deventer,Overijssel,23,Totaal,3,350
2020-08-06,150,Deventer,Overijssel,23,Ziekenhuisopname,0,47
2020-08-06,150,Deventer,Overijssel,23,Overleden,0,33
2020-08-06,153,Enschede,Overijssel,23,Totaal,2,268
2020-08-06,153,Enschede,Overijssel,23,Ziekenhuisopname,0,54
2020-08-06,153,Enschede,Overijssel,23,Overleden,0,25
2020-08-06,158,Haaksbergen,Overijssel,23,Totaal,0,56
2020-08-06,158,Haaksbergen,Overijssel,23,Ziekenhuisopname,0,14
2020-08-06,158,Haaksbergen,Overijssel,23,Overleden,0,7
2020-08-06,160,Hardenberg,Overijssel,23,Totaal,1,174
2020-08-06,160,Hardenberg,Overijssel,23,Ziekenhuisopname,0,23
2020-08-06,160,Hardenberg,Overijssel,23,Overleden,0,8
2020-08-06,163,Hellendoorn,Overijssel,23,Totaal,0,97
2020-08-06,163,Hellendoorn,Overijssel,23,Ziekenhuisopname,0,8
2020-08-06,163,Hellendoorn,Overijssel,23,Overleden,0,12
2020-08-06,164,Hengelo,Overijssel,23,Totaal,0,136
2020-08-06,164,Hengelo,Overijssel,23,Ziekenhuisopname,0,21
2020-08-06,164,Hengelo,Overijssel,23,Overleden,0,19
2020-08-06,166,Kampen,Overijssel,23,Totaal,1,346
2020-08-06,166,Kampen,Overijssel,23,Ziekenhuisopname,0,59
2020-08-06,166,Kampen,Overijssel,23,Overleden,0,27
2020-08-06,168,Losser,Overijssel,23,Totaal,0,26
2020-08-06,168,Losser,Overijssel,23,Ziekenhuisopname,0,7
2020-08-06,168,Losser,Overijssel,23,Overleden,0,0
2020-08-06,171,Noordoostpolder,Flevoland,24,Totaal,0,82
2020-08-06,171,Noordoostpolder,Flevoland,24,Ziekenhuisopname,0,14
2020-08-06,171,Noordoostpolder,Flevoland,24,Overleden,0,10
2020-08-06,173,Oldenzaal,Overijssel,23,Totaal,0,50
2020-08-06,173,Oldenzaal,Overijssel,23,Ziekenhuisopname,0,13
2020-08-06,173,Oldenzaal,Overijssel,23,Overleden,0,7
2020-08-06,175,Ommen,Overijssel,23,Totaal,0,54
2020-08-06,175,Ommen,Overijssel,23,Ziekenhuisopname,0,9
2020-08-06,175,Ommen,Overijssel,23,Overleden,0,2
2020-08-06,177,Raalte,Overijssel,23,Totaal,0,156
2020-08-06,177,Raalte,Overijssel,23,Ziekenhuisopname,0,24
2020-08-06,177,Raalte,Overijssel,23,Overleden,0,17
2020-08-06,180,Staphorst,Overijssel,23,Totaal,0,61
2020-08-06,180,Staphorst,Overijssel,23,Ziekenhuisopname,0,8
2020-08-06,180,Staphorst,Overijssel,23,Overleden,0,4
2020-08-06,183,Tubbergen,Overijssel,23,Totaal,0,81
2020-08-06,183,Tubbergen,Overijssel,23,Ziekenhuisopname,0,12
2020-08-06,183,Tubbergen,Overijssel,23,Overleden,0,5
2020-08-06,184,Urk,Flevoland,24,Totaal,0,84
2020-08-06,184,Urk,Flevoland,24,Ziekenhuisopname,0,23
2020-08-06,184,Urk,Flevoland,24,Overleden,0,4
2020-08-06,189,Wierden,Overijssel,23,Totaal,0,51
2020-08-06,189,Wierden,Overijssel,23,Ziekenhuisopname,0,5
2020-08-06,189,Wierden,Overijssel,23,Overleden,0,6
2020-08-06,193,Zwolle,Overijssel,23,Totaal,0,368
2020-08-06,193,Zwolle,Overijssel,23,Ziekenhuisopname,0,53
2020-08-06,193,Zwolle,Overijssel,23,Overleden,0,46
2020-08-06,197,Aalten,Gelderland,25,Totaal,0,60
2020-08-06,197,Aalten,Gelderland,25,Ziekenhuisopname,0,9
2020-08-06,197,Aalten,Gelderland,25,Overleden,0,7
2020-08-06,200,Apeldoorn,Gelderland,25,Totaal,4,476
2020-08-06,200,Apeldoorn,Gelderland,25,Ziekenhuisopname,0,97
2020-08-06,200,Apeldoorn,Gelderland,25,Overleden,0,50
2020-08-06,202,Arnhem,Gelderland,25,Totaal,2,437
2020-08-06,202,Arnhem,Gelderland,25,Ziekenhuisopname,0,67
2020-08-06,202,Arnhem,Gelderland,25,Overleden,0,32
2020-08-06,203,Barneveld,Gelderland,25,Totaal,1,141
2020-08-06,203,Barneveld,Gelderland,25,Ziekenhuisopname,0,18
2020-08-06,203,Barneveld,Gelderland,25,Overleden,0,6
2020-08-06,209,Beuningen,Gelderland,25,Totaal,3,80
2020-08-06,209,Beuningen,Gelderland,25,Ziekenhuisopname,0,19
2020-08-06,209,Beuningen,Gelderland,25,Overleden,0,5
2020-08-06,213,Brummen,Gelderland,25,Totaal,1,41
2020-08-06,213,Brummen,Gelderland,25,Ziekenhuisopname,0,18
2020-08-06,213,Brummen,Gelderland,25,Overleden,0,6
2020-08-06,214,Buren,Gelderland,25,Totaal,0,63
2020-08-06,214,Buren,Gelderland,25,Ziekenhuisopname,0,17
2020-08-06,214,Buren,Gelderland,25,Overleden,0,8
2020-08-06,216,Culemborg,Gelderland,25,Totaal,1,84
2020-08-06,216,Culemborg,Gelderland,25,Ziekenhuisopname,0,21
2020-08-06,216,Culemborg,Gelderland,25,Overleden,0,7
2020-08-06,221,Doesburg,Gelderland,25,Totaal,0,32
2020-08-06,221,Doesburg,Gelderland,25,Ziekenhuisopname,0,9
2020-08-06,221,Doesburg,Gelderland,25,Overleden,0,6
2020-08-06,222,Doetinchem,Gelderland,25,Totaal,1,104
2020-08-06,222,Doetinchem,Gelderland,25,Ziekenhuisopname,0,26
2020-08-06,222,Doetinchem,Gelderland,25,Overleden,0,15
2020-08-06,225,Druten,Gelderland,25,Totaal,0,115
2020-08-06,225,Druten,Gelderland,25,Ziekenhuisopname,0,25
2020-08-06,225,Druten,Gelderland,25,Overleden,0,8
2020-08-06,226,Duiven,Gelderland,25,Totaal,0,54
2020-08-06,226,Duiven,Gelderland,25,Ziekenhuisopname,0,14
2020-08-06,226,Duiven,Gelderland,25,Overleden,0,6
2020-08-06,228,Ede,Gelderland,25,Totaal,0,240
2020-08-06,228,Ede,Gelderland,25,Ziekenhuisopname,0,53
2020-08-06,228,Ede,Gelderland,25,Overleden,0,20
2020-08-06,230,Elburg,Gelderland,25,Totaal,0,151
2020-08-06,230,Elburg,Gelderland,25,Ziekenhuisopname,0,28
2020-08-06,230,Elburg,Gelderland,25,Overleden,0,8
2020-08-06,232,Epe,Gelderland,25,Totaal,0,138
2020-08-06,232,Epe,Gelderland,25,Ziekenhuisopname,0,48
2020-08-06,232,Epe,Gelderland,25,Overleden,0,23
2020-08-06,233,Ermelo,Gelderland,25,Totaal,0,150
2020-08-06,233,Ermelo,Gelderland,25,Ziekenhuisopname,0,33
2020-08-06,233,Ermelo,Gelderland,25,Overleden,0,23
2020-08-06,243,Harderwijk,Gelderland,25,Totaal,1,181
2020-08-06,243,Harderwijk,Gelderland,25,Ziekenhuisopname,0,42
2020-08-06,243,Harderwijk,Gelderland,25,Overleden,0,20
2020-08-06,244,Hattem,Gelderland,25,Totaal,0,42
2020-08-06,244,Hattem,Gelderland,25,Ziekenhuisopname,0,16
2020-08-06,244,Hattem,Gelderland,25,Overleden,0,5
2020-08-06,246,Heerde,Gelderland,25,Totaal,0,192
2020-08-06,246,Heerde,Gelderland,25,Ziekenhuisopname,0,55
2020-08-06,246,Heerde,Gelderland,25,Overleden,0,28
2020-08-06,252,Heumen,Gelderland,25,Totaal,0,75
2020-08-06,252,Heumen,Gelderland,25,Ziekenhuisopname,0,17
2020-08-06,252,Heumen,Gelderland,25,Overleden,0,9
2020-08-06,262,Lochem,Gelderland,25,Totaal,0,98
2020-08-06,262,Lochem,Gelderland,25,Ziekenhuisopname,0,15
2020-08-06,262,Lochem,Gelderland,25,Overleden,0,15
2020-08-06,263,Maasdriel,Gelderland,25,Totaal,0,62
2020-08-06,263,Maasdriel,Gelderland,25,Ziekenhuisopname,0,15
2020-08-06,263,Maasdriel,Gelderland,25,Overleden,0,7
2020-08-06,267,Nijkerk,Gelderland,25,Totaal,0,70
2020-08-06,267,Nijkerk,Gelderland,25,Ziekenhuisopname,0,22
2020-08-06,267,Nijkerk,Gelderland,25,Overleden,0,3
2020-08-06,268,Nijmegen,Gelderland,25,Totaal,2,699
2020-08-06,268,Nijmegen,Gelderland,25,Ziekenhuisopname,0,128
2020-08-06,268,Nijmegen,Gelderland,25,Overleden,0,70
2020-08-06,269,Oldebroek,Gelderland,25,Totaal,0,175
2020-08-06,269,Oldebroek,Gelderland,25,Ziekenhuisopname,0,40
2020-08-06,269,Oldebroek,Gelderland,25,Overleden,0,19
2020-08-06,273,Putten,Gelderland,25,Totaal,0,35
2020-08-06,273,Putten,Gelderland,25,Ziekenhuisopname,0,10
2020-08-06,273,Putten,Gelderland,25,Overleden,0,0
2020-08-06,274,Renkum,Gelderland,25,Totaal,0,81
2020-08-06,274,Renkum,Gelderland,25,Ziekenhuisopname,0,14
2020-08-06,274,Renkum,Gelderland,25,Overleden,0,7
2020-08-06,275,Rheden,Gelderland,25,Totaal,0,147
2020-08-06,275,Rheden,Gelderland,25,Ziekenhuisopname,0,34
2020-08-06,275,Rheden,Gelderland,25,Overleden,0,14
2020-08-06,277,Rozendaal,Gelderland,25,Totaal,0,3
2020-08-06,277,Rozendaal,Gelderland,25,Ziekenhuisopname,0,1
2020-08-06,277,Rozendaal,Gelderland,25,Overleden,0,0
2020-08-06,279,Scherpenzeel,Gelderland,25,Totaal,0,33
2020-08-06,279,Scherpenzeel,Gelderland,25,Ziekenhuisopname,0,4
2020-08-06,279,Scherpenzeel,Gelderland,25,Overleden,0,2
2020-08-06,281,Tiel,Gelderland,25,Totaal,0,151
2020-08-06,281,Tiel,Gelderland,25,Ziekenhuisopname,0,42
2020-08-06,281,Tiel,Gelderland,25,Overleden,0,18
2020-08-06,285,Voorst,Gelderland,25,Totaal,0,83
2020-08-06,285,Voorst,Gelderland,25,Ziekenhuisopname,0,17
2020-08-06,285,Voorst,Gelderland,25,Overleden,0,11
2020-08-06,289,Wageningen,Gelderland,25,Totaal,0,56
2020-08-06,289,Wageningen,Gelderland,25,Ziekenhuisopname,0,20
2020-08-06,289,Wageningen,Gelderland,25,Overleden,0,9
2020-08-06,293,Westervoort,Gelderland,25,Totaal,0,43
2020-08-06,293,Westervoort,Gelderland,25,Ziekenhuisopname,0,12
2020-08-06,293,Westervoort,Gelderland,25,Overleden,0,6
2020-08-06,294,Winterswijk,Gelderland,25,Totaal,0,48
2020-08-06,294,Winterswijk,Gelderland,25,Ziekenhuisopname,0,7
2020-08-06,294,Winterswijk,Gelderland,25,Overleden,0,3
2020-08-06,296,Wijchen,Gelderland,25,Totaal,0,150
2020-08-06,296,Wijchen,Gelderland,25,Ziekenhuisopname,0,44
2020-08-06,296,Wijchen,Gelderland,25,Overleden,0,13
2020-08-06,297,Zaltbommel,Gelderland,25,Totaal,1,105
2020-08-06,297,Zaltbommel,Gelderland,25,Ziekenhuisopname,1,21
2020-08-06,297,Zaltbommel,Gelderland,25,Overleden,0,9
2020-08-06,299,Zevenaar,Gelderland,25,Totaal,0,123
2020-08-06,299,Zevenaar,Gelderland,25,Ziekenhuisopname,0,45
2020-08-06,299,Zevenaar,Gelderland,25,Overleden,0,15
2020-08-06,301,Zutphen,Gelderland,25,Totaal,0,112
2020-08-06,301,Zutphen,Gelderland,25,Ziekenhuisopname,0,30
2020-08-06,301,Zutphen,Gelderland,25,Overleden,0,13
2020-08-06,302,Nunspeet,Gelderland,25,Totaal,0,223
2020-08-06,302,Nunspeet,Gelderland,25,Ziekenhuisopname,0,55
2020-08-06,302,Nunspeet,Gelderland,25,Overleden,0,21
2020-08-06,303,Dronten,Flevoland,24,Totaal,0,124
2020-08-06,303,Dronten,Flevoland,24,Ziekenhuisopname,0,30
2020-08-06,303,Dronten,Flevoland,24,Overleden,0,12
2020-08-06,307,Amersfoort,Utrecht,26,Totaal,5,277
2020-08-06,307,Amersfoort,Utrecht,26,Ziekenhuisopname,0,62
2020-08-06,307,Amersfoort,Utrecht,26,Overleden,0,23
2020-08-06,308,Baarn,Utrecht,26,Totaal,1,66
2020-08-06,308,Baarn,Utrecht,26,Ziekenhuisopname,0,11
2020-08-06,308,Baarn,Utrecht,26,Overleden,0,9
2020-08-06,310,De Bilt,Utrecht,26,Totaal,0,192
2020-08-06,310,De Bilt,Utrecht,26,Ziekenhuisopname,0,28
2020-08-06,310,De Bilt,Utrecht,26,Overleden,0,24
2020-08-06,312,Bunnik,Utrecht,26,Totaal,0,47
2020-08-06,312,Bunnik,Utrecht,26,Ziekenhuisopname,0,9
2020-08-06,312,Bunnik,Utrecht,26,Overleden,0,1
2020-08-06,313,Bunschoten,Utrecht,26,Totaal,1,73
2020-08-06,313,Bunschoten,Utrecht,26,Ziekenhuisopname,0,9
2020-08-06,313,Bunschoten,Utrecht,26,Overleden,0,7
2020-08-06,317,Eemnes,Utrecht,26,Totaal,0,23
2020-08-06,317,Eemnes,Utrecht,26,Ziekenhuisopname,0,2
2020-08-06,317,Eemnes,Utrecht,26,Overleden,0,1
2020-08-06,321,Houten,Utrecht,26,Totaal,1,159
2020-08-06,321,Houten,Utrecht,26,Ziekenhuisopname,0,24
2020-08-06,321,Houten,Utrecht,26,Overleden,0,14
2020-08-06,327,Leusden,Utrecht,26,Totaal,2,61
2020-08-06,327,Leusden,Utrecht,26,Ziekenhuisopname,0,9
2020-08-06,327,Leusden,Utrecht,26,Overleden,0,5
2020-08-06,331,Lopik,Utrecht,26,Totaal,0,70
2020-08-06,331,Lopik,Utrecht,26,Ziekenhuisopname,0,19
2020-08-06,331,Lopik,Utrecht,26,Overleden,0,8
2020-08-06,335,Montfoort,Utrecht,26,Totaal,0,49
2020-08-06,335,Montfoort,Utrecht,26,Ziekenhuisopname,0,13
2020-08-06,335,Montfoort,Utrecht,26,Overleden,0,5
2020-08-06,339,Renswoude,Utrecht,26,Totaal,0,19
2020-08-06,339,Renswoude,Utrecht,26,Ziekenhuisopname,0,5
2020-08-06,339,Renswoude,Utrecht,26,Overleden,0,5
2020-08-06,340,Rhenen,Utrecht,26,Totaal,0,48
2020-08-06,340,Rhenen,Utrecht,26,Ziekenhuisopname,0,11
2020-08-06,340,Rhenen,Utrecht,26,Overleden,0,6
2020-08-06,342,Soest,Utrecht,26,Totaal,0,97
2020-08-06,342,Soest,Utrecht,26,Ziekenhuisopname,0,24
2020-08-06,342,Soest,Utrecht,26,Overleden,0,13
2020-08-06,344,Utrecht,Utrecht,26,Totaal,27,1571
2020-08-06,344,Utrecht,Utrecht,26,Ziekenhuisopname,0,271
2020-08-06,344,Utrecht,Utrecht,26,Overleden,0,118
2020-08-06,345,Veenendaal,Utrecht,26,Totaal,0,198
2020-08-06,345,Veenendaal,Utrecht,26,Ziekenhuisopname,0,47
2020-08-06,345,Veenendaal,Utrecht,26,Overleden,0,11
2020-08-06,351,Woudenberg,Utrecht,26,Totaal,0,33
2020-08-06,351,Woudenberg,Utrecht,26,Ziekenhuisopname,0,9
2020-08-06,351,Woudenberg,Utrecht,26,Overleden,0,2
2020-08-06,352,Wijk bij Duurstede,Utrecht,26,Totaal,0,43
2020-08-06,352,Wijk bij Duurstede,Utrecht,26,Ziekenhuisopname,0,10
2020-08-06,352,Wijk bij Duurstede,Utrecht,26,Overleden,0,1
2020-08-06,353,IJsselstein,Utrecht,26,Totaal,3,161
2020-08-06,353,IJsselstein,Utrecht,26,Ziekenhuisopname,0,36
2020-08-06,353,IJsselstein,Utrecht,26,Overleden,0,35
2020-08-06,355,Zeist,Utrecht,26,Totaal,1,228
2020-08-06,355,Zeist,Utrecht,26,Ziekenhuisopname,0,37
2020-08-06,355,Zeist,Utrecht,26,Overleden,0,24
2020-08-06,356,Nieuwegein,Utrecht,26,Totaal,3,185
2020-08-06,356,Nieuwegein,Utrecht,26,Ziekenhuisopname,0,45
2020-08-06,356,Nieuwegein,Utrecht,26,Overleden,0,14
2020-08-06,358,Aalsmeer,Noord-Holland,27,Totaal,0,49
2020-08-06,358,Aalsmeer,Noord-Holland,27,Ziekenhuisopname,0,9
2020-08-06,358,Aalsmeer,Noord-Holland,27,Overleden,0,4
2020-08-06,361,Alkmaar,Noord-Holland,27,Totaal,1,266
2020-08-06,361,Alkmaar,Noord-Holland,27,Ziekenhuisopname,0,54
2020-08-06,361,Alkmaar,Noord-Holland,27,Overleden,0,31
2020-08-06,362,Amstelveen,Noord-Holland,27,Totaal,6,373
2020-08-06,362,Amstelveen,Noord-Holland,27,Ziekenhuisopname,0,58
2020-08-06,362,Amstelveen,Noord-Holland,27,Overleden,0,35
2020-08-06,363,Amsterdam,Noord-Holland,27,Totaal,147,3659
2020-08-06,363,Amsterdam,Noord-Holland,27,Ziekenhuisopname,-1,635
2020-08-06,363,Amsterdam,Noord-Holland,27,Overleden,0,282
2020-08-06,370,Beemster,Noord-Holland,27,Totaal,2,19
2020-08-06,370,Beemster,Noord-Holland,27,Ziekenhuisopname,0,4
2020-08-06,370,Beemster,Noord-Holland,27,Overleden,0,1
2020-08-06,373,Bergen (NH.),Noord-Holland,27,Totaal,0,101
2020-08-06,373,Bergen (NH.),Noord-Holland,27,Ziekenhuisopname,0,16
2020-08-06,373,Bergen (NH.),Noord-Holland,27,Overleden,0,4
2020-08-06,375,Beverwijk,Noord-Holland,27,Totaal,0,86
2020-08-06,375,Beverwijk,Noord-Holland,27,Ziekenhuisopname,0,15
2020-08-06,375,Beverwijk,Noord-Holland,27,Overleden,0,10
2020-08-06,376,Blaricum,Noord-Holland,27,Totaal,0,39
2020-08-06,376,Blaricum,Noord-Holland,27,Ziekenhuisopname,0,8
2020-08-06,376,Blaricum,Noord-Holland,27,Overleden,0,2
2020-08-06,377,Bloemendaal,Noord-Holland,27,Totaal,0,57
2020-08-06,377,Bloemendaal,Noord-Holland,27,Ziekenhuisopname,0,7
2020-08-06,377,Bloemendaal,Noord-Holland,27,Overleden,0,5
2020-08-06,383,Castricum,Noord-Holland,27,Totaal,0,84
2020-08-06,383,Castricum,Noord-Holland,27,Ziekenhuisopname,0,15
2020-08-06,383,Castricum,Noord-Holland,27,Overleden,0,9
2020-08-06,384,Diemen,Noord-Holland,27,Totaal,3,122
2020-08-06,384,Diemen,Noord-Holland,27,Ziekenhuisopname,0,17
2020-08-06,384,Diemen,Noord-Holland,27,Overleden,0,13
2020-08-06,385,Edam-Volendam,Noord-Holland,27,Totaal,0,126
2020-08-06,385,Edam-Volendam,Noord-Holland,27,Ziekenhuisopname,0,25
2020-08-06,385,Edam-Volendam,Noord-Holland,27,Overleden,0,3
2020-08-06,388,Enkhuizen,Noord-Holland,27,Totaal,0,32
2020-08-06,388,Enkhuizen,Noord-Holland,27,Ziekenhuisopname,0,18
2020-08-06,388,Enkhuizen,Noord-Holland,27,Overleden,0,4
2020-08-06,392,Haarlem,Noord-Holland,27,Totaal,5,344
2020-08-06,392,Haarlem,Noord-Holland,27,Ziekenhuisopname,0,61
2020-08-06,392,Haarlem,Noord-Holland,27,Overleden,0,58
2020-08-06,394,Haarlemmermeer,Noord-Holland,27,Totaal,7,377
2020-08-06,394,Haarlemmermeer,Noord-Holland,27,Ziekenhuisopname,0,69
2020-08-06,394,Haarlemmermeer,Noord-Holland,27,Overleden,0,27
2020-08-06,396,Heemskerk,Noord-Holland,27,Totaal,0,94
2020-08-06,396,Heemskerk,Noord-Holland,27,Ziekenhuisopname,0,28
2020-08-06,396,Heemskerk,Noord-Holland,27,Overleden,0,10
2020-08-06,397,Heemstede,Noord-Holland,27,Totaal,0,101
2020-08-06,397,Heemstede,Noord-Holland,27,Ziekenhuisopname,0,11
2020-08-06,397,Heemstede,Noord-Holland,27,Overleden,0,32
2020-08-06,398,Heerhugowaard,Noord-Holland,27,Totaal,0,160
2020-08-06,398,Heerhugowaard,Noord-Holland,27,Ziekenhuisopname,0,27
2020-08-06,398,Heerhugowaard,Noord-Holland,27,Overleden,0,9
2020-08-06,399,Heiloo,Noord-Holland,27,Totaal,0,51
2020-08-06,399,Heiloo,Noord-Holland,27,Ziekenhuisopname,0,9
2020-08-06,399,Heiloo,Noord-Holland,27,Overleden,0,8
2020-08-06,400,Den Helder,Noord-Holland,27,Totaal,0,48
2020-08-06,400,Den Helder,Noord-Holland,27,Ziekenhuisopname,0,12
2020-08-06,400,Den Helder,Noord-Holland,27,Overleden,0,2
2020-08-06,402,Hilversum,Noord-Holland,27,Totaal,8,250
2020-08-06,402,Hilversum,Noord-Holland,27,Ziekenhuisopname,0,33
2020-08-06,402,Hilversum,Noord-Holland,27,Overleden,0,24
2020-08-06,405,Hoorn,Noord-Holland,27,Totaal,3,121
2020-08-06,405,Hoorn,Noord-Holland,27,Ziekenhuisopname,0,35
2020-08-06,405,Hoorn,Noord-Holland,27,Overleden,0,12
2020-08-06,406,Huizen,Noord-Holland,27,Totaal,0,171
2020-08-06,406,Huizen,Noord-Holland,27,Ziekenhuisopname,0,22
2020-08-06,406,Huizen,Noord-Holland,27,Overleden,0,10
2020-08-06,415,Landsmeer,Noord-Holland,27,Totaal,0,24
2020-08-06,415,Landsmeer,Noord-Holland,27,Ziekenhuisopname,0,3
2020-08-06,415,Landsmeer,Noord-Holland,27,Overleden,0,3
2020-08-06,416,Langedijk,Noord-Holland,27,Totaal,0,54
2020-08-06,416,Langedijk,Noord-Holland,27,Ziekenhuisopname,0,16
2020-08-06,416,Langedijk,Noord-Holland,27,Overleden,0,4
2020-08-06,417,Laren,Noord-Holland,27,Totaal,0,28
2020-08-06,417,Laren,Noord-Holland,27,Ziekenhuisopname,0,8
2020-08-06,417,Laren,Noord-Holland,27,Overleden,0,2
2020-08-06,420,Medemblik,Noord-Holland,27,Totaal,0,74
2020-08-06,420,Medemblik,Noord-Holland,27,Ziekenhuisopname,0,19
2020-08-06,420,Medemblik,Noord-Holland,27,Overleden,0,6
2020-08-06,431,Oostzaan,Noord-Holland,27,Totaal,0,31
2020-08-06,431,Oostzaan,Noord-Holland,27,Ziekenhuisopname,0,10
2020-08-06,431,Oostzaan,Noord-Holland,27,Overleden,0,2
2020-08-06,432,Opmeer,Noord-Holland,27,Totaal,0,9
2020-08-06,432,Opmeer,Noord-Holland,27,Ziekenhuisopname,0,1
2020-08-06,432,Opmeer,Noord-Holland,27,Overleden,0,1
2020-08-06,437,Ouder-Amstel,Noord-Holland,27,Totaal,2,48
2020-08-06,437,Ouder-Amstel,Noord-Holland,27,Ziekenhuisopname,0,5
2020-08-06,437,Ouder-Amstel,Noord-Holland,27,Overleden,0,0
2020-08-06,439,Purmerend,Noord-Holland,27,Totaal,6,243
2020-08-06,439,Purmerend,Noord-Holland,27,Ziekenhuisopname,0,66
2020-08-06,439,Purmerend,Noord-Holland,27,Overleden,0,35
2020-08-06,441,Schagen,Noord-Holland,27,Totaal,0,78
2020-08-06,441,Schagen,Noord-Holland,27,Ziekenhuisopname,0,18
2020-08-06,441,Schagen,Noord-Holland,27,Overleden,0,10
2020-08-06,448,Texel,Noord-Holland,27,Totaal,0,11
2020-08-06,448,Texel,Noord-Holland,27,Ziekenhuisopname,0,5
2020-08-06,448,Texel,Noord-Holland,27,Overleden,0,2
2020-08-06,450,Uitgeest,Noord-Holland,27,Totaal,1,26
2020-08-06,450,Uitgeest,Noord-Holland,27,Ziekenhuisopname,0,5
2020-08-06,450,Uitgeest,Noord-Holland,27,Overleden,0,1
2020-08-06,451,Uithoorn,Noord-Holland,27,Totaal,2,63
2020-08-06,451,Uithoorn,Noord-Holland,27,Ziekenhuisopname,0,16
2020-08-06,451,Uithoorn,Noord-Holland,27,Overleden,0,2
2020-08-06,453,Velsen,Noord-Holland,27,Totaal,0,289
2020-08-06,453,Velsen,Noord-Holland,27,Ziekenhuisopname,0,32
2020-08-06,453,Velsen,Noord-Holland,27,Overleden,0,39
2020-08-06,457,Weesp,Noord-Holland,27,Totaal,0,88
2020-08-06,457,Weesp,Noord-Holland,27,Ziekenhuisopname,0,9
2020-08-06,457,Weesp,Noord-Holland,27,Overleden,0,13
2020-08-06,473,Zandvoort,Noord-Holland,27,Totaal,0,42
2020-08-06,473,Zandvoort,Noord-Holland,27,Ziekenhuisopname,0,10
2020-08-06,473,Zandvoort,Noord-Holland,27,Overleden,0,8
2020-08-06,479,Zaanstad,Noord-Holland,27,Totaal,3,497
2020-08-06,479,Zaanstad,Noord-Holland,27,Ziekenhuisopname,0,121
2020-08-06,479,Zaanstad,Noord-Holland,27,Overleden,0,48
2020-08-06,482,Alblasserdam,Zuid-Holland,28,Totaal,2,49
2020-08-06,482,Alblasserdam,Zuid-Holland,28,Ziekenhuisopname,0,10
2020-08-06,482,Alblasserdam,Zuid-Holland,28,Overleden,0,4
2020-08-06,484,Alphen aan den Rijn,Zuid-Holland,28,Totaal,1,242
2020-08-06,484,Alphen aan den Rijn,Zuid-Holland,28,Ziekenhuisopname,0,62
2020-08-06,484,Alphen aan den Rijn,Zuid-Holland,28,Overleden,0,25
2020-08-06,489,Barendrecht,Zuid-Holland,28,Totaal,2,165
2020-08-06,489,Barendrecht,Zuid-Holland,28,Ziekenhuisopname,0,40
2020-08-06,489,Barendrecht,Zuid-Holland,28,Overleden,0,12
2020-08-06,498,Drechterland,Noord-Holland,27,Totaal,0,46
2020-08-06,498,Drechterland,Noord-Holland,27,Ziekenhuisopname,0,5
2020-08-06,498,Drechterland,Noord-Holland,27,Overleden,0,8
2020-08-06,501,Brielle,Zuid-Holland,28,Totaal,1,36
2020-08-06,501,Brielle,Zuid-Holland,28,Ziekenhuisopname,0,11
2020-08-06,501,Brielle,Zuid-Holland,28,Overleden,0,0
2020-08-06,502,Capelle aan den IJssel,Zuid-Holland,28,Totaal,3,378
2020-08-06,502,Capelle aan den IJssel,Zuid-Holland,28,Ziekenhuisopname,1,55
2020-08-06,502,Capelle aan den IJssel,Zuid-Holland,28,Overleden,0,54
2020-08-06,503,Delft,Zuid-Holland,28,Totaal,4,194
2020-08-06,503,Delft,Zuid-Holland,28,Ziekenhuisopname,0,38
2020-08-06,503,Delft,Zuid-Holland,28,Overleden,0,12
2020-08-06,505,Dordrecht,Zuid-Holland,28,Totaal,3,593
2020-08-06,505,Dordrecht,Zuid-Holland,28,Ziekenhuisopname,0,86
2020-08-06,505,Dordrecht,Zuid-Holland,28,Overleden,0,62
2020-08-06,512,Gorinchem,Zuid-Holland,28,Totaal,1,182
2020-08-06,512,Gorinchem,Zuid-Holland,28,Ziekenhuisopname,0,18
2020-08-06,512,Gorinchem,Zuid-Holland,28,Overleden,0,15
2020-08-06,513,Gouda,Zuid-Holland,28,Totaal,14,352
2020-08-06,513,Gouda,Zuid-Holland,28,Ziekenhuisopname,0,45
2020-08-06,513,Gouda,Zuid-Holland,28,Overleden,0,41
2020-08-06,518,'s-Gravenhage,Zuid-Holland,28,Totaal,59,2299
2020-08-06,518,'s-Gravenhage,Zuid-Holland,28,Ziekenhuisopname,0,348
2020-08-06,518,'s-Gravenhage,Zuid-Holland,28,Overleden,0,249
2020-08-06,523,Hardinxveld-Giessendam,Zuid-Holland,28,Totaal,0,39
2020-08-06,523,Hardinxveld-Giessendam,Zuid-Holland,28,Ziekenhuisopname,0,2
2020-08-06,523,Hardinxveld-Giessendam,Zuid-Holland,28,Overleden,0,2
2020-08-06,530,Hellevoetsluis,Zuid-Holland,28,Totaal,3,94
2020-08-06,530,Hellevoetsluis,Zuid-Holland,28,Ziekenhuisopname,0,16
2020-08-06,530,Hellevoetsluis,Zuid-Holland,28,Overleden,0,3
2020-08-06,531,Hendrik-Ido-Ambacht,Zuid-Holland,28,Totaal,2,84
2020-08-06,531,Hendrik-Ido-Ambacht,Zuid-Holland,28,Ziekenhuisopname,0,10
2020-08-06,531,Hendrik-Ido-Ambacht,Zuid-Holland,28,Overleden,0,6
2020-08-06,532,Stede Broec,Noord-Holland,27,Totaal,0,51
2020-08-06,532,Stede Broec,Noord-Holland,27,Ziekenhuisopname,0,18
2020-08-06,532,Stede Broec,Noord-Holland,27,Overleden,0,5
2020-08-06,534,Hillegom,Zuid-Holland,28,Totaal,3,80
2020-08-06,534,Hillegom,Zuid-Holland,28,Ziekenhuisopname,0,8
2020-08-06,534,Hillegom,Zuid-Holland,28,Overleden,0,2
2020-08-06,537,Katwijk,Zuid-Holland,28,Totaal,0,289
2020-08-06,537,Katwijk,Zuid-Holland,28,Ziekenhuisopname,0,31
2020-08-06,537,Katwijk,Zuid-Holland,28,Overleden,0,15
2020-08-06,542,Krimpen aan den IJssel,Zuid-Holland,28,Totaal,0,93
2020-08-06,542,Krimpen aan den IJssel,Zuid-Holland,28,Ziekenhuisopname,1,11
2020-08-06,542,Krimpen aan den IJssel,Zuid-Holland,28,Overleden,0,8
2020-08-06,546,Leiden,Zuid-Holland,28,Totaal,1,211
2020-08-06,546,Leiden,Zuid-Holland,28,Ziekenhuisopname,0,40
2020-08-06,546,Leiden,Zuid-Holland,28,Overleden,0,18
2020-08-06,547,Leiderdorp,Zuid-Holland,28,Totaal,0,46
2020-08-06,547,Leiderdorp,Zuid-Holland,28,Ziekenhuisopname,0,14
2020-08-06,547,Leiderdorp,Zuid-Holland,28,Overleden,0,6
2020-08-06,553,Lisse,Zuid-Holland,28,Totaal,0,39
2020-08-06,553,Lisse,Zuid-Holland,28,Ziekenhuisopname,0,8
2020-08-06,553,Lisse,Zuid-Holland,28,Overleden,0,2
2020-08-06,556,Maassluis,Zuid-Holland,28,Totaal,3,113
2020-08-06,556,Maassluis,Zuid-Holland,28,Ziekenhuisopname,0,20
2020-08-06,556,Maassluis,Zuid-Holland,28,Overleden,0,9
2020-08-06,569,Nieuwkoop,Zuid-Holland,28,Totaal,1,57
2020-08-06,569,Nieuwkoop,Zuid-Holland,28,Ziekenhuisopname,0,9
2020-08-06,569,Nieuwkoop,Zuid-Holland,28,Overleden,0,5
2020-08-06,575,Noordwijk,Zuid-Holland,28,Totaal,0,63
2020-08-06,575,Noordwijk,Zuid-Holland,28,Ziekenhuisopname,0,19
2020-08-06,575,Noordwijk,Zuid-Holland,28,Overleden,0,3
2020-08-06,579,Oegstgeest,Zuid-Holland,28,Totaal,0,48
2020-08-06,579,Oegstgeest,Zuid-Holland,28,Ziekenhuisopname,0,8
2020-08-06,579,Oegstgeest,Zuid-Holland,28,Overleden,0,3
2020-08-06,589,Oudewater,Utrecht,26,Totaal,0,63
2020-08-06,589,Oudewater,Utrecht,26,Ziekenhuisopname,0,26
2020-08-06,589,Oudewater,Utrecht,26,Overleden,0,9
2020-08-06,590,Papendrecht,Zuid-Holland,28,Totaal,0,86
2020-08-06,590,Papendrecht,Zuid-Holland,28,Ziekenhuisopname,0,9
2020-08-06,590,Papendrecht,Zuid-Holland,28,Overleden,0,8
2020-08-06,597,Ridderkerk,Zuid-Holland,28,Totaal,3,183
2020-08-06,597,Ridderkerk,Zuid-Holland,28,Ziekenhuisopname,0,37
2020-08-06,597,Ridderkerk,Zuid-Holland,28,Overleden,0,16
2020-08-06,599,Rotterdam,Zuid-Holland,28,Totaal,89,3963
2020-08-06,599,Rotterdam,Zuid-Holland,28,Ziekenhuisopname,0,535
2020-08-06,599,Rotterdam,Zuid-Holland,28,Overleden,0,348
2020-08-06,603,Rijswijk,Zuid-Holland,28,Totaal,3,185
2020-08-06,603,Rijswijk,Zuid-Holland,28,Ziekenhuisopname,0,37
2020-08-06,603,Rijswijk,Zuid-Holland,28,Overleden,0,22
2020-08-06,606,Schiedam,Zuid-Holland,28,Totaal,7,355
2020-08-06,606,Schiedam,Zuid-Holland,28,Ziekenhuisopname,0,58
2020-08-06,606,Schiedam,Zuid-Holland,28,Overleden,0,23
2020-08-06,610,Sliedrecht,Zuid-Holland,28,Totaal,1,73
2020-08-06,610,Sliedrecht,Zuid-Holland,28,Ziekenhuisopname,0,9
2020-08-06,610,Sliedrecht,Zuid-Holland,28,Overleden,0,5
2020-08-06,613,Albrandswaard,Zuid-Holland,28,Totaal,2,124
2020-08-06,613,Albrandswaard,Zuid-Holland,28,Ziekenhuisopname,0,14
2020-08-06,613,Albrandswaard,Zuid-Holland,28,Overleden,0,8
2020-08-06,614,Westvoorne,Zuid-Holland,28,Totaal,0,29
2020-08-06,614,Westvoorne,Zuid-Holland,28,Ziekenhuisopname,0,6
2020-08-06,614,Westvoorne,Zuid-Holland,28,Overleden,0,0
2020-08-06,622,Vlaardingen,Zuid-Holland,28,Totaal,3,364
2020-08-06,622,Vlaardingen,Zuid-Holland,28,Ziekenhuisopname,0,43
2020-08-06,622,Vlaardingen,Zuid-Holland,28,Overleden,0,30
2020-08-06,626,Voorschoten,Zuid-Holland,28,Totaal,0,71
2020-08-06,626,Voorschoten,Zuid-Holland,28,Ziekenhuisopname,0,9
2020-08-06,626,Voorschoten,Zuid-Holland,28,Overleden,0,11
2020-08-06,627,Waddinxveen,Zuid-Holland,28,Totaal,1,125
2020-08-06,627,Waddinxveen,Zuid-Holland,28,Ziekenhuisopname,0,18
2020-08-06,627,Waddinxveen,Zuid-Holland,28,Overleden,0,7
2020-08-06,629,Wassenaar,Zuid-Holland,28,Totaal,2,62
2020-08-06,629,Wassenaar,Zuid-Holland,28,Ziekenhuisopname,0,9
2020-08-06,629,Wassenaar,Zuid-Holland,28,Overleden,0,12
2020-08-06,632,Woerden,Utrecht,26,Totaal,3,191
2020-08-06,632,Woerden,Utrecht,26,Ziekenhuisopname,0,49
2020-08-06,632,Woerden,Utrecht,26,Overleden,0,20
2020-08-06,637,Zoetermeer,Zuid-Holland,28,Totaal,1,275
2020-08-06,637,Zoetermeer,Zuid-Holland,28,Ziekenhuisopname,0,53
2020-08-06,637,Zoetermeer,Zuid-Holland,28,Overleden,0,14
2020-08-06,638,Zoeterwoude,Zuid-Holland,28,Totaal,0,17
2020-08-06,638,Zoeterwoude,Zuid-Holland,28,Ziekenhuisopname,0,3
2020-08-06,638,Zoeterwoude,Zuid-Holland,28,Overleden,0,1
2020-08-06,642,Zwijndrecht,Zuid-Holland,28,Totaal,1,171
2020-08-06,642,Zwijndrecht,Zuid-Holland,28,Ziekenhuisopname,0,23
2020-08-06,642,Zwijndrecht,Zuid-Holland,28,Overleden,0,26
2020-08-06,654,Borsele,Zeeland,29,Totaal,0,29
2020-08-06,654,Borsele,Zeeland,29,Ziekenhuisopname,0,5
2020-08-06,654,Borsele,Zeeland,29,Overleden,0,0
2020-08-06,664,Goes,Zeeland,29,Totaal,1,145
2020-08-06,664,Goes,Zeeland,29,Ziekenhuisopname,0,12
2020-08-06,664,Goes,Zeeland,29,Overleden,0,11
2020-08-06,668,West Maas en Waal,Gelderland,25,Totaal,0,85
2020-08-06,668,West Maas en Waal,Gelderland,25,Ziekenhuisopname,0,20
2020-08-06,668,West Maas en Waal,Gelderland,25,Overleden,0,9
2020-08-06,677,Hulst,Zeeland,29,Totaal,0,35
2020-08-06,677,Hulst,Zeeland,29,Ziekenhuisopname,0,9
2020-08-06,677,Hulst,Zeeland,29,Overleden,0,5
2020-08-06,678,Kapelle,Zeeland,29,Totaal,0,27
2020-08-06,678,Kapelle,Zeeland,29,Ziekenhuisopname,0,3
2020-08-06,678,Kapelle,Zeeland,29,Overleden,0,1
2020-08-06,687,Middelburg,Zeeland,29,Totaal,0,85
2020-08-06,687,Middelburg,Zeeland,29,Ziekenhuisopname,0,18
2020-08-06,687,Middelburg,Zeeland,29,Overleden,0,10
2020-08-06,703,Reimerswaal,Zeeland,29,Totaal,0,37
2020-08-06,703,Reimerswaal,Zeeland,29,Ziekenhuisopname,0,4
2020-08-06,703,Reimerswaal,Zeeland,29,Overleden,0,2
2020-08-06,715,Terneuzen,Zeeland,29,Totaal,0,121
2020-08-06,715,Terneuzen,Zeeland,29,Ziekenhuisopname,0,25
2020-08-06,715,Terneuzen,Zeeland,29,Overleden,0,4
2020-08-06,716,Tholen,Zeeland,29,Totaal,2,173
2020-08-06,716,Tholen,Zeeland,29,Ziekenhuisopname,0,40
2020-08-06,716,Tholen,Zeeland,29,Overleden,0,16
2020-08-06,717,Veere,Zeeland,29,Totaal,1,38
2020-08-06,717,Veere,Zeeland,29,Ziekenhuisopname,0,6
2020-08-06,717,Veere,Zeeland,29,Overleden,0,2
2020-08-06,718,Vlissingen,Zeeland,29,Totaal,0,80
2020-08-06,718,Vlissingen,Zeeland,29,Ziekenhuisopname,0,9
2020-08-06,718,Vlissingen,Zeeland,29,Overleden,0,5
2020-08-06,736,De Ronde Venen,Utrecht,26,Totaal,3,113
2020-08-06,736,De Ronde Venen,Utrecht,26,Ziekenhuisopname,0,39
2020-08-06,736,De Ronde Venen,Utrecht,26,Overleden,0,13
2020-08-06,737,Tytsjerksteradiel,Friesland,21,Totaal,0,16
2020-08-06,737,Tytsjerksteradiel,Friesland,21,Ziekenhuisopname,0,4
2020-08-06,737,Tytsjerksteradiel,Friesland,21,Overleden,0,1
2020-08-06,743,Asten,Noord-Brabant,30,Totaal,0,79
2020-08-06,743,Asten,Noord-Brabant,30,Ziekenhuisopname,0,18
2020-08-06,743,Asten,Noord-Brabant,30,Overleden,0,12
2020-08-06,744,Baarle-Nassau,Noord-Brabant,30,Totaal,0,27
2020-08-06,744,Baarle-Nassau,Noord-Brabant,30,Ziekenhuisopname,0,9
2020-08-06,744,Baarle-Nassau,Noord-Brabant,30,Overleden,0,2
2020-08-06,748,Bergen op Zoom,Noord-Brabant,30,Totaal,15,249
2020-08-06,748,Bergen op Zoom,Noord-Brabant,30,Ziekenhuisopname,0,25
2020-08-06,748,Bergen op Zoom,Noord-Brabant,30,Overleden,0,13
2020-08-06,753,Best,Noord-Brabant,30,Totaal,1,88
2020-08-06,753,Best,Noord-Brabant,30,Ziekenhuisopname,0,31
2020-08-06,753,Best,Noord-Brabant,30,Overleden,0,10
2020-08-06,755,Boekel,Noord-Brabant,30,Totaal,0,89
2020-08-06,755,Boekel,Noord-Brabant,30,Ziekenhuisopname,0,34
2020-08-06,755,Boekel,Noord-Brabant,30,Overleden,0,20
2020-08-06,756,Boxmeer,Noord-Brabant,30,Totaal,0,128
2020-08-06,756,Boxmeer,Noord-Brabant,30,Ziekenhuisopname,0,20
2020-08-06,756,Boxmeer,Noord-Brabant,30,Overleden,0,27
2020-08-06,757,Boxtel,Noord-Brabant,30,Totaal,0,134
2020-08-06,757,Boxtel,Noord-Brabant,30,Ziekenhuisopname,0,24
2020-08-06,757,Boxtel,Noord-Brabant,30,Overleden,0,26
2020-08-06,758,Breda,Noord-Brabant,30,Totaal,4,685
2020-08-06,758,Breda,Noord-Brabant,30,Ziekenhuisopname,0,146
2020-08-06,758,Breda,Noord-Brabant,30,Overleden,0,64
2020-08-06,762,Deurne,Noord-Brabant,30,Totaal,0,194
2020-08-06,762,Deurne,Noord-Brabant,30,Ziekenhuisopname,0,55
2020-08-06,762,Deurne,Noord-Brabant,30,Overleden,0,24
2020-08-06,765,Pekela,Groningen,20,Totaal,0,5
2020-08-06,765,Pekela,Groningen,20,Ziekenhuisopname,0,4
2020-08-06,765,Pekela,Groningen,20,Overleden,0,0
2020-08-06,766,Dongen,Noord-Brabant,30,Totaal,0,88
2020-08-06,766,Dongen,Noord-Brabant,30,Ziekenhuisopname,0,20
2020-08-06,766,Dongen,Noord-Brabant,30,Overleden,0,13
2020-08-06,770,Eersel,Noord-Brabant,30,Totaal,0,69
2020-08-06,770,Eersel,Noord-Brabant,30,Ziekenhuisopname,0,27
2020-08-06,770,Eersel,Noord-Brabant,30,Overleden,0,10
2020-08-06,772,Eindhoven,Noord-Brabant,30,Totaal,2,604
2020-08-06,772,Eindhoven,Noord-Brabant,30,Ziekenhuisopname,0,183
2020-08-06,772,Eindhoven,Noord-Brabant,30,Overleden,0,85
2020-08-06,777,Etten-Leur,Noord-Brabant,30,Totaal,1,221
2020-08-06,777,Etten-Leur,Noord-Brabant,30,Ziekenhuisopname,0,41
2020-08-06,777,Etten-Leur,Noord-Brabant,30,Overleden,0,30
2020-08-06,779,Geertruidenberg,Noord-Brabant,30,Totaal,0,49
2020-08-06,779,Geertruidenberg,Noord-Brabant,30,Ziekenhuisopname,0,11
2020-08-06,779,Geertruidenberg,Noord-Brabant,30,Overleden,0,6
2020-08-06,784,Gilze en Rijen,Noord-Brabant,30,Totaal,1,93
2020-08-06,784,Gilze en Rijen,Noord-Brabant,30,Ziekenhuisopname,0,20
2020-08-06,784,Gilze en Rijen,Noord-Brabant,30,Overleden,0,15
2020-08-06,785,Goirle,Noord-Brabant,30,Totaal,0,92
2020-08-06,785,Goirle,Noord-Brabant,30,Ziekenhuisopname,0,32
2020-08-06,785,Goirle,Noord-Brabant,30,Overleden,0,17
2020-08-06,786,Grave,Noord-Brabant,30,Totaal,0,71
2020-08-06,786,Grave,Noord-Brabant,30,Ziekenhuisopname,0,21
2020-08-06,786,Grave,Noord-Brabant,30,Overleden,0,11
2020-08-06,788,Haaren,Noord-Brabant,30,Totaal,0,58
2020-08-06,788,Haaren,Noord-Brabant,30,Ziekenhuisopname,0,18
2020-08-06,788,Haaren,Noord-Brabant,30,Overleden,0,8
2020-08-06,794,Helmond,Noord-Brabant,30,Totaal,1,450
2020-08-06,794,Helmond,Noord-Brabant,30,Ziekenhuisopname,0,115
2020-08-06,794,Helmond,Noord-Brabant,30,Overleden,0,43
2020-08-06,796,'s-Hertogenbosch,Noord-Brabant,30,Totaal,5,552
2020-08-06,796,'s-Hertogenbosch,Noord-Brabant,30,Ziekenhuisopname,0,128
2020-08-06,796,'s-Hertogenbosch,Noord-Brabant,30,Overleden,0,78
2020-08-06,797,Heusden,Noord-Brabant,30,Totaal,2,162
2020-08-06,797,Heusden,Noord-Brabant,30,Ziekenhuisopname,0,45
2020-08-06,797,Heusden,Noord-Brabant,30,Overleden,0,22
2020-08-06,798,Hilvarenbeek,Noord-Brabant,30,Totaal,0,52
2020-08-06,798,Hilvarenbeek,Noord-Brabant,30,Ziekenhuisopname,0,9
2020-08-06,798,Hilvarenbeek,Noord-Brabant,30,Overleden,0,6
2020-08-06,809,Loon op Zand,Noord-Brabant,30,Totaal,0,65
2020-08-06,809,Loon op Zand,Noord-Brabant,30,Ziekenhuisopname,0,25
2020-08-06,809,Loon op Zand,Noord-Brabant,30,Overleden,0,7
2020-08-06,815,Mill en Sint Hubert,Noord-Brabant,30,Totaal,0,41
2020-08-06,815,Mill en Sint Hubert,Noord-Brabant,30,Ziekenhuisopname,0,9
2020-08-06,815,Mill en Sint Hubert,Noord-Brabant,30,Overleden,0,5
2020-08-06,820,"Nuenen, Gerwen en Nederwetten",Noord-Brabant,30,Totaal,0,55
2020-08-06,820,"Nuenen, Gerwen en Nederwetten",Noord-Brabant,30,Ziekenhuisopname,0,18
2020-08-06,820,"Nuenen, Gerwen en Nederwetten",Noord-Brabant,30,Overleden,0,9
2020-08-06,823,Oirschot,Noord-Brabant,30,Totaal,0,70
2020-08-06,823,Oirschot,Noord-Brabant,30,Ziekenhuisopname,0,13
2020-08-06,823,Oirschot,Noord-Brabant,30,Overleden,0,9
2020-08-06,824,Oisterwijk,Noord-Brabant,30,Totaal,1,81
2020-08-06,824,Oisterwijk,Noord-Brabant,30,Ziekenhuisopname,0,23
2020-08-06,824,Oisterwijk,Noord-Brabant,30,Overleden,0,11
2020-08-06,826,Oosterhout,Noord-Brabant,30,Totaal,0,156
2020-08-06,826,Oosterhout,Noord-Brabant,30,Ziekenhuisopname,0,48
2020-08-06,826,Oosterhout,Noord-Brabant,30,Overleden,0,17
2020-08-06,828,Oss,Noord-Brabant,30,Totaal,1,500
2020-08-06,828,Oss,Noord-Brabant,30,Ziekenhuisopname,0,165
2020-08-06,828,Oss,Noord-Brabant,30,Overleden,0,88
2020-08-06,840,Rucphen,Noord-Brabant,30,Totaal,0,72
2020-08-06,840,Rucphen,Noord-Brabant,30,Ziekenhuisopname,0,10
2020-08-06,840,Rucphen,Noord-Brabant,30,Overleden,0,10
2020-08-06,845,Sint-Michielsgestel,Noord-Brabant,30,Totaal,0,122
2020-08-06,845,Sint-Michielsgestel,Noord-Brabant,30,Ziekenhuisopname,0,36
2020-08-06,845,Sint-Michielsgestel,Noord-Brabant,30,Overleden,0,19
2020-08-06,847,Someren,Noord-Brabant,30,Totaal,0,108
2020-08-06,847,Someren,Noord-Brabant,30,Ziekenhuisopname,0,33
2020-08-06,847,Someren,Noord-Brabant,30,Overleden,0,8
2020-08-06,848,Son en Breugel,Noord-Brabant,30,Totaal,0,74
2020-08-06,848,Son en Breugel,Noord-Brabant,30,Ziekenhuisopname,0,31
2020-08-06,848,Son en Breugel,Noord-Brabant,30,Overleden,0,14
2020-08-06,851,Steenbergen,Noord-Brabant,30,Totaal,0,98
2020-08-06,851,Steenbergen,Noord-Brabant,30,Ziekenhuisopname,0,13
2020-08-06,851,Steenbergen,Noord-Brabant,30,Overleden,0,13
2020-08-06,852,Waterland,Noord-Holland,27,Totaal,0,34
2020-08-06,852,Waterland,Noord-Holland,27,Ziekenhuisopname,0,16
2020-08-06,852,Waterland,Noord-Holland,27,Overleden,0,4
2020-08-06,855,Tilburg,Noord-Brabant,30,Totaal,4,895
2020-08-06,855,Tilburg,Noord-Brabant,30,Ziekenhuisopname,0,250
2020-08-06,855,Tilburg,Noord-Brabant,30,Overleden,0,162
2020-08-06,856,Uden,Noord-Brabant,30,Totaal,2,266
2020-08-06,856,Uden,Noord-Brabant,30,Ziekenhuisopname,0,115
2020-08-06,856,Uden,Noord-Brabant,30,Overleden,0,63
2020-08-06,858,Valkenswaard,Noord-Brabant,30,Totaal,0,186
2020-08-06,858,Valkenswaard,Noord-Brabant,30,Ziekenhuisopname,0,19
2020-08-06,858,Valkenswaard,Noord-Brabant,30,Overleden,0,37
2020-08-06,861,Veldhoven,Noord-Brabant,30,Totaal,0,139
2020-08-06,861,Veldhoven,Noord-Brabant,30,Ziekenhuisopname,0,31
2020-08-06,861,Veldhoven,Noord-Brabant,30,Overleden,0,16
2020-08-06,865,Vught,Noord-Brabant,30,Totaal,0,108
2020-08-06,865,Vught,Noord-Brabant,30,Ziekenhuisopname,0,43
2020-08-06,865,Vught,Noord-Brabant,30,Overleden,0,17
2020-08-06,866,Waalre,Noord-Brabant,30,Totaal,0,33
2020-08-06,866,Waalre,Noord-Brabant,30,Ziekenhuisopname,0,7
2020-08-06,866,Waalre,Noord-Brabant,30,Overleden,0,5
2020-08-06,867,Waalwijk,Noord-Brabant,30,Totaal,4,197
2020-08-06,867,Waalwijk,Noord-Brabant,30,Ziekenhuisopname,0,36
2020-08-06,867,Waalwijk,Noord-Brabant,30,Overleden,0,36
2020-08-06,873,Woensdrecht,Noord-Brabant,30,Totaal,2,80
2020-08-06,873,Woensdrecht,Noord-Brabant,30,Ziekenhuisopname,0,5
2020-08-06,873,Woensdrecht,Noord-Brabant,30,Overleden,0,7
2020-08-06,879,Zundert,Noord-Brabant,30,Totaal,0,114
2020-08-06,879,Zundert,Noord-Brabant,30,Ziekenhuisopname,0,24
2020-08-06,879,Zundert,Noord-Brabant,30,Overleden,0,11
2020-08-06,880,Wormerland,Noord-Holland,27,Totaal,0,51
2020-08-06,880,Wormerland,Noord-Holland,27,Ziekenhuisopname,0,20
2020-08-06,880,Wormerland,Noord-Holland,27,Overleden,0,6
2020-08-06,882,Landgraaf,Limburg,31,Totaal,0,145
2020-08-06,882,Landgraaf,Limburg,31,Ziekenhuisopname,0,52
2020-08-06,882,Landgraaf,Limburg,31,Overleden,0,13
2020-08-06,888,Beek,Limburg,31,Totaal,0,44
2020-08-06,888,Beek,Limburg,31,Ziekenhuisopname,0,16
2020-08-06,888,Beek,Limburg,31,Overleden,0,6
2020-08-06,889,Beesel,Limburg,31,Totaal,0,45
2020-08-06,889,Beesel,Limburg,31,Ziekenhuisopname,0,20
2020-08-06,889,Beesel,Limburg,31,Overleden,0,8
2020-08-06,893,Bergen (L.),Limburg,31,Totaal,0,25
2020-08-06,893,Bergen (L.),Limburg,31,Ziekenhuisopname,0,7
2020-08-06,893,Bergen (L.),Limburg,31,Overleden,0,2
2020-08-06,899,Brunssum,Limburg,31,Totaal,0,112
2020-08-06,899,Brunssum,Limburg,31,Ziekenhuisopname,0,44
2020-08-06,899,Brunssum,Limburg,31,Overleden,0,19
2020-08-06,907,Gennep,Limburg,31,Totaal,0,58
2020-08-06,907,Gennep,Limburg,31,Ziekenhuisopname,0,16
2020-08-06,907,Gennep,Limburg,31,Overleden,0,10
2020-08-06,917,Heerlen,Limburg,31,Totaal,0,393
2020-08-06,917,Heerlen,Limburg,31,Ziekenhuisopname,0,125
2020-08-06,917,Heerlen,Limburg,31,Overleden,0,54
2020-08-06,928,Kerkrade,Limburg,31,Totaal,-3,205
2020-08-06,928,Kerkrade,Limburg,31,Ziekenhuisopname,0,64
2020-08-06,928,Kerkrade,Limburg,31,Overleden,0,35
2020-08-06,935,Maastricht,Limburg,31,Totaal,-1,923
2020-08-06,935,Maastricht,Limburg,31,Ziekenhuisopname,-1,186
2020-08-06,935,Maastricht,Limburg,31,Overleden,0,140
2020-08-06,938,Meerssen,Limburg,31,Totaal,0,120
2020-08-06,938,Meerssen,Limburg,31,Ziekenhuisopname,0,22
2020-08-06,938,Meerssen,Limburg,31,Overleden,0,13
2020-08-06,944,Mook en Middelaar,Limburg,31,Totaal,0,40
2020-08-06,944,Mook en Middelaar,Limburg,31,Ziekenhuisopname,0,6
2020-08-06,944,Mook en Middelaar,Limburg,31,Overleden,0,5
2020-08-06,946,Nederweert,Limburg,31,Totaal,1,54
2020-08-06,946,Nederweert,Limburg,31,Ziekenhuisopname,0,31
2020-08-06,946,Nederweert,Limburg,31,Overleden,0,7
2020-08-06,957,Roermond,Limburg,31,Totaal,3,148
2020-08-06,957,Roermond,Limburg,31,Ziekenhuisopname,0,59
2020-08-06,957,Roermond,Limburg,31,Overleden,0,23
2020-08-06,965,Simpelveld,Limburg,31,Totaal,0,48
2020-08-06,965,Simpelveld,Limburg,31,Ziekenhuisopname,0,19
2020-08-06,965,Simpelveld,Limburg,31,Overleden,0,5
2020-08-06,971,Stein,Limburg,31,Totaal,0,122
2020-08-06,971,Stein,Limburg,31,Ziekenhuisopname,0,43
2020-08-06,971,Stein,Limburg,31,Overleden,0,15
2020-08-06,981,Vaals,Limburg,31,Totaal,0,31
2020-08-06,981,Vaals,Limburg,31,Ziekenhuisopname,0,10
2020-08-06,981,Vaals,Limburg,31,Overleden,0,2
2020-08-06,983,Venlo,Limburg,31,Totaal,0,316
2020-08-06,983,Venlo,Limburg,31,Ziekenhuisopname,0,129
2020-08-06,983,Venlo,Limburg,31,Overleden,0,63
2020-08-06,984,Venray,Limburg,31,Totaal,0,129
2020-08-06,984,Venray,Limburg,31,Ziekenhuisopname,0,37
2020-08-06,984,Venray,Limburg,31,Overleden,0,17
2020-08-06,986,Voerendaal,Limburg,31,Totaal,0,48
2020-08-06,986,Voerendaal,Limburg,31,Ziekenhuisopname,0,17
2020-08-06,986,Voerendaal,Limburg,31,Overleden,0,8
2020-08-06,988,Weert,Limburg,31,Totaal,1,145
2020-08-06,988,Weert,Limburg,31,Ziekenhuisopname,0,67
2020-08-06,988,Weert,Limburg,31,Overleden,0,14
2020-08-06,994,Valkenburg aan de Geul,Limburg,31,Totaal,0,88
2020-08-06,994,Valkenburg aan de Geul,Limburg,31,Ziekenhuisopname,0,19
2020-08-06,994,Valkenburg aan de Geul,Limburg,31,Overleden,0,7
2020-08-06,995,Lelystad,Flevoland,24,Totaal,0,192
2020-08-06,995,Lelystad,Flevoland,24,Ziekenhuisopname,0,63
2020-08-06,995,Lelystad,Flevoland,24,Overleden,0,29
2020-08-06,1507,Horst aan de Maas,Limburg,31,Totaal,0,137
2020-08-06,1507,Horst aan de Maas,Limburg,31,Ziekenhuisopname,0,41
2020-08-06,1507,Horst aan de Maas,Limburg,31,Overleden,0,24
2020-08-06,1509,Oude IJsselstreek,Gelderland,25,Totaal,1,80
2020-08-06,1509,Oude IJsselstreek,Gelderland,25,Ziekenhuisopname,0,21
2020-08-06,1509,Oude IJsselstreek,Gelderland,25,Overleden,0,9
2020-08-06,1525,Teylingen,Zuid-Holland,28,Totaal,0,71
2020-08-06,1525,Teylingen,Zuid-Holland,28,Ziekenhuisopname,0,14
2020-08-06,1525,Teylingen,Zuid-Holland,28,Overleden,0,2
2020-08-06,1581,Utrechtse Heuvelrug,Utrecht,26,Totaal,1,136
2020-08-06,1581,Utrechtse Heuvelrug,Utrecht,26,Ziekenhuisopname,0,28
2020-08-06,1581,Utrechtse Heuvelrug,Utrecht,26,Overleden,0,14
2020-08-06,1586,Oost Gelre,Gelderland,25,Totaal,0,77
2020-08-06,1586,Oost Gelre,Gelderland,25,Ziekenhuisopname,0,18
2020-08-06,1586,Oost Gelre,Gelderland,25,Overleden,0,6
2020-08-06,1598,Koggenland,Noord-Holland,27,Totaal,1,37
2020-08-06,1598,Koggenland,Noord-Holland,27,Ziekenhuisopname,0,6
2020-08-06,1598,Koggenland,Noord-Holland,27,Overleden,0,6
2020-08-06,1621,Lansingerland,Zuid-Holland,28,Totaal,2,223
2020-08-06,1621,Lansingerland,Zuid-Holland,28,Ziekenhuisopname,0,43
2020-08-06,1621,Lansingerland,Zuid-Holland,28,Overleden,0,25
2020-08-06,1640,Leudal,Limburg,31,Totaal,0,192
2020-08-06,1640,Leudal,Limburg,31,Ziekenhuisopname,0,53
2020-08-06,1640,Leudal,Limburg,31,Overleden,0,33
2020-08-06,1641,Maasgouw,Limburg,31,Totaal,0,107
2020-08-06,1641,Maasgouw,Limburg,31,Ziekenhuisopname,0,27
2020-08-06,1641,Maasgouw,Limburg,31,Overleden,0,14
2020-08-06,1652,Gemert-Bakel,Noord-Brabant,30,Totaal,2,223
2020-08-06,1652,Gemert-Bakel,Noord-Brabant,30,Ziekenhuisopname,0,79
2020-08-06,1652,Gemert-Bakel,Noord-Brabant,30,Overleden,0,32
2020-08-06,1655,Halderberge,Noord-Brabant,30,Totaal,0,69
2020-08-06,1655,Halderberge,Noord-Brabant,30,Ziekenhuisopname,0,14
2020-08-06,1655,Halderberge,Noord-Brabant,30,Overleden,0,7
2020-08-06,1658,Heeze-Leende,Noord-Brabant,30,Totaal,0,72
2020-08-06,1658,Heeze-Leende,Noord-Brabant,30,Ziekenhuisopname,0,16
2020-08-06,1658,Heeze-Leende,Noord-Brabant,30,Overleden,0,8
2020-08-06,1659,Laarbeek,Noord-Brabant,30,Totaal,0,125
2020-08-06,1659,Laarbeek,Noord-Brabant,30,Ziekenhuisopname,0,41
2020-08-06,1659,Laarbeek,Noord-Brabant,30,Overleden,0,26
2020-08-06,1667,Reusel-De Mierden,Noord-Brabant,30,Totaal,1,25
2020-08-06,1667,Reusel-De Mierden,Noord-Brabant,30,Ziekenhuisopname,0,11
2020-08-06,1667,Reusel-De Mierden,Noord-Brabant,30,Overleden,0,2
2020-08-06,1669,Roerdalen,Limburg,31,Totaal,0,49
2020-08-06,1669,Roerdalen,Limburg,31,Ziekenhuisopname,0,27
2020-08-06,1669,Roerdalen,Limburg,31,Overleden,0,8
2020-08-06,1674,Roosendaal,Noord-Brabant,30,Totaal,5,275
2020-08-06,1674,Roosendaal,Noord-Brabant,30,Ziekenhuisopname,0,29
2020-08-06,1674,Roosendaal,Noord-Brabant,30,Overleden,0,22
2020-08-06,1676,Schouwen-Duiveland,Zeeland,29,Totaal,-1,97
2020-08-06,1676,Schouwen-Duiveland,Zeeland,29,Ziekenhuisopname,0,11
2020-08-06,1676,Schouwen-Duiveland,Zeeland,29,Overleden,0,9
2020-08-06,1680,Aa en Hunze,Drenthe,22,Totaal,0,14
2020-08-06,1680,Aa en Hunze,Drenthe,22,Ziekenhuisopname,0,1
2020-08-06,1680,Aa en Hunze,Drenthe,22,Overleden,0,0
2020-08-06,1681,Borger-Odoorn,Drenthe,22,Totaal,0,10
2020-08-06,1681,Borger-Odoorn,Drenthe,22,Ziekenhuisopname,0,4
2020-08-06,1681,Borger-Odoorn,Drenthe,22,Overleden,0,3
2020-08-06,1684,Cuijk,Noord-Brabant,30,Totaal,0,79
2020-08-06,1684,Cuijk,Noord-Brabant,30,Ziekenhuisopname,0,12
2020-08-06,1684,Cuijk,Noord-Brabant,30,Overleden,0,10
2020-08-06,1685,Landerd,Noord-Brabant,30,Totaal,0,146
2020-08-06,1685,Landerd,Noord-Brabant,30,Ziekenhuisopname,0,39
2020-08-06,1685,Landerd,Noord-Brabant,30,Overleden,0,21
2020-08-06,1690,De Wolden,Drenthe,22,Totaal,0,48
2020-08-06,1690,De Wolden,Drenthe,22,Ziekenhuisopname,0,11
2020-08-06,1690,De Wolden,Drenthe,22,Overleden,0,5
2020-08-06,1695,Noord-Beveland,Zeeland,29,Totaal,0,13
2020-08-06,1695,Noord-Beveland,Zeeland,29,Ziekenhuisopname,0,1
2020-08-06,1695,Noord-Beveland,Zeeland,29,Overleden,0,0
2020-08-06,1696,Wijdemeren,Noord-Holland,27,Totaal,2,40
2020-08-06,1696,Wijdemeren,Noord-Holland,27,Ziekenhuisopname,0,8
2020-08-06,1696,Wijdemeren,Noord-Holland,27,Overleden,0,0
2020-08-06,1699,Noordenveld,Drenthe,22,Totaal,0,21
2020-08-06,1699,Noordenveld,Drenthe,22,Ziekenhuisopname,0,4
2020-08-06,1699,Noordenveld,Drenthe,22,Overleden,0,1
2020-08-06,1700,Twenterand,Overijssel,23,Totaal,0,61
2020-08-06,1700,Twenterand,Overijssel,23,Ziekenhuisopname,0,12
2020-08-06,1700,Twenterand,Overijssel,23,Overleden,0,2
2020-08-06,1701,Westerveld,Drenthe,22,Totaal,0,38
2020-08-06,1701,Westerveld,Drenthe,22,Ziekenhuisopname,0,9
2020-08-06,1701,Westerveld,Drenthe,22,Overleden,0,4
2020-08-06,1702,Sint Anthonis,Noord-Brabant,30,Totaal,0,72
2020-08-06,1702,Sint Anthonis,Noord-Brabant,30,Ziekenhuisopname,0,20
2020-08-06,1702,Sint Anthonis,Noord-Brabant,30,Overleden,0,11
2020-08-06,1705,Lingewaard,Gelderland,25,Totaal,0,131
2020-08-06,1705,Lingewaard,Gelderland,25,Ziekenhuisopname,0,31
2020-08-06,1705,Lingewaard,Gelderland,25,Overleden,0,10
2020-08-06,1706,Cranendonck,Noord-Brabant,30,Totaal,0,173
2020-08-06,1706,Cranendonck,Noord-Brabant,30,Ziekenhuisopname,0,63
2020-08-06,1706,Cranendonck,Noord-Brabant,30,Overleden,0,36
2020-08-06,1708,Steenwijkerland,Overijssel,23,Totaal,0,107
2020-08-06,1708,Steenwijkerland,Overijssel,23,Ziekenhuisopname,0,14
2020-08-06,1708,Steenwijkerland,Overijssel,23,Overleden,0,5
2020-08-06,1709,Moerdijk,Noord-Brabant,30,Totaal,1,88
2020-08-06,1709,Moerdijk,Noord-Brabant,30,Ziekenhuisopname,0,14
2020-08-06,1709,Moerdijk,Noord-Brabant,30,Overleden,0,8
2020-08-06,1711,Echt-Susteren,Limburg,31,Totaal,1,94
2020-08-06,1711,Echt-Susteren,Limburg,31,Ziekenhuisopname,0,39
2020-08-06,1711,Echt-Susteren,Limburg,31,Overleden,0,16
2020-08-06,1714,Sluis,Zeeland,29,Totaal,2,21
2020-08-06,1714,Sluis,Zeeland,29,Ziekenhuisopname,0,9
2020-08-06,1714,Sluis,Zeeland,29,Overleden,0,4
2020-08-06,1719,Drimmelen,Noord-Brabant,30,Totaal,2,73
2020-08-06,1719,Drimmelen,Noord-Brabant,30,Ziekenhuisopname,0,18
2020-08-06,1719,Drimmelen,Noord-Brabant,30,Overleden,0,8
2020-08-06,1721,Bernheze,Noord-Brabant,30,Totaal,0,282
2020-08-06,1721,Bernheze,Noord-Brabant,30,Ziekenhuisopname,0,95
2020-08-06,1721,Bernheze,Noord-Brabant,30,Overleden,0,65
2020-08-06,1723,Alphen-Chaam,Noord-Brabant,30,Totaal,1,61
2020-08-06,1723,Alphen-Chaam,Noord-Brabant,30,Ziekenhuisopname,0,18
2020-08-06,1723,Alphen-Chaam,Noord-Brabant,30,Overleden,0,5
2020-08-06,1724,Bergeijk,Noord-Brabant,30,Totaal,0,58
2020-08-06,1724,Bergeijk,Noord-Brabant,30,Ziekenhuisopname,0,19
2020-08-06,1724,Bergeijk,Noord-Brabant,30,Overleden,0,5
2020-08-06,1728,Bladel,Noord-Brabant,30,Totaal,0,79
2020-08-06,1728,Bladel,Noord-Brabant,30,Ziekenhuisopname,0,21
2020-08-06,1728,Bladel,Noord-Brabant,30,Overleden,0,8
2020-08-06,1729,Gulpen-Wittem,Limburg,31,Totaal,0,80
2020-08-06,1729,Gulpen-Wittem,Limburg,31,Ziekenhuisopname,0,21
2020-08-06,1729,Gulpen-Wittem,Limburg,31,Overleden,0,14
2020-08-06,1730,Tynaarlo,Drenthe,22,Totaal,0,41
2020-08-06,1730,Tynaarlo,Drenthe,22,Ziekenhuisopname,0,9
2020-08-06,1730,Tynaarlo,Drenthe,22,Overleden,0,0
2020-08-06,1731,Midden-Drenthe,Drenthe,22,Totaal,0,23
2020-08-06,1731,Midden-Drenthe,Drenthe,22,Ziekenhuisopname,0,6
2020-08-06,1731,Midden-Drenthe,Drenthe,22,Overleden,0,0
2020-08-06,1734,Overbetuwe,Gelderland,25,Totaal,1,141
2020-08-06,1734,Overbetuwe,Gelderland,25,Ziekenhuisopname,0,55
2020-08-06,1734,Overbetuwe,Gelderland,25,Overleden,0,16
2020-08-06,1735,Hof van Twente,Overijssel,23,Totaal,0,63
2020-08-06,1735,Hof van Twente,Overijssel,23,Ziekenhuisopname,0,15
2020-08-06,1735,Hof van Twente,Overijssel,23,Overleden,0,5
2020-08-06,1740,Neder-Betuwe,Gelderland,25,Totaal,0,146
2020-08-06,1740,Neder-Betuwe,Gelderland,25,Ziekenhuisopname,0,37
2020-08-06,1740,Neder-Betuwe,Gelderland,25,Overleden,0,21
2020-08-06,1742,Rijssen-Holten,Overijssel,23,Totaal,0,202
2020-08-06,1742,Rijssen-Holten,Overijssel,23,Ziekenhuisopname,0,29
2020-08-06,1742,Rijssen-Holten,Overijssel,23,Overleden,0,23
2020-08-06,1771,Geldrop-Mierlo,Noord-Brabant,30,Totaal,1,113
2020-08-06,1771,Geldrop-Mierlo,Noord-Brabant,30,Ziekenhuisopname,0,33
2020-08-06,1771,Geldrop-Mierlo,Noord-Brabant,30,Overleden,0,16
2020-08-06,1773,Olst-Wijhe,Overijssel,23,Totaal,1,53
2020-08-06,1773,Olst-Wijhe,Overijssel,23,Ziekenhuisopname,0,12
2020-08-06,1773,Olst-Wijhe,Overijssel,23,Overleden,0,8
2020-08-06,1774,Dinkelland,Overijssel,23,Totaal,2,77
2020-08-06,1774,Dinkelland,Overijssel,23,Ziekenhuisopname,0,20
2020-08-06,1774,Dinkelland,Overijssel,23,Overleden,0,10
2020-08-06,1783,Westland,Zuid-Holland,28,Totaal,3,326
2020-08-06,1783,Westland,Zuid-Holland,28,Ziekenhuisopname,0,57
2020-08-06,1783,Westland,Zuid-Holland,28,Overleden,0,30
2020-08-06,1842,Midden-Delfland,Zuid-Holland,28,Totaal,1,35
2020-08-06,1842,Midden-Delfland,Zuid-Holland,28,Ziekenhuisopname,0,4
2020-08-06,1842,Midden-Delfland,Zuid-Holland,28,Overleden,0,0
2020-08-06,1859,Berkelland,Gelderland,25,Totaal,0,96
2020-08-06,1859,Berkelland,Gelderland,25,Ziekenhuisopname,0,12
2020-08-06,1859,Berkelland,Gelderland,25,Overleden,0,7
2020-08-06,1876,Bronckhorst,Gelderland,25,Totaal,0,77
2020-08-06,1876,Bronckhorst,Gelderland,25,Ziekenhuisopname,0,17
2020-08-06,1876,Bronckhorst,Gelderland,25,Overleden,0,7
2020-08-06,1883,Sittard-Geleen,Limburg,31,Totaal,0,417
2020-08-06,1883,Sittard-Geleen,Limburg,31,Ziekenhuisopname,0,115
2020-08-06,1883,Sittard-Geleen,Limburg,31,Overleden,0,64
2020-08-06,1884,Kaag en Braassem,Zuid-Holland,28,Totaal,1,35
2020-08-06,1884,Kaag en Braassem,Zuid-Holland,28,Ziekenhuisopname,0,7
2020-08-06,1884,Kaag en Braassem,Zuid-Holland,28,Overleden,0,2
2020-08-06,1891,Dantumadiel,Friesland,21,Totaal,0,5
2020-08-06,1891,Dantumadiel,Friesland,21,Ziekenhuisopname,0,2
2020-08-06,1891,Dantumadiel,Friesland,21,Overleden,0,0
2020-08-06,1892,Zuidplas,Zuid-Holland,28,Totaal,0,164
2020-08-06,1892,Zuidplas,Zuid-Holland,28,Ziekenhuisopname,0,24
2020-08-06,1892,Zuidplas,Zuid-Holland,28,Overleden,0,21
2020-08-06,1894,Peel en Maas,Limburg,31,Totaal,0,285
2020-08-06,1894,Peel en Maas,Limburg,31,Ziekenhuisopname,0,144
2020-08-06,1894,Peel en Maas,Limburg,31,Overleden,0,65
2020-08-06,1895,Oldambt,Groningen,20,Totaal,0,13
2020-08-06,1895,Oldambt,Groningen,20,Ziekenhuisopname,0,7
2020-08-06,1895,Oldambt,Groningen,20,Overleden,0,2
2020-08-06,1896,Zwartewaterland,Overijssel,23,Totaal,0,146
2020-08-06,1896,Zwartewaterland,Overijssel,23,Ziekenhuisopname,0,35
2020-08-06,1896,Zwartewaterland,Overijssel,23,Overleden,0,19
2020-08-06,1900,Sdwest-Frysln,Friesland,21,Totaal,0,106
2020-08-06,1900,Sdwest-Frysln,Friesland,21,Ziekenhuisopname,0,18
2020-08-06,1900,Sdwest-Frysln,Friesland,21,Overleden,0,6
2020-08-06,1901,Bodegraven-Reeuwijk,Zuid-Holland,28,Totaal,2,73
2020-08-06,1901,Bodegraven-Reeuwijk,Zuid-Holland,28,Ziekenhuisopname,0,7
2020-08-06,1901,Bodegraven-Reeuwijk,Zuid-Holland,28,Overleden,0,1
2020-08-06,1903,Eijsden-Margraten,Limburg,31,Totaal,0,179
2020-08-06,1903,Eijsden-Margraten,Limburg,31,Ziekenhuisopname,0,54
2020-08-06,1903,Eijsden-Margraten,Limburg,31,Overleden,0,27
2020-08-06,1904,Stichtse Vecht,Utrecht,26,Totaal,0,148
2020-08-06,1904,Stichtse Vecht,Utrecht,26,Ziekenhuisopname,0,34
2020-08-06,1904,Stichtse Vecht,Utrecht,26,Overleden,0,14
2020-08-06,1911,Hollands Kroon,Noord-Holland,27,Totaal,1,65
2020-08-06,1911,Hollands Kroon,Noord-Holland,27,Ziekenhuisopname,0,26
2020-08-06,1911,Hollands Kroon,Noord-Holland,27,Overleden,0,6
2020-08-06,1916,Leidschendam-Voorburg,Zuid-Holland,28,Totaal,8,183
2020-08-06,1916,Leidschendam-Voorburg,Zuid-Holland,28,Ziekenhuisopname,0,21
2020-08-06,1916,Leidschendam-Voorburg,Zuid-Holland,28,Overleden,0,15
2020-08-06,1924,Goeree-Overflakkee,Zuid-Holland,28,Totaal,1,270
2020-08-06,1924,Goeree-Overflakkee,Zuid-Holland,28,Ziekenhuisopname,0,54
2020-08-06,1924,Goeree-Overflakkee,Zuid-Holland,28,Overleden,0,34
2020-08-06,1926,Pijnacker-Nootdorp,Zuid-Holland,28,Totaal,0,158
2020-08-06,1926,Pijnacker-Nootdorp,Zuid-Holland,28,Ziekenhuisopname,0,24
2020-08-06,1926,Pijnacker-Nootdorp,Zuid-Holland,28,Overleden,0,16
2020-08-06,1930,Nissewaard,Zuid-Holland,28,Totaal,0,248
2020-08-06,1930,Nissewaard,Zuid-Holland,28,Ziekenhuisopname,0,56
2020-08-06,1930,Nissewaard,Zuid-Holland,28,Overleden,0,17
2020-08-06,1931,Krimpenerwaard,Zuid-Holland,28,Totaal,0,218
2020-08-06,1931,Krimpenerwaard,Zuid-Holland,28,Ziekenhuisopname,0,45
2020-08-06,1931,Krimpenerwaard,Zuid-Holland,28,Overleden,0,34
2020-08-06,1940,De Fryske Marren,Friesland,21,Totaal,0,76
2020-08-06,1940,De Fryske Marren,Friesland,21,Ziekenhuisopname,0,16
2020-08-06,1940,De Fryske Marren,Friesland,21,Overleden,0,6
2020-08-06,1942,Gooise Meren,Noord-Holland,27,Totaal,1,132
2020-08-06,1942,Gooise Meren,Noord-Holland,27,Ziekenhuisopname,0,23
2020-08-06,1942,Gooise Meren,Noord-Holland,27,Overleden,0,9
2020-08-06,1945,Berg en Dal,Gelderland,25,Totaal,0,184
2020-08-06,1945,Berg en Dal,Gelderland,25,Ziekenhuisopname,0,29
2020-08-06,1945,Berg en Dal,Gelderland,25,Overleden,0,16
2020-08-06,1948,Meierijstad,Noord-Brabant,30,Totaal,0,560
2020-08-06,1948,Meierijstad,Noord-Brabant,30,Ziekenhuisopname,0,211
2020-08-06,1948,Meierijstad,Noord-Brabant,30,Overleden,0,131
2020-08-06,1949,Waadhoeke,Friesland,21,Totaal,0,101
2020-08-06,1949,Waadhoeke,Friesland,21,Ziekenhuisopname,0,12
2020-08-06,1949,Waadhoeke,Friesland,21,Overleden,0,15
2020-08-06,1950,Westerwolde,Groningen,20,Totaal,0,7
2020-08-06,1950,Westerwolde,Groningen,20,Ziekenhuisopname,0,5
2020-08-06,1950,Westerwolde,Groningen,20,Overleden,0,0
2020-08-06,1952,Midden-Groningen,Groningen,20,Totaal,3,37
2020-08-06,1952,Midden-Groningen,Groningen,20,Ziekenhuisopname,0,6
2020-08-06,1952,Midden-Groningen,Groningen,20,Overleden,0,3
2020-08-06,1954,Beekdaelen,Limburg,31,Totaal,0,172
2020-08-06,1954,Beekdaelen,Limburg,31,Ziekenhuisopname,0,52
2020-08-06,1954,Beekdaelen,Limburg,31,Overleden,0,23
2020-08-06,1955,Montferland,Gelderland,25,Totaal,0,105
2020-08-06,1955,Montferland,Gelderland,25,Ziekenhuisopname,0,21
2020-08-06,1955,Montferland,Gelderland,25,Overleden,0,9
2020-08-06,1959,Altena,Noord-Brabant,30,Totaal,1,149
2020-08-06,1959,Altena,Noord-Brabant,30,Ziekenhuisopname,0,32
2020-08-06,1959,Altena,Noord-Brabant,30,Overleden,0,11
2020-08-06,1960,West Betuwe,Gelderland,25,Totaal,0,216
2020-08-06,1960,West Betuwe,Gelderland,25,Ziekenhuisopname,0,43
2020-08-06,1960,West Betuwe,Gelderland,25,Overleden,0,27
2020-08-06,1961,Vijfheerenlanden,Utrecht,26,Totaal,0,280
2020-08-06,1961,Vijfheerenlanden,Utrecht,26,Ziekenhuisopname,0,34
2020-08-06,1961,Vijfheerenlanden,Utrecht,26,Overleden,0,36
2020-08-06,1963,Hoeksche Waard,Zuid-Holland,28,Totaal,2,328
2020-08-06,1963,Hoeksche Waard,Zuid-Holland,28,Ziekenhuisopname,0,76
2020-08-06,1963,Hoeksche Waard,Zuid-Holland,28,Overleden,0,20
2020-08-06,1966,Het Hogeland,Groningen,20,Totaal,0,38
2020-08-06,1966,Het Hogeland,Groningen,20,Ziekenhuisopname,0,7
2020-08-06,1966,Het Hogeland,Groningen,20,Overleden,0,3
2020-08-06,1969,Westerkwartier,Groningen,20,Totaal,0,59
2020-08-06,1969,Westerkwartier,Groningen,20,Ziekenhuisopname,0,14
2020-08-06,1969,Westerkwartier,Groningen,20,Overleden,0,4
2020-08-06,1970,Noardeast-Frysln,Friesland,21,Totaal,0,32
2020-08-06,1970,Noardeast-Frysln,Friesland,21,Ziekenhuisopname,0,6
2020-08-06,1970,Noardeast-Frysln,Friesland,21,Overleden,0,4
2020-08-06,1978,Molenlanden,Zuid-Holland,28,Totaal,0,127
2020-08-06,1978,Molenlanden,Zuid-Holland,28,Ziekenhuisopname,0,18
2020-08-06,1978,Molenlanden,Zuid-Holland,28,Overleden,0,8
