Datum,Gemeentecode,Gemeentenaam,Provincienaam,Provinciecode,Type,Aantal,AantalCumulatief
2020-07-07,-1,,,-1,Totaal,-1,492
2020-07-07,-1,,,-1,Ziekenhuisopname,0,61
2020-07-07,-1,,,-1,Overleden,0,18
2020-07-07,3,Appingedam,Groningen,20,Totaal,0,5
2020-07-07,3,Appingedam,Groningen,20,Ziekenhuisopname,0,3
2020-07-07,3,Appingedam,Groningen,20,Overleden,0,0
2020-07-07,10,Delfzijl,Groningen,20,Totaal,0,18
2020-07-07,10,Delfzijl,Groningen,20,Ziekenhuisopname,0,6
2020-07-07,10,Delfzijl,Groningen,20,Overleden,0,0
2020-07-07,14,Groningen,Groningen,20,Totaal,0,174
2020-07-07,14,Groningen,Groningen,20,Ziekenhuisopname,0,18
2020-07-07,14,Groningen,Groningen,20,Overleden,0,3
2020-07-07,24,Loppersum,Groningen,20,Totaal,0,2
2020-07-07,24,Loppersum,Groningen,20,Ziekenhuisopname,0,0
2020-07-07,24,Loppersum,Groningen,20,Overleden,0,0
2020-07-07,34,Almere,Flevoland,24,Totaal,0,456
2020-07-07,34,Almere,Flevoland,24,Ziekenhuisopname,0,124
2020-07-07,34,Almere,Flevoland,24,Overleden,0,31
2020-07-07,37,Stadskanaal,Groningen,20,Totaal,0,9
2020-07-07,37,Stadskanaal,Groningen,20,Ziekenhuisopname,0,2
2020-07-07,37,Stadskanaal,Groningen,20,Overleden,0,2
2020-07-07,47,Veendam,Groningen,20,Totaal,0,8
2020-07-07,47,Veendam,Groningen,20,Ziekenhuisopname,0,2
2020-07-07,47,Veendam,Groningen,20,Overleden,0,0
2020-07-07,50,Zeewolde,Flevoland,24,Totaal,0,49
2020-07-07,50,Zeewolde,Flevoland,24,Ziekenhuisopname,0,12
2020-07-07,50,Zeewolde,Flevoland,24,Overleden,0,6
2020-07-07,59,Achtkarspelen,Friesland,21,Totaal,0,12
2020-07-07,59,Achtkarspelen,Friesland,21,Ziekenhuisopname,0,0
2020-07-07,59,Achtkarspelen,Friesland,21,Overleden,0,0
2020-07-07,60,Ameland,Friesland,21,Totaal,0,0
2020-07-07,60,Ameland,Friesland,21,Ziekenhuisopname,0,0
2020-07-07,60,Ameland,Friesland,21,Overleden,0,0
2020-07-07,72,Harlingen,Friesland,21,Totaal,0,17
2020-07-07,72,Harlingen,Friesland,21,Ziekenhuisopname,0,4
2020-07-07,72,Harlingen,Friesland,21,Overleden,0,1
2020-07-07,74,Heerenveen,Friesland,21,Totaal,0,94
2020-07-07,74,Heerenveen,Friesland,21,Ziekenhuisopname,0,13
2020-07-07,74,Heerenveen,Friesland,21,Overleden,0,21
2020-07-07,80,Leeuwarden,Friesland,21,Totaal,0,66
2020-07-07,80,Leeuwarden,Friesland,21,Ziekenhuisopname,0,33
2020-07-07,80,Leeuwarden,Friesland,21,Overleden,0,6
2020-07-07,85,Ooststellingwerf,Friesland,21,Totaal,0,7
2020-07-07,85,Ooststellingwerf,Friesland,21,Ziekenhuisopname,0,3
2020-07-07,85,Ooststellingwerf,Friesland,21,Overleden,0,0
2020-07-07,86,Opsterland,Friesland,21,Totaal,0,23
2020-07-07,86,Opsterland,Friesland,21,Ziekenhuisopname,0,7
2020-07-07,86,Opsterland,Friesland,21,Overleden,0,0
2020-07-07,88,Schiermonnikoog,Friesland,21,Totaal,0,0
2020-07-07,88,Schiermonnikoog,Friesland,21,Ziekenhuisopname,0,0
2020-07-07,88,Schiermonnikoog,Friesland,21,Overleden,0,0
2020-07-07,90,Smallingerland,Friesland,21,Totaal,0,57
2020-07-07,90,Smallingerland,Friesland,21,Ziekenhuisopname,0,9
2020-07-07,90,Smallingerland,Friesland,21,Overleden,0,5
2020-07-07,93,Terschelling,Friesland,21,Totaal,0,2
2020-07-07,93,Terschelling,Friesland,21,Ziekenhuisopname,0,0
2020-07-07,93,Terschelling,Friesland,21,Overleden,0,0
2020-07-07,96,Vlieland,Friesland,21,Totaal,0,0
2020-07-07,96,Vlieland,Friesland,21,Ziekenhuisopname,0,0
2020-07-07,96,Vlieland,Friesland,21,Overleden,0,0
2020-07-07,98,Weststellingwerf,Friesland,21,Totaal,0,29
2020-07-07,98,Weststellingwerf,Friesland,21,Ziekenhuisopname,0,3
2020-07-07,98,Weststellingwerf,Friesland,21,Overleden,0,4
2020-07-07,106,Assen,Drenthe,22,Totaal,0,46
2020-07-07,106,Assen,Drenthe,22,Ziekenhuisopname,0,12
2020-07-07,106,Assen,Drenthe,22,Overleden,0,2
2020-07-07,109,Coevorden,Drenthe,22,Totaal,0,57
2020-07-07,109,Coevorden,Drenthe,22,Ziekenhuisopname,0,13
2020-07-07,109,Coevorden,Drenthe,22,Overleden,0,2
2020-07-07,114,Emmen,Drenthe,22,Totaal,0,103
2020-07-07,114,Emmen,Drenthe,22,Ziekenhuisopname,0,20
2020-07-07,114,Emmen,Drenthe,22,Overleden,0,11
2020-07-07,118,Hoogeveen,Drenthe,22,Totaal,0,92
2020-07-07,118,Hoogeveen,Drenthe,22,Ziekenhuisopname,0,19
2020-07-07,118,Hoogeveen,Drenthe,22,Overleden,0,8
2020-07-07,119,Meppel,Drenthe,22,Totaal,0,45
2020-07-07,119,Meppel,Drenthe,22,Ziekenhuisopname,0,9
2020-07-07,119,Meppel,Drenthe,22,Overleden,0,5
2020-07-07,141,Almelo,Overijssel,23,Totaal,0,94
2020-07-07,141,Almelo,Overijssel,23,Ziekenhuisopname,0,23
2020-07-07,141,Almelo,Overijssel,23,Overleden,0,9
2020-07-07,147,Borne,Overijssel,23,Totaal,0,50
2020-07-07,147,Borne,Overijssel,23,Ziekenhuisopname,0,14
2020-07-07,147,Borne,Overijssel,23,Overleden,0,6
2020-07-07,148,Dalfsen,Overijssel,23,Totaal,0,80
2020-07-07,148,Dalfsen,Overijssel,23,Ziekenhuisopname,0,16
2020-07-07,148,Dalfsen,Overijssel,23,Overleden,0,6
2020-07-07,150,Deventer,Overijssel,23,Totaal,2,333
2020-07-07,150,Deventer,Overijssel,23,Ziekenhuisopname,0,47
2020-07-07,150,Deventer,Overijssel,23,Overleden,0,33
2020-07-07,153,Enschede,Overijssel,23,Totaal,1,244
2020-07-07,153,Enschede,Overijssel,23,Ziekenhuisopname,0,53
2020-07-07,153,Enschede,Overijssel,23,Overleden,0,25
2020-07-07,158,Haaksbergen,Overijssel,23,Totaal,0,56
2020-07-07,158,Haaksbergen,Overijssel,23,Ziekenhuisopname,0,14
2020-07-07,158,Haaksbergen,Overijssel,23,Overleden,0,7
2020-07-07,160,Hardenberg,Overijssel,23,Totaal,0,170
2020-07-07,160,Hardenberg,Overijssel,23,Ziekenhuisopname,0,23
2020-07-07,160,Hardenberg,Overijssel,23,Overleden,0,8
2020-07-07,163,Hellendoorn,Overijssel,23,Totaal,0,96
2020-07-07,163,Hellendoorn,Overijssel,23,Ziekenhuisopname,0,8
2020-07-07,163,Hellendoorn,Overijssel,23,Overleden,0,12
2020-07-07,164,Hengelo,Overijssel,23,Totaal,0,129
2020-07-07,164,Hengelo,Overijssel,23,Ziekenhuisopname,0,21
2020-07-07,164,Hengelo,Overijssel,23,Overleden,0,19
2020-07-07,166,Kampen,Overijssel,23,Totaal,0,343
2020-07-07,166,Kampen,Overijssel,23,Ziekenhuisopname,0,59
2020-07-07,166,Kampen,Overijssel,23,Overleden,0,26
2020-07-07,168,Losser,Overijssel,23,Totaal,0,25
2020-07-07,168,Losser,Overijssel,23,Ziekenhuisopname,0,7
2020-07-07,168,Losser,Overijssel,23,Overleden,0,0
2020-07-07,171,Noordoostpolder,Flevoland,24,Totaal,0,81
2020-07-07,171,Noordoostpolder,Flevoland,24,Ziekenhuisopname,0,14
2020-07-07,171,Noordoostpolder,Flevoland,24,Overleden,0,10
2020-07-07,173,Oldenzaal,Overijssel,23,Totaal,0,50
2020-07-07,173,Oldenzaal,Overijssel,23,Ziekenhuisopname,0,14
2020-07-07,173,Oldenzaal,Overijssel,23,Overleden,0,7
2020-07-07,175,Ommen,Overijssel,23,Totaal,0,53
2020-07-07,175,Ommen,Overijssel,23,Ziekenhuisopname,0,9
2020-07-07,175,Ommen,Overijssel,23,Overleden,0,2
2020-07-07,177,Raalte,Overijssel,23,Totaal,0,155
2020-07-07,177,Raalte,Overijssel,23,Ziekenhuisopname,0,24
2020-07-07,177,Raalte,Overijssel,23,Overleden,0,17
2020-07-07,180,Staphorst,Overijssel,23,Totaal,1,60
2020-07-07,180,Staphorst,Overijssel,23,Ziekenhuisopname,0,8
2020-07-07,180,Staphorst,Overijssel,23,Overleden,0,4
2020-07-07,183,Tubbergen,Overijssel,23,Totaal,0,81
2020-07-07,183,Tubbergen,Overijssel,23,Ziekenhuisopname,0,12
2020-07-07,183,Tubbergen,Overijssel,23,Overleden,0,5
2020-07-07,184,Urk,Flevoland,24,Totaal,0,84
2020-07-07,184,Urk,Flevoland,24,Ziekenhuisopname,0,22
2020-07-07,184,Urk,Flevoland,24,Overleden,0,4
2020-07-07,189,Wierden,Overijssel,23,Totaal,0,50
2020-07-07,189,Wierden,Overijssel,23,Ziekenhuisopname,0,5
2020-07-07,189,Wierden,Overijssel,23,Overleden,0,6
2020-07-07,193,Zwolle,Overijssel,23,Totaal,0,360
2020-07-07,193,Zwolle,Overijssel,23,Ziekenhuisopname,0,53
2020-07-07,193,Zwolle,Overijssel,23,Overleden,0,46
2020-07-07,197,Aalten,Gelderland,25,Totaal,0,60
2020-07-07,197,Aalten,Gelderland,25,Ziekenhuisopname,0,9
2020-07-07,197,Aalten,Gelderland,25,Overleden,0,7
2020-07-07,200,Apeldoorn,Gelderland,25,Totaal,0,455
2020-07-07,200,Apeldoorn,Gelderland,25,Ziekenhuisopname,0,94
2020-07-07,200,Apeldoorn,Gelderland,25,Overleden,0,50
2020-07-07,202,Arnhem,Gelderland,25,Totaal,0,406
2020-07-07,202,Arnhem,Gelderland,25,Ziekenhuisopname,0,67
2020-07-07,202,Arnhem,Gelderland,25,Overleden,0,32
2020-07-07,203,Barneveld,Gelderland,25,Totaal,0,139
2020-07-07,203,Barneveld,Gelderland,25,Ziekenhuisopname,0,18
2020-07-07,203,Barneveld,Gelderland,25,Overleden,0,6
2020-07-07,209,Beuningen,Gelderland,25,Totaal,0,74
2020-07-07,209,Beuningen,Gelderland,25,Ziekenhuisopname,0,19
2020-07-07,209,Beuningen,Gelderland,25,Overleden,0,5
2020-07-07,213,Brummen,Gelderland,25,Totaal,0,36
2020-07-07,213,Brummen,Gelderland,25,Ziekenhuisopname,0,18
2020-07-07,213,Brummen,Gelderland,25,Overleden,0,6
2020-07-07,214,Buren,Gelderland,25,Totaal,0,63
2020-07-07,214,Buren,Gelderland,25,Ziekenhuisopname,0,17
2020-07-07,214,Buren,Gelderland,25,Overleden,0,8
2020-07-07,216,Culemborg,Gelderland,25,Totaal,0,73
2020-07-07,216,Culemborg,Gelderland,25,Ziekenhuisopname,0,21
2020-07-07,216,Culemborg,Gelderland,25,Overleden,0,7
2020-07-07,221,Doesburg,Gelderland,25,Totaal,0,32
2020-07-07,221,Doesburg,Gelderland,25,Ziekenhuisopname,0,9
2020-07-07,221,Doesburg,Gelderland,25,Overleden,0,6
2020-07-07,222,Doetinchem,Gelderland,25,Totaal,0,104
2020-07-07,222,Doetinchem,Gelderland,25,Ziekenhuisopname,0,26
2020-07-07,222,Doetinchem,Gelderland,25,Overleden,0,15
2020-07-07,225,Druten,Gelderland,25,Totaal,0,115
2020-07-07,225,Druten,Gelderland,25,Ziekenhuisopname,0,25
2020-07-07,225,Druten,Gelderland,25,Overleden,0,8
2020-07-07,226,Duiven,Gelderland,25,Totaal,0,52
2020-07-07,226,Duiven,Gelderland,25,Ziekenhuisopname,0,14
2020-07-07,226,Duiven,Gelderland,25,Overleden,0,6
2020-07-07,228,Ede,Gelderland,25,Totaal,0,222
2020-07-07,228,Ede,Gelderland,25,Ziekenhuisopname,0,54
2020-07-07,228,Ede,Gelderland,25,Overleden,0,20
2020-07-07,230,Elburg,Gelderland,25,Totaal,0,150
2020-07-07,230,Elburg,Gelderland,25,Ziekenhuisopname,0,28
2020-07-07,230,Elburg,Gelderland,25,Overleden,0,8
2020-07-07,232,Epe,Gelderland,25,Totaal,0,138
2020-07-07,232,Epe,Gelderland,25,Ziekenhuisopname,0,47
2020-07-07,232,Epe,Gelderland,25,Overleden,0,23
2020-07-07,233,Ermelo,Gelderland,25,Totaal,0,150
2020-07-07,233,Ermelo,Gelderland,25,Ziekenhuisopname,0,33
2020-07-07,233,Ermelo,Gelderland,25,Overleden,0,24
2020-07-07,243,Harderwijk,Gelderland,25,Totaal,0,181
2020-07-07,243,Harderwijk,Gelderland,25,Ziekenhuisopname,0,43
2020-07-07,243,Harderwijk,Gelderland,25,Overleden,0,21
2020-07-07,244,Hattem,Gelderland,25,Totaal,0,42
2020-07-07,244,Hattem,Gelderland,25,Ziekenhuisopname,0,16
2020-07-07,244,Hattem,Gelderland,25,Overleden,0,5
2020-07-07,246,Heerde,Gelderland,25,Totaal,0,193
2020-07-07,246,Heerde,Gelderland,25,Ziekenhuisopname,0,54
2020-07-07,246,Heerde,Gelderland,25,Overleden,0,28
2020-07-07,252,Heumen,Gelderland,25,Totaal,0,74
2020-07-07,252,Heumen,Gelderland,25,Ziekenhuisopname,0,17
2020-07-07,252,Heumen,Gelderland,25,Overleden,0,9
2020-07-07,262,Lochem,Gelderland,25,Totaal,0,98
2020-07-07,262,Lochem,Gelderland,25,Ziekenhuisopname,0,14
2020-07-07,262,Lochem,Gelderland,25,Overleden,0,15
2020-07-07,263,Maasdriel,Gelderland,25,Totaal,0,59
2020-07-07,263,Maasdriel,Gelderland,25,Ziekenhuisopname,0,15
2020-07-07,263,Maasdriel,Gelderland,25,Overleden,0,7
2020-07-07,267,Nijkerk,Gelderland,25,Totaal,0,63
2020-07-07,267,Nijkerk,Gelderland,25,Ziekenhuisopname,0,22
2020-07-07,267,Nijkerk,Gelderland,25,Overleden,0,3
2020-07-07,268,Nijmegen,Gelderland,25,Totaal,0,659
2020-07-07,268,Nijmegen,Gelderland,25,Ziekenhuisopname,0,128
2020-07-07,268,Nijmegen,Gelderland,25,Overleden,0,70
2020-07-07,269,Oldebroek,Gelderland,25,Totaal,0,171
2020-07-07,269,Oldebroek,Gelderland,25,Ziekenhuisopname,0,40
2020-07-07,269,Oldebroek,Gelderland,25,Overleden,0,19
2020-07-07,273,Putten,Gelderland,25,Totaal,0,35
2020-07-07,273,Putten,Gelderland,25,Ziekenhuisopname,0,10
2020-07-07,273,Putten,Gelderland,25,Overleden,0,0
2020-07-07,274,Renkum,Gelderland,25,Totaal,0,79
2020-07-07,274,Renkum,Gelderland,25,Ziekenhuisopname,0,14
2020-07-07,274,Renkum,Gelderland,25,Overleden,0,7
2020-07-07,275,Rheden,Gelderland,25,Totaal,0,146
2020-07-07,275,Rheden,Gelderland,25,Ziekenhuisopname,0,34
2020-07-07,275,Rheden,Gelderland,25,Overleden,0,14
2020-07-07,277,Rozendaal,Gelderland,25,Totaal,0,3
2020-07-07,277,Rozendaal,Gelderland,25,Ziekenhuisopname,0,1
2020-07-07,277,Rozendaal,Gelderland,25,Overleden,0,0
2020-07-07,279,Scherpenzeel,Gelderland,25,Totaal,0,33
2020-07-07,279,Scherpenzeel,Gelderland,25,Ziekenhuisopname,0,4
2020-07-07,279,Scherpenzeel,Gelderland,25,Overleden,0,2
2020-07-07,281,Tiel,Gelderland,25,Totaal,0,149
2020-07-07,281,Tiel,Gelderland,25,Ziekenhuisopname,0,42
2020-07-07,281,Tiel,Gelderland,25,Overleden,0,18
2020-07-07,285,Voorst,Gelderland,25,Totaal,0,82
2020-07-07,285,Voorst,Gelderland,25,Ziekenhuisopname,0,18
2020-07-07,285,Voorst,Gelderland,25,Overleden,0,11
2020-07-07,289,Wageningen,Gelderland,25,Totaal,0,52
2020-07-07,289,Wageningen,Gelderland,25,Ziekenhuisopname,0,20
2020-07-07,289,Wageningen,Gelderland,25,Overleden,0,9
2020-07-07,293,Westervoort,Gelderland,25,Totaal,0,43
2020-07-07,293,Westervoort,Gelderland,25,Ziekenhuisopname,0,12
2020-07-07,293,Westervoort,Gelderland,25,Overleden,0,6
2020-07-07,294,Winterswijk,Gelderland,25,Totaal,0,48
2020-07-07,294,Winterswijk,Gelderland,25,Ziekenhuisopname,0,7
2020-07-07,294,Winterswijk,Gelderland,25,Overleden,0,3
2020-07-07,296,Wijchen,Gelderland,25,Totaal,0,149
2020-07-07,296,Wijchen,Gelderland,25,Ziekenhuisopname,0,44
2020-07-07,296,Wijchen,Gelderland,25,Overleden,0,13
2020-07-07,297,Zaltbommel,Gelderland,25,Totaal,0,101
2020-07-07,297,Zaltbommel,Gelderland,25,Ziekenhuisopname,0,20
2020-07-07,297,Zaltbommel,Gelderland,25,Overleden,0,9
2020-07-07,299,Zevenaar,Gelderland,25,Totaal,0,119
2020-07-07,299,Zevenaar,Gelderland,25,Ziekenhuisopname,0,44
2020-07-07,299,Zevenaar,Gelderland,25,Overleden,0,15
2020-07-07,301,Zutphen,Gelderland,25,Totaal,0,105
2020-07-07,301,Zutphen,Gelderland,25,Ziekenhuisopname,0,31
2020-07-07,301,Zutphen,Gelderland,25,Overleden,0,13
2020-07-07,302,Nunspeet,Gelderland,25,Totaal,0,224
2020-07-07,302,Nunspeet,Gelderland,25,Ziekenhuisopname,0,56
2020-07-07,302,Nunspeet,Gelderland,25,Overleden,0,21
2020-07-07,303,Dronten,Flevoland,24,Totaal,0,125
2020-07-07,303,Dronten,Flevoland,24,Ziekenhuisopname,0,30
2020-07-07,303,Dronten,Flevoland,24,Overleden,0,12
2020-07-07,307,Amersfoort,Utrecht,26,Totaal,0,232
2020-07-07,307,Amersfoort,Utrecht,26,Ziekenhuisopname,1,60
2020-07-07,307,Amersfoort,Utrecht,26,Overleden,0,23
2020-07-07,308,Baarn,Utrecht,26,Totaal,0,64
2020-07-07,308,Baarn,Utrecht,26,Ziekenhuisopname,0,11
2020-07-07,308,Baarn,Utrecht,26,Overleden,0,9
2020-07-07,310,De Bilt,Utrecht,26,Totaal,0,182
2020-07-07,310,De Bilt,Utrecht,26,Ziekenhuisopname,0,27
2020-07-07,310,De Bilt,Utrecht,26,Overleden,0,24
2020-07-07,312,Bunnik,Utrecht,26,Totaal,0,46
2020-07-07,312,Bunnik,Utrecht,26,Ziekenhuisopname,0,9
2020-07-07,312,Bunnik,Utrecht,26,Overleden,0,1
2020-07-07,313,Bunschoten,Utrecht,26,Totaal,0,67
2020-07-07,313,Bunschoten,Utrecht,26,Ziekenhuisopname,0,9
2020-07-07,313,Bunschoten,Utrecht,26,Overleden,0,7
2020-07-07,317,Eemnes,Utrecht,26,Totaal,0,17
2020-07-07,317,Eemnes,Utrecht,26,Ziekenhuisopname,0,2
2020-07-07,317,Eemnes,Utrecht,26,Overleden,0,1
2020-07-07,321,Houten,Utrecht,26,Totaal,0,142
2020-07-07,321,Houten,Utrecht,26,Ziekenhuisopname,0,24
2020-07-07,321,Houten,Utrecht,26,Overleden,0,14
2020-07-07,327,Leusden,Utrecht,26,Totaal,0,53
2020-07-07,327,Leusden,Utrecht,26,Ziekenhuisopname,0,9
2020-07-07,327,Leusden,Utrecht,26,Overleden,0,5
2020-07-07,331,Lopik,Utrecht,26,Totaal,0,65
2020-07-07,331,Lopik,Utrecht,26,Ziekenhuisopname,0,19
2020-07-07,331,Lopik,Utrecht,26,Overleden,0,8
2020-07-07,335,Montfoort,Utrecht,26,Totaal,0,45
2020-07-07,335,Montfoort,Utrecht,26,Ziekenhuisopname,0,13
2020-07-07,335,Montfoort,Utrecht,26,Overleden,0,5
2020-07-07,339,Renswoude,Utrecht,26,Totaal,0,19
2020-07-07,339,Renswoude,Utrecht,26,Ziekenhuisopname,0,5
2020-07-07,339,Renswoude,Utrecht,26,Overleden,0,5
2020-07-07,340,Rhenen,Utrecht,26,Totaal,0,48
2020-07-07,340,Rhenen,Utrecht,26,Ziekenhuisopname,0,11
2020-07-07,340,Rhenen,Utrecht,26,Overleden,0,6
2020-07-07,342,Soest,Utrecht,26,Totaal,0,94
2020-07-07,342,Soest,Utrecht,26,Ziekenhuisopname,0,23
2020-07-07,342,Soest,Utrecht,26,Overleden,0,12
2020-07-07,344,Utrecht,Utrecht,26,Totaal,3,1323
2020-07-07,344,Utrecht,Utrecht,26,Ziekenhuisopname,0,266
2020-07-07,344,Utrecht,Utrecht,26,Overleden,0,118
2020-07-07,345,Veenendaal,Utrecht,26,Totaal,0,196
2020-07-07,345,Veenendaal,Utrecht,26,Ziekenhuisopname,0,47
2020-07-07,345,Veenendaal,Utrecht,26,Overleden,1,11
2020-07-07,351,Woudenberg,Utrecht,26,Totaal,0,32
2020-07-07,351,Woudenberg,Utrecht,26,Ziekenhuisopname,0,9
2020-07-07,351,Woudenberg,Utrecht,26,Overleden,0,2
2020-07-07,352,Wijk bij Duurstede,Utrecht,26,Totaal,0,40
2020-07-07,352,Wijk bij Duurstede,Utrecht,26,Ziekenhuisopname,0,10
2020-07-07,352,Wijk bij Duurstede,Utrecht,26,Overleden,0,1
2020-07-07,353,IJsselstein,Utrecht,26,Totaal,0,153
2020-07-07,353,IJsselstein,Utrecht,26,Ziekenhuisopname,0,36
2020-07-07,353,IJsselstein,Utrecht,26,Overleden,0,34
2020-07-07,355,Zeist,Utrecht,26,Totaal,0,216
2020-07-07,355,Zeist,Utrecht,26,Ziekenhuisopname,0,37
2020-07-07,355,Zeist,Utrecht,26,Overleden,0,24
2020-07-07,356,Nieuwegein,Utrecht,26,Totaal,0,157
2020-07-07,356,Nieuwegein,Utrecht,26,Ziekenhuisopname,0,44
2020-07-07,356,Nieuwegein,Utrecht,26,Overleden,0,14
2020-07-07,358,Aalsmeer,Noord-Holland,27,Totaal,0,42
2020-07-07,358,Aalsmeer,Noord-Holland,27,Ziekenhuisopname,0,9
2020-07-07,358,Aalsmeer,Noord-Holland,27,Overleden,0,4
2020-07-07,361,Alkmaar,Noord-Holland,27,Totaal,0,247
2020-07-07,361,Alkmaar,Noord-Holland,27,Ziekenhuisopname,0,54
2020-07-07,361,Alkmaar,Noord-Holland,27,Overleden,0,31
2020-07-07,362,Amstelveen,Noord-Holland,27,Totaal,0,330
2020-07-07,362,Amstelveen,Noord-Holland,27,Ziekenhuisopname,0,58
2020-07-07,362,Amstelveen,Noord-Holland,27,Overleden,0,35
2020-07-07,363,Amsterdam,Noord-Holland,27,Totaal,2,2706
2020-07-07,363,Amsterdam,Noord-Holland,27,Ziekenhuisopname,0,620
2020-07-07,363,Amsterdam,Noord-Holland,27,Overleden,0,284
2020-07-07,370,Beemster,Noord-Holland,27,Totaal,0,14
2020-07-07,370,Beemster,Noord-Holland,27,Ziekenhuisopname,0,4
2020-07-07,370,Beemster,Noord-Holland,27,Overleden,0,1
2020-07-07,373,Bergen (NH.),Noord-Holland,27,Totaal,0,86
2020-07-07,373,Bergen (NH.),Noord-Holland,27,Ziekenhuisopname,0,16
2020-07-07,373,Bergen (NH.),Noord-Holland,27,Overleden,0,4
2020-07-07,375,Beverwijk,Noord-Holland,27,Totaal,0,83
2020-07-07,375,Beverwijk,Noord-Holland,27,Ziekenhuisopname,0,15
2020-07-07,375,Beverwijk,Noord-Holland,27,Overleden,0,10
2020-07-07,376,Blaricum,Noord-Holland,27,Totaal,0,33
2020-07-07,376,Blaricum,Noord-Holland,27,Ziekenhuisopname,0,8
2020-07-07,376,Blaricum,Noord-Holland,27,Overleden,0,2
2020-07-07,377,Bloemendaal,Noord-Holland,27,Totaal,0,52
2020-07-07,377,Bloemendaal,Noord-Holland,27,Ziekenhuisopname,0,7
2020-07-07,377,Bloemendaal,Noord-Holland,27,Overleden,0,5
2020-07-07,383,Castricum,Noord-Holland,27,Totaal,0,80
2020-07-07,383,Castricum,Noord-Holland,27,Ziekenhuisopname,0,15
2020-07-07,383,Castricum,Noord-Holland,27,Overleden,0,9
2020-07-07,384,Diemen,Noord-Holland,27,Totaal,0,105
2020-07-07,384,Diemen,Noord-Holland,27,Ziekenhuisopname,0,17
2020-07-07,384,Diemen,Noord-Holland,27,Overleden,0,14
2020-07-07,385,Edam-Volendam,Noord-Holland,27,Totaal,0,126
2020-07-07,385,Edam-Volendam,Noord-Holland,27,Ziekenhuisopname,0,25
2020-07-07,385,Edam-Volendam,Noord-Holland,27,Overleden,0,3
2020-07-07,388,Enkhuizen,Noord-Holland,27,Totaal,0,30
2020-07-07,388,Enkhuizen,Noord-Holland,27,Ziekenhuisopname,0,18
2020-07-07,388,Enkhuizen,Noord-Holland,27,Overleden,0,4
2020-07-07,392,Haarlem,Noord-Holland,27,Totaal,1,296
2020-07-07,392,Haarlem,Noord-Holland,27,Ziekenhuisopname,0,61
2020-07-07,392,Haarlem,Noord-Holland,27,Overleden,0,57
2020-07-07,394,Haarlemmermeer,Noord-Holland,27,Totaal,1,284
2020-07-07,394,Haarlemmermeer,Noord-Holland,27,Ziekenhuisopname,0,68
2020-07-07,394,Haarlemmermeer,Noord-Holland,27,Overleden,0,27
2020-07-07,396,Heemskerk,Noord-Holland,27,Totaal,1,93
2020-07-07,396,Heemskerk,Noord-Holland,27,Ziekenhuisopname,0,28
2020-07-07,396,Heemskerk,Noord-Holland,27,Overleden,0,10
2020-07-07,397,Heemstede,Noord-Holland,27,Totaal,0,98
2020-07-07,397,Heemstede,Noord-Holland,27,Ziekenhuisopname,0,11
2020-07-07,397,Heemstede,Noord-Holland,27,Overleden,0,32
2020-07-07,398,Heerhugowaard,Noord-Holland,27,Totaal,0,147
2020-07-07,398,Heerhugowaard,Noord-Holland,27,Ziekenhuisopname,0,27
2020-07-07,398,Heerhugowaard,Noord-Holland,27,Overleden,0,9
2020-07-07,399,Heiloo,Noord-Holland,27,Totaal,0,49
2020-07-07,399,Heiloo,Noord-Holland,27,Ziekenhuisopname,0,9
2020-07-07,399,Heiloo,Noord-Holland,27,Overleden,0,8
2020-07-07,400,Den Helder,Noord-Holland,27,Totaal,0,39
2020-07-07,400,Den Helder,Noord-Holland,27,Ziekenhuisopname,0,12
2020-07-07,400,Den Helder,Noord-Holland,27,Overleden,0,2
2020-07-07,402,Hilversum,Noord-Holland,27,Totaal,0,216
2020-07-07,402,Hilversum,Noord-Holland,27,Ziekenhuisopname,0,33
2020-07-07,402,Hilversum,Noord-Holland,27,Overleden,0,25
2020-07-07,405,Hoorn,Noord-Holland,27,Totaal,0,97
2020-07-07,405,Hoorn,Noord-Holland,27,Ziekenhuisopname,0,35
2020-07-07,405,Hoorn,Noord-Holland,27,Overleden,0,12
2020-07-07,406,Huizen,Noord-Holland,27,Totaal,1,158
2020-07-07,406,Huizen,Noord-Holland,27,Ziekenhuisopname,0,23
2020-07-07,406,Huizen,Noord-Holland,27,Overleden,0,10
2020-07-07,415,Landsmeer,Noord-Holland,27,Totaal,0,23
2020-07-07,415,Landsmeer,Noord-Holland,27,Ziekenhuisopname,0,3
2020-07-07,415,Landsmeer,Noord-Holland,27,Overleden,0,3
2020-07-07,416,Langedijk,Noord-Holland,27,Totaal,0,45
2020-07-07,416,Langedijk,Noord-Holland,27,Ziekenhuisopname,0,16
2020-07-07,416,Langedijk,Noord-Holland,27,Overleden,0,4
2020-07-07,417,Laren,Noord-Holland,27,Totaal,0,26
2020-07-07,417,Laren,Noord-Holland,27,Ziekenhuisopname,0,8
2020-07-07,417,Laren,Noord-Holland,27,Overleden,0,2
2020-07-07,420,Medemblik,Noord-Holland,27,Totaal,0,74
2020-07-07,420,Medemblik,Noord-Holland,27,Ziekenhuisopname,0,19
2020-07-07,420,Medemblik,Noord-Holland,27,Overleden,0,6
2020-07-07,431,Oostzaan,Noord-Holland,27,Totaal,0,26
2020-07-07,431,Oostzaan,Noord-Holland,27,Ziekenhuisopname,0,11
2020-07-07,431,Oostzaan,Noord-Holland,27,Overleden,0,2
2020-07-07,432,Opmeer,Noord-Holland,27,Totaal,0,8
2020-07-07,432,Opmeer,Noord-Holland,27,Ziekenhuisopname,0,1
2020-07-07,432,Opmeer,Noord-Holland,27,Overleden,0,1
2020-07-07,437,Ouder-Amstel,Noord-Holland,27,Totaal,0,39
2020-07-07,437,Ouder-Amstel,Noord-Holland,27,Ziekenhuisopname,0,5
2020-07-07,437,Ouder-Amstel,Noord-Holland,27,Overleden,0,0
2020-07-07,439,Purmerend,Noord-Holland,27,Totaal,0,227
2020-07-07,439,Purmerend,Noord-Holland,27,Ziekenhuisopname,0,66
2020-07-07,439,Purmerend,Noord-Holland,27,Overleden,0,35
2020-07-07,441,Schagen,Noord-Holland,27,Totaal,0,74
2020-07-07,441,Schagen,Noord-Holland,27,Ziekenhuisopname,0,19
2020-07-07,441,Schagen,Noord-Holland,27,Overleden,0,10
2020-07-07,448,Texel,Noord-Holland,27,Totaal,0,11
2020-07-07,448,Texel,Noord-Holland,27,Ziekenhuisopname,0,5
2020-07-07,448,Texel,Noord-Holland,27,Overleden,0,2
2020-07-07,450,Uitgeest,Noord-Holland,27,Totaal,0,24
2020-07-07,450,Uitgeest,Noord-Holland,27,Ziekenhuisopname,0,5
2020-07-07,450,Uitgeest,Noord-Holland,27,Overleden,0,1
2020-07-07,451,Uithoorn,Noord-Holland,27,Totaal,0,57
2020-07-07,451,Uithoorn,Noord-Holland,27,Ziekenhuisopname,0,16
2020-07-07,451,Uithoorn,Noord-Holland,27,Overleden,0,2
2020-07-07,453,Velsen,Noord-Holland,27,Totaal,0,283
2020-07-07,453,Velsen,Noord-Holland,27,Ziekenhuisopname,0,32
2020-07-07,453,Velsen,Noord-Holland,27,Overleden,0,39
2020-07-07,457,Weesp,Noord-Holland,27,Totaal,0,81
2020-07-07,457,Weesp,Noord-Holland,27,Ziekenhuisopname,0,9
2020-07-07,457,Weesp,Noord-Holland,27,Overleden,0,11
2020-07-07,473,Zandvoort,Noord-Holland,27,Totaal,0,35
2020-07-07,473,Zandvoort,Noord-Holland,27,Ziekenhuisopname,0,10
2020-07-07,473,Zandvoort,Noord-Holland,27,Overleden,0,8
2020-07-07,479,Zaanstad,Noord-Holland,27,Totaal,0,453
2020-07-07,479,Zaanstad,Noord-Holland,27,Ziekenhuisopname,0,117
2020-07-07,479,Zaanstad,Noord-Holland,27,Overleden,0,48
2020-07-07,482,Alblasserdam,Zuid-Holland,28,Totaal,0,42
2020-07-07,482,Alblasserdam,Zuid-Holland,28,Ziekenhuisopname,0,10
2020-07-07,482,Alblasserdam,Zuid-Holland,28,Overleden,0,4
2020-07-07,484,Alphen aan den Rijn,Zuid-Holland,28,Totaal,0,220
2020-07-07,484,Alphen aan den Rijn,Zuid-Holland,28,Ziekenhuisopname,0,62
2020-07-07,484,Alphen aan den Rijn,Zuid-Holland,28,Overleden,0,25
2020-07-07,489,Barendrecht,Zuid-Holland,28,Totaal,0,142
2020-07-07,489,Barendrecht,Zuid-Holland,28,Ziekenhuisopname,0,40
2020-07-07,489,Barendrecht,Zuid-Holland,28,Overleden,0,12
2020-07-07,498,Drechterland,Noord-Holland,27,Totaal,0,46
2020-07-07,498,Drechterland,Noord-Holland,27,Ziekenhuisopname,0,4
2020-07-07,498,Drechterland,Noord-Holland,27,Overleden,0,8
2020-07-07,501,Brielle,Zuid-Holland,28,Totaal,0,33
2020-07-07,501,Brielle,Zuid-Holland,28,Ziekenhuisopname,0,11
2020-07-07,501,Brielle,Zuid-Holland,28,Overleden,0,0
2020-07-07,502,Capelle aan den IJssel,Zuid-Holland,28,Totaal,0,313
2020-07-07,502,Capelle aan den IJssel,Zuid-Holland,28,Ziekenhuisopname,0,53
2020-07-07,502,Capelle aan den IJssel,Zuid-Holland,28,Overleden,0,53
2020-07-07,503,Delft,Zuid-Holland,28,Totaal,1,154
2020-07-07,503,Delft,Zuid-Holland,28,Ziekenhuisopname,0,38
2020-07-07,503,Delft,Zuid-Holland,28,Overleden,0,12
2020-07-07,505,Dordrecht,Zuid-Holland,28,Totaal,0,541
2020-07-07,505,Dordrecht,Zuid-Holland,28,Ziekenhuisopname,0,84
2020-07-07,505,Dordrecht,Zuid-Holland,28,Overleden,0,61
2020-07-07,512,Gorinchem,Zuid-Holland,28,Totaal,0,152
2020-07-07,512,Gorinchem,Zuid-Holland,28,Ziekenhuisopname,0,18
2020-07-07,512,Gorinchem,Zuid-Holland,28,Overleden,0,15
2020-07-07,513,Gouda,Zuid-Holland,28,Totaal,0,261
2020-07-07,513,Gouda,Zuid-Holland,28,Ziekenhuisopname,0,42
2020-07-07,513,Gouda,Zuid-Holland,28,Overleden,0,41
2020-07-07,518,'s-Gravenhage,Zuid-Holland,28,Totaal,5,1817
2020-07-07,518,'s-Gravenhage,Zuid-Holland,28,Ziekenhuisopname,0,340
2020-07-07,518,'s-Gravenhage,Zuid-Holland,28,Overleden,2,243
2020-07-07,523,Hardinxveld-Giessendam,Zuid-Holland,28,Totaal,0,33
2020-07-07,523,Hardinxveld-Giessendam,Zuid-Holland,28,Ziekenhuisopname,0,2
2020-07-07,523,Hardinxveld-Giessendam,Zuid-Holland,28,Overleden,0,2
2020-07-07,530,Hellevoetsluis,Zuid-Holland,28,Totaal,0,75
2020-07-07,530,Hellevoetsluis,Zuid-Holland,28,Ziekenhuisopname,0,16
2020-07-07,530,Hellevoetsluis,Zuid-Holland,28,Overleden,0,3
2020-07-07,531,Hendrik-Ido-Ambacht,Zuid-Holland,28,Totaal,0,72
2020-07-07,531,Hendrik-Ido-Ambacht,Zuid-Holland,28,Ziekenhuisopname,0,10
2020-07-07,531,Hendrik-Ido-Ambacht,Zuid-Holland,28,Overleden,0,6
2020-07-07,532,Stede Broec,Noord-Holland,27,Totaal,0,50
2020-07-07,532,Stede Broec,Noord-Holland,27,Ziekenhuisopname,0,19
2020-07-07,532,Stede Broec,Noord-Holland,27,Overleden,0,5
2020-07-07,534,Hillegom,Zuid-Holland,28,Totaal,0,36
2020-07-07,534,Hillegom,Zuid-Holland,28,Ziekenhuisopname,0,8
2020-07-07,534,Hillegom,Zuid-Holland,28,Overleden,0,2
2020-07-07,537,Katwijk,Zuid-Holland,28,Totaal,0,279
2020-07-07,537,Katwijk,Zuid-Holland,28,Ziekenhuisopname,0,31
2020-07-07,537,Katwijk,Zuid-Holland,28,Overleden,0,15
2020-07-07,542,Krimpen aan den IJssel,Zuid-Holland,28,Totaal,0,82
2020-07-07,542,Krimpen aan den IJssel,Zuid-Holland,28,Ziekenhuisopname,0,10
2020-07-07,542,Krimpen aan den IJssel,Zuid-Holland,28,Overleden,0,8
2020-07-07,546,Leiden,Zuid-Holland,28,Totaal,0,177
2020-07-07,546,Leiden,Zuid-Holland,28,Ziekenhuisopname,0,40
2020-07-07,546,Leiden,Zuid-Holland,28,Overleden,0,18
2020-07-07,547,Leiderdorp,Zuid-Holland,28,Totaal,0,39
2020-07-07,547,Leiderdorp,Zuid-Holland,28,Ziekenhuisopname,0,13
2020-07-07,547,Leiderdorp,Zuid-Holland,28,Overleden,0,6
2020-07-07,553,Lisse,Zuid-Holland,28,Totaal,0,29
2020-07-07,553,Lisse,Zuid-Holland,28,Ziekenhuisopname,0,8
2020-07-07,553,Lisse,Zuid-Holland,28,Overleden,0,2
2020-07-07,556,Maassluis,Zuid-Holland,28,Totaal,0,87
2020-07-07,556,Maassluis,Zuid-Holland,28,Ziekenhuisopname,0,20
2020-07-07,556,Maassluis,Zuid-Holland,28,Overleden,0,7
2020-07-07,569,Nieuwkoop,Zuid-Holland,28,Totaal,0,52
2020-07-07,569,Nieuwkoop,Zuid-Holland,28,Ziekenhuisopname,0,9
2020-07-07,569,Nieuwkoop,Zuid-Holland,28,Overleden,0,5
2020-07-07,575,Noordwijk,Zuid-Holland,28,Totaal,0,54
2020-07-07,575,Noordwijk,Zuid-Holland,28,Ziekenhuisopname,0,19
2020-07-07,575,Noordwijk,Zuid-Holland,28,Overleden,0,3
2020-07-07,579,Oegstgeest,Zuid-Holland,28,Totaal,0,46
2020-07-07,579,Oegstgeest,Zuid-Holland,28,Ziekenhuisopname,0,8
2020-07-07,579,Oegstgeest,Zuid-Holland,28,Overleden,0,3
2020-07-07,589,Oudewater,Utrecht,26,Totaal,0,58
2020-07-07,589,Oudewater,Utrecht,26,Ziekenhuisopname,0,26
2020-07-07,589,Oudewater,Utrecht,26,Overleden,0,8
2020-07-07,590,Papendrecht,Zuid-Holland,28,Totaal,0,80
2020-07-07,590,Papendrecht,Zuid-Holland,28,Ziekenhuisopname,0,9
2020-07-07,590,Papendrecht,Zuid-Holland,28,Overleden,0,7
2020-07-07,597,Ridderkerk,Zuid-Holland,28,Totaal,0,153
2020-07-07,597,Ridderkerk,Zuid-Holland,28,Ziekenhuisopname,0,37
2020-07-07,597,Ridderkerk,Zuid-Holland,28,Overleden,0,16
2020-07-07,599,Rotterdam,Zuid-Holland,28,Totaal,0,2732
2020-07-07,599,Rotterdam,Zuid-Holland,28,Ziekenhuisopname,1,524
2020-07-07,599,Rotterdam,Zuid-Holland,28,Overleden,0,346
2020-07-07,603,Rijswijk,Zuid-Holland,28,Totaal,1,148
2020-07-07,603,Rijswijk,Zuid-Holland,28,Ziekenhuisopname,0,36
2020-07-07,603,Rijswijk,Zuid-Holland,28,Overleden,0,22
2020-07-07,606,Schiedam,Zuid-Holland,28,Totaal,0,272
2020-07-07,606,Schiedam,Zuid-Holland,28,Ziekenhuisopname,0,58
2020-07-07,606,Schiedam,Zuid-Holland,28,Overleden,0,23
2020-07-07,610,Sliedrecht,Zuid-Holland,28,Totaal,0,67
2020-07-07,610,Sliedrecht,Zuid-Holland,28,Ziekenhuisopname,0,9
2020-07-07,610,Sliedrecht,Zuid-Holland,28,Overleden,0,5
2020-07-07,613,Albrandswaard,Zuid-Holland,28,Totaal,0,108
2020-07-07,613,Albrandswaard,Zuid-Holland,28,Ziekenhuisopname,0,14
2020-07-07,613,Albrandswaard,Zuid-Holland,28,Overleden,0,8
2020-07-07,614,Westvoorne,Zuid-Holland,28,Totaal,0,25
2020-07-07,614,Westvoorne,Zuid-Holland,28,Ziekenhuisopname,0,6
2020-07-07,614,Westvoorne,Zuid-Holland,28,Overleden,0,0
2020-07-07,622,Vlaardingen,Zuid-Holland,28,Totaal,0,300
2020-07-07,622,Vlaardingen,Zuid-Holland,28,Ziekenhuisopname,0,43
2020-07-07,622,Vlaardingen,Zuid-Holland,28,Overleden,1,30
2020-07-07,626,Voorschoten,Zuid-Holland,28,Totaal,0,66
2020-07-07,626,Voorschoten,Zuid-Holland,28,Ziekenhuisopname,0,9
2020-07-07,626,Voorschoten,Zuid-Holland,28,Overleden,0,11
2020-07-07,627,Waddinxveen,Zuid-Holland,28,Totaal,0,78
2020-07-07,627,Waddinxveen,Zuid-Holland,28,Ziekenhuisopname,0,16
2020-07-07,627,Waddinxveen,Zuid-Holland,28,Overleden,0,7
2020-07-07,629,Wassenaar,Zuid-Holland,28,Totaal,0,55
2020-07-07,629,Wassenaar,Zuid-Holland,28,Ziekenhuisopname,0,9
2020-07-07,629,Wassenaar,Zuid-Holland,28,Overleden,0,12
2020-07-07,632,Woerden,Utrecht,26,Totaal,0,178
2020-07-07,632,Woerden,Utrecht,26,Ziekenhuisopname,0,49
2020-07-07,632,Woerden,Utrecht,26,Overleden,0,20
2020-07-07,637,Zoetermeer,Zuid-Holland,28,Totaal,0,243
2020-07-07,637,Zoetermeer,Zuid-Holland,28,Ziekenhuisopname,0,52
2020-07-07,637,Zoetermeer,Zuid-Holland,28,Overleden,0,14
2020-07-07,638,Zoeterwoude,Zuid-Holland,28,Totaal,0,14
2020-07-07,638,Zoeterwoude,Zuid-Holland,28,Ziekenhuisopname,0,3
2020-07-07,638,Zoeterwoude,Zuid-Holland,28,Overleden,0,1
2020-07-07,642,Zwijndrecht,Zuid-Holland,28,Totaal,0,164
2020-07-07,642,Zwijndrecht,Zuid-Holland,28,Ziekenhuisopname,0,23
2020-07-07,642,Zwijndrecht,Zuid-Holland,28,Overleden,0,27
2020-07-07,654,Borsele,Zeeland,29,Totaal,0,27
2020-07-07,654,Borsele,Zeeland,29,Ziekenhuisopname,0,5
2020-07-07,654,Borsele,Zeeland,29,Overleden,0,0
2020-07-07,664,Goes,Zeeland,29,Totaal,0,75
2020-07-07,664,Goes,Zeeland,29,Ziekenhuisopname,0,11
2020-07-07,664,Goes,Zeeland,29,Overleden,0,11
2020-07-07,668,West Maas en Waal,Gelderland,25,Totaal,1,84
2020-07-07,668,West Maas en Waal,Gelderland,25,Ziekenhuisopname,1,20
2020-07-07,668,West Maas en Waal,Gelderland,25,Overleden,0,9
2020-07-07,677,Hulst,Zeeland,29,Totaal,0,31
2020-07-07,677,Hulst,Zeeland,29,Ziekenhuisopname,0,9
2020-07-07,677,Hulst,Zeeland,29,Overleden,0,5
2020-07-07,678,Kapelle,Zeeland,29,Totaal,0,25
2020-07-07,678,Kapelle,Zeeland,29,Ziekenhuisopname,0,3
2020-07-07,678,Kapelle,Zeeland,29,Overleden,0,1
2020-07-07,687,Middelburg,Zeeland,29,Totaal,0,62
2020-07-07,687,Middelburg,Zeeland,29,Ziekenhuisopname,0,18
2020-07-07,687,Middelburg,Zeeland,29,Overleden,0,10
2020-07-07,703,Reimerswaal,Zeeland,29,Totaal,0,32
2020-07-07,703,Reimerswaal,Zeeland,29,Ziekenhuisopname,0,4
2020-07-07,703,Reimerswaal,Zeeland,29,Overleden,0,2
2020-07-07,715,Terneuzen,Zeeland,29,Totaal,0,119
2020-07-07,715,Terneuzen,Zeeland,29,Ziekenhuisopname,0,25
2020-07-07,715,Terneuzen,Zeeland,29,Overleden,0,4
2020-07-07,716,Tholen,Zeeland,29,Totaal,0,169
2020-07-07,716,Tholen,Zeeland,29,Ziekenhuisopname,0,40
2020-07-07,716,Tholen,Zeeland,29,Overleden,0,16
2020-07-07,717,Veere,Zeeland,29,Totaal,0,27
2020-07-07,717,Veere,Zeeland,29,Ziekenhuisopname,0,6
2020-07-07,717,Veere,Zeeland,29,Overleden,0,2
2020-07-07,718,Vlissingen,Zeeland,29,Totaal,0,51
2020-07-07,718,Vlissingen,Zeeland,29,Ziekenhuisopname,0,9
2020-07-07,718,Vlissingen,Zeeland,29,Overleden,0,5
2020-07-07,736,De Ronde Venen,Utrecht,26,Totaal,0,104
2020-07-07,736,De Ronde Venen,Utrecht,26,Ziekenhuisopname,0,39
2020-07-07,736,De Ronde Venen,Utrecht,26,Overleden,0,13
2020-07-07,737,Tytsjerksteradiel,Friesland,21,Totaal,0,16
2020-07-07,737,Tytsjerksteradiel,Friesland,21,Ziekenhuisopname,0,4
2020-07-07,737,Tytsjerksteradiel,Friesland,21,Overleden,0,1
2020-07-07,743,Asten,Noord-Brabant,30,Totaal,0,77
2020-07-07,743,Asten,Noord-Brabant,30,Ziekenhuisopname,0,18
2020-07-07,743,Asten,Noord-Brabant,30,Overleden,0,12
2020-07-07,744,Baarle-Nassau,Noord-Brabant,30,Totaal,0,25
2020-07-07,744,Baarle-Nassau,Noord-Brabant,30,Ziekenhuisopname,0,9
2020-07-07,744,Baarle-Nassau,Noord-Brabant,30,Overleden,0,2
2020-07-07,748,Bergen op Zoom,Noord-Brabant,30,Totaal,1,173
2020-07-07,748,Bergen op Zoom,Noord-Brabant,30,Ziekenhuisopname,0,24
2020-07-07,748,Bergen op Zoom,Noord-Brabant,30,Overleden,0,13
2020-07-07,753,Best,Noord-Brabant,30,Totaal,0,80
2020-07-07,753,Best,Noord-Brabant,30,Ziekenhuisopname,0,31
2020-07-07,753,Best,Noord-Brabant,30,Overleden,0,10
2020-07-07,755,Boekel,Noord-Brabant,30,Totaal,0,90
2020-07-07,755,Boekel,Noord-Brabant,30,Ziekenhuisopname,0,35
2020-07-07,755,Boekel,Noord-Brabant,30,Overleden,0,21
2020-07-07,756,Boxmeer,Noord-Brabant,30,Totaal,0,126
2020-07-07,756,Boxmeer,Noord-Brabant,30,Ziekenhuisopname,0,20
2020-07-07,756,Boxmeer,Noord-Brabant,30,Overleden,0,27
2020-07-07,757,Boxtel,Noord-Brabant,30,Totaal,1,134
2020-07-07,757,Boxtel,Noord-Brabant,30,Ziekenhuisopname,0,24
2020-07-07,757,Boxtel,Noord-Brabant,30,Overleden,0,26
2020-07-07,758,Breda,Noord-Brabant,30,Totaal,1,509
2020-07-07,758,Breda,Noord-Brabant,30,Ziekenhuisopname,0,146
2020-07-07,758,Breda,Noord-Brabant,30,Overleden,0,63
2020-07-07,762,Deurne,Noord-Brabant,30,Totaal,0,192
2020-07-07,762,Deurne,Noord-Brabant,30,Ziekenhuisopname,0,55
2020-07-07,762,Deurne,Noord-Brabant,30,Overleden,0,24
2020-07-07,765,Pekela,Groningen,20,Totaal,0,5
2020-07-07,765,Pekela,Groningen,20,Ziekenhuisopname,0,4
2020-07-07,765,Pekela,Groningen,20,Overleden,0,0
2020-07-07,766,Dongen,Noord-Brabant,30,Totaal,0,84
2020-07-07,766,Dongen,Noord-Brabant,30,Ziekenhuisopname,0,20
2020-07-07,766,Dongen,Noord-Brabant,30,Overleden,0,13
2020-07-07,770,Eersel,Noord-Brabant,30,Totaal,0,69
2020-07-07,770,Eersel,Noord-Brabant,30,Ziekenhuisopname,0,27
2020-07-07,770,Eersel,Noord-Brabant,30,Overleden,0,10
2020-07-07,772,Eindhoven,Noord-Brabant,30,Totaal,2,545
2020-07-07,772,Eindhoven,Noord-Brabant,30,Ziekenhuisopname,0,182
2020-07-07,772,Eindhoven,Noord-Brabant,30,Overleden,0,85
2020-07-07,777,Etten-Leur,Noord-Brabant,30,Totaal,1,205
2020-07-07,777,Etten-Leur,Noord-Brabant,30,Ziekenhuisopname,0,40
2020-07-07,777,Etten-Leur,Noord-Brabant,30,Overleden,0,30
2020-07-07,779,Geertruidenberg,Noord-Brabant,30,Totaal,0,43
2020-07-07,779,Geertruidenberg,Noord-Brabant,30,Ziekenhuisopname,0,11
2020-07-07,779,Geertruidenberg,Noord-Brabant,30,Overleden,0,6
2020-07-07,784,Gilze en Rijen,Noord-Brabant,30,Totaal,0,81
2020-07-07,784,Gilze en Rijen,Noord-Brabant,30,Ziekenhuisopname,0,20
2020-07-07,784,Gilze en Rijen,Noord-Brabant,30,Overleden,0,15
2020-07-07,785,Goirle,Noord-Brabant,30,Totaal,1,81
2020-07-07,785,Goirle,Noord-Brabant,30,Ziekenhuisopname,0,32
2020-07-07,785,Goirle,Noord-Brabant,30,Overleden,0,17
2020-07-07,786,Grave,Noord-Brabant,30,Totaal,0,72
2020-07-07,786,Grave,Noord-Brabant,30,Ziekenhuisopname,0,21
2020-07-07,786,Grave,Noord-Brabant,30,Overleden,0,11
2020-07-07,788,Haaren,Noord-Brabant,30,Totaal,0,57
2020-07-07,788,Haaren,Noord-Brabant,30,Ziekenhuisopname,0,18
2020-07-07,788,Haaren,Noord-Brabant,30,Overleden,0,8
2020-07-07,794,Helmond,Noord-Brabant,30,Totaal,0,422
2020-07-07,794,Helmond,Noord-Brabant,30,Ziekenhuisopname,0,115
2020-07-07,794,Helmond,Noord-Brabant,30,Overleden,0,42
2020-07-07,796,'s-Hertogenbosch,Noord-Brabant,30,Totaal,1,524
2020-07-07,796,'s-Hertogenbosch,Noord-Brabant,30,Ziekenhuisopname,0,126
2020-07-07,796,'s-Hertogenbosch,Noord-Brabant,30,Overleden,0,78
2020-07-07,797,Heusden,Noord-Brabant,30,Totaal,0,143
2020-07-07,797,Heusden,Noord-Brabant,30,Ziekenhuisopname,0,44
2020-07-07,797,Heusden,Noord-Brabant,30,Overleden,0,22
2020-07-07,798,Hilvarenbeek,Noord-Brabant,30,Totaal,1,50
2020-07-07,798,Hilvarenbeek,Noord-Brabant,30,Ziekenhuisopname,0,9
2020-07-07,798,Hilvarenbeek,Noord-Brabant,30,Overleden,0,6
2020-07-07,809,Loon op Zand,Noord-Brabant,30,Totaal,0,61
2020-07-07,809,Loon op Zand,Noord-Brabant,30,Ziekenhuisopname,0,24
2020-07-07,809,Loon op Zand,Noord-Brabant,30,Overleden,0,7
2020-07-07,815,Mill en Sint Hubert,Noord-Brabant,30,Totaal,0,40
2020-07-07,815,Mill en Sint Hubert,Noord-Brabant,30,Ziekenhuisopname,0,9
2020-07-07,815,Mill en Sint Hubert,Noord-Brabant,30,Overleden,0,5
2020-07-07,820,"Nuenen, Gerwen en Nederwetten",Noord-Brabant,30,Totaal,0,55
2020-07-07,820,"Nuenen, Gerwen en Nederwetten",Noord-Brabant,30,Ziekenhuisopname,0,18
2020-07-07,820,"Nuenen, Gerwen en Nederwetten",Noord-Brabant,30,Overleden,0,9
2020-07-07,823,Oirschot,Noord-Brabant,30,Totaal,0,65
2020-07-07,823,Oirschot,Noord-Brabant,30,Ziekenhuisopname,0,13
2020-07-07,823,Oirschot,Noord-Brabant,30,Overleden,0,9
2020-07-07,824,Oisterwijk,Noord-Brabant,30,Totaal,0,76
2020-07-07,824,Oisterwijk,Noord-Brabant,30,Ziekenhuisopname,0,23
2020-07-07,824,Oisterwijk,Noord-Brabant,30,Overleden,0,11
2020-07-07,826,Oosterhout,Noord-Brabant,30,Totaal,0,133
2020-07-07,826,Oosterhout,Noord-Brabant,30,Ziekenhuisopname,0,48
2020-07-07,826,Oosterhout,Noord-Brabant,30,Overleden,0,17
2020-07-07,828,Oss,Noord-Brabant,30,Totaal,0,495
2020-07-07,828,Oss,Noord-Brabant,30,Ziekenhuisopname,0,164
2020-07-07,828,Oss,Noord-Brabant,30,Overleden,0,87
2020-07-07,840,Rucphen,Noord-Brabant,30,Totaal,0,69
2020-07-07,840,Rucphen,Noord-Brabant,30,Ziekenhuisopname,0,10
2020-07-07,840,Rucphen,Noord-Brabant,30,Overleden,0,10
2020-07-07,845,Sint-Michielsgestel,Noord-Brabant,30,Totaal,0,121
2020-07-07,845,Sint-Michielsgestel,Noord-Brabant,30,Ziekenhuisopname,0,36
2020-07-07,845,Sint-Michielsgestel,Noord-Brabant,30,Overleden,0,19
2020-07-07,847,Someren,Noord-Brabant,30,Totaal,0,106
2020-07-07,847,Someren,Noord-Brabant,30,Ziekenhuisopname,0,33
2020-07-07,847,Someren,Noord-Brabant,30,Overleden,0,8
2020-07-07,848,Son en Breugel,Noord-Brabant,30,Totaal,0,74
2020-07-07,848,Son en Breugel,Noord-Brabant,30,Ziekenhuisopname,0,31
2020-07-07,848,Son en Breugel,Noord-Brabant,30,Overleden,0,14
2020-07-07,851,Steenbergen,Noord-Brabant,30,Totaal,0,86
2020-07-07,851,Steenbergen,Noord-Brabant,30,Ziekenhuisopname,0,13
2020-07-07,851,Steenbergen,Noord-Brabant,30,Overleden,0,13
2020-07-07,852,Waterland,Noord-Holland,27,Totaal,0,33
2020-07-07,852,Waterland,Noord-Holland,27,Ziekenhuisopname,0,16
2020-07-07,852,Waterland,Noord-Holland,27,Overleden,0,4
2020-07-07,855,Tilburg,Noord-Brabant,30,Totaal,0,827
2020-07-07,855,Tilburg,Noord-Brabant,30,Ziekenhuisopname,0,249
2020-07-07,855,Tilburg,Noord-Brabant,30,Overleden,0,162
2020-07-07,856,Uden,Noord-Brabant,30,Totaal,0,263
2020-07-07,856,Uden,Noord-Brabant,30,Ziekenhuisopname,0,115
2020-07-07,856,Uden,Noord-Brabant,30,Overleden,0,63
2020-07-07,858,Valkenswaard,Noord-Brabant,30,Totaal,0,180
2020-07-07,858,Valkenswaard,Noord-Brabant,30,Ziekenhuisopname,0,19
2020-07-07,858,Valkenswaard,Noord-Brabant,30,Overleden,0,37
2020-07-07,861,Veldhoven,Noord-Brabant,30,Totaal,0,130
2020-07-07,861,Veldhoven,Noord-Brabant,30,Ziekenhuisopname,0,31
2020-07-07,861,Veldhoven,Noord-Brabant,30,Overleden,0,16
2020-07-07,865,Vught,Noord-Brabant,30,Totaal,0,107
2020-07-07,865,Vught,Noord-Brabant,30,Ziekenhuisopname,0,42
2020-07-07,865,Vught,Noord-Brabant,30,Overleden,0,18
2020-07-07,866,Waalre,Noord-Brabant,30,Totaal,0,30
2020-07-07,866,Waalre,Noord-Brabant,30,Ziekenhuisopname,0,7
2020-07-07,866,Waalre,Noord-Brabant,30,Overleden,0,5
2020-07-07,867,Waalwijk,Noord-Brabant,30,Totaal,0,187
2020-07-07,867,Waalwijk,Noord-Brabant,30,Ziekenhuisopname,0,36
2020-07-07,867,Waalwijk,Noord-Brabant,30,Overleden,0,36
2020-07-07,873,Woensdrecht,Noord-Brabant,30,Totaal,1,70
2020-07-07,873,Woensdrecht,Noord-Brabant,30,Ziekenhuisopname,0,5
2020-07-07,873,Woensdrecht,Noord-Brabant,30,Overleden,0,7
2020-07-07,879,Zundert,Noord-Brabant,30,Totaal,0,103
2020-07-07,879,Zundert,Noord-Brabant,30,Ziekenhuisopname,0,24
2020-07-07,879,Zundert,Noord-Brabant,30,Overleden,0,11
2020-07-07,880,Wormerland,Noord-Holland,27,Totaal,0,48
2020-07-07,880,Wormerland,Noord-Holland,27,Ziekenhuisopname,0,20
2020-07-07,880,Wormerland,Noord-Holland,27,Overleden,0,6
2020-07-07,882,Landgraaf,Limburg,31,Totaal,0,144
2020-07-07,882,Landgraaf,Limburg,31,Ziekenhuisopname,0,52
2020-07-07,882,Landgraaf,Limburg,31,Overleden,0,13
2020-07-07,888,Beek,Limburg,31,Totaal,0,44
2020-07-07,888,Beek,Limburg,31,Ziekenhuisopname,0,16
2020-07-07,888,Beek,Limburg,31,Overleden,0,6
2020-07-07,889,Beesel,Limburg,31,Totaal,0,44
2020-07-07,889,Beesel,Limburg,31,Ziekenhuisopname,0,20
2020-07-07,889,Beesel,Limburg,31,Overleden,0,8
2020-07-07,893,Bergen (L.),Limburg,31,Totaal,0,25
2020-07-07,893,Bergen (L.),Limburg,31,Ziekenhuisopname,0,7
2020-07-07,893,Bergen (L.),Limburg,31,Overleden,0,2
2020-07-07,899,Brunssum,Limburg,31,Totaal,0,111
2020-07-07,899,Brunssum,Limburg,31,Ziekenhuisopname,0,44
2020-07-07,899,Brunssum,Limburg,31,Overleden,0,19
2020-07-07,907,Gennep,Limburg,31,Totaal,0,58
2020-07-07,907,Gennep,Limburg,31,Ziekenhuisopname,0,16
2020-07-07,907,Gennep,Limburg,31,Overleden,0,10
2020-07-07,917,Heerlen,Limburg,31,Totaal,1,388
2020-07-07,917,Heerlen,Limburg,31,Ziekenhuisopname,0,125
2020-07-07,917,Heerlen,Limburg,31,Overleden,0,54
2020-07-07,928,Kerkrade,Limburg,31,Totaal,0,208
2020-07-07,928,Kerkrade,Limburg,31,Ziekenhuisopname,0,64
2020-07-07,928,Kerkrade,Limburg,31,Overleden,0,35
2020-07-07,935,Maastricht,Limburg,31,Totaal,0,917
2020-07-07,935,Maastricht,Limburg,31,Ziekenhuisopname,0,187
2020-07-07,935,Maastricht,Limburg,31,Overleden,0,139
2020-07-07,938,Meerssen,Limburg,31,Totaal,0,115
2020-07-07,938,Meerssen,Limburg,31,Ziekenhuisopname,0,22
2020-07-07,938,Meerssen,Limburg,31,Overleden,0,13
2020-07-07,944,Mook en Middelaar,Limburg,31,Totaal,0,39
2020-07-07,944,Mook en Middelaar,Limburg,31,Ziekenhuisopname,0,6
2020-07-07,944,Mook en Middelaar,Limburg,31,Overleden,0,5
2020-07-07,946,Nederweert,Limburg,31,Totaal,0,53
2020-07-07,946,Nederweert,Limburg,31,Ziekenhuisopname,0,31
2020-07-07,946,Nederweert,Limburg,31,Overleden,0,7
2020-07-07,957,Roermond,Limburg,31,Totaal,0,137
2020-07-07,957,Roermond,Limburg,31,Ziekenhuisopname,0,59
2020-07-07,957,Roermond,Limburg,31,Overleden,0,23
2020-07-07,965,Simpelveld,Limburg,31,Totaal,0,47
2020-07-07,965,Simpelveld,Limburg,31,Ziekenhuisopname,0,19
2020-07-07,965,Simpelveld,Limburg,31,Overleden,0,5
2020-07-07,971,Stein,Limburg,31,Totaal,0,120
2020-07-07,971,Stein,Limburg,31,Ziekenhuisopname,0,43
2020-07-07,971,Stein,Limburg,31,Overleden,0,15
2020-07-07,981,Vaals,Limburg,31,Totaal,0,30
2020-07-07,981,Vaals,Limburg,31,Ziekenhuisopname,0,10
2020-07-07,981,Vaals,Limburg,31,Overleden,0,1
2020-07-07,983,Venlo,Limburg,31,Totaal,0,309
2020-07-07,983,Venlo,Limburg,31,Ziekenhuisopname,0,129
2020-07-07,983,Venlo,Limburg,31,Overleden,0,63
2020-07-07,984,Venray,Limburg,31,Totaal,0,126
2020-07-07,984,Venray,Limburg,31,Ziekenhuisopname,0,37
2020-07-07,984,Venray,Limburg,31,Overleden,0,17
2020-07-07,986,Voerendaal,Limburg,31,Totaal,0,47
2020-07-07,986,Voerendaal,Limburg,31,Ziekenhuisopname,0,17
2020-07-07,986,Voerendaal,Limburg,31,Overleden,0,8
2020-07-07,988,Weert,Limburg,31,Totaal,0,141
2020-07-07,988,Weert,Limburg,31,Ziekenhuisopname,0,67
2020-07-07,988,Weert,Limburg,31,Overleden,0,14
2020-07-07,994,Valkenburg aan de Geul,Limburg,31,Totaal,0,87
2020-07-07,994,Valkenburg aan de Geul,Limburg,31,Ziekenhuisopname,0,19
2020-07-07,994,Valkenburg aan de Geul,Limburg,31,Overleden,0,7
2020-07-07,995,Lelystad,Flevoland,24,Totaal,0,193
2020-07-07,995,Lelystad,Flevoland,24,Ziekenhuisopname,0,64
2020-07-07,995,Lelystad,Flevoland,24,Overleden,0,29
2020-07-07,1507,Horst aan de Maas,Limburg,31,Totaal,0,136
2020-07-07,1507,Horst aan de Maas,Limburg,31,Ziekenhuisopname,0,41
2020-07-07,1507,Horst aan de Maas,Limburg,31,Overleden,0,24
2020-07-07,1509,Oude IJsselstreek,Gelderland,25,Totaal,0,78
2020-07-07,1509,Oude IJsselstreek,Gelderland,25,Ziekenhuisopname,0,21
2020-07-07,1509,Oude IJsselstreek,Gelderland,25,Overleden,0,9
2020-07-07,1525,Teylingen,Zuid-Holland,28,Totaal,0,65
2020-07-07,1525,Teylingen,Zuid-Holland,28,Ziekenhuisopname,0,14
2020-07-07,1525,Teylingen,Zuid-Holland,28,Overleden,0,2
2020-07-07,1581,Utrechtse Heuvelrug,Utrecht,26,Totaal,0,125
2020-07-07,1581,Utrechtse Heuvelrug,Utrecht,26,Ziekenhuisopname,0,28
2020-07-07,1581,Utrechtse Heuvelrug,Utrecht,26,Overleden,0,14
2020-07-07,1586,Oost Gelre,Gelderland,25,Totaal,0,78
2020-07-07,1586,Oost Gelre,Gelderland,25,Ziekenhuisopname,0,18
2020-07-07,1586,Oost Gelre,Gelderland,25,Overleden,0,6
2020-07-07,1598,Koggenland,Noord-Holland,27,Totaal,0,36
2020-07-07,1598,Koggenland,Noord-Holland,27,Ziekenhuisopname,0,6
2020-07-07,1598,Koggenland,Noord-Holland,27,Overleden,0,6
2020-07-07,1621,Lansingerland,Zuid-Holland,28,Totaal,0,191
2020-07-07,1621,Lansingerland,Zuid-Holland,28,Ziekenhuisopname,0,42
2020-07-07,1621,Lansingerland,Zuid-Holland,28,Overleden,0,25
2020-07-07,1640,Leudal,Limburg,31,Totaal,0,190
2020-07-07,1640,Leudal,Limburg,31,Ziekenhuisopname,0,52
2020-07-07,1640,Leudal,Limburg,31,Overleden,0,32
2020-07-07,1641,Maasgouw,Limburg,31,Totaal,0,107
2020-07-07,1641,Maasgouw,Limburg,31,Ziekenhuisopname,0,27
2020-07-07,1641,Maasgouw,Limburg,31,Overleden,0,14
2020-07-07,1652,Gemert-Bakel,Noord-Brabant,30,Totaal,1,208
2020-07-07,1652,Gemert-Bakel,Noord-Brabant,30,Ziekenhuisopname,0,79
2020-07-07,1652,Gemert-Bakel,Noord-Brabant,30,Overleden,0,32
2020-07-07,1655,Halderberge,Noord-Brabant,30,Totaal,0,58
2020-07-07,1655,Halderberge,Noord-Brabant,30,Ziekenhuisopname,0,14
2020-07-07,1655,Halderberge,Noord-Brabant,30,Overleden,0,7
2020-07-07,1658,Heeze-Leende,Noord-Brabant,30,Totaal,0,70
2020-07-07,1658,Heeze-Leende,Noord-Brabant,30,Ziekenhuisopname,0,16
2020-07-07,1658,Heeze-Leende,Noord-Brabant,30,Overleden,0,8
2020-07-07,1659,Laarbeek,Noord-Brabant,30,Totaal,0,125
2020-07-07,1659,Laarbeek,Noord-Brabant,30,Ziekenhuisopname,0,41
2020-07-07,1659,Laarbeek,Noord-Brabant,30,Overleden,0,26
2020-07-07,1667,Reusel-De Mierden,Noord-Brabant,30,Totaal,0,24
2020-07-07,1667,Reusel-De Mierden,Noord-Brabant,30,Ziekenhuisopname,0,11
2020-07-07,1667,Reusel-De Mierden,Noord-Brabant,30,Overleden,0,2
2020-07-07,1669,Roerdalen,Limburg,31,Totaal,0,49
2020-07-07,1669,Roerdalen,Limburg,31,Ziekenhuisopname,0,27
2020-07-07,1669,Roerdalen,Limburg,31,Overleden,0,8
2020-07-07,1674,Roosendaal,Noord-Brabant,30,Totaal,0,224
2020-07-07,1674,Roosendaal,Noord-Brabant,30,Ziekenhuisopname,0,28
2020-07-07,1674,Roosendaal,Noord-Brabant,30,Overleden,0,21
2020-07-07,1676,Schouwen-Duiveland,Zeeland,29,Totaal,0,94
2020-07-07,1676,Schouwen-Duiveland,Zeeland,29,Ziekenhuisopname,0,11
2020-07-07,1676,Schouwen-Duiveland,Zeeland,29,Overleden,0,9
2020-07-07,1680,Aa en Hunze,Drenthe,22,Totaal,0,14
2020-07-07,1680,Aa en Hunze,Drenthe,22,Ziekenhuisopname,0,1
2020-07-07,1680,Aa en Hunze,Drenthe,22,Overleden,0,0
2020-07-07,1681,Borger-Odoorn,Drenthe,22,Totaal,0,10
2020-07-07,1681,Borger-Odoorn,Drenthe,22,Ziekenhuisopname,0,4
2020-07-07,1681,Borger-Odoorn,Drenthe,22,Overleden,0,3
2020-07-07,1684,Cuijk,Noord-Brabant,30,Totaal,0,79
2020-07-07,1684,Cuijk,Noord-Brabant,30,Ziekenhuisopname,0,12
2020-07-07,1684,Cuijk,Noord-Brabant,30,Overleden,0,10
2020-07-07,1685,Landerd,Noord-Brabant,30,Totaal,0,147
2020-07-07,1685,Landerd,Noord-Brabant,30,Ziekenhuisopname,0,39
2020-07-07,1685,Landerd,Noord-Brabant,30,Overleden,0,21
2020-07-07,1690,De Wolden,Drenthe,22,Totaal,0,48
2020-07-07,1690,De Wolden,Drenthe,22,Ziekenhuisopname,0,11
2020-07-07,1690,De Wolden,Drenthe,22,Overleden,0,5
2020-07-07,1695,Noord-Beveland,Zeeland,29,Totaal,0,10
2020-07-07,1695,Noord-Beveland,Zeeland,29,Ziekenhuisopname,0,1
2020-07-07,1695,Noord-Beveland,Zeeland,29,Overleden,0,0
2020-07-07,1696,Wijdemeren,Noord-Holland,27,Totaal,0,33
2020-07-07,1696,Wijdemeren,Noord-Holland,27,Ziekenhuisopname,0,8
2020-07-07,1696,Wijdemeren,Noord-Holland,27,Overleden,0,0
2020-07-07,1699,Noordenveld,Drenthe,22,Totaal,0,21
2020-07-07,1699,Noordenveld,Drenthe,22,Ziekenhuisopname,0,4
2020-07-07,1699,Noordenveld,Drenthe,22,Overleden,0,1
2020-07-07,1700,Twenterand,Overijssel,23,Totaal,0,61
2020-07-07,1700,Twenterand,Overijssel,23,Ziekenhuisopname,0,12
2020-07-07,1700,Twenterand,Overijssel,23,Overleden,0,2
2020-07-07,1701,Westerveld,Drenthe,22,Totaal,0,33
2020-07-07,1701,Westerveld,Drenthe,22,Ziekenhuisopname,0,9
2020-07-07,1701,Westerveld,Drenthe,22,Overleden,0,4
2020-07-07,1702,Sint Anthonis,Noord-Brabant,30,Totaal,0,71
2020-07-07,1702,Sint Anthonis,Noord-Brabant,30,Ziekenhuisopname,0,20
2020-07-07,1702,Sint Anthonis,Noord-Brabant,30,Overleden,0,11
2020-07-07,1705,Lingewaard,Gelderland,25,Totaal,0,130
2020-07-07,1705,Lingewaard,Gelderland,25,Ziekenhuisopname,0,31
2020-07-07,1705,Lingewaard,Gelderland,25,Overleden,0,10
2020-07-07,1706,Cranendonck,Noord-Brabant,30,Totaal,0,173
2020-07-07,1706,Cranendonck,Noord-Brabant,30,Ziekenhuisopname,0,63
2020-07-07,1706,Cranendonck,Noord-Brabant,30,Overleden,0,36
2020-07-07,1708,Steenwijkerland,Overijssel,23,Totaal,0,87
2020-07-07,1708,Steenwijkerland,Overijssel,23,Ziekenhuisopname,0,14
2020-07-07,1708,Steenwijkerland,Overijssel,23,Overleden,0,5
2020-07-07,1709,Moerdijk,Noord-Brabant,30,Totaal,0,83
2020-07-07,1709,Moerdijk,Noord-Brabant,30,Ziekenhuisopname,0,14
2020-07-07,1709,Moerdijk,Noord-Brabant,30,Overleden,0,8
2020-07-07,1711,Echt-Susteren,Limburg,31,Totaal,0,93
2020-07-07,1711,Echt-Susteren,Limburg,31,Ziekenhuisopname,0,39
2020-07-07,1711,Echt-Susteren,Limburg,31,Overleden,0,16
2020-07-07,1714,Sluis,Zeeland,29,Totaal,0,17
2020-07-07,1714,Sluis,Zeeland,29,Ziekenhuisopname,0,8
2020-07-07,1714,Sluis,Zeeland,29,Overleden,0,4
2020-07-07,1719,Drimmelen,Noord-Brabant,30,Totaal,0,67
2020-07-07,1719,Drimmelen,Noord-Brabant,30,Ziekenhuisopname,0,18
2020-07-07,1719,Drimmelen,Noord-Brabant,30,Overleden,0,8
2020-07-07,1721,Bernheze,Noord-Brabant,30,Totaal,0,282
2020-07-07,1721,Bernheze,Noord-Brabant,30,Ziekenhuisopname,0,96
2020-07-07,1721,Bernheze,Noord-Brabant,30,Overleden,0,65
2020-07-07,1723,Alphen-Chaam,Noord-Brabant,30,Totaal,0,47
2020-07-07,1723,Alphen-Chaam,Noord-Brabant,30,Ziekenhuisopname,0,18
2020-07-07,1723,Alphen-Chaam,Noord-Brabant,30,Overleden,0,5
2020-07-07,1724,Bergeijk,Noord-Brabant,30,Totaal,0,58
2020-07-07,1724,Bergeijk,Noord-Brabant,30,Ziekenhuisopname,0,19
2020-07-07,1724,Bergeijk,Noord-Brabant,30,Overleden,0,5
2020-07-07,1728,Bladel,Noord-Brabant,30,Totaal,0,78
2020-07-07,1728,Bladel,Noord-Brabant,30,Ziekenhuisopname,0,21
2020-07-07,1728,Bladel,Noord-Brabant,30,Overleden,0,8
2020-07-07,1729,Gulpen-Wittem,Limburg,31,Totaal,0,79
2020-07-07,1729,Gulpen-Wittem,Limburg,31,Ziekenhuisopname,0,21
2020-07-07,1729,Gulpen-Wittem,Limburg,31,Overleden,0,14
2020-07-07,1730,Tynaarlo,Drenthe,22,Totaal,0,40
2020-07-07,1730,Tynaarlo,Drenthe,22,Ziekenhuisopname,0,9
2020-07-07,1730,Tynaarlo,Drenthe,22,Overleden,0,0
2020-07-07,1731,Midden-Drenthe,Drenthe,22,Totaal,0,22
2020-07-07,1731,Midden-Drenthe,Drenthe,22,Ziekenhuisopname,0,6
2020-07-07,1731,Midden-Drenthe,Drenthe,22,Overleden,0,0
2020-07-07,1734,Overbetuwe,Gelderland,25,Totaal,0,136
2020-07-07,1734,Overbetuwe,Gelderland,25,Ziekenhuisopname,0,57
2020-07-07,1734,Overbetuwe,Gelderland,25,Overleden,0,16
2020-07-07,1735,Hof van Twente,Overijssel,23,Totaal,0,63
2020-07-07,1735,Hof van Twente,Overijssel,23,Ziekenhuisopname,0,15
2020-07-07,1735,Hof van Twente,Overijssel,23,Overleden,0,5
2020-07-07,1740,Neder-Betuwe,Gelderland,25,Totaal,0,145
2020-07-07,1740,Neder-Betuwe,Gelderland,25,Ziekenhuisopname,0,37
2020-07-07,1740,Neder-Betuwe,Gelderland,25,Overleden,0,21
2020-07-07,1742,Rijssen-Holten,Overijssel,23,Totaal,0,205
2020-07-07,1742,Rijssen-Holten,Overijssel,23,Ziekenhuisopname,0,30
2020-07-07,1742,Rijssen-Holten,Overijssel,23,Overleden,0,23
2020-07-07,1771,Geldrop-Mierlo,Noord-Brabant,30,Totaal,0,110
2020-07-07,1771,Geldrop-Mierlo,Noord-Brabant,30,Ziekenhuisopname,0,33
2020-07-07,1771,Geldrop-Mierlo,Noord-Brabant,30,Overleden,0,16
2020-07-07,1773,Olst-Wijhe,Overijssel,23,Totaal,0,51
2020-07-07,1773,Olst-Wijhe,Overijssel,23,Ziekenhuisopname,0,12
2020-07-07,1773,Olst-Wijhe,Overijssel,23,Overleden,0,8
2020-07-07,1774,Dinkelland,Overijssel,23,Totaal,0,73
2020-07-07,1774,Dinkelland,Overijssel,23,Ziekenhuisopname,0,20
2020-07-07,1774,Dinkelland,Overijssel,23,Overleden,0,10
2020-07-07,1783,Westland,Zuid-Holland,28,Totaal,0,286
2020-07-07,1783,Westland,Zuid-Holland,28,Ziekenhuisopname,-1,57
2020-07-07,1783,Westland,Zuid-Holland,28,Overleden,0,30
2020-07-07,1842,Midden-Delfland,Zuid-Holland,28,Totaal,0,29
2020-07-07,1842,Midden-Delfland,Zuid-Holland,28,Ziekenhuisopname,0,4
2020-07-07,1842,Midden-Delfland,Zuid-Holland,28,Overleden,0,0
2020-07-07,1859,Berkelland,Gelderland,25,Totaal,0,97
2020-07-07,1859,Berkelland,Gelderland,25,Ziekenhuisopname,0,13
2020-07-07,1859,Berkelland,Gelderland,25,Overleden,0,7
2020-07-07,1876,Bronckhorst,Gelderland,25,Totaal,0,74
2020-07-07,1876,Bronckhorst,Gelderland,25,Ziekenhuisopname,0,17
2020-07-07,1876,Bronckhorst,Gelderland,25,Overleden,0,7
2020-07-07,1883,Sittard-Geleen,Limburg,31,Totaal,0,413
2020-07-07,1883,Sittard-Geleen,Limburg,31,Ziekenhuisopname,0,115
2020-07-07,1883,Sittard-Geleen,Limburg,31,Overleden,0,63
2020-07-07,1884,Kaag en Braassem,Zuid-Holland,28,Totaal,0,31
2020-07-07,1884,Kaag en Braassem,Zuid-Holland,28,Ziekenhuisopname,0,6
2020-07-07,1884,Kaag en Braassem,Zuid-Holland,28,Overleden,0,2
2020-07-07,1891,Dantumadiel,Friesland,21,Totaal,0,5
2020-07-07,1891,Dantumadiel,Friesland,21,Ziekenhuisopname,0,2
2020-07-07,1891,Dantumadiel,Friesland,21,Overleden,0,0
2020-07-07,1892,Zuidplas,Zuid-Holland,28,Totaal,1,151
2020-07-07,1892,Zuidplas,Zuid-Holland,28,Ziekenhuisopname,0,24
2020-07-07,1892,Zuidplas,Zuid-Holland,28,Overleden,0,21
2020-07-07,1894,Peel en Maas,Limburg,31,Totaal,0,277
2020-07-07,1894,Peel en Maas,Limburg,31,Ziekenhuisopname,0,144
2020-07-07,1894,Peel en Maas,Limburg,31,Overleden,0,64
2020-07-07,1895,Oldambt,Groningen,20,Totaal,0,13
2020-07-07,1895,Oldambt,Groningen,20,Ziekenhuisopname,0,7
2020-07-07,1895,Oldambt,Groningen,20,Overleden,0,2
2020-07-07,1896,Zwartewaterland,Overijssel,23,Totaal,0,146
2020-07-07,1896,Zwartewaterland,Overijssel,23,Ziekenhuisopname,0,35
2020-07-07,1896,Zwartewaterland,Overijssel,23,Overleden,0,19
2020-07-07,1900,Sdwest-Frysln,Friesland,21,Totaal,0,106
2020-07-07,1900,Sdwest-Frysln,Friesland,21,Ziekenhuisopname,0,18
2020-07-07,1900,Sdwest-Frysln,Friesland,21,Overleden,0,6
2020-07-07,1901,Bodegraven-Reeuwijk,Zuid-Holland,28,Totaal,0,63
2020-07-07,1901,Bodegraven-Reeuwijk,Zuid-Holland,28,Ziekenhuisopname,0,7
2020-07-07,1901,Bodegraven-Reeuwijk,Zuid-Holland,28,Overleden,0,1
2020-07-07,1903,Eijsden-Margraten,Limburg,31,Totaal,0,172
2020-07-07,1903,Eijsden-Margraten,Limburg,31,Ziekenhuisopname,0,54
2020-07-07,1903,Eijsden-Margraten,Limburg,31,Overleden,0,27
2020-07-07,1904,Stichtse Vecht,Utrecht,26,Totaal,1,129
2020-07-07,1904,Stichtse Vecht,Utrecht,26,Ziekenhuisopname,0,34
2020-07-07,1904,Stichtse Vecht,Utrecht,26,Overleden,0,13
2020-07-07,1911,Hollands Kroon,Noord-Holland,27,Totaal,0,62
2020-07-07,1911,Hollands Kroon,Noord-Holland,27,Ziekenhuisopname,0,26
2020-07-07,1911,Hollands Kroon,Noord-Holland,27,Overleden,0,6
2020-07-07,1916,Leidschendam-Voorburg,Zuid-Holland,28,Totaal,2,147
2020-07-07,1916,Leidschendam-Voorburg,Zuid-Holland,28,Ziekenhuisopname,0,20
2020-07-07,1916,Leidschendam-Voorburg,Zuid-Holland,28,Overleden,0,15
2020-07-07,1924,Goeree-Overflakkee,Zuid-Holland,28,Totaal,0,263
2020-07-07,1924,Goeree-Overflakkee,Zuid-Holland,28,Ziekenhuisopname,0,54
2020-07-07,1924,Goeree-Overflakkee,Zuid-Holland,28,Overleden,0,34
2020-07-07,1926,Pijnacker-Nootdorp,Zuid-Holland,28,Totaal,0,132
2020-07-07,1926,Pijnacker-Nootdorp,Zuid-Holland,28,Ziekenhuisopname,0,24
2020-07-07,1926,Pijnacker-Nootdorp,Zuid-Holland,28,Overleden,0,16
2020-07-07,1930,Nissewaard,Zuid-Holland,28,Totaal,0,196
2020-07-07,1930,Nissewaard,Zuid-Holland,28,Ziekenhuisopname,0,55
2020-07-07,1930,Nissewaard,Zuid-Holland,28,Overleden,0,17
2020-07-07,1931,Krimpenerwaard,Zuid-Holland,28,Totaal,0,194
2020-07-07,1931,Krimpenerwaard,Zuid-Holland,28,Ziekenhuisopname,0,45
2020-07-07,1931,Krimpenerwaard,Zuid-Holland,28,Overleden,0,34
2020-07-07,1940,De Fryske Marren,Friesland,21,Totaal,0,71
2020-07-07,1940,De Fryske Marren,Friesland,21,Ziekenhuisopname,0,16
2020-07-07,1940,De Fryske Marren,Friesland,21,Overleden,0,6
2020-07-07,1942,Gooise Meren,Noord-Holland,27,Totaal,1,119
2020-07-07,1942,Gooise Meren,Noord-Holland,27,Ziekenhuisopname,0,23
2020-07-07,1942,Gooise Meren,Noord-Holland,27,Overleden,0,9
2020-07-07,1945,Berg en Dal,Gelderland,25,Totaal,0,180
2020-07-07,1945,Berg en Dal,Gelderland,25,Ziekenhuisopname,0,29
2020-07-07,1945,Berg en Dal,Gelderland,25,Overleden,0,16
2020-07-07,1948,Meierijstad,Noord-Brabant,30,Totaal,1,556
2020-07-07,1948,Meierijstad,Noord-Brabant,30,Ziekenhuisopname,0,211
2020-07-07,1948,Meierijstad,Noord-Brabant,30,Overleden,0,131
2020-07-07,1949,Waadhoeke,Friesland,21,Totaal,0,101
2020-07-07,1949,Waadhoeke,Friesland,21,Ziekenhuisopname,0,12
2020-07-07,1949,Waadhoeke,Friesland,21,Overleden,0,15
2020-07-07,1950,Westerwolde,Groningen,20,Totaal,0,6
2020-07-07,1950,Westerwolde,Groningen,20,Ziekenhuisopname,0,5
2020-07-07,1950,Westerwolde,Groningen,20,Overleden,0,0
2020-07-07,1952,Midden-Groningen,Groningen,20,Totaal,0,32
2020-07-07,1952,Midden-Groningen,Groningen,20,Ziekenhuisopname,0,6
2020-07-07,1952,Midden-Groningen,Groningen,20,Overleden,0,3
2020-07-07,1954,Beekdaelen,Limburg,31,Totaal,0,172
2020-07-07,1954,Beekdaelen,Limburg,31,Ziekenhuisopname,0,52
2020-07-07,1954,Beekdaelen,Limburg,31,Overleden,0,23
2020-07-07,1955,Montferland,Gelderland,25,Totaal,0,103
2020-07-07,1955,Montferland,Gelderland,25,Ziekenhuisopname,0,21
2020-07-07,1955,Montferland,Gelderland,25,Overleden,0,9
2020-07-07,1959,Altena,Noord-Brabant,30,Totaal,0,133
2020-07-07,1959,Altena,Noord-Brabant,30,Ziekenhuisopname,0,32
2020-07-07,1959,Altena,Noord-Brabant,30,Overleden,0,11
2020-07-07,1960,West Betuwe,Gelderland,25,Totaal,0,213
2020-07-07,1960,West Betuwe,Gelderland,25,Ziekenhuisopname,0,43
2020-07-07,1960,West Betuwe,Gelderland,25,Overleden,0,27
2020-07-07,1961,Vijfheerenlanden,Utrecht,26,Totaal,-1,273
2020-07-07,1961,Vijfheerenlanden,Utrecht,26,Ziekenhuisopname,0,34
2020-07-07,1961,Vijfheerenlanden,Utrecht,26,Overleden,0,37
2020-07-07,1963,Hoeksche Waard,Zuid-Holland,28,Totaal,0,311
2020-07-07,1963,Hoeksche Waard,Zuid-Holland,28,Ziekenhuisopname,0,76
2020-07-07,1963,Hoeksche Waard,Zuid-Holland,28,Overleden,0,20
2020-07-07,1966,Het Hogeland,Groningen,20,Totaal,0,34
2020-07-07,1966,Het Hogeland,Groningen,20,Ziekenhuisopname,0,7
2020-07-07,1966,Het Hogeland,Groningen,20,Overleden,0,3
2020-07-07,1969,Westerkwartier,Groningen,20,Totaal,0,58
2020-07-07,1969,Westerkwartier,Groningen,20,Ziekenhuisopname,0,14
2020-07-07,1969,Westerkwartier,Groningen,20,Overleden,0,4
2020-07-07,1970,Noardeast-Frysln,Friesland,21,Totaal,0,29
2020-07-07,1970,Noardeast-Frysln,Friesland,21,Ziekenhuisopname,0,6
2020-07-07,1970,Noardeast-Frysln,Friesland,21,Overleden,0,4
2020-07-07,1978,Molenlanden,Zuid-Holland,28,Totaal,0,122
2020-07-07,1978,Molenlanden,Zuid-Holland,28,Ziekenhuisopname,0,18
2020-07-07,1978,Molenlanden,Zuid-Holland,28,Overleden,0,8
