Datum,Gemeentecode,Gemeentenaam,Provincienaam,Provinciecode,Type,Aantal,AantalCumulatief
2020-04-08,-1,,,-1,Totaal,-28,282
2020-04-08,-1,,,-1,Ziekenhuisopname,4,64
2020-04-08,-1,,,-1,Overleden,,
2020-04-08,3,Appingedam,Groningen,20,Totaal,1,2
2020-04-08,3,Appingedam,Groningen,20,Ziekenhuisopname,0,2
2020-04-08,3,Appingedam,Groningen,20,Overleden,,
2020-04-08,10,Delfzijl,Groningen,20,Totaal,5,12
2020-04-08,10,Delfzijl,Groningen,20,Ziekenhuisopname,0,5
2020-04-08,10,Delfzijl,Groningen,20,Overleden,,
2020-04-08,14,Groningen,Groningen,20,Totaal,31,119
2020-04-08,14,Groningen,Groningen,20,Ziekenhuisopname,0,14
2020-04-08,14,Groningen,Groningen,20,Overleden,,
2020-04-08,24,Loppersum,Groningen,20,Totaal,1,2
2020-04-08,24,Loppersum,Groningen,20,Ziekenhuisopname,0,0
2020-04-08,24,Loppersum,Groningen,20,Overleden,,
2020-04-08,34,Almere,Flevoland,24,Totaal,71,131
2020-04-08,34,Almere,Flevoland,24,Ziekenhuisopname,3,83
2020-04-08,34,Almere,Flevoland,24,Overleden,,
2020-04-08,37,Stadskanaal,Groningen,20,Totaal,1,2
2020-04-08,37,Stadskanaal,Groningen,20,Ziekenhuisopname,1,1
2020-04-08,37,Stadskanaal,Groningen,20,Overleden,,
2020-04-08,47,Veendam,Groningen,20,Totaal,3,5
2020-04-08,47,Veendam,Groningen,20,Ziekenhuisopname,0,1
2020-04-08,47,Veendam,Groningen,20,Overleden,,
2020-04-08,50,Zeewolde,Flevoland,24,Totaal,6,15
2020-04-08,50,Zeewolde,Flevoland,24,Ziekenhuisopname,0,6
2020-04-08,50,Zeewolde,Flevoland,24,Overleden,,
2020-04-08,59,Achtkarspelen,Friesland,21,Totaal,3,5
2020-04-08,59,Achtkarspelen,Friesland,21,Ziekenhuisopname,0,0
2020-04-08,59,Achtkarspelen,Friesland,21,Overleden,,
2020-04-08,60,Ameland,Friesland,21,Totaal,0,0
2020-04-08,60,Ameland,Friesland,21,Ziekenhuisopname,0,0
2020-04-08,60,Ameland,Friesland,21,Overleden,,
2020-04-08,72,Harlingen,Friesland,21,Totaal,1,5
2020-04-08,72,Harlingen,Friesland,21,Ziekenhuisopname,0,2
2020-04-08,72,Harlingen,Friesland,21,Overleden,,
2020-04-08,74,Heerenveen,Friesland,21,Totaal,23,32
2020-04-08,74,Heerenveen,Friesland,21,Ziekenhuisopname,0,10
2020-04-08,74,Heerenveen,Friesland,21,Overleden,,
2020-04-08,80,Leeuwarden,Friesland,21,Totaal,19,42
2020-04-08,80,Leeuwarden,Friesland,21,Ziekenhuisopname,0,29
2020-04-08,80,Leeuwarden,Friesland,21,Overleden,,
2020-04-08,85,Ooststellingwerf,Friesland,21,Totaal,1,2
2020-04-08,85,Ooststellingwerf,Friesland,21,Ziekenhuisopname,0,1
2020-04-08,85,Ooststellingwerf,Friesland,21,Overleden,,
2020-04-08,86,Opsterland,Friesland,21,Totaal,4,11
2020-04-08,86,Opsterland,Friesland,21,Ziekenhuisopname,0,5
2020-04-08,86,Opsterland,Friesland,21,Overleden,,
2020-04-08,88,Schiermonnikoog,Friesland,21,Totaal,0,0
2020-04-08,88,Schiermonnikoog,Friesland,21,Ziekenhuisopname,0,0
2020-04-08,88,Schiermonnikoog,Friesland,21,Overleden,,
2020-04-08,90,Smallingerland,Friesland,21,Totaal,6,16
2020-04-08,90,Smallingerland,Friesland,21,Ziekenhuisopname,0,6
2020-04-08,90,Smallingerland,Friesland,21,Overleden,,
2020-04-08,93,Terschelling,Friesland,21,Totaal,1,1
2020-04-08,93,Terschelling,Friesland,21,Ziekenhuisopname,0,0
2020-04-08,93,Terschelling,Friesland,21,Overleden,,
2020-04-08,96,Vlieland,Friesland,21,Totaal,0,0
2020-04-08,96,Vlieland,Friesland,21,Ziekenhuisopname,0,0
2020-04-08,96,Vlieland,Friesland,21,Overleden,,
2020-04-08,98,Weststellingwerf,Friesland,21,Totaal,2,5
2020-04-08,98,Weststellingwerf,Friesland,21,Ziekenhuisopname,0,2
2020-04-08,98,Weststellingwerf,Friesland,21,Overleden,,
2020-04-08,106,Assen,Drenthe,22,Totaal,10,22
2020-04-08,106,Assen,Drenthe,22,Ziekenhuisopname,0,9
2020-04-08,106,Assen,Drenthe,22,Overleden,,
2020-04-08,109,Coevorden,Drenthe,22,Totaal,11,31
2020-04-08,109,Coevorden,Drenthe,22,Ziekenhuisopname,0,9
2020-04-08,109,Coevorden,Drenthe,22,Overleden,,
2020-04-08,114,Emmen,Drenthe,22,Totaal,21,36
2020-04-08,114,Emmen,Drenthe,22,Ziekenhuisopname,1,13
2020-04-08,114,Emmen,Drenthe,22,Overleden,,
2020-04-08,118,Hoogeveen,Drenthe,22,Totaal,14,27
2020-04-08,118,Hoogeveen,Drenthe,22,Ziekenhuisopname,1,10
2020-04-08,118,Hoogeveen,Drenthe,22,Overleden,,
2020-04-08,119,Meppel,Drenthe,22,Totaal,13,21
2020-04-08,119,Meppel,Drenthe,22,Ziekenhuisopname,0,5
2020-04-08,119,Meppel,Drenthe,22,Overleden,,
2020-04-08,141,Almelo,Overijssel,23,Totaal,27,47
2020-04-08,141,Almelo,Overijssel,23,Ziekenhuisopname,0,15
2020-04-08,141,Almelo,Overijssel,23,Overleden,,
2020-04-08,147,Borne,Overijssel,23,Totaal,13,34
2020-04-08,147,Borne,Overijssel,23,Ziekenhuisopname,0,13
2020-04-08,147,Borne,Overijssel,23,Overleden,,
2020-04-08,148,Dalfsen,Overijssel,23,Totaal,21,37
2020-04-08,148,Dalfsen,Overijssel,23,Ziekenhuisopname,2,15
2020-04-08,148,Dalfsen,Overijssel,23,Overleden,,
2020-04-08,150,Deventer,Overijssel,23,Totaal,34,87
2020-04-08,150,Deventer,Overijssel,23,Ziekenhuisopname,3,32
2020-04-08,150,Deventer,Overijssel,23,Overleden,,
2020-04-08,153,Enschede,Overijssel,23,Totaal,62,117
2020-04-08,153,Enschede,Overijssel,23,Ziekenhuisopname,3,42
2020-04-08,153,Enschede,Overijssel,23,Overleden,,
2020-04-08,158,Haaksbergen,Overijssel,23,Totaal,14,24
2020-04-08,158,Haaksbergen,Overijssel,23,Ziekenhuisopname,0,11
2020-04-08,158,Haaksbergen,Overijssel,23,Overleden,,
2020-04-08,160,Hardenberg,Overijssel,23,Totaal,53,74
2020-04-08,160,Hardenberg,Overijssel,23,Ziekenhuisopname,4,16
2020-04-08,160,Hardenberg,Overijssel,23,Overleden,,
2020-04-08,163,Hellendoorn,Overijssel,23,Totaal,22,36
2020-04-08,163,Hellendoorn,Overijssel,23,Ziekenhuisopname,1,7
2020-04-08,163,Hellendoorn,Overijssel,23,Overleden,,
2020-04-08,164,Hengelo,Overijssel,23,Totaal,29,69
2020-04-08,164,Hengelo,Overijssel,23,Ziekenhuisopname,2,14
2020-04-08,164,Hengelo,Overijssel,23,Overleden,,
2020-04-08,166,Kampen,Overijssel,23,Totaal,73,142
2020-04-08,166,Kampen,Overijssel,23,Ziekenhuisopname,4,46
2020-04-08,166,Kampen,Overijssel,23,Overleden,,
2020-04-08,168,Losser,Overijssel,23,Totaal,8,11
2020-04-08,168,Losser,Overijssel,23,Ziekenhuisopname,0,6
2020-04-08,168,Losser,Overijssel,23,Overleden,,
2020-04-08,171,Noordoostpolder,Flevoland,24,Totaal,8,19
2020-04-08,171,Noordoostpolder,Flevoland,24,Ziekenhuisopname,0,8
2020-04-08,171,Noordoostpolder,Flevoland,24,Overleden,,
2020-04-08,173,Oldenzaal,Overijssel,23,Totaal,7,29
2020-04-08,173,Oldenzaal,Overijssel,23,Ziekenhuisopname,2,13
2020-04-08,173,Oldenzaal,Overijssel,23,Overleden,,
2020-04-08,175,Ommen,Overijssel,23,Totaal,16,26
2020-04-08,175,Ommen,Overijssel,23,Ziekenhuisopname,0,7
2020-04-08,175,Ommen,Overijssel,23,Overleden,,
2020-04-08,177,Raalte,Overijssel,23,Totaal,19,39
2020-04-08,177,Raalte,Overijssel,23,Ziekenhuisopname,0,20
2020-04-08,177,Raalte,Overijssel,23,Overleden,,
2020-04-08,180,Staphorst,Overijssel,23,Totaal,19,25
2020-04-08,180,Staphorst,Overijssel,23,Ziekenhuisopname,0,4
2020-04-08,180,Staphorst,Overijssel,23,Overleden,,
2020-04-08,183,Tubbergen,Overijssel,23,Totaal,36,50
2020-04-08,183,Tubbergen,Overijssel,23,Ziekenhuisopname,0,10
2020-04-08,183,Tubbergen,Overijssel,23,Overleden,,
2020-04-08,184,Urk,Flevoland,24,Totaal,14,28
2020-04-08,184,Urk,Flevoland,24,Ziekenhuisopname,2,18
2020-04-08,184,Urk,Flevoland,24,Overleden,,
2020-04-08,189,Wierden,Overijssel,23,Totaal,10,19
2020-04-08,189,Wierden,Overijssel,23,Ziekenhuisopname,1,3
2020-04-08,189,Wierden,Overijssel,23,Overleden,,
2020-04-08,193,Zwolle,Overijssel,23,Totaal,78,170
2020-04-08,193,Zwolle,Overijssel,23,Ziekenhuisopname,3,41
2020-04-08,193,Zwolle,Overijssel,23,Overleden,,
2020-04-08,197,Aalten,Gelderland,25,Totaal,12,17
2020-04-08,197,Aalten,Gelderland,25,Ziekenhuisopname,0,1
2020-04-08,197,Aalten,Gelderland,25,Overleden,,
2020-04-08,200,Apeldoorn,Gelderland,25,Totaal,63,123
2020-04-08,200,Apeldoorn,Gelderland,25,Ziekenhuisopname,0,30
2020-04-08,200,Apeldoorn,Gelderland,25,Overleden,,
2020-04-08,202,Arnhem,Gelderland,25,Totaal,48,111
2020-04-08,202,Arnhem,Gelderland,25,Ziekenhuisopname,2,48
2020-04-08,202,Arnhem,Gelderland,25,Overleden,,
2020-04-08,203,Barneveld,Gelderland,25,Totaal,31,53
2020-04-08,203,Barneveld,Gelderland,25,Ziekenhuisopname,0,10
2020-04-08,203,Barneveld,Gelderland,25,Overleden,,
2020-04-08,209,Beuningen,Gelderland,25,Totaal,12,36
2020-04-08,209,Beuningen,Gelderland,25,Ziekenhuisopname,0,17
2020-04-08,209,Beuningen,Gelderland,25,Overleden,,
2020-04-08,213,Brummen,Gelderland,25,Totaal,9,17
2020-04-08,213,Brummen,Gelderland,25,Ziekenhuisopname,1,8
2020-04-08,213,Brummen,Gelderland,25,Overleden,,
2020-04-08,214,Buren,Gelderland,25,Totaal,10,19
2020-04-08,214,Buren,Gelderland,25,Ziekenhuisopname,0,7
2020-04-08,214,Buren,Gelderland,25,Overleden,,
2020-04-08,216,Culemborg,Gelderland,25,Totaal,16,36
2020-04-08,216,Culemborg,Gelderland,25,Ziekenhuisopname,0,20
2020-04-08,216,Culemborg,Gelderland,25,Overleden,,
2020-04-08,221,Doesburg,Gelderland,25,Totaal,4,10
2020-04-08,221,Doesburg,Gelderland,25,Ziekenhuisopname,0,4
2020-04-08,221,Doesburg,Gelderland,25,Overleden,,
2020-04-08,222,Doetinchem,Gelderland,25,Totaal,16,40
2020-04-08,222,Doetinchem,Gelderland,25,Ziekenhuisopname,1,8
2020-04-08,222,Doetinchem,Gelderland,25,Overleden,,
2020-04-08,225,Druten,Gelderland,25,Totaal,19,37
2020-04-08,225,Druten,Gelderland,25,Ziekenhuisopname,0,16
2020-04-08,225,Druten,Gelderland,25,Overleden,,
2020-04-08,226,Duiven,Gelderland,25,Totaal,14,21
2020-04-08,226,Duiven,Gelderland,25,Ziekenhuisopname,2,9
2020-04-08,226,Duiven,Gelderland,25,Overleden,,
2020-04-08,228,Ede,Gelderland,25,Totaal,46,96
2020-04-08,228,Ede,Gelderland,25,Ziekenhuisopname,2,44
2020-04-08,228,Ede,Gelderland,25,Overleden,,
2020-04-08,230,Elburg,Gelderland,25,Totaal,23,41
2020-04-08,230,Elburg,Gelderland,25,Ziekenhuisopname,2,8
2020-04-08,230,Elburg,Gelderland,25,Overleden,,
2020-04-08,232,Epe,Gelderland,25,Totaal,22,55
2020-04-08,232,Epe,Gelderland,25,Ziekenhuisopname,1,14
2020-04-08,232,Epe,Gelderland,25,Overleden,,
2020-04-08,233,Ermelo,Gelderland,25,Totaal,26,49
2020-04-08,233,Ermelo,Gelderland,25,Ziekenhuisopname,1,15
2020-04-08,233,Ermelo,Gelderland,25,Overleden,,
2020-04-08,243,Harderwijk,Gelderland,25,Totaal,23,48
2020-04-08,243,Harderwijk,Gelderland,25,Ziekenhuisopname,1,11
2020-04-08,243,Harderwijk,Gelderland,25,Overleden,,
2020-04-08,244,Hattem,Gelderland,25,Totaal,13,25
2020-04-08,244,Hattem,Gelderland,25,Ziekenhuisopname,2,9
2020-04-08,244,Hattem,Gelderland,25,Overleden,,
2020-04-08,246,Heerde,Gelderland,25,Totaal,24,64
2020-04-08,246,Heerde,Gelderland,25,Ziekenhuisopname,1,23
2020-04-08,246,Heerde,Gelderland,25,Overleden,,
2020-04-08,252,Heumen,Gelderland,25,Totaal,16,36
2020-04-08,252,Heumen,Gelderland,25,Ziekenhuisopname,0,14
2020-04-08,252,Heumen,Gelderland,25,Overleden,,
2020-04-08,262,Lochem,Gelderland,25,Totaal,7,21
2020-04-08,262,Lochem,Gelderland,25,Ziekenhuisopname,0,5
2020-04-08,262,Lochem,Gelderland,25,Overleden,,
2020-04-08,263,Maasdriel,Gelderland,25,Totaal,7,19
2020-04-08,263,Maasdriel,Gelderland,25,Ziekenhuisopname,2,14
2020-04-08,263,Maasdriel,Gelderland,25,Overleden,,
2020-04-08,267,Nijkerk,Gelderland,25,Totaal,19,37
2020-04-08,267,Nijkerk,Gelderland,25,Ziekenhuisopname,0,18
2020-04-08,267,Nijkerk,Gelderland,25,Overleden,,
2020-04-08,268,Nijmegen,Gelderland,25,Totaal,122,319
2020-04-08,268,Nijmegen,Gelderland,25,Ziekenhuisopname,2,100
2020-04-08,268,Nijmegen,Gelderland,25,Overleden,,
2020-04-08,269,Oldebroek,Gelderland,25,Totaal,29,59
2020-04-08,269,Oldebroek,Gelderland,25,Ziekenhuisopname,4,17
2020-04-08,269,Oldebroek,Gelderland,25,Overleden,,
2020-04-08,273,Putten,Gelderland,25,Totaal,8,14
2020-04-08,273,Putten,Gelderland,25,Ziekenhuisopname,0,2
2020-04-08,273,Putten,Gelderland,25,Overleden,,
2020-04-08,274,Renkum,Gelderland,25,Totaal,11,32
2020-04-08,274,Renkum,Gelderland,25,Ziekenhuisopname,0,12
2020-04-08,274,Renkum,Gelderland,25,Overleden,,
2020-04-08,275,Rheden,Gelderland,25,Totaal,14,49
2020-04-08,275,Rheden,Gelderland,25,Ziekenhuisopname,1,29
2020-04-08,275,Rheden,Gelderland,25,Overleden,,
2020-04-08,277,Rozendaal,Gelderland,25,Totaal,0,2
2020-04-08,277,Rozendaal,Gelderland,25,Ziekenhuisopname,0,1
2020-04-08,277,Rozendaal,Gelderland,25,Overleden,,
2020-04-08,279,Scherpenzeel,Gelderland,25,Totaal,9,13
2020-04-08,279,Scherpenzeel,Gelderland,25,Ziekenhuisopname,0,2
2020-04-08,279,Scherpenzeel,Gelderland,25,Overleden,,
2020-04-08,281,Tiel,Gelderland,25,Totaal,13,46
2020-04-08,281,Tiel,Gelderland,25,Ziekenhuisopname,2,30
2020-04-08,281,Tiel,Gelderland,25,Overleden,,
2020-04-08,285,Voorst,Gelderland,25,Totaal,14,34
2020-04-08,285,Voorst,Gelderland,25,Ziekenhuisopname,0,8
2020-04-08,285,Voorst,Gelderland,25,Overleden,,
2020-04-08,289,Wageningen,Gelderland,25,Totaal,9,17
2020-04-08,289,Wageningen,Gelderland,25,Ziekenhuisopname,1,10
2020-04-08,289,Wageningen,Gelderland,25,Overleden,,
2020-04-08,293,Westervoort,Gelderland,25,Totaal,6,11
2020-04-08,293,Westervoort,Gelderland,25,Ziekenhuisopname,2,7
2020-04-08,293,Westervoort,Gelderland,25,Overleden,,
2020-04-08,294,Winterswijk,Gelderland,25,Totaal,5,9
2020-04-08,294,Winterswijk,Gelderland,25,Ziekenhuisopname,1,2
2020-04-08,294,Winterswijk,Gelderland,25,Overleden,,
2020-04-08,296,Wijchen,Gelderland,25,Totaal,21,64
2020-04-08,296,Wijchen,Gelderland,25,Ziekenhuisopname,0,34
2020-04-08,296,Wijchen,Gelderland,25,Overleden,,
2020-04-08,297,Zaltbommel,Gelderland,25,Totaal,13,29
2020-04-08,297,Zaltbommel,Gelderland,25,Ziekenhuisopname,1,14
2020-04-08,297,Zaltbommel,Gelderland,25,Overleden,,
2020-04-08,299,Zevenaar,Gelderland,25,Totaal,20,41
2020-04-08,299,Zevenaar,Gelderland,25,Ziekenhuisopname,0,27
2020-04-08,299,Zevenaar,Gelderland,25,Overleden,,
2020-04-08,301,Zutphen,Gelderland,25,Totaal,17,33
2020-04-08,301,Zutphen,Gelderland,25,Ziekenhuisopname,0,12
2020-04-08,301,Zutphen,Gelderland,25,Overleden,,
2020-04-08,302,Nunspeet,Gelderland,25,Totaal,32,84
2020-04-08,302,Nunspeet,Gelderland,25,Ziekenhuisopname,1,24
2020-04-08,302,Nunspeet,Gelderland,25,Overleden,,
2020-04-08,303,Dronten,Flevoland,24,Totaal,24,37
2020-04-08,303,Dronten,Flevoland,24,Ziekenhuisopname,1,16
2020-04-08,303,Dronten,Flevoland,24,Overleden,,
2020-04-08,307,Amersfoort,Utrecht,26,Totaal,31,100
2020-04-08,307,Amersfoort,Utrecht,26,Ziekenhuisopname,5,42
2020-04-08,307,Amersfoort,Utrecht,26,Overleden,,
2020-04-08,308,Baarn,Utrecht,26,Totaal,13,20
2020-04-08,308,Baarn,Utrecht,26,Ziekenhuisopname,0,7
2020-04-08,308,Baarn,Utrecht,26,Overleden,,
2020-04-08,310,De Bilt,Utrecht,26,Totaal,26,68
2020-04-08,310,De Bilt,Utrecht,26,Ziekenhuisopname,0,19
2020-04-08,310,De Bilt,Utrecht,26,Overleden,,
2020-04-08,312,Bunnik,Utrecht,26,Totaal,8,18
2020-04-08,312,Bunnik,Utrecht,26,Ziekenhuisopname,1,7
2020-04-08,312,Bunnik,Utrecht,26,Overleden,,
2020-04-08,313,Bunschoten,Utrecht,26,Totaal,13,19
2020-04-08,313,Bunschoten,Utrecht,26,Ziekenhuisopname,0,3
2020-04-08,313,Bunschoten,Utrecht,26,Overleden,,
2020-04-08,317,Eemnes,Utrecht,26,Totaal,5,7
2020-04-08,317,Eemnes,Utrecht,26,Ziekenhuisopname,0,1
2020-04-08,317,Eemnes,Utrecht,26,Overleden,,
2020-04-08,321,Houten,Utrecht,26,Totaal,13,71
2020-04-08,321,Houten,Utrecht,26,Ziekenhuisopname,1,17
2020-04-08,321,Houten,Utrecht,26,Overleden,,
2020-04-08,327,Leusden,Utrecht,26,Totaal,10,29
2020-04-08,327,Leusden,Utrecht,26,Ziekenhuisopname,1,7
2020-04-08,327,Leusden,Utrecht,26,Overleden,,
2020-04-08,331,Lopik,Utrecht,26,Totaal,8,25
2020-04-08,331,Lopik,Utrecht,26,Ziekenhuisopname,0,15
2020-04-08,331,Lopik,Utrecht,26,Overleden,,
2020-04-08,335,Montfoort,Utrecht,26,Totaal,13,28
2020-04-08,335,Montfoort,Utrecht,26,Ziekenhuisopname,1,12
2020-04-08,335,Montfoort,Utrecht,26,Overleden,,
2020-04-08,339,Renswoude,Utrecht,26,Totaal,7,8
2020-04-08,339,Renswoude,Utrecht,26,Ziekenhuisopname,0,3
2020-04-08,339,Renswoude,Utrecht,26,Overleden,,
2020-04-08,340,Rhenen,Utrecht,26,Totaal,6,12
2020-04-08,340,Rhenen,Utrecht,26,Ziekenhuisopname,0,3
2020-04-08,340,Rhenen,Utrecht,26,Overleden,,
2020-04-08,342,Soest,Utrecht,26,Totaal,23,53
2020-04-08,342,Soest,Utrecht,26,Ziekenhuisopname,1,17
2020-04-08,342,Soest,Utrecht,26,Overleden,,
2020-04-08,344,Utrecht,Utrecht,26,Totaal,163,470
2020-04-08,344,Utrecht,Utrecht,26,Ziekenhuisopname,6,140
2020-04-08,344,Utrecht,Utrecht,26,Overleden,,
2020-04-08,345,Veenendaal,Utrecht,26,Totaal,34,54
2020-04-08,345,Veenendaal,Utrecht,26,Ziekenhuisopname,7,22
2020-04-08,345,Veenendaal,Utrecht,26,Overleden,,
2020-04-08,351,Woudenberg,Utrecht,26,Totaal,10,18
2020-04-08,351,Woudenberg,Utrecht,26,Ziekenhuisopname,0,7
2020-04-08,351,Woudenberg,Utrecht,26,Overleden,,
2020-04-08,352,Wijk bij Duurstede,Utrecht,26,Totaal,4,15
2020-04-08,352,Wijk bij Duurstede,Utrecht,26,Ziekenhuisopname,0,8
2020-04-08,352,Wijk bij Duurstede,Utrecht,26,Overleden,,
2020-04-08,353,IJsselstein,Utrecht,26,Totaal,15,53
2020-04-08,353,IJsselstein,Utrecht,26,Ziekenhuisopname,0,26
2020-04-08,353,IJsselstein,Utrecht,26,Overleden,,
2020-04-08,355,Zeist,Utrecht,26,Totaal,29,76
2020-04-08,355,Zeist,Utrecht,26,Ziekenhuisopname,1,26
2020-04-08,355,Zeist,Utrecht,26,Overleden,,
2020-04-08,356,Nieuwegein,Utrecht,26,Totaal,25,58
2020-04-08,356,Nieuwegein,Utrecht,26,Ziekenhuisopname,1,26
2020-04-08,356,Nieuwegein,Utrecht,26,Overleden,,
2020-04-08,358,Aalsmeer,Noord-Holland,27,Totaal,6,24
2020-04-08,358,Aalsmeer,Noord-Holland,27,Ziekenhuisopname,0,8
2020-04-08,358,Aalsmeer,Noord-Holland,27,Overleden,,
2020-04-08,361,Alkmaar,Noord-Holland,27,Totaal,67,116
2020-04-08,361,Alkmaar,Noord-Holland,27,Ziekenhuisopname,1,37
2020-04-08,361,Alkmaar,Noord-Holland,27,Overleden,,
2020-04-08,362,Amstelveen,Noord-Holland,27,Totaal,74,155
2020-04-08,362,Amstelveen,Noord-Holland,27,Ziekenhuisopname,-1,38
2020-04-08,362,Amstelveen,Noord-Holland,27,Overleden,,
2020-04-08,363,Amsterdam,Noord-Holland,27,Totaal,368,939
2020-04-08,363,Amsterdam,Noord-Holland,27,Ziekenhuisopname,-1,340
2020-04-08,363,Amsterdam,Noord-Holland,27,Overleden,,
2020-04-08,370,Beemster,Noord-Holland,27,Totaal,1,7
2020-04-08,370,Beemster,Noord-Holland,27,Ziekenhuisopname,0,4
2020-04-08,370,Beemster,Noord-Holland,27,Overleden,,
2020-04-08,373,Bergen (NH.),Noord-Holland,27,Totaal,14,37
2020-04-08,373,Bergen (NH.),Noord-Holland,27,Ziekenhuisopname,0,15
2020-04-08,373,Bergen (NH.),Noord-Holland,27,Overleden,,
2020-04-08,375,Beverwijk,Noord-Holland,27,Totaal,25,47
2020-04-08,375,Beverwijk,Noord-Holland,27,Ziekenhuisopname,0,10
2020-04-08,375,Beverwijk,Noord-Holland,27,Overleden,,
2020-04-08,376,Blaricum,Noord-Holland,27,Totaal,5,11
2020-04-08,376,Blaricum,Noord-Holland,27,Ziekenhuisopname,0,5
2020-04-08,376,Blaricum,Noord-Holland,27,Overleden,,
2020-04-08,377,Bloemendaal,Noord-Holland,27,Totaal,14,33
2020-04-08,377,Bloemendaal,Noord-Holland,27,Ziekenhuisopname,0,5
2020-04-08,377,Bloemendaal,Noord-Holland,27,Overleden,,
2020-04-08,383,Castricum,Noord-Holland,27,Totaal,23,47
2020-04-08,383,Castricum,Noord-Holland,27,Ziekenhuisopname,0,13
2020-04-08,383,Castricum,Noord-Holland,27,Overleden,,
2020-04-08,384,Diemen,Noord-Holland,27,Totaal,8,17
2020-04-08,384,Diemen,Noord-Holland,27,Ziekenhuisopname,0,4
2020-04-08,384,Diemen,Noord-Holland,27,Overleden,,
2020-04-08,385,Edam-Volendam,Noord-Holland,27,Totaal,15,31
2020-04-08,385,Edam-Volendam,Noord-Holland,27,Ziekenhuisopname,2,16
2020-04-08,385,Edam-Volendam,Noord-Holland,27,Overleden,,
2020-04-08,388,Enkhuizen,Noord-Holland,27,Totaal,5,23
2020-04-08,388,Enkhuizen,Noord-Holland,27,Ziekenhuisopname,1,16
2020-04-08,388,Enkhuizen,Noord-Holland,27,Overleden,,
2020-04-08,392,Haarlem,Noord-Holland,27,Totaal,94,180
2020-04-08,392,Haarlem,Noord-Holland,27,Ziekenhuisopname,6,43
2020-04-08,392,Haarlem,Noord-Holland,27,Overleden,,
2020-04-08,394,Haarlemmermeer,Noord-Holland,27,Totaal,71,132
2020-04-08,394,Haarlemmermeer,Noord-Holland,27,Ziekenhuisopname,3,45
2020-04-08,394,Haarlemmermeer,Noord-Holland,27,Overleden,,
2020-04-08,396,Heemskerk,Noord-Holland,27,Totaal,33,60
2020-04-08,396,Heemskerk,Noord-Holland,27,Ziekenhuisopname,0,19
2020-04-08,396,Heemskerk,Noord-Holland,27,Overleden,,
2020-04-08,397,Heemstede,Noord-Holland,27,Totaal,42,74
2020-04-08,397,Heemstede,Noord-Holland,27,Ziekenhuisopname,0,8
2020-04-08,397,Heemstede,Noord-Holland,27,Overleden,,
2020-04-08,398,Heerhugowaard,Noord-Holland,27,Totaal,22,53
2020-04-08,398,Heerhugowaard,Noord-Holland,27,Ziekenhuisopname,0,22
2020-04-08,398,Heerhugowaard,Noord-Holland,27,Overleden,,
2020-04-08,399,Heiloo,Noord-Holland,27,Totaal,7,24
2020-04-08,399,Heiloo,Noord-Holland,27,Ziekenhuisopname,0,8
2020-04-08,399,Heiloo,Noord-Holland,27,Overleden,,
2020-04-08,400,Den Helder,Noord-Holland,27,Totaal,7,18
2020-04-08,400,Den Helder,Noord-Holland,27,Ziekenhuisopname,0,8
2020-04-08,400,Den Helder,Noord-Holland,27,Overleden,,
2020-04-08,402,Hilversum,Noord-Holland,27,Totaal,20,45
2020-04-08,402,Hilversum,Noord-Holland,27,Ziekenhuisopname,0,18
2020-04-08,402,Hilversum,Noord-Holland,27,Overleden,,
2020-04-08,405,Hoorn,Noord-Holland,27,Totaal,22,45
2020-04-08,405,Hoorn,Noord-Holland,27,Ziekenhuisopname,0,22
2020-04-08,405,Hoorn,Noord-Holland,27,Overleden,,
2020-04-08,406,Huizen,Noord-Holland,27,Totaal,19,32
2020-04-08,406,Huizen,Noord-Holland,27,Ziekenhuisopname,0,15
2020-04-08,406,Huizen,Noord-Holland,27,Overleden,,
2020-04-08,415,Landsmeer,Noord-Holland,27,Totaal,8,16
2020-04-08,415,Landsmeer,Noord-Holland,27,Ziekenhuisopname,0,3
2020-04-08,415,Landsmeer,Noord-Holland,27,Overleden,,
2020-04-08,416,Langedijk,Noord-Holland,27,Totaal,12,28
2020-04-08,416,Langedijk,Noord-Holland,27,Ziekenhuisopname,1,15
2020-04-08,416,Langedijk,Noord-Holland,27,Overleden,,
2020-04-08,417,Laren,Noord-Holland,27,Totaal,9,17
2020-04-08,417,Laren,Noord-Holland,27,Ziekenhuisopname,0,8
2020-04-08,417,Laren,Noord-Holland,27,Overleden,,
2020-04-08,420,Medemblik,Noord-Holland,27,Totaal,14,36
2020-04-08,420,Medemblik,Noord-Holland,27,Ziekenhuisopname,2,12
2020-04-08,420,Medemblik,Noord-Holland,27,Overleden,,
2020-04-08,431,Oostzaan,Noord-Holland,27,Totaal,9,17
2020-04-08,431,Oostzaan,Noord-Holland,27,Ziekenhuisopname,1,7
2020-04-08,431,Oostzaan,Noord-Holland,27,Overleden,,
2020-04-08,432,Opmeer,Noord-Holland,27,Totaal,1,4
2020-04-08,432,Opmeer,Noord-Holland,27,Ziekenhuisopname,0,1
2020-04-08,432,Opmeer,Noord-Holland,27,Overleden,,
2020-04-08,437,Ouder-Amstel,Noord-Holland,27,Totaal,6,16
2020-04-08,437,Ouder-Amstel,Noord-Holland,27,Ziekenhuisopname,0,4
2020-04-08,437,Ouder-Amstel,Noord-Holland,27,Overleden,,
2020-04-08,439,Purmerend,Noord-Holland,27,Totaal,51,114
2020-04-08,439,Purmerend,Noord-Holland,27,Ziekenhuisopname,2,52
2020-04-08,439,Purmerend,Noord-Holland,27,Overleden,,
2020-04-08,441,Schagen,Noord-Holland,27,Totaal,24,43
2020-04-08,441,Schagen,Noord-Holland,27,Ziekenhuisopname,0,14
2020-04-08,441,Schagen,Noord-Holland,27,Overleden,,
2020-04-08,448,Texel,Noord-Holland,27,Totaal,5,8
2020-04-08,448,Texel,Noord-Holland,27,Ziekenhuisopname,0,3
2020-04-08,448,Texel,Noord-Holland,27,Overleden,,
2020-04-08,450,Uitgeest,Noord-Holland,27,Totaal,5,14
2020-04-08,450,Uitgeest,Noord-Holland,27,Ziekenhuisopname,0,3
2020-04-08,450,Uitgeest,Noord-Holland,27,Overleden,,
2020-04-08,451,Uithoorn,Noord-Holland,27,Totaal,9,26
2020-04-08,451,Uithoorn,Noord-Holland,27,Ziekenhuisopname,0,12
2020-04-08,451,Uithoorn,Noord-Holland,27,Overleden,,
2020-04-08,453,Velsen,Noord-Holland,27,Totaal,87,127
2020-04-08,453,Velsen,Noord-Holland,27,Ziekenhuisopname,2,21
2020-04-08,453,Velsen,Noord-Holland,27,Overleden,,
2020-04-08,457,Weesp,Noord-Holland,27,Totaal,12,22
2020-04-08,457,Weesp,Noord-Holland,27,Ziekenhuisopname,0,8
2020-04-08,457,Weesp,Noord-Holland,27,Overleden,,
2020-04-08,473,Zandvoort,Noord-Holland,27,Totaal,14,24
2020-04-08,473,Zandvoort,Noord-Holland,27,Ziekenhuisopname,1,8
2020-04-08,473,Zandvoort,Noord-Holland,27,Overleden,,
2020-04-08,479,Zaanstad,Noord-Holland,27,Totaal,97,172
2020-04-08,479,Zaanstad,Noord-Holland,27,Ziekenhuisopname,4,82
2020-04-08,479,Zaanstad,Noord-Holland,27,Overleden,,
2020-04-08,482,Alblasserdam,Zuid-Holland,28,Totaal,9,16
2020-04-08,482,Alblasserdam,Zuid-Holland,28,Ziekenhuisopname,1,7
2020-04-08,482,Alblasserdam,Zuid-Holland,28,Overleden,,
2020-04-08,484,Alphen aan den Rijn,Zuid-Holland,28,Totaal,34,78
2020-04-08,484,Alphen aan den Rijn,Zuid-Holland,28,Ziekenhuisopname,3,43
2020-04-08,484,Alphen aan den Rijn,Zuid-Holland,28,Overleden,,
2020-04-08,489,Barendrecht,Zuid-Holland,28,Totaal,26,56
2020-04-08,489,Barendrecht,Zuid-Holland,28,Ziekenhuisopname,1,22
2020-04-08,489,Barendrecht,Zuid-Holland,28,Overleden,,
2020-04-08,498,Drechterland,Noord-Holland,27,Totaal,19,26
2020-04-08,498,Drechterland,Noord-Holland,27,Ziekenhuisopname,0,2
2020-04-08,498,Drechterland,Noord-Holland,27,Overleden,,
2020-04-08,501,Brielle,Zuid-Holland,28,Totaal,9,20
2020-04-08,501,Brielle,Zuid-Holland,28,Ziekenhuisopname,1,8
2020-04-08,501,Brielle,Zuid-Holland,28,Overleden,,
2020-04-08,502,Capelle aan den IJssel,Zuid-Holland,28,Totaal,71,115
2020-04-08,502,Capelle aan den IJssel,Zuid-Holland,28,Ziekenhuisopname,0,27
2020-04-08,502,Capelle aan den IJssel,Zuid-Holland,28,Overleden,,
2020-04-08,503,Delft,Zuid-Holland,28,Totaal,28,62
2020-04-08,503,Delft,Zuid-Holland,28,Ziekenhuisopname,2,31
2020-04-08,503,Delft,Zuid-Holland,28,Overleden,,
2020-04-08,505,Dordrecht,Zuid-Holland,28,Totaal,66,112
2020-04-08,505,Dordrecht,Zuid-Holland,28,Ziekenhuisopname,1,56
2020-04-08,505,Dordrecht,Zuid-Holland,28,Overleden,,
2020-04-08,512,Gorinchem,Zuid-Holland,28,Totaal,57,82
2020-04-08,512,Gorinchem,Zuid-Holland,28,Ziekenhuisopname,2,13
2020-04-08,512,Gorinchem,Zuid-Holland,28,Overleden,,
2020-04-08,513,Gouda,Zuid-Holland,28,Totaal,51,94
2020-04-08,513,Gouda,Zuid-Holland,28,Ziekenhuisopname,2,26
2020-04-08,513,Gouda,Zuid-Holland,28,Overleden,,
2020-04-08,518,'s-Gravenhage,Zuid-Holland,28,Totaal,258,440
2020-04-08,518,'s-Gravenhage,Zuid-Holland,28,Ziekenhuisopname,8,159
2020-04-08,518,'s-Gravenhage,Zuid-Holland,28,Overleden,,
2020-04-08,523,Hardinxveld-Giessendam,Zuid-Holland,28,Totaal,7,17
2020-04-08,523,Hardinxveld-Giessendam,Zuid-Holland,28,Ziekenhuisopname,0,1
2020-04-08,523,Hardinxveld-Giessendam,Zuid-Holland,28,Overleden,,
2020-04-08,530,Hellevoetsluis,Zuid-Holland,28,Totaal,20,35
2020-04-08,530,Hellevoetsluis,Zuid-Holland,28,Ziekenhuisopname,3,11
2020-04-08,530,Hellevoetsluis,Zuid-Holland,28,Overleden,,
2020-04-08,531,Hendrik-Ido-Ambacht,Zuid-Holland,28,Totaal,9,15
2020-04-08,531,Hendrik-Ido-Ambacht,Zuid-Holland,28,Ziekenhuisopname,1,5
2020-04-08,531,Hendrik-Ido-Ambacht,Zuid-Holland,28,Overleden,,
2020-04-08,532,Stede Broec,Noord-Holland,27,Totaal,10,30
2020-04-08,532,Stede Broec,Noord-Holland,27,Ziekenhuisopname,0,15
2020-04-08,532,Stede Broec,Noord-Holland,27,Overleden,,
2020-04-08,534,Hillegom,Zuid-Holland,28,Totaal,10,16
2020-04-08,534,Hillegom,Zuid-Holland,28,Ziekenhuisopname,0,5
2020-04-08,534,Hillegom,Zuid-Holland,28,Overleden,,
2020-04-08,537,Katwijk,Zuid-Holland,28,Totaal,28,52
2020-04-08,537,Katwijk,Zuid-Holland,28,Ziekenhuisopname,2,16
2020-04-08,537,Katwijk,Zuid-Holland,28,Overleden,,
2020-04-08,542,Krimpen aan den IJssel,Zuid-Holland,28,Totaal,16,31
2020-04-08,542,Krimpen aan den IJssel,Zuid-Holland,28,Ziekenhuisopname,0,5
2020-04-08,542,Krimpen aan den IJssel,Zuid-Holland,28,Overleden,,
2020-04-08,546,Leiden,Zuid-Holland,28,Totaal,34,73
2020-04-08,546,Leiden,Zuid-Holland,28,Ziekenhuisopname,2,27
2020-04-08,546,Leiden,Zuid-Holland,28,Overleden,,
2020-04-08,547,Leiderdorp,Zuid-Holland,28,Totaal,6,13
2020-04-08,547,Leiderdorp,Zuid-Holland,28,Ziekenhuisopname,1,8
2020-04-08,547,Leiderdorp,Zuid-Holland,28,Overleden,,
2020-04-08,553,Lisse,Zuid-Holland,28,Totaal,8,12
2020-04-08,553,Lisse,Zuid-Holland,28,Ziekenhuisopname,0,5
2020-04-08,553,Lisse,Zuid-Holland,28,Overleden,,
2020-04-08,556,Maassluis,Zuid-Holland,28,Totaal,12,27
2020-04-08,556,Maassluis,Zuid-Holland,28,Ziekenhuisopname,1,13
2020-04-08,556,Maassluis,Zuid-Holland,28,Overleden,,
2020-04-08,569,Nieuwkoop,Zuid-Holland,28,Totaal,17,27
2020-04-08,569,Nieuwkoop,Zuid-Holland,28,Ziekenhuisopname,0,7
2020-04-08,569,Nieuwkoop,Zuid-Holland,28,Overleden,,
2020-04-08,575,Noordwijk,Zuid-Holland,28,Totaal,7,24
2020-04-08,575,Noordwijk,Zuid-Holland,28,Ziekenhuisopname,0,11
2020-04-08,575,Noordwijk,Zuid-Holland,28,Overleden,,
2020-04-08,579,Oegstgeest,Zuid-Holland,28,Totaal,6,21
2020-04-08,579,Oegstgeest,Zuid-Holland,28,Ziekenhuisopname,0,5
2020-04-08,579,Oegstgeest,Zuid-Holland,28,Overleden,,
2020-04-08,589,Oudewater,Utrecht,26,Totaal,11,36
2020-04-08,589,Oudewater,Utrecht,26,Ziekenhuisopname,0,20
2020-04-08,589,Oudewater,Utrecht,26,Overleden,,
2020-04-08,590,Papendrecht,Zuid-Holland,28,Totaal,16,23
2020-04-08,590,Papendrecht,Zuid-Holland,28,Ziekenhuisopname,1,4
2020-04-08,590,Papendrecht,Zuid-Holland,28,Overleden,,
2020-04-08,597,Ridderkerk,Zuid-Holland,28,Totaal,23,57
2020-04-08,597,Ridderkerk,Zuid-Holland,28,Ziekenhuisopname,0,27
2020-04-08,597,Ridderkerk,Zuid-Holland,28,Overleden,,
2020-04-08,599,Rotterdam,Zuid-Holland,28,Totaal,488,863
2020-04-08,599,Rotterdam,Zuid-Holland,28,Ziekenhuisopname,19,230
2020-04-08,599,Rotterdam,Zuid-Holland,28,Overleden,,
2020-04-08,603,Rijswijk,Zuid-Holland,28,Totaal,17,37
2020-04-08,603,Rijswijk,Zuid-Holland,28,Ziekenhuisopname,0,16
2020-04-08,603,Rijswijk,Zuid-Holland,28,Overleden,,
2020-04-08,606,Schiedam,Zuid-Holland,28,Totaal,30,61
2020-04-08,606,Schiedam,Zuid-Holland,28,Ziekenhuisopname,3,30
2020-04-08,606,Schiedam,Zuid-Holland,28,Overleden,,
2020-04-08,610,Sliedrecht,Zuid-Holland,28,Totaal,14,21
2020-04-08,610,Sliedrecht,Zuid-Holland,28,Ziekenhuisopname,0,5
2020-04-08,610,Sliedrecht,Zuid-Holland,28,Overleden,,
2020-04-08,613,Albrandswaard,Zuid-Holland,28,Totaal,16,41
2020-04-08,613,Albrandswaard,Zuid-Holland,28,Ziekenhuisopname,1,6
2020-04-08,613,Albrandswaard,Zuid-Holland,28,Overleden,,
2020-04-08,614,Westvoorne,Zuid-Holland,28,Totaal,8,20
2020-04-08,614,Westvoorne,Zuid-Holland,28,Ziekenhuisopname,0,5
2020-04-08,614,Westvoorne,Zuid-Holland,28,Overleden,,
2020-04-08,622,Vlaardingen,Zuid-Holland,28,Totaal,44,87
2020-04-08,622,Vlaardingen,Zuid-Holland,28,Ziekenhuisopname,1,23
2020-04-08,622,Vlaardingen,Zuid-Holland,28,Overleden,,
2020-04-08,626,Voorschoten,Zuid-Holland,28,Totaal,14,22
2020-04-08,626,Voorschoten,Zuid-Holland,28,Ziekenhuisopname,0,8
2020-04-08,626,Voorschoten,Zuid-Holland,28,Overleden,,
2020-04-08,627,Waddinxveen,Zuid-Holland,28,Totaal,19,28
2020-04-08,627,Waddinxveen,Zuid-Holland,28,Ziekenhuisopname,0,9
2020-04-08,627,Waddinxveen,Zuid-Holland,28,Overleden,,
2020-04-08,629,Wassenaar,Zuid-Holland,28,Totaal,14,20
2020-04-08,629,Wassenaar,Zuid-Holland,28,Ziekenhuisopname,1,6
2020-04-08,629,Wassenaar,Zuid-Holland,28,Overleden,,
2020-04-08,632,Woerden,Utrecht,26,Totaal,33,77
2020-04-08,632,Woerden,Utrecht,26,Ziekenhuisopname,1,34
2020-04-08,632,Woerden,Utrecht,26,Overleden,,
2020-04-08,637,Zoetermeer,Zuid-Holland,28,Totaal,36,64
2020-04-08,637,Zoetermeer,Zuid-Holland,28,Ziekenhuisopname,1,31
2020-04-08,637,Zoetermeer,Zuid-Holland,28,Overleden,,
2020-04-08,638,Zoeterwoude,Zuid-Holland,28,Totaal,3,6
2020-04-08,638,Zoeterwoude,Zuid-Holland,28,Ziekenhuisopname,0,2
2020-04-08,638,Zoeterwoude,Zuid-Holland,28,Overleden,,
2020-04-08,642,Zwijndrecht,Zuid-Holland,28,Totaal,14,32
2020-04-08,642,Zwijndrecht,Zuid-Holland,28,Ziekenhuisopname,0,11
2020-04-08,642,Zwijndrecht,Zuid-Holland,28,Overleden,,
2020-04-08,654,Borsele,Zeeland,29,Totaal,5,12
2020-04-08,654,Borsele,Zeeland,29,Ziekenhuisopname,0,4
2020-04-08,654,Borsele,Zeeland,29,Overleden,,
2020-04-08,664,Goes,Zeeland,29,Totaal,17,34
2020-04-08,664,Goes,Zeeland,29,Ziekenhuisopname,0,8
2020-04-08,664,Goes,Zeeland,29,Overleden,,
2020-04-08,668,West Maas en Waal,Gelderland,25,Totaal,12,31
2020-04-08,668,West Maas en Waal,Gelderland,25,Ziekenhuisopname,0,11
2020-04-08,668,West Maas en Waal,Gelderland,25,Overleden,,
2020-04-08,677,Hulst,Zeeland,29,Totaal,11,17
2020-04-08,677,Hulst,Zeeland,29,Ziekenhuisopname,0,6
2020-04-08,677,Hulst,Zeeland,29,Overleden,,
2020-04-08,678,Kapelle,Zeeland,29,Totaal,8,10
2020-04-08,678,Kapelle,Zeeland,29,Ziekenhuisopname,0,1
2020-04-08,678,Kapelle,Zeeland,29,Overleden,,
2020-04-08,687,Middelburg,Zeeland,29,Totaal,15,29
2020-04-08,687,Middelburg,Zeeland,29,Ziekenhuisopname,0,13
2020-04-08,687,Middelburg,Zeeland,29,Overleden,,
2020-04-08,703,Reimerswaal,Zeeland,29,Totaal,5,12
2020-04-08,703,Reimerswaal,Zeeland,29,Ziekenhuisopname,0,4
2020-04-08,703,Reimerswaal,Zeeland,29,Overleden,,
2020-04-08,715,Terneuzen,Zeeland,29,Totaal,28,48
2020-04-08,715,Terneuzen,Zeeland,29,Ziekenhuisopname,-1,16
2020-04-08,715,Terneuzen,Zeeland,29,Overleden,,
2020-04-08,716,Tholen,Zeeland,29,Totaal,43,77
2020-04-08,716,Tholen,Zeeland,29,Ziekenhuisopname,1,32
2020-04-08,716,Tholen,Zeeland,29,Overleden,,
2020-04-08,717,Veere,Zeeland,29,Totaal,9,18
2020-04-08,717,Veere,Zeeland,29,Ziekenhuisopname,0,4
2020-04-08,717,Veere,Zeeland,29,Overleden,,
2020-04-08,718,Vlissingen,Zeeland,29,Totaal,24,37
2020-04-08,718,Vlissingen,Zeeland,29,Ziekenhuisopname,1,8
2020-04-08,718,Vlissingen,Zeeland,29,Overleden,,
2020-04-08,736,De Ronde Venen,Utrecht,26,Totaal,25,49
2020-04-08,736,De Ronde Venen,Utrecht,26,Ziekenhuisopname,1,23
2020-04-08,736,De Ronde Venen,Utrecht,26,Overleden,,
2020-04-08,737,Tytsjerksteradiel,Friesland,21,Totaal,9,13
2020-04-08,737,Tytsjerksteradiel,Friesland,21,Ziekenhuisopname,0,4
2020-04-08,737,Tytsjerksteradiel,Friesland,21,Overleden,,
2020-04-08,743,Asten,Noord-Brabant,30,Totaal,10,27
2020-04-08,743,Asten,Noord-Brabant,30,Ziekenhuisopname,1,9
2020-04-08,743,Asten,Noord-Brabant,30,Overleden,,
2020-04-08,744,Baarle-Nassau,Noord-Brabant,30,Totaal,0,3
2020-04-08,744,Baarle-Nassau,Noord-Brabant,30,Ziekenhuisopname,0,1
2020-04-08,744,Baarle-Nassau,Noord-Brabant,30,Overleden,,
2020-04-08,748,Bergen op Zoom,Noord-Brabant,30,Totaal,21,38
2020-04-08,748,Bergen op Zoom,Noord-Brabant,30,Ziekenhuisopname,0,15
2020-04-08,748,Bergen op Zoom,Noord-Brabant,30,Overleden,,
2020-04-08,753,Best,Noord-Brabant,30,Totaal,14,41
2020-04-08,753,Best,Noord-Brabant,30,Ziekenhuisopname,1,25
2020-04-08,753,Best,Noord-Brabant,30,Overleden,,
2020-04-08,755,Boekel,Noord-Brabant,30,Totaal,11,72
2020-04-08,755,Boekel,Noord-Brabant,30,Ziekenhuisopname,0,28
2020-04-08,755,Boekel,Noord-Brabant,30,Overleden,,
2020-04-08,756,Boxmeer,Noord-Brabant,30,Totaal,23,48
2020-04-08,756,Boxmeer,Noord-Brabant,30,Ziekenhuisopname,1,16
2020-04-08,756,Boxmeer,Noord-Brabant,30,Overleden,,
2020-04-08,757,Boxtel,Noord-Brabant,30,Totaal,8,34
2020-04-08,757,Boxtel,Noord-Brabant,30,Ziekenhuisopname,1,13
2020-04-08,757,Boxtel,Noord-Brabant,30,Overleden,,
2020-04-08,758,Breda,Noord-Brabant,30,Totaal,76,321
2020-04-08,758,Breda,Noord-Brabant,30,Ziekenhuisopname,2,129
2020-04-08,758,Breda,Noord-Brabant,30,Overleden,,
2020-04-08,762,Deurne,Noord-Brabant,30,Totaal,33,91
2020-04-08,762,Deurne,Noord-Brabant,30,Ziekenhuisopname,2,46
2020-04-08,762,Deurne,Noord-Brabant,30,Overleden,,
2020-04-08,765,Pekela,Groningen,20,Totaal,1,4
2020-04-08,765,Pekela,Groningen,20,Ziekenhuisopname,0,4
2020-04-08,765,Pekela,Groningen,20,Overleden,,
2020-04-08,766,Dongen,Noord-Brabant,30,Totaal,24,45
2020-04-08,766,Dongen,Noord-Brabant,30,Ziekenhuisopname,1,13
2020-04-08,766,Dongen,Noord-Brabant,30,Overleden,,
2020-04-08,770,Eersel,Noord-Brabant,30,Totaal,13,36
2020-04-08,770,Eersel,Noord-Brabant,30,Ziekenhuisopname,0,18
2020-04-08,770,Eersel,Noord-Brabant,30,Overleden,,
2020-04-08,772,Eindhoven,Noord-Brabant,30,Totaal,110,253
2020-04-08,772,Eindhoven,Noord-Brabant,30,Ziekenhuisopname,1,94
2020-04-08,772,Eindhoven,Noord-Brabant,30,Overleden,,
2020-04-08,777,Etten-Leur,Noord-Brabant,30,Totaal,37,91
2020-04-08,777,Etten-Leur,Noord-Brabant,30,Ziekenhuisopname,2,33
2020-04-08,777,Etten-Leur,Noord-Brabant,30,Overleden,,
2020-04-08,779,Geertruidenberg,Noord-Brabant,30,Totaal,2,17
2020-04-08,779,Geertruidenberg,Noord-Brabant,30,Ziekenhuisopname,0,9
2020-04-08,779,Geertruidenberg,Noord-Brabant,30,Overleden,,
2020-04-08,784,Gilze en Rijen,Noord-Brabant,30,Totaal,16,45
2020-04-08,784,Gilze en Rijen,Noord-Brabant,30,Ziekenhuisopname,1,16
2020-04-08,784,Gilze en Rijen,Noord-Brabant,30,Overleden,,
2020-04-08,785,Goirle,Noord-Brabant,30,Totaal,16,50
2020-04-08,785,Goirle,Noord-Brabant,30,Ziekenhuisopname,1,24
2020-04-08,785,Goirle,Noord-Brabant,30,Overleden,,
2020-04-08,786,Grave,Noord-Brabant,30,Totaal,11,36
2020-04-08,786,Grave,Noord-Brabant,30,Ziekenhuisopname,1,16
2020-04-08,786,Grave,Noord-Brabant,30,Overleden,,
2020-04-08,788,Haaren,Noord-Brabant,30,Totaal,6,29
2020-04-08,788,Haaren,Noord-Brabant,30,Ziekenhuisopname,0,15
2020-04-08,788,Haaren,Noord-Brabant,30,Overleden,,
2020-04-08,794,Helmond,Noord-Brabant,30,Totaal,57,162
2020-04-08,794,Helmond,Noord-Brabant,30,Ziekenhuisopname,5,59
2020-04-08,794,Helmond,Noord-Brabant,30,Overleden,,
2020-04-08,796,'s-Hertogenbosch,Noord-Brabant,30,Totaal,85,235
2020-04-08,796,'s-Hertogenbosch,Noord-Brabant,30,Ziekenhuisopname,4,101
2020-04-08,796,'s-Hertogenbosch,Noord-Brabant,30,Overleden,,
2020-04-08,797,Heusden,Noord-Brabant,30,Totaal,19,65
2020-04-08,797,Heusden,Noord-Brabant,30,Ziekenhuisopname,1,35
2020-04-08,797,Heusden,Noord-Brabant,30,Overleden,,
2020-04-08,798,Hilvarenbeek,Noord-Brabant,30,Totaal,8,21
2020-04-08,798,Hilvarenbeek,Noord-Brabant,30,Ziekenhuisopname,0,6
2020-04-08,798,Hilvarenbeek,Noord-Brabant,30,Overleden,,
2020-04-08,809,Loon op Zand,Noord-Brabant,30,Totaal,6,37
2020-04-08,809,Loon op Zand,Noord-Brabant,30,Ziekenhuisopname,0,20
2020-04-08,809,Loon op Zand,Noord-Brabant,30,Overleden,,
2020-04-08,815,Mill en Sint Hubert,Noord-Brabant,30,Totaal,3,14
2020-04-08,815,Mill en Sint Hubert,Noord-Brabant,30,Ziekenhuisopname,0,7
2020-04-08,815,Mill en Sint Hubert,Noord-Brabant,30,Overleden,,
2020-04-08,820,"Nuenen, Gerwen en Nederwetten",Noord-Brabant,30,Totaal,6,22
2020-04-08,820,"Nuenen, Gerwen en Nederwetten",Noord-Brabant,30,Ziekenhuisopname,0,12
2020-04-08,820,"Nuenen, Gerwen en Nederwetten",Noord-Brabant,30,Overleden,,
2020-04-08,823,Oirschot,Noord-Brabant,30,Totaal,16,30
2020-04-08,823,Oirschot,Noord-Brabant,30,Ziekenhuisopname,0,9
2020-04-08,823,Oirschot,Noord-Brabant,30,Overleden,,
2020-04-08,824,Oisterwijk,Noord-Brabant,30,Totaal,11,38
2020-04-08,824,Oisterwijk,Noord-Brabant,30,Ziekenhuisopname,1,14
2020-04-08,824,Oisterwijk,Noord-Brabant,30,Overleden,,
2020-04-08,826,Oosterhout,Noord-Brabant,30,Totaal,16,60
2020-04-08,826,Oosterhout,Noord-Brabant,30,Ziekenhuisopname,2,27
2020-04-08,826,Oosterhout,Noord-Brabant,30,Overleden,,
2020-04-08,828,Oss,Noord-Brabant,30,Totaal,92,266
2020-04-08,828,Oss,Noord-Brabant,30,Ziekenhuisopname,3,107
2020-04-08,828,Oss,Noord-Brabant,30,Overleden,,
2020-04-08,840,Rucphen,Noord-Brabant,30,Totaal,13,23
2020-04-08,840,Rucphen,Noord-Brabant,30,Ziekenhuisopname,0,6
2020-04-08,840,Rucphen,Noord-Brabant,30,Overleden,,
2020-04-08,845,Sint-Michielsgestel,Noord-Brabant,30,Totaal,18,51
2020-04-08,845,Sint-Michielsgestel,Noord-Brabant,30,Ziekenhuisopname,2,20
2020-04-08,845,Sint-Michielsgestel,Noord-Brabant,30,Overleden,,
2020-04-08,847,Someren,Noord-Brabant,30,Totaal,17,46
2020-04-08,847,Someren,Noord-Brabant,30,Ziekenhuisopname,0,20
2020-04-08,847,Someren,Noord-Brabant,30,Overleden,,
2020-04-08,848,Son en Breugel,Noord-Brabant,30,Totaal,10,34
2020-04-08,848,Son en Breugel,Noord-Brabant,30,Ziekenhuisopname,0,22
2020-04-08,848,Son en Breugel,Noord-Brabant,30,Overleden,,
2020-04-08,851,Steenbergen,Noord-Brabant,30,Totaal,14,31
2020-04-08,851,Steenbergen,Noord-Brabant,30,Ziekenhuisopname,0,9
2020-04-08,851,Steenbergen,Noord-Brabant,30,Overleden,,
2020-04-08,852,Waterland,Noord-Holland,27,Totaal,4,18
2020-04-08,852,Waterland,Noord-Holland,27,Ziekenhuisopname,1,11
2020-04-08,852,Waterland,Noord-Holland,27,Overleden,,
2020-04-08,855,Tilburg,Noord-Brabant,30,Totaal,93,423
2020-04-08,855,Tilburg,Noord-Brabant,30,Ziekenhuisopname,2,150
2020-04-08,855,Tilburg,Noord-Brabant,30,Overleden,,
2020-04-08,856,Uden,Noord-Brabant,30,Totaal,39,193
2020-04-08,856,Uden,Noord-Brabant,30,Ziekenhuisopname,2,84
2020-04-08,856,Uden,Noord-Brabant,30,Overleden,,
2020-04-08,858,Valkenswaard,Noord-Brabant,30,Totaal,41,77
2020-04-08,858,Valkenswaard,Noord-Brabant,30,Ziekenhuisopname,0,10
2020-04-08,858,Valkenswaard,Noord-Brabant,30,Overleden,,
2020-04-08,861,Veldhoven,Noord-Brabant,30,Totaal,25,53
2020-04-08,861,Veldhoven,Noord-Brabant,30,Ziekenhuisopname,1,17
2020-04-08,861,Veldhoven,Noord-Brabant,30,Overleden,,
2020-04-08,865,Vught,Noord-Brabant,30,Totaal,25,63
2020-04-08,865,Vught,Noord-Brabant,30,Ziekenhuisopname,1,32
2020-04-08,865,Vught,Noord-Brabant,30,Overleden,,
2020-04-08,866,Waalre,Noord-Brabant,30,Totaal,12,20
2020-04-08,866,Waalre,Noord-Brabant,30,Ziekenhuisopname,1,4
2020-04-08,866,Waalre,Noord-Brabant,30,Overleden,,
2020-04-08,867,Waalwijk,Noord-Brabant,30,Totaal,19,78
2020-04-08,867,Waalwijk,Noord-Brabant,30,Ziekenhuisopname,1,19
2020-04-08,867,Waalwijk,Noord-Brabant,30,Overleden,,
2020-04-08,873,Woensdrecht,Noord-Brabant,30,Totaal,7,13
2020-04-08,873,Woensdrecht,Noord-Brabant,30,Ziekenhuisopname,0,4
2020-04-08,873,Woensdrecht,Noord-Brabant,30,Overleden,,
2020-04-08,879,Zundert,Noord-Brabant,30,Totaal,12,37
2020-04-08,879,Zundert,Noord-Brabant,30,Ziekenhuisopname,0,15
2020-04-08,879,Zundert,Noord-Brabant,30,Overleden,,
2020-04-08,880,Wormerland,Noord-Holland,27,Totaal,12,25
2020-04-08,880,Wormerland,Noord-Holland,27,Ziekenhuisopname,1,14
2020-04-08,880,Wormerland,Noord-Holland,27,Overleden,,
2020-04-08,882,Landgraaf,Limburg,31,Totaal,32,64
2020-04-08,882,Landgraaf,Limburg,31,Ziekenhuisopname,2,33
2020-04-08,882,Landgraaf,Limburg,31,Overleden,,
2020-04-08,888,Beek,Limburg,31,Totaal,7,22
2020-04-08,888,Beek,Limburg,31,Ziekenhuisopname,0,11
2020-04-08,888,Beek,Limburg,31,Overleden,,
2020-04-08,889,Beesel,Limburg,31,Totaal,8,23
2020-04-08,889,Beesel,Limburg,31,Ziekenhuisopname,1,14
2020-04-08,889,Beesel,Limburg,31,Overleden,,
2020-04-08,893,Bergen (L.),Limburg,31,Totaal,4,8
2020-04-08,893,Bergen (L.),Limburg,31,Ziekenhuisopname,0,5
2020-04-08,893,Bergen (L.),Limburg,31,Overleden,,
2020-04-08,899,Brunssum,Limburg,31,Totaal,14,45
2020-04-08,899,Brunssum,Limburg,31,Ziekenhuisopname,3,28
2020-04-08,899,Brunssum,Limburg,31,Overleden,,
2020-04-08,907,Gennep,Limburg,31,Totaal,13,32
2020-04-08,907,Gennep,Limburg,31,Ziekenhuisopname,1,13
2020-04-08,907,Gennep,Limburg,31,Overleden,,
2020-04-08,917,Heerlen,Limburg,31,Totaal,64,151
2020-04-08,917,Heerlen,Limburg,31,Ziekenhuisopname,3,87
2020-04-08,917,Heerlen,Limburg,31,Overleden,,
2020-04-08,928,Kerkrade,Limburg,31,Totaal,33,69
2020-04-08,928,Kerkrade,Limburg,31,Ziekenhuisopname,2,42
2020-04-08,928,Kerkrade,Limburg,31,Overleden,,
2020-04-08,935,Maastricht,Limburg,31,Totaal,132,317
2020-04-08,935,Maastricht,Limburg,31,Ziekenhuisopname,3,112
2020-04-08,935,Maastricht,Limburg,31,Overleden,,
2020-04-08,938,Meerssen,Limburg,31,Totaal,22,35
2020-04-08,938,Meerssen,Limburg,31,Ziekenhuisopname,0,11
2020-04-08,938,Meerssen,Limburg,31,Overleden,,
2020-04-08,944,Mook en Middelaar,Limburg,31,Totaal,9,17
2020-04-08,944,Mook en Middelaar,Limburg,31,Ziekenhuisopname,0,4
2020-04-08,944,Mook en Middelaar,Limburg,31,Overleden,,
2020-04-08,946,Nederweert,Limburg,31,Totaal,10,37
2020-04-08,946,Nederweert,Limburg,31,Ziekenhuisopname,0,25
2020-04-08,946,Nederweert,Limburg,31,Overleden,,
2020-04-08,957,Roermond,Limburg,31,Totaal,35,73
2020-04-08,957,Roermond,Limburg,31,Ziekenhuisopname,3,40
2020-04-08,957,Roermond,Limburg,31,Overleden,,
2020-04-08,965,Simpelveld,Limburg,31,Totaal,9,23
2020-04-08,965,Simpelveld,Limburg,31,Ziekenhuisopname,0,15
2020-04-08,965,Simpelveld,Limburg,31,Overleden,,
2020-04-08,971,Stein,Limburg,31,Totaal,17,51
2020-04-08,971,Stein,Limburg,31,Ziekenhuisopname,1,34
2020-04-08,971,Stein,Limburg,31,Overleden,,
2020-04-08,981,Vaals,Limburg,31,Totaal,5,14
2020-04-08,981,Vaals,Limburg,31,Ziekenhuisopname,0,7
2020-04-08,981,Vaals,Limburg,31,Overleden,,
2020-04-08,983,Venlo,Limburg,31,Totaal,65,161
2020-04-08,983,Venlo,Limburg,31,Ziekenhuisopname,1,101
2020-04-08,983,Venlo,Limburg,31,Overleden,,
2020-04-08,984,Venray,Limburg,31,Totaal,21,58
2020-04-08,984,Venray,Limburg,31,Ziekenhuisopname,1,34
2020-04-08,984,Venray,Limburg,31,Overleden,,
2020-04-08,986,Voerendaal,Limburg,31,Totaal,8,21
2020-04-08,986,Voerendaal,Limburg,31,Ziekenhuisopname,1,12
2020-04-08,986,Voerendaal,Limburg,31,Overleden,,
2020-04-08,988,Weert,Limburg,31,Totaal,40,83
2020-04-08,988,Weert,Limburg,31,Ziekenhuisopname,6,49
2020-04-08,988,Weert,Limburg,31,Overleden,,
2020-04-08,994,Valkenburg aan de Geul,Limburg,31,Totaal,26,41
2020-04-08,994,Valkenburg aan de Geul,Limburg,31,Ziekenhuisopname,0,13
2020-04-08,994,Valkenburg aan de Geul,Limburg,31,Overleden,,
2020-04-08,995,Lelystad,Flevoland,24,Totaal,21,55
2020-04-08,995,Lelystad,Flevoland,24,Ziekenhuisopname,1,34
2020-04-08,995,Lelystad,Flevoland,24,Overleden,,
2020-04-08,1507,Horst aan de Maas,Limburg,31,Totaal,28,62
2020-04-08,1507,Horst aan de Maas,Limburg,31,Ziekenhuisopname,0,36
2020-04-08,1507,Horst aan de Maas,Limburg,31,Overleden,,
2020-04-08,1509,Oude IJsselstreek,Gelderland,25,Totaal,13,23
2020-04-08,1509,Oude IJsselstreek,Gelderland,25,Ziekenhuisopname,0,5
2020-04-08,1509,Oude IJsselstreek,Gelderland,25,Overleden,,
2020-04-08,1525,Teylingen,Zuid-Holland,28,Totaal,13,26
2020-04-08,1525,Teylingen,Zuid-Holland,28,Ziekenhuisopname,0,11
2020-04-08,1525,Teylingen,Zuid-Holland,28,Overleden,,
2020-04-08,1581,Utrechtse Heuvelrug,Utrecht,26,Totaal,22,54
2020-04-08,1581,Utrechtse Heuvelrug,Utrecht,26,Ziekenhuisopname,0,19
2020-04-08,1581,Utrechtse Heuvelrug,Utrecht,26,Overleden,,
2020-04-08,1586,Oost Gelre,Gelderland,25,Totaal,14,25
2020-04-08,1586,Oost Gelre,Gelderland,25,Ziekenhuisopname,0,4
2020-04-08,1586,Oost Gelre,Gelderland,25,Overleden,,
2020-04-08,1598,Koggenland,Noord-Holland,27,Totaal,9,19
2020-04-08,1598,Koggenland,Noord-Holland,27,Ziekenhuisopname,0,6
2020-04-08,1598,Koggenland,Noord-Holland,27,Overleden,,
2020-04-08,1621,Lansingerland,Zuid-Holland,28,Totaal,44,93
2020-04-08,1621,Lansingerland,Zuid-Holland,28,Ziekenhuisopname,0,26
2020-04-08,1621,Lansingerland,Zuid-Holland,28,Overleden,,
2020-04-08,1640,Leudal,Limburg,31,Totaal,34,86
2020-04-08,1640,Leudal,Limburg,31,Ziekenhuisopname,3,50
2020-04-08,1640,Leudal,Limburg,31,Overleden,,
2020-04-08,1641,Maasgouw,Limburg,31,Totaal,28,41
2020-04-08,1641,Maasgouw,Limburg,31,Ziekenhuisopname,0,21
2020-04-08,1641,Maasgouw,Limburg,31,Overleden,,
2020-04-08,1652,Gemert-Bakel,Noord-Brabant,30,Totaal,25,119
2020-04-08,1652,Gemert-Bakel,Noord-Brabant,30,Ziekenhuisopname,1,62
2020-04-08,1652,Gemert-Bakel,Noord-Brabant,30,Overleden,,
2020-04-08,1655,Halderberge,Noord-Brabant,30,Totaal,19,33
2020-04-08,1655,Halderberge,Noord-Brabant,30,Ziekenhuisopname,0,9
2020-04-08,1655,Halderberge,Noord-Brabant,30,Overleden,,
2020-04-08,1658,Heeze-Leende,Noord-Brabant,30,Totaal,17,33
2020-04-08,1658,Heeze-Leende,Noord-Brabant,30,Ziekenhuisopname,0,8
2020-04-08,1658,Heeze-Leende,Noord-Brabant,30,Overleden,,
2020-04-08,1659,Laarbeek,Noord-Brabant,30,Totaal,20,65
2020-04-08,1659,Laarbeek,Noord-Brabant,30,Ziekenhuisopname,0,27
2020-04-08,1659,Laarbeek,Noord-Brabant,30,Overleden,,
2020-04-08,1667,Reusel-De Mierden,Noord-Brabant,30,Totaal,6,13
2020-04-08,1667,Reusel-De Mierden,Noord-Brabant,30,Ziekenhuisopname,0,7
2020-04-08,1667,Reusel-De Mierden,Noord-Brabant,30,Overleden,,
2020-04-08,1669,Roerdalen,Limburg,31,Totaal,14,32
2020-04-08,1669,Roerdalen,Limburg,31,Ziekenhuisopname,1,22
2020-04-08,1669,Roerdalen,Limburg,31,Overleden,,
2020-04-08,1674,Roosendaal,Noord-Brabant,30,Totaal,52,78
2020-04-08,1674,Roosendaal,Noord-Brabant,30,Ziekenhuisopname,0,15
2020-04-08,1674,Roosendaal,Noord-Brabant,30,Overleden,,
2020-04-08,1676,Schouwen-Duiveland,Zeeland,29,Totaal,9,19
2020-04-08,1676,Schouwen-Duiveland,Zeeland,29,Ziekenhuisopname,0,9
2020-04-08,1676,Schouwen-Duiveland,Zeeland,29,Overleden,,
2020-04-08,1680,Aa en Hunze,Drenthe,22,Totaal,2,7
2020-04-08,1680,Aa en Hunze,Drenthe,22,Ziekenhuisopname,0,1
2020-04-08,1680,Aa en Hunze,Drenthe,22,Overleden,,
2020-04-08,1681,Borger-Odoorn,Drenthe,22,Totaal,1,3
2020-04-08,1681,Borger-Odoorn,Drenthe,22,Ziekenhuisopname,0,2
2020-04-08,1681,Borger-Odoorn,Drenthe,22,Overleden,,
2020-04-08,1684,Cuijk,Noord-Brabant,30,Totaal,18,32
2020-04-08,1684,Cuijk,Noord-Brabant,30,Ziekenhuisopname,1,9
2020-04-08,1684,Cuijk,Noord-Brabant,30,Overleden,,
2020-04-08,1685,Landerd,Noord-Brabant,30,Totaal,24,74
2020-04-08,1685,Landerd,Noord-Brabant,30,Ziekenhuisopname,2,28
2020-04-08,1685,Landerd,Noord-Brabant,30,Overleden,,
2020-04-08,1690,De Wolden,Drenthe,22,Totaal,13,20
2020-04-08,1690,De Wolden,Drenthe,22,Ziekenhuisopname,0,5
2020-04-08,1690,De Wolden,Drenthe,22,Overleden,,
2020-04-08,1695,Noord-Beveland,Zeeland,29,Totaal,2,4
2020-04-08,1695,Noord-Beveland,Zeeland,29,Ziekenhuisopname,0,1
2020-04-08,1695,Noord-Beveland,Zeeland,29,Overleden,,
2020-04-08,1696,Wijdemeren,Noord-Holland,27,Totaal,8,13
2020-04-08,1696,Wijdemeren,Noord-Holland,27,Ziekenhuisopname,0,6
2020-04-08,1696,Wijdemeren,Noord-Holland,27,Overleden,,
2020-04-08,1699,Noordenveld,Drenthe,22,Totaal,3,8
2020-04-08,1699,Noordenveld,Drenthe,22,Ziekenhuisopname,0,1
2020-04-08,1699,Noordenveld,Drenthe,22,Overleden,,
2020-04-08,1700,Twenterand,Overijssel,23,Totaal,14,22
2020-04-08,1700,Twenterand,Overijssel,23,Ziekenhuisopname,0,8
2020-04-08,1700,Twenterand,Overijssel,23,Overleden,,
2020-04-08,1701,Westerveld,Drenthe,22,Totaal,9,15
2020-04-08,1701,Westerveld,Drenthe,22,Ziekenhuisopname,1,4
2020-04-08,1701,Westerveld,Drenthe,22,Overleden,,
2020-04-08,1702,Sint Anthonis,Noord-Brabant,30,Totaal,14,45
2020-04-08,1702,Sint Anthonis,Noord-Brabant,30,Ziekenhuisopname,1,17
2020-04-08,1702,Sint Anthonis,Noord-Brabant,30,Overleden,,
2020-04-08,1705,Lingewaard,Gelderland,25,Totaal,15,43
2020-04-08,1705,Lingewaard,Gelderland,25,Ziekenhuisopname,0,21
2020-04-08,1705,Lingewaard,Gelderland,25,Overleden,,
2020-04-08,1706,Cranendonck,Noord-Brabant,30,Totaal,35,93
2020-04-08,1706,Cranendonck,Noord-Brabant,30,Ziekenhuisopname,3,48
2020-04-08,1706,Cranendonck,Noord-Brabant,30,Overleden,,
2020-04-08,1708,Steenwijkerland,Overijssel,23,Totaal,15,25
2020-04-08,1708,Steenwijkerland,Overijssel,23,Ziekenhuisopname,1,10
2020-04-08,1708,Steenwijkerland,Overijssel,23,Overleden,,
2020-04-08,1709,Moerdijk,Noord-Brabant,30,Totaal,16,28
2020-04-08,1709,Moerdijk,Noord-Brabant,30,Ziekenhuisopname,0,7
2020-04-08,1709,Moerdijk,Noord-Brabant,30,Overleden,,
2020-04-08,1711,Echt-Susteren,Limburg,31,Totaal,20,52
2020-04-08,1711,Echt-Susteren,Limburg,31,Ziekenhuisopname,2,32
2020-04-08,1711,Echt-Susteren,Limburg,31,Overleden,,
2020-04-08,1714,Sluis,Zeeland,29,Totaal,5,11
2020-04-08,1714,Sluis,Zeeland,29,Ziekenhuisopname,0,6
2020-04-08,1714,Sluis,Zeeland,29,Overleden,,
2020-04-08,1719,Drimmelen,Noord-Brabant,30,Totaal,5,35
2020-04-08,1719,Drimmelen,Noord-Brabant,30,Ziekenhuisopname,1,16
2020-04-08,1719,Drimmelen,Noord-Brabant,30,Overleden,,
2020-04-08,1721,Bernheze,Noord-Brabant,30,Totaal,48,165
2020-04-08,1721,Bernheze,Noord-Brabant,30,Ziekenhuisopname,3,75
2020-04-08,1721,Bernheze,Noord-Brabant,30,Overleden,,
2020-04-08,1723,Alphen-Chaam,Noord-Brabant,30,Totaal,13,39
2020-04-08,1723,Alphen-Chaam,Noord-Brabant,30,Ziekenhuisopname,1,15
2020-04-08,1723,Alphen-Chaam,Noord-Brabant,30,Overleden,,
2020-04-08,1724,Bergeijk,Noord-Brabant,30,Totaal,14,28
2020-04-08,1724,Bergeijk,Noord-Brabant,30,Ziekenhuisopname,0,9
2020-04-08,1724,Bergeijk,Noord-Brabant,30,Overleden,,
2020-04-08,1728,Bladel,Noord-Brabant,30,Totaal,14,35
2020-04-08,1728,Bladel,Noord-Brabant,30,Ziekenhuisopname,0,13
2020-04-08,1728,Bladel,Noord-Brabant,30,Overleden,,
2020-04-08,1729,Gulpen-Wittem,Limburg,31,Totaal,17,28
2020-04-08,1729,Gulpen-Wittem,Limburg,31,Ziekenhuisopname,0,13
2020-04-08,1729,Gulpen-Wittem,Limburg,31,Overleden,,
2020-04-08,1730,Tynaarlo,Drenthe,22,Totaal,12,29
2020-04-08,1730,Tynaarlo,Drenthe,22,Ziekenhuisopname,0,7
2020-04-08,1730,Tynaarlo,Drenthe,22,Overleden,,
2020-04-08,1731,Midden-Drenthe,Drenthe,22,Totaal,8,13
2020-04-08,1731,Midden-Drenthe,Drenthe,22,Ziekenhuisopname,0,6
2020-04-08,1731,Midden-Drenthe,Drenthe,22,Overleden,,
2020-04-08,1734,Overbetuwe,Gelderland,25,Totaal,17,78
2020-04-08,1734,Overbetuwe,Gelderland,25,Ziekenhuisopname,0,47
2020-04-08,1734,Overbetuwe,Gelderland,25,Overleden,,
2020-04-08,1735,Hof van Twente,Overijssel,23,Totaal,14,32
2020-04-08,1735,Hof van Twente,Overijssel,23,Ziekenhuisopname,0,13
2020-04-08,1735,Hof van Twente,Overijssel,23,Overleden,,
2020-04-08,1740,Neder-Betuwe,Gelderland,25,Totaal,18,51
2020-04-08,1740,Neder-Betuwe,Gelderland,25,Ziekenhuisopname,1,30
2020-04-08,1740,Neder-Betuwe,Gelderland,25,Overleden,,
2020-04-08,1742,Rijssen-Holten,Overijssel,23,Totaal,36,57
2020-04-08,1742,Rijssen-Holten,Overijssel,23,Ziekenhuisopname,1,18
2020-04-08,1742,Rijssen-Holten,Overijssel,23,Overleden,,
2020-04-08,1771,Geldrop-Mierlo,Noord-Brabant,30,Totaal,29,55
2020-04-08,1771,Geldrop-Mierlo,Noord-Brabant,30,Ziekenhuisopname,0,20
2020-04-08,1771,Geldrop-Mierlo,Noord-Brabant,30,Overleden,,
2020-04-08,1773,Olst-Wijhe,Overijssel,23,Totaal,15,24
2020-04-08,1773,Olst-Wijhe,Overijssel,23,Ziekenhuisopname,0,9
2020-04-08,1773,Olst-Wijhe,Overijssel,23,Overleden,,
2020-04-08,1774,Dinkelland,Overijssel,23,Totaal,17,51
2020-04-08,1774,Dinkelland,Overijssel,23,Ziekenhuisopname,0,16
2020-04-08,1774,Dinkelland,Overijssel,23,Overleden,,
2020-04-08,1783,Westland,Zuid-Holland,28,Totaal,45,106
2020-04-08,1783,Westland,Zuid-Holland,28,Ziekenhuisopname,0,38
2020-04-08,1783,Westland,Zuid-Holland,28,Overleden,,
2020-04-08,1842,Midden-Delfland,Zuid-Holland,28,Totaal,7,11
2020-04-08,1842,Midden-Delfland,Zuid-Holland,28,Ziekenhuisopname,0,3
2020-04-08,1842,Midden-Delfland,Zuid-Holland,28,Overleden,,
2020-04-08,1859,Berkelland,Gelderland,25,Totaal,10,15
2020-04-08,1859,Berkelland,Gelderland,25,Ziekenhuisopname,0,2
2020-04-08,1859,Berkelland,Gelderland,25,Overleden,,
2020-04-08,1876,Bronckhorst,Gelderland,25,Totaal,7,18
2020-04-08,1876,Bronckhorst,Gelderland,25,Ziekenhuisopname,0,2
2020-04-08,1876,Bronckhorst,Gelderland,25,Overleden,,
2020-04-08,1883,Sittard-Geleen,Limburg,31,Totaal,59,173
2020-04-08,1883,Sittard-Geleen,Limburg,31,Ziekenhuisopname,2,76
2020-04-08,1883,Sittard-Geleen,Limburg,31,Overleden,,
2020-04-08,1884,Kaag en Braassem,Zuid-Holland,28,Totaal,4,12
2020-04-08,1884,Kaag en Braassem,Zuid-Holland,28,Ziekenhuisopname,0,5
2020-04-08,1884,Kaag en Braassem,Zuid-Holland,28,Overleden,,
2020-04-08,1891,Dantumadiel,Friesland,21,Totaal,3,6
2020-04-08,1891,Dantumadiel,Friesland,21,Ziekenhuisopname,0,2
2020-04-08,1891,Dantumadiel,Friesland,21,Overleden,,
2020-04-08,1892,Zuidplas,Zuid-Holland,28,Totaal,28,45
2020-04-08,1892,Zuidplas,Zuid-Holland,28,Ziekenhuisopname,2,16
2020-04-08,1892,Zuidplas,Zuid-Holland,28,Overleden,,
2020-04-08,1894,Peel en Maas,Limburg,31,Totaal,57,197
2020-04-08,1894,Peel en Maas,Limburg,31,Ziekenhuisopname,4,128
2020-04-08,1894,Peel en Maas,Limburg,31,Overleden,,
2020-04-08,1895,Oldambt,Groningen,20,Totaal,2,4
2020-04-08,1895,Oldambt,Groningen,20,Ziekenhuisopname,0,1
2020-04-08,1895,Oldambt,Groningen,20,Overleden,,
2020-04-08,1896,Zwartewaterland,Overijssel,23,Totaal,29,74
2020-04-08,1896,Zwartewaterland,Overijssel,23,Ziekenhuisopname,2,27
2020-04-08,1896,Zwartewaterland,Overijssel,23,Overleden,,
2020-04-08,1900,Sdwest-Frysln,Friesland,21,Totaal,18,41
2020-04-08,1900,Sdwest-Frysln,Friesland,21,Ziekenhuisopname,0,14
2020-04-08,1900,Sdwest-Frysln,Friesland,21,Overleden,,
2020-04-08,1901,Bodegraven-Reeuwijk,Zuid-Holland,28,Totaal,7,19
2020-04-08,1901,Bodegraven-Reeuwijk,Zuid-Holland,28,Ziekenhuisopname,0,5
2020-04-08,1901,Bodegraven-Reeuwijk,Zuid-Holland,28,Overleden,,
2020-04-08,1903,Eijsden-Margraten,Limburg,31,Totaal,34,87
2020-04-08,1903,Eijsden-Margraten,Limburg,31,Ziekenhuisopname,1,37
2020-04-08,1903,Eijsden-Margraten,Limburg,31,Overleden,,
2020-04-08,1904,Stichtse Vecht,Utrecht,26,Totaal,20,54
2020-04-08,1904,Stichtse Vecht,Utrecht,26,Ziekenhuisopname,0,25
2020-04-08,1904,Stichtse Vecht,Utrecht,26,Overleden,,
2020-04-08,1911,Hollands Kroon,Noord-Holland,27,Totaal,17,42
2020-04-08,1911,Hollands Kroon,Noord-Holland,27,Ziekenhuisopname,0,26
2020-04-08,1911,Hollands Kroon,Noord-Holland,27,Overleden,,
2020-04-08,1916,Leidschendam-Voorburg,Zuid-Holland,28,Totaal,19,43
2020-04-08,1916,Leidschendam-Voorburg,Zuid-Holland,28,Ziekenhuisopname,1,16
2020-04-08,1916,Leidschendam-Voorburg,Zuid-Holland,28,Overleden,,
2020-04-08,1924,Goeree-Overflakkee,Zuid-Holland,28,Totaal,73,185
2020-04-08,1924,Goeree-Overflakkee,Zuid-Holland,28,Ziekenhuisopname,1,40
2020-04-08,1924,Goeree-Overflakkee,Zuid-Holland,28,Overleden,,
2020-04-08,1926,Pijnacker-Nootdorp,Zuid-Holland,28,Totaal,13,42
2020-04-08,1926,Pijnacker-Nootdorp,Zuid-Holland,28,Ziekenhuisopname,0,15
2020-04-08,1926,Pijnacker-Nootdorp,Zuid-Holland,28,Overleden,,
2020-04-08,1930,Nissewaard,Zuid-Holland,28,Totaal,37,77
2020-04-08,1930,Nissewaard,Zuid-Holland,28,Ziekenhuisopname,2,27
2020-04-08,1930,Nissewaard,Zuid-Holland,28,Overleden,,
2020-04-08,1931,Krimpenerwaard,Zuid-Holland,28,Totaal,33,71
2020-04-08,1931,Krimpenerwaard,Zuid-Holland,28,Ziekenhuisopname,1,34
2020-04-08,1931,Krimpenerwaard,Zuid-Holland,28,Overleden,,
2020-04-08,1940,De Fryske Marren,Friesland,21,Totaal,12,34
2020-04-08,1940,De Fryske Marren,Friesland,21,Ziekenhuisopname,0,12
2020-04-08,1940,De Fryske Marren,Friesland,21,Overleden,,
2020-04-08,1942,Gooise Meren,Noord-Holland,27,Totaal,26,52
2020-04-08,1942,Gooise Meren,Noord-Holland,27,Ziekenhuisopname,1,20
2020-04-08,1942,Gooise Meren,Noord-Holland,27,Overleden,,
2020-04-08,1945,Berg en Dal,Gelderland,25,Totaal,37,106
2020-04-08,1945,Berg en Dal,Gelderland,25,Ziekenhuisopname,2,27
2020-04-08,1945,Berg en Dal,Gelderland,25,Overleden,,
2020-04-08,1948,Meierijstad,Noord-Brabant,30,Totaal,86,329
2020-04-08,1948,Meierijstad,Noord-Brabant,30,Ziekenhuisopname,5,155
2020-04-08,1948,Meierijstad,Noord-Brabant,30,Overleden,,
2020-04-08,1949,Waadhoeke,Friesland,21,Totaal,34,40
2020-04-08,1949,Waadhoeke,Friesland,21,Ziekenhuisopname,0,6
2020-04-08,1949,Waadhoeke,Friesland,21,Overleden,,
2020-04-08,1950,Westerwolde,Groningen,20,Totaal,1,5
2020-04-08,1950,Westerwolde,Groningen,20,Ziekenhuisopname,0,5
2020-04-08,1950,Westerwolde,Groningen,20,Overleden,,
2020-04-08,1952,Midden-Groningen,Groningen,20,Totaal,2,10
2020-04-08,1952,Midden-Groningen,Groningen,20,Ziekenhuisopname,0,4
2020-04-08,1952,Midden-Groningen,Groningen,20,Overleden,,
2020-04-08,1954,Beekdaelen,Limburg,31,Totaal,14,57
2020-04-08,1954,Beekdaelen,Limburg,31,Ziekenhuisopname,1,35
2020-04-08,1954,Beekdaelen,Limburg,31,Overleden,,
2020-04-08,1955,Montferland,Gelderland,25,Totaal,12,22
2020-04-08,1955,Montferland,Gelderland,25,Ziekenhuisopname,1,6
2020-04-08,1955,Montferland,Gelderland,25,Overleden,,
2020-04-08,1959,Altena,Noord-Brabant,30,Totaal,23,67
2020-04-08,1959,Altena,Noord-Brabant,30,Ziekenhuisopname,0,24
2020-04-08,1959,Altena,Noord-Brabant,30,Overleden,,
2020-04-08,1960,West Betuwe,Gelderland,25,Totaal,49,85
2020-04-08,1960,West Betuwe,Gelderland,25,Ziekenhuisopname,3,27
2020-04-08,1960,West Betuwe,Gelderland,25,Overleden,,
2020-04-08,1961,Vijfheerenlanden,Utrecht,26,Totaal,65,112
2020-04-08,1961,Vijfheerenlanden,Utrecht,26,Ziekenhuisopname,0,20
2020-04-08,1961,Vijfheerenlanden,Utrecht,26,Overleden,,
2020-04-08,1963,Hoeksche Waard,Zuid-Holland,28,Totaal,54,116
2020-04-08,1963,Hoeksche Waard,Zuid-Holland,28,Ziekenhuisopname,1,58
2020-04-08,1963,Hoeksche Waard,Zuid-Holland,28,Overleden,,
2020-04-08,1966,Het Hogeland,Groningen,20,Totaal,9,18
2020-04-08,1966,Het Hogeland,Groningen,20,Ziekenhuisopname,2,7
2020-04-08,1966,Het Hogeland,Groningen,20,Overleden,,
2020-04-08,1969,Westerkwartier,Groningen,20,Totaal,19,39
2020-04-08,1969,Westerkwartier,Groningen,20,Ziekenhuisopname,0,12
2020-04-08,1969,Westerkwartier,Groningen,20,Overleden,,
2020-04-08,1970,Noardeast-Frysln,Friesland,21,Totaal,1,7
2020-04-08,1970,Noardeast-Frysln,Friesland,21,Ziekenhuisopname,0,4
2020-04-08,1970,Noardeast-Frysln,Friesland,21,Overleden,,
2020-04-08,1978,Molenlanden,Zuid-Holland,28,Totaal,28,51
2020-04-08,1978,Molenlanden,Zuid-Holland,28,Ziekenhuisopname,0,15
2020-04-08,1978,Molenlanden,Zuid-Holland,28,Overleden,,
