Datum,Gemeentecode,Gemeentenaam,Provincienaam,Provinciecode,Type,Aantal,AantalCumulatief
2020-04-21,-1,,,-1,Totaal,6,486
2020-04-21,-1,,,-1,Ziekenhuisopname,0,76
2020-04-21,-1,,,-1,Overleden,3,36
2020-04-21,3,Appingedam,Groningen,20,Totaal,0,3
2020-04-21,3,Appingedam,Groningen,20,Ziekenhuisopname,0,2
2020-04-21,3,Appingedam,Groningen,20,Overleden,0,0
2020-04-21,10,Delfzijl,Groningen,20,Totaal,0,15
2020-04-21,10,Delfzijl,Groningen,20,Ziekenhuisopname,0,5
2020-04-21,10,Delfzijl,Groningen,20,Overleden,0,0
2020-04-21,14,Groningen,Groningen,20,Totaal,1,150
2020-04-21,14,Groningen,Groningen,20,Ziekenhuisopname,0,16
2020-04-21,14,Groningen,Groningen,20,Overleden,0,2
2020-04-21,24,Loppersum,Groningen,20,Totaal,0,2
2020-04-21,24,Loppersum,Groningen,20,Ziekenhuisopname,0,0
2020-04-21,24,Loppersum,Groningen,20,Overleden,0,0
2020-04-21,34,Almere,Flevoland,24,Totaal,15,255
2020-04-21,34,Almere,Flevoland,24,Ziekenhuisopname,2,105
2020-04-21,34,Almere,Flevoland,24,Overleden,0,5
2020-04-21,37,Stadskanaal,Groningen,20,Totaal,1,5
2020-04-21,37,Stadskanaal,Groningen,20,Ziekenhuisopname,0,2
2020-04-21,37,Stadskanaal,Groningen,20,Overleden,0,1
2020-04-21,47,Veendam,Groningen,20,Totaal,0,8
2020-04-21,47,Veendam,Groningen,20,Ziekenhuisopname,0,2
2020-04-21,47,Veendam,Groningen,20,Overleden,0,0
2020-04-21,50,Zeewolde,Flevoland,24,Totaal,2,28
2020-04-21,50,Zeewolde,Flevoland,24,Ziekenhuisopname,1,9
2020-04-21,50,Zeewolde,Flevoland,24,Overleden,0,3
2020-04-21,59,Achtkarspelen,Friesland,21,Totaal,1,8
2020-04-21,59,Achtkarspelen,Friesland,21,Ziekenhuisopname,0,0
2020-04-21,59,Achtkarspelen,Friesland,21,Overleden,0,0
2020-04-21,60,Ameland,Friesland,21,Totaal,0,0
2020-04-21,60,Ameland,Friesland,21,Ziekenhuisopname,0,0
2020-04-21,60,Ameland,Friesland,21,Overleden,0,0
2020-04-21,72,Harlingen,Friesland,21,Totaal,1,15
2020-04-21,72,Harlingen,Friesland,21,Ziekenhuisopname,0,4
2020-04-21,72,Harlingen,Friesland,21,Overleden,0,1
2020-04-21,74,Heerenveen,Friesland,21,Totaal,0,77
2020-04-21,74,Heerenveen,Friesland,21,Ziekenhuisopname,0,13
2020-04-21,74,Heerenveen,Friesland,21,Overleden,2,15
2020-04-21,80,Leeuwarden,Friesland,21,Totaal,0,49
2020-04-21,80,Leeuwarden,Friesland,21,Ziekenhuisopname,0,32
2020-04-21,80,Leeuwarden,Friesland,21,Overleden,0,6
2020-04-21,85,Ooststellingwerf,Friesland,21,Totaal,1,5
2020-04-21,85,Ooststellingwerf,Friesland,21,Ziekenhuisopname,0,3
2020-04-21,85,Ooststellingwerf,Friesland,21,Overleden,0,0
2020-04-21,86,Opsterland,Friesland,21,Totaal,0,21
2020-04-21,86,Opsterland,Friesland,21,Ziekenhuisopname,0,6
2020-04-21,86,Opsterland,Friesland,21,Overleden,0,0
2020-04-21,88,Schiermonnikoog,Friesland,21,Totaal,0,0
2020-04-21,88,Schiermonnikoog,Friesland,21,Ziekenhuisopname,0,0
2020-04-21,88,Schiermonnikoog,Friesland,21,Overleden,0,0
2020-04-21,90,Smallingerland,Friesland,21,Totaal,0,39
2020-04-21,90,Smallingerland,Friesland,21,Ziekenhuisopname,0,7
2020-04-21,90,Smallingerland,Friesland,21,Overleden,1,4
2020-04-21,93,Terschelling,Friesland,21,Totaal,0,2
2020-04-21,93,Terschelling,Friesland,21,Ziekenhuisopname,0,0
2020-04-21,93,Terschelling,Friesland,21,Overleden,0,0
2020-04-21,96,Vlieland,Friesland,21,Totaal,0,0
2020-04-21,96,Vlieland,Friesland,21,Ziekenhuisopname,0,0
2020-04-21,96,Vlieland,Friesland,21,Overleden,0,0
2020-04-21,98,Weststellingwerf,Friesland,21,Totaal,1,22
2020-04-21,98,Weststellingwerf,Friesland,21,Ziekenhuisopname,0,2
2020-04-21,98,Weststellingwerf,Friesland,21,Overleden,0,2
2020-04-21,106,Assen,Drenthe,22,Totaal,0,35
2020-04-21,106,Assen,Drenthe,22,Ziekenhuisopname,1,11
2020-04-21,106,Assen,Drenthe,22,Overleden,0,2
2020-04-21,109,Coevorden,Drenthe,22,Totaal,1,46
2020-04-21,109,Coevorden,Drenthe,22,Ziekenhuisopname,0,12
2020-04-21,109,Coevorden,Drenthe,22,Overleden,0,1
2020-04-21,114,Emmen,Drenthe,22,Totaal,2,74
2020-04-21,114,Emmen,Drenthe,22,Ziekenhuisopname,2,17
2020-04-21,114,Emmen,Drenthe,22,Overleden,0,7
2020-04-21,118,Hoogeveen,Drenthe,22,Totaal,2,64
2020-04-21,118,Hoogeveen,Drenthe,22,Ziekenhuisopname,3,15
2020-04-21,118,Hoogeveen,Drenthe,22,Overleden,1,5
2020-04-21,119,Meppel,Drenthe,22,Totaal,0,28
2020-04-21,119,Meppel,Drenthe,22,Ziekenhuisopname,0,6
2020-04-21,119,Meppel,Drenthe,22,Overleden,0,3
2020-04-21,141,Almelo,Overijssel,23,Totaal,3,82
2020-04-21,141,Almelo,Overijssel,23,Ziekenhuisopname,0,20
2020-04-21,141,Almelo,Overijssel,23,Overleden,2,5
2020-04-21,147,Borne,Overijssel,23,Totaal,0,43
2020-04-21,147,Borne,Overijssel,23,Ziekenhuisopname,0,13
2020-04-21,147,Borne,Overijssel,23,Overleden,0,6
2020-04-21,148,Dalfsen,Overijssel,23,Totaal,2,68
2020-04-21,148,Dalfsen,Overijssel,23,Ziekenhuisopname,0,15
2020-04-21,148,Dalfsen,Overijssel,23,Overleden,0,6
2020-04-21,150,Deventer,Overijssel,23,Totaal,10,173
2020-04-21,150,Deventer,Overijssel,23,Ziekenhuisopname,0,41
2020-04-21,150,Deventer,Overijssel,23,Overleden,2,25
2020-04-21,153,Enschede,Overijssel,23,Totaal,2,158
2020-04-21,153,Enschede,Overijssel,23,Ziekenhuisopname,2,50
2020-04-21,153,Enschede,Overijssel,23,Overleden,0,13
2020-04-21,158,Haaksbergen,Overijssel,23,Totaal,0,49
2020-04-21,158,Haaksbergen,Overijssel,23,Ziekenhuisopname,0,14
2020-04-21,158,Haaksbergen,Overijssel,23,Overleden,2,3
2020-04-21,160,Hardenberg,Overijssel,23,Totaal,8,153
2020-04-21,160,Hardenberg,Overijssel,23,Ziekenhuisopname,0,23
2020-04-21,160,Hardenberg,Overijssel,23,Overleden,0,6
2020-04-21,163,Hellendoorn,Overijssel,23,Totaal,2,54
2020-04-21,163,Hellendoorn,Overijssel,23,Ziekenhuisopname,0,7
2020-04-21,163,Hellendoorn,Overijssel,23,Overleden,0,2
2020-04-21,164,Hengelo,Overijssel,23,Totaal,5,110
2020-04-21,164,Hengelo,Overijssel,23,Ziekenhuisopname,2,19
2020-04-21,164,Hengelo,Overijssel,23,Overleden,1,15
2020-04-21,166,Kampen,Overijssel,23,Totaal,1,288
2020-04-21,166,Kampen,Overijssel,23,Ziekenhuisopname,1,58
2020-04-21,166,Kampen,Overijssel,23,Overleden,0,23
2020-04-21,168,Losser,Overijssel,23,Totaal,0,20
2020-04-21,168,Losser,Overijssel,23,Ziekenhuisopname,0,7
2020-04-21,168,Losser,Overijssel,23,Overleden,0,0
2020-04-21,171,Noordoostpolder,Flevoland,24,Totaal,3,53
2020-04-21,171,Noordoostpolder,Flevoland,24,Ziekenhuisopname,0,13
2020-04-21,171,Noordoostpolder,Flevoland,24,Overleden,0,3
2020-04-21,173,Oldenzaal,Overijssel,23,Totaal,0,46
2020-04-21,173,Oldenzaal,Overijssel,23,Ziekenhuisopname,0,14
2020-04-21,173,Oldenzaal,Overijssel,23,Overleden,0,5
2020-04-21,175,Ommen,Overijssel,23,Totaal,2,46
2020-04-21,175,Ommen,Overijssel,23,Ziekenhuisopname,0,9
2020-04-21,175,Ommen,Overijssel,23,Overleden,0,2
2020-04-21,177,Raalte,Overijssel,23,Totaal,7,112
2020-04-21,177,Raalte,Overijssel,23,Ziekenhuisopname,1,23
2020-04-21,177,Raalte,Overijssel,23,Overleden,1,10
2020-04-21,180,Staphorst,Overijssel,23,Totaal,2,52
2020-04-21,180,Staphorst,Overijssel,23,Ziekenhuisopname,0,8
2020-04-21,180,Staphorst,Overijssel,23,Overleden,0,3
2020-04-21,183,Tubbergen,Overijssel,23,Totaal,2,72
2020-04-21,183,Tubbergen,Overijssel,23,Ziekenhuisopname,0,10
2020-04-21,183,Tubbergen,Overijssel,23,Overleden,0,3
2020-04-21,184,Urk,Flevoland,24,Totaal,0,57
2020-04-21,184,Urk,Flevoland,24,Ziekenhuisopname,0,19
2020-04-21,184,Urk,Flevoland,24,Overleden,0,4
2020-04-21,189,Wierden,Overijssel,23,Totaal,0,37
2020-04-21,189,Wierden,Overijssel,23,Ziekenhuisopname,0,4
2020-04-21,189,Wierden,Overijssel,23,Overleden,0,3
2020-04-21,193,Zwolle,Overijssel,23,Totaal,6,295
2020-04-21,193,Zwolle,Overijssel,23,Ziekenhuisopname,0,52
2020-04-21,193,Zwolle,Overijssel,23,Overleden,2,36
2020-04-21,197,Aalten,Gelderland,25,Totaal,1,46
2020-04-21,197,Aalten,Gelderland,25,Ziekenhuisopname,0,4
2020-04-21,197,Aalten,Gelderland,25,Overleden,0,3
2020-04-21,200,Apeldoorn,Gelderland,25,Totaal,8,277
2020-04-21,200,Apeldoorn,Gelderland,25,Ziekenhuisopname,4,49
2020-04-21,200,Apeldoorn,Gelderland,25,Overleden,1,31
2020-04-21,202,Arnhem,Gelderland,25,Totaal,9,213
2020-04-21,202,Arnhem,Gelderland,25,Ziekenhuisopname,0,57
2020-04-21,202,Arnhem,Gelderland,25,Overleden,1,18
2020-04-21,203,Barneveld,Gelderland,25,Totaal,1,95
2020-04-21,203,Barneveld,Gelderland,25,Ziekenhuisopname,0,16
2020-04-21,203,Barneveld,Gelderland,25,Overleden,0,6
2020-04-21,209,Beuningen,Gelderland,25,Totaal,0,51
2020-04-21,209,Beuningen,Gelderland,25,Ziekenhuisopname,0,19
2020-04-21,209,Beuningen,Gelderland,25,Overleden,0,4
2020-04-21,213,Brummen,Gelderland,25,Totaal,1,33
2020-04-21,213,Brummen,Gelderland,25,Ziekenhuisopname,1,16
2020-04-21,213,Brummen,Gelderland,25,Overleden,1,6
2020-04-21,214,Buren,Gelderland,25,Totaal,0,33
2020-04-21,214,Buren,Gelderland,25,Ziekenhuisopname,0,12
2020-04-21,214,Buren,Gelderland,25,Overleden,0,5
2020-04-21,216,Culemborg,Gelderland,25,Totaal,0,51
2020-04-21,216,Culemborg,Gelderland,25,Ziekenhuisopname,0,21
2020-04-21,216,Culemborg,Gelderland,25,Overleden,0,7
2020-04-21,221,Doesburg,Gelderland,25,Totaal,0,21
2020-04-21,221,Doesburg,Gelderland,25,Ziekenhuisopname,0,7
2020-04-21,221,Doesburg,Gelderland,25,Overleden,0,6
2020-04-21,222,Doetinchem,Gelderland,25,Totaal,1,73
2020-04-21,222,Doetinchem,Gelderland,25,Ziekenhuisopname,1,13
2020-04-21,222,Doetinchem,Gelderland,25,Overleden,1,12
2020-04-21,225,Druten,Gelderland,25,Totaal,3,102
2020-04-21,225,Druten,Gelderland,25,Ziekenhuisopname,0,21
2020-04-21,225,Druten,Gelderland,25,Overleden,1,6
2020-04-21,226,Duiven,Gelderland,25,Totaal,2,36
2020-04-21,226,Duiven,Gelderland,25,Ziekenhuisopname,0,12
2020-04-21,226,Duiven,Gelderland,25,Overleden,0,4
2020-04-21,228,Ede,Gelderland,25,Totaal,5,164
2020-04-21,228,Ede,Gelderland,25,Ziekenhuisopname,1,53
2020-04-21,228,Ede,Gelderland,25,Overleden,0,18
2020-04-21,230,Elburg,Gelderland,25,Totaal,1,97
2020-04-21,230,Elburg,Gelderland,25,Ziekenhuisopname,0,16
2020-04-21,230,Elburg,Gelderland,25,Overleden,0,4
2020-04-21,232,Epe,Gelderland,25,Totaal,0,106
2020-04-21,232,Epe,Gelderland,25,Ziekenhuisopname,2,29
2020-04-21,232,Epe,Gelderland,25,Overleden,2,15
2020-04-21,233,Ermelo,Gelderland,25,Totaal,3,86
2020-04-21,233,Ermelo,Gelderland,25,Ziekenhuisopname,0,18
2020-04-21,233,Ermelo,Gelderland,25,Overleden,1,11
2020-04-21,243,Harderwijk,Gelderland,25,Totaal,6,91
2020-04-21,243,Harderwijk,Gelderland,25,Ziekenhuisopname,4,23
2020-04-21,243,Harderwijk,Gelderland,25,Overleden,0,10
2020-04-21,244,Hattem,Gelderland,25,Totaal,1,39
2020-04-21,244,Hattem,Gelderland,25,Ziekenhuisopname,0,11
2020-04-21,244,Hattem,Gelderland,25,Overleden,0,5
2020-04-21,246,Heerde,Gelderland,25,Totaal,4,143
2020-04-21,246,Heerde,Gelderland,25,Ziekenhuisopname,1,31
2020-04-21,246,Heerde,Gelderland,25,Overleden,0,18
2020-04-21,252,Heumen,Gelderland,25,Totaal,2,56
2020-04-21,252,Heumen,Gelderland,25,Ziekenhuisopname,0,17
2020-04-21,252,Heumen,Gelderland,25,Overleden,0,4
2020-04-21,262,Lochem,Gelderland,25,Totaal,0,65
2020-04-21,262,Lochem,Gelderland,25,Ziekenhuisopname,0,11
2020-04-21,262,Lochem,Gelderland,25,Overleden,1,8
2020-04-21,263,Maasdriel,Gelderland,25,Totaal,1,30
2020-04-21,263,Maasdriel,Gelderland,25,Ziekenhuisopname,0,15
2020-04-21,263,Maasdriel,Gelderland,25,Overleden,0,4
2020-04-21,267,Nijkerk,Gelderland,25,Totaal,0,47
2020-04-21,267,Nijkerk,Gelderland,25,Ziekenhuisopname,0,21
2020-04-21,267,Nijkerk,Gelderland,25,Overleden,0,2
2020-04-21,268,Nijmegen,Gelderland,25,Totaal,2,481
2020-04-21,268,Nijmegen,Gelderland,25,Ziekenhuisopname,0,115
2020-04-21,268,Nijmegen,Gelderland,25,Overleden,2,44
2020-04-21,269,Oldebroek,Gelderland,25,Totaal,3,105
2020-04-21,269,Oldebroek,Gelderland,25,Ziekenhuisopname,1,26
2020-04-21,269,Oldebroek,Gelderland,25,Overleden,0,13
2020-04-21,273,Putten,Gelderland,25,Totaal,0,17
2020-04-21,273,Putten,Gelderland,25,Ziekenhuisopname,0,3
2020-04-21,273,Putten,Gelderland,25,Overleden,0,0
2020-04-21,274,Renkum,Gelderland,25,Totaal,4,55
2020-04-21,274,Renkum,Gelderland,25,Ziekenhuisopname,0,14
2020-04-21,274,Renkum,Gelderland,25,Overleden,0,2
2020-04-21,275,Rheden,Gelderland,25,Totaal,0,64
2020-04-21,275,Rheden,Gelderland,25,Ziekenhuisopname,0,31
2020-04-21,275,Rheden,Gelderland,25,Overleden,0,14
2020-04-21,277,Rozendaal,Gelderland,25,Totaal,1,3
2020-04-21,277,Rozendaal,Gelderland,25,Ziekenhuisopname,0,1
2020-04-21,277,Rozendaal,Gelderland,25,Overleden,0,0
2020-04-21,279,Scherpenzeel,Gelderland,25,Totaal,1,18
2020-04-21,279,Scherpenzeel,Gelderland,25,Ziekenhuisopname,0,3
2020-04-21,279,Scherpenzeel,Gelderland,25,Overleden,0,2
2020-04-21,281,Tiel,Gelderland,25,Totaal,1,85
2020-04-21,281,Tiel,Gelderland,25,Ziekenhuisopname,1,38
2020-04-21,281,Tiel,Gelderland,25,Overleden,1,15
2020-04-21,285,Voorst,Gelderland,25,Totaal,0,52
2020-04-21,285,Voorst,Gelderland,25,Ziekenhuisopname,0,11
2020-04-21,285,Voorst,Gelderland,25,Overleden,1,8
2020-04-21,289,Wageningen,Gelderland,25,Totaal,1,40
2020-04-21,289,Wageningen,Gelderland,25,Ziekenhuisopname,0,18
2020-04-21,289,Wageningen,Gelderland,25,Overleden,0,8
2020-04-21,293,Westervoort,Gelderland,25,Totaal,2,30
2020-04-21,293,Westervoort,Gelderland,25,Ziekenhuisopname,2,12
2020-04-21,293,Westervoort,Gelderland,25,Overleden,0,3
2020-04-21,294,Winterswijk,Gelderland,25,Totaal,2,28
2020-04-21,294,Winterswijk,Gelderland,25,Ziekenhuisopname,0,3
2020-04-21,294,Winterswijk,Gelderland,25,Overleden,0,1
2020-04-21,296,Wijchen,Gelderland,25,Totaal,4,118
2020-04-21,296,Wijchen,Gelderland,25,Ziekenhuisopname,0,38
2020-04-21,296,Wijchen,Gelderland,25,Overleden,1,8
2020-04-21,297,Zaltbommel,Gelderland,25,Totaal,2,60
2020-04-21,297,Zaltbommel,Gelderland,25,Ziekenhuisopname,0,18
2020-04-21,297,Zaltbommel,Gelderland,25,Overleden,2,6
2020-04-21,299,Zevenaar,Gelderland,25,Totaal,0,77
2020-04-21,299,Zevenaar,Gelderland,25,Ziekenhuisopname,0,42
2020-04-21,299,Zevenaar,Gelderland,25,Overleden,0,10
2020-04-21,301,Zutphen,Gelderland,25,Totaal,0,54
2020-04-21,301,Zutphen,Gelderland,25,Ziekenhuisopname,0,18
2020-04-21,301,Zutphen,Gelderland,25,Overleden,0,8
2020-04-21,302,Nunspeet,Gelderland,25,Totaal,4,155
2020-04-21,302,Nunspeet,Gelderland,25,Ziekenhuisopname,0,33
2020-04-21,302,Nunspeet,Gelderland,25,Overleden,1,16
2020-04-21,303,Dronten,Flevoland,24,Totaal,0,91
2020-04-21,303,Dronten,Flevoland,24,Ziekenhuisopname,0,25
2020-04-21,303,Dronten,Flevoland,24,Overleden,0,5
2020-04-21,307,Amersfoort,Utrecht,26,Totaal,2,146
2020-04-21,307,Amersfoort,Utrecht,26,Ziekenhuisopname,-1,53
2020-04-21,307,Amersfoort,Utrecht,26,Overleden,0,18
2020-04-21,308,Baarn,Utrecht,26,Totaal,2,36
2020-04-21,308,Baarn,Utrecht,26,Ziekenhuisopname,1,11
2020-04-21,308,Baarn,Utrecht,26,Overleden,1,3
2020-04-21,310,De Bilt,Utrecht,26,Totaal,1,93
2020-04-21,310,De Bilt,Utrecht,26,Ziekenhuisopname,0,23
2020-04-21,310,De Bilt,Utrecht,26,Overleden,0,8
2020-04-21,312,Bunnik,Utrecht,26,Totaal,0,23
2020-04-21,312,Bunnik,Utrecht,26,Ziekenhuisopname,0,7
2020-04-21,312,Bunnik,Utrecht,26,Overleden,0,1
2020-04-21,313,Bunschoten,Utrecht,26,Totaal,1,48
2020-04-21,313,Bunschoten,Utrecht,26,Ziekenhuisopname,0,5
2020-04-21,313,Bunschoten,Utrecht,26,Overleden,1,5
2020-04-21,317,Eemnes,Utrecht,26,Totaal,0,14
2020-04-21,317,Eemnes,Utrecht,26,Ziekenhuisopname,0,2
2020-04-21,317,Eemnes,Utrecht,26,Overleden,0,1
2020-04-21,321,Houten,Utrecht,26,Totaal,1,96
2020-04-21,321,Houten,Utrecht,26,Ziekenhuisopname,1,24
2020-04-21,321,Houten,Utrecht,26,Overleden,1,11
2020-04-21,327,Leusden,Utrecht,26,Totaal,0,34
2020-04-21,327,Leusden,Utrecht,26,Ziekenhuisopname,0,8
2020-04-21,327,Leusden,Utrecht,26,Overleden,0,4
2020-04-21,331,Lopik,Utrecht,26,Totaal,2,44
2020-04-21,331,Lopik,Utrecht,26,Ziekenhuisopname,0,18
2020-04-21,331,Lopik,Utrecht,26,Overleden,2,5
2020-04-21,335,Montfoort,Utrecht,26,Totaal,0,32
2020-04-21,335,Montfoort,Utrecht,26,Ziekenhuisopname,0,12
2020-04-21,335,Montfoort,Utrecht,26,Overleden,0,4
2020-04-21,339,Renswoude,Utrecht,26,Totaal,1,16
2020-04-21,339,Renswoude,Utrecht,26,Ziekenhuisopname,0,4
2020-04-21,339,Renswoude,Utrecht,26,Overleden,0,5
2020-04-21,340,Rhenen,Utrecht,26,Totaal,0,20
2020-04-21,340,Rhenen,Utrecht,26,Ziekenhuisopname,0,7
2020-04-21,340,Rhenen,Utrecht,26,Overleden,0,4
2020-04-21,342,Soest,Utrecht,26,Totaal,0,69
2020-04-21,342,Soest,Utrecht,26,Ziekenhuisopname,0,21
2020-04-21,342,Soest,Utrecht,26,Overleden,0,9
2020-04-21,344,Utrecht,Utrecht,26,Totaal,16,675
2020-04-21,344,Utrecht,Utrecht,26,Ziekenhuisopname,-1,202
2020-04-21,344,Utrecht,Utrecht,26,Overleden,3,67
2020-04-21,345,Veenendaal,Utrecht,26,Totaal,8,115
2020-04-21,345,Veenendaal,Utrecht,26,Ziekenhuisopname,0,37
2020-04-21,345,Veenendaal,Utrecht,26,Overleden,0,9
2020-04-21,351,Woudenberg,Utrecht,26,Totaal,2,24
2020-04-21,351,Woudenberg,Utrecht,26,Ziekenhuisopname,0,9
2020-04-21,351,Woudenberg,Utrecht,26,Overleden,0,1
2020-04-21,352,Wijk bij Duurstede,Utrecht,26,Totaal,0,25
2020-04-21,352,Wijk bij Duurstede,Utrecht,26,Ziekenhuisopname,0,8
2020-04-21,352,Wijk bij Duurstede,Utrecht,26,Overleden,0,1
2020-04-21,353,IJsselstein,Utrecht,26,Totaal,1,94
2020-04-21,353,IJsselstein,Utrecht,26,Ziekenhuisopname,0,33
2020-04-21,353,IJsselstein,Utrecht,26,Overleden,1,24
2020-04-21,355,Zeist,Utrecht,26,Totaal,3,115
2020-04-21,355,Zeist,Utrecht,26,Ziekenhuisopname,0,34
2020-04-21,355,Zeist,Utrecht,26,Overleden,2,15
2020-04-21,356,Nieuwegein,Utrecht,26,Totaal,1,84
2020-04-21,356,Nieuwegein,Utrecht,26,Ziekenhuisopname,0,37
2020-04-21,356,Nieuwegein,Utrecht,26,Overleden,0,10
2020-04-21,358,Aalsmeer,Noord-Holland,27,Totaal,1,36
2020-04-21,358,Aalsmeer,Noord-Holland,27,Ziekenhuisopname,0,8
2020-04-21,358,Aalsmeer,Noord-Holland,27,Overleden,0,2
2020-04-21,361,Alkmaar,Noord-Holland,27,Totaal,4,198
2020-04-21,361,Alkmaar,Noord-Holland,27,Ziekenhuisopname,0,49
2020-04-21,361,Alkmaar,Noord-Holland,27,Overleden,1,20
2020-04-21,362,Amstelveen,Noord-Holland,27,Totaal,3,259
2020-04-21,362,Amstelveen,Noord-Holland,27,Ziekenhuisopname,1,50
2020-04-21,362,Amstelveen,Noord-Holland,27,Overleden,1,31
2020-04-21,363,Amsterdam,Noord-Holland,27,Totaal,37,1544
2020-04-21,363,Amsterdam,Noord-Holland,27,Ziekenhuisopname,4,480
2020-04-21,363,Amsterdam,Noord-Holland,27,Overleden,9,126
2020-04-21,370,Beemster,Noord-Holland,27,Totaal,0,8
2020-04-21,370,Beemster,Noord-Holland,27,Ziekenhuisopname,0,4
2020-04-21,370,Beemster,Noord-Holland,27,Overleden,0,1
2020-04-21,373,Bergen (NH.),Noord-Holland,27,Totaal,1,49
2020-04-21,373,Bergen (NH.),Noord-Holland,27,Ziekenhuisopname,0,16
2020-04-21,373,Bergen (NH.),Noord-Holland,27,Overleden,0,3
2020-04-21,375,Beverwijk,Noord-Holland,27,Totaal,0,67
2020-04-21,375,Beverwijk,Noord-Holland,27,Ziekenhuisopname,0,15
2020-04-21,375,Beverwijk,Noord-Holland,27,Overleden,1,6
2020-04-21,376,Blaricum,Noord-Holland,27,Totaal,1,23
2020-04-21,376,Blaricum,Noord-Holland,27,Ziekenhuisopname,0,7
2020-04-21,376,Blaricum,Noord-Holland,27,Overleden,0,0
2020-04-21,377,Bloemendaal,Noord-Holland,27,Totaal,0,40
2020-04-21,377,Bloemendaal,Noord-Holland,27,Ziekenhuisopname,0,6
2020-04-21,377,Bloemendaal,Noord-Holland,27,Overleden,0,3
2020-04-21,383,Castricum,Noord-Holland,27,Totaal,1,71
2020-04-21,383,Castricum,Noord-Holland,27,Ziekenhuisopname,0,14
2020-04-21,383,Castricum,Noord-Holland,27,Overleden,0,8
2020-04-21,384,Diemen,Noord-Holland,27,Totaal,3,63
2020-04-21,384,Diemen,Noord-Holland,27,Ziekenhuisopname,0,14
2020-04-21,384,Diemen,Noord-Holland,27,Overleden,0,6
2020-04-21,385,Edam-Volendam,Noord-Holland,27,Totaal,2,71
2020-04-21,385,Edam-Volendam,Noord-Holland,27,Ziekenhuisopname,0,19
2020-04-21,385,Edam-Volendam,Noord-Holland,27,Overleden,0,0
2020-04-21,388,Enkhuizen,Noord-Holland,27,Totaal,0,27
2020-04-21,388,Enkhuizen,Noord-Holland,27,Ziekenhuisopname,0,18
2020-04-21,388,Enkhuizen,Noord-Holland,27,Overleden,0,4
2020-04-21,392,Haarlem,Noord-Holland,27,Totaal,2,228
2020-04-21,392,Haarlem,Noord-Holland,27,Ziekenhuisopname,1,55
2020-04-21,392,Haarlem,Noord-Holland,27,Overleden,0,46
2020-04-21,394,Haarlemmermeer,Noord-Holland,27,Totaal,1,181
2020-04-21,394,Haarlemmermeer,Noord-Holland,27,Ziekenhuisopname,0,57
2020-04-21,394,Haarlemmermeer,Noord-Holland,27,Overleden,0,17
2020-04-21,396,Heemskerk,Noord-Holland,27,Totaal,0,75
2020-04-21,396,Heemskerk,Noord-Holland,27,Ziekenhuisopname,0,25
2020-04-21,396,Heemskerk,Noord-Holland,27,Overleden,0,8
2020-04-21,397,Heemstede,Noord-Holland,27,Totaal,0,87
2020-04-21,397,Heemstede,Noord-Holland,27,Ziekenhuisopname,0,10
2020-04-21,397,Heemstede,Noord-Holland,27,Overleden,0,27
2020-04-21,398,Heerhugowaard,Noord-Holland,27,Totaal,7,117
2020-04-21,398,Heerhugowaard,Noord-Holland,27,Ziekenhuisopname,0,25
2020-04-21,398,Heerhugowaard,Noord-Holland,27,Overleden,0,7
2020-04-21,399,Heiloo,Noord-Holland,27,Totaal,1,41
2020-04-21,399,Heiloo,Noord-Holland,27,Ziekenhuisopname,0,9
2020-04-21,399,Heiloo,Noord-Holland,27,Overleden,1,7
2020-04-21,400,Den Helder,Noord-Holland,27,Totaal,0,29
2020-04-21,400,Den Helder,Noord-Holland,27,Ziekenhuisopname,0,8
2020-04-21,400,Den Helder,Noord-Holland,27,Overleden,0,0
2020-04-21,402,Hilversum,Noord-Holland,27,Totaal,5,111
2020-04-21,402,Hilversum,Noord-Holland,27,Ziekenhuisopname,0,24
2020-04-21,402,Hilversum,Noord-Holland,27,Overleden,0,3
2020-04-21,405,Hoorn,Noord-Holland,27,Totaal,2,72
2020-04-21,405,Hoorn,Noord-Holland,27,Ziekenhuisopname,0,29
2020-04-21,405,Hoorn,Noord-Holland,27,Overleden,0,11
2020-04-21,406,Huizen,Noord-Holland,27,Totaal,3,73
2020-04-21,406,Huizen,Noord-Holland,27,Ziekenhuisopname,0,18
2020-04-21,406,Huizen,Noord-Holland,27,Overleden,0,3
2020-04-21,415,Landsmeer,Noord-Holland,27,Totaal,1,20
2020-04-21,415,Landsmeer,Noord-Holland,27,Ziekenhuisopname,0,3
2020-04-21,415,Landsmeer,Noord-Holland,27,Overleden,0,2
2020-04-21,416,Langedijk,Noord-Holland,27,Totaal,1,41
2020-04-21,416,Langedijk,Noord-Holland,27,Ziekenhuisopname,0,16
2020-04-21,416,Langedijk,Noord-Holland,27,Overleden,0,2
2020-04-21,417,Laren,Noord-Holland,27,Totaal,0,22
2020-04-21,417,Laren,Noord-Holland,27,Ziekenhuisopname,0,8
2020-04-21,417,Laren,Noord-Holland,27,Overleden,0,1
2020-04-21,420,Medemblik,Noord-Holland,27,Totaal,2,59
2020-04-21,420,Medemblik,Noord-Holland,27,Ziekenhuisopname,0,17
2020-04-21,420,Medemblik,Noord-Holland,27,Overleden,0,6
2020-04-21,431,Oostzaan,Noord-Holland,27,Totaal,0,23
2020-04-21,431,Oostzaan,Noord-Holland,27,Ziekenhuisopname,0,10
2020-04-21,431,Oostzaan,Noord-Holland,27,Overleden,0,1
2020-04-21,432,Opmeer,Noord-Holland,27,Totaal,0,7
2020-04-21,432,Opmeer,Noord-Holland,27,Ziekenhuisopname,0,1
2020-04-21,432,Opmeer,Noord-Holland,27,Overleden,0,1
2020-04-21,437,Ouder-Amstel,Noord-Holland,27,Totaal,0,25
2020-04-21,437,Ouder-Amstel,Noord-Holland,27,Ziekenhuisopname,0,5
2020-04-21,437,Ouder-Amstel,Noord-Holland,27,Overleden,0,0
2020-04-21,439,Purmerend,Noord-Holland,27,Totaal,5,171
2020-04-21,439,Purmerend,Noord-Holland,27,Ziekenhuisopname,0,61
2020-04-21,439,Purmerend,Noord-Holland,27,Overleden,3,18
2020-04-21,441,Schagen,Noord-Holland,27,Totaal,0,66
2020-04-21,441,Schagen,Noord-Holland,27,Ziekenhuisopname,0,19
2020-04-21,441,Schagen,Noord-Holland,27,Overleden,1,3
2020-04-21,448,Texel,Noord-Holland,27,Totaal,0,11
2020-04-21,448,Texel,Noord-Holland,27,Ziekenhuisopname,0,4
2020-04-21,448,Texel,Noord-Holland,27,Overleden,0,1
2020-04-21,450,Uitgeest,Noord-Holland,27,Totaal,0,21
2020-04-21,450,Uitgeest,Noord-Holland,27,Ziekenhuisopname,0,5
2020-04-21,450,Uitgeest,Noord-Holland,27,Overleden,0,1
2020-04-21,451,Uithoorn,Noord-Holland,27,Totaal,0,42
2020-04-21,451,Uithoorn,Noord-Holland,27,Ziekenhuisopname,0,16
2020-04-21,451,Uithoorn,Noord-Holland,27,Overleden,0,1
2020-04-21,453,Velsen,Noord-Holland,27,Totaal,1,224
2020-04-21,453,Velsen,Noord-Holland,27,Ziekenhuisopname,0,28
2020-04-21,453,Velsen,Noord-Holland,27,Overleden,1,26
2020-04-21,457,Weesp,Noord-Holland,27,Totaal,1,37
2020-04-21,457,Weesp,Noord-Holland,27,Ziekenhuisopname,0,9
2020-04-21,457,Weesp,Noord-Holland,27,Overleden,0,1
2020-04-21,473,Zandvoort,Noord-Holland,27,Totaal,0,29
2020-04-21,473,Zandvoort,Noord-Holland,27,Ziekenhuisopname,0,10
2020-04-21,473,Zandvoort,Noord-Holland,27,Overleden,1,7
2020-04-21,479,Zaanstad,Noord-Holland,27,Totaal,6,287
2020-04-21,479,Zaanstad,Noord-Holland,27,Ziekenhuisopname,3,104
2020-04-21,479,Zaanstad,Noord-Holland,27,Overleden,0,35
2020-04-21,482,Alblasserdam,Zuid-Holland,28,Totaal,0,36
2020-04-21,482,Alblasserdam,Zuid-Holland,28,Ziekenhuisopname,0,8
2020-04-21,482,Alblasserdam,Zuid-Holland,28,Overleden,0,2
2020-04-21,484,Alphen aan den Rijn,Zuid-Holland,28,Totaal,4,141
2020-04-21,484,Alphen aan den Rijn,Zuid-Holland,28,Ziekenhuisopname,2,55
2020-04-21,484,Alphen aan den Rijn,Zuid-Holland,28,Overleden,1,17
2020-04-21,489,Barendrecht,Zuid-Holland,28,Totaal,1,91
2020-04-21,489,Barendrecht,Zuid-Holland,28,Ziekenhuisopname,0,29
2020-04-21,489,Barendrecht,Zuid-Holland,28,Overleden,0,5
2020-04-21,498,Drechterland,Noord-Holland,27,Totaal,4,39
2020-04-21,498,Drechterland,Noord-Holland,27,Ziekenhuisopname,0,3
2020-04-21,498,Drechterland,Noord-Holland,27,Overleden,0,8
2020-04-21,501,Brielle,Zuid-Holland,28,Totaal,0,26
2020-04-21,501,Brielle,Zuid-Holland,28,Ziekenhuisopname,0,12
2020-04-21,501,Brielle,Zuid-Holland,28,Overleden,0,0
2020-04-21,502,Capelle aan den IJssel,Zuid-Holland,28,Totaal,7,217
2020-04-21,502,Capelle aan den IJssel,Zuid-Holland,28,Ziekenhuisopname,0,38
2020-04-21,502,Capelle aan den IJssel,Zuid-Holland,28,Overleden,2,34
2020-04-21,503,Delft,Zuid-Holland,28,Totaal,1,103
2020-04-21,503,Delft,Zuid-Holland,28,Ziekenhuisopname,0,37
2020-04-21,503,Delft,Zuid-Holland,28,Overleden,0,7
2020-04-21,505,Dordrecht,Zuid-Holland,28,Totaal,-1,222
2020-04-21,505,Dordrecht,Zuid-Holland,28,Ziekenhuisopname,3,74
2020-04-21,505,Dordrecht,Zuid-Holland,28,Overleden,1,18
2020-04-21,512,Gorinchem,Zuid-Holland,28,Totaal,1,127
2020-04-21,512,Gorinchem,Zuid-Holland,28,Ziekenhuisopname,0,16
2020-04-21,512,Gorinchem,Zuid-Holland,28,Overleden,1,12
2020-04-21,513,Gouda,Zuid-Holland,28,Totaal,0,197
2020-04-21,513,Gouda,Zuid-Holland,28,Ziekenhuisopname,0,32
2020-04-21,513,Gouda,Zuid-Holland,28,Overleden,4,23
2020-04-21,518,'s-Gravenhage,Zuid-Holland,28,Totaal,18,886
2020-04-21,518,'s-Gravenhage,Zuid-Holland,28,Ziekenhuisopname,9,255
2020-04-21,518,'s-Gravenhage,Zuid-Holland,28,Overleden,8,92
2020-04-21,523,Hardinxveld-Giessendam,Zuid-Holland,28,Totaal,0,27
2020-04-21,523,Hardinxveld-Giessendam,Zuid-Holland,28,Ziekenhuisopname,0,1
2020-04-21,523,Hardinxveld-Giessendam,Zuid-Holland,28,Overleden,0,2
2020-04-21,530,Hellevoetsluis,Zuid-Holland,28,Totaal,0,56
2020-04-21,530,Hellevoetsluis,Zuid-Holland,28,Ziekenhuisopname,0,14
2020-04-21,530,Hellevoetsluis,Zuid-Holland,28,Overleden,0,1
2020-04-21,531,Hendrik-Ido-Ambacht,Zuid-Holland,28,Totaal,0,27
2020-04-21,531,Hendrik-Ido-Ambacht,Zuid-Holland,28,Ziekenhuisopname,0,6
2020-04-21,531,Hendrik-Ido-Ambacht,Zuid-Holland,28,Overleden,0,2
2020-04-21,532,Stede Broec,Noord-Holland,27,Totaal,0,45
2020-04-21,532,Stede Broec,Noord-Holland,27,Ziekenhuisopname,0,18
2020-04-21,532,Stede Broec,Noord-Holland,27,Overleden,0,4
2020-04-21,534,Hillegom,Zuid-Holland,28,Totaal,0,28
2020-04-21,534,Hillegom,Zuid-Holland,28,Ziekenhuisopname,0,7
2020-04-21,534,Hillegom,Zuid-Holland,28,Overleden,0,1
2020-04-21,537,Katwijk,Zuid-Holland,28,Totaal,14,137
2020-04-21,537,Katwijk,Zuid-Holland,28,Ziekenhuisopname,0,22
2020-04-21,537,Katwijk,Zuid-Holland,28,Overleden,1,8
2020-04-21,542,Krimpen aan den IJssel,Zuid-Holland,28,Totaal,1,55
2020-04-21,542,Krimpen aan den IJssel,Zuid-Holland,28,Ziekenhuisopname,0,9
2020-04-21,542,Krimpen aan den IJssel,Zuid-Holland,28,Overleden,0,4
2020-04-21,546,Leiden,Zuid-Holland,28,Totaal,2,111
2020-04-21,546,Leiden,Zuid-Holland,28,Ziekenhuisopname,0,36
2020-04-21,546,Leiden,Zuid-Holland,28,Overleden,0,12
2020-04-21,547,Leiderdorp,Zuid-Holland,28,Totaal,0,23
2020-04-21,547,Leiderdorp,Zuid-Holland,28,Ziekenhuisopname,0,10
2020-04-21,547,Leiderdorp,Zuid-Holland,28,Overleden,0,3
2020-04-21,553,Lisse,Zuid-Holland,28,Totaal,1,20
2020-04-21,553,Lisse,Zuid-Holland,28,Ziekenhuisopname,0,6
2020-04-21,553,Lisse,Zuid-Holland,28,Overleden,0,2
2020-04-21,556,Maassluis,Zuid-Holland,28,Totaal,2,45
2020-04-21,556,Maassluis,Zuid-Holland,28,Ziekenhuisopname,3,17
2020-04-21,556,Maassluis,Zuid-Holland,28,Overleden,0,2
2020-04-21,569,Nieuwkoop,Zuid-Holland,28,Totaal,1,44
2020-04-21,569,Nieuwkoop,Zuid-Holland,28,Ziekenhuisopname,0,8
2020-04-21,569,Nieuwkoop,Zuid-Holland,28,Overleden,0,4
2020-04-21,575,Noordwijk,Zuid-Holland,28,Totaal,0,37
2020-04-21,575,Noordwijk,Zuid-Holland,28,Ziekenhuisopname,0,14
2020-04-21,575,Noordwijk,Zuid-Holland,28,Overleden,0,1
2020-04-21,579,Oegstgeest,Zuid-Holland,28,Totaal,0,34
2020-04-21,579,Oegstgeest,Zuid-Holland,28,Ziekenhuisopname,0,7
2020-04-21,579,Oegstgeest,Zuid-Holland,28,Overleden,0,1
2020-04-21,589,Oudewater,Utrecht,26,Totaal,1,46
2020-04-21,589,Oudewater,Utrecht,26,Ziekenhuisopname,0,25
2020-04-21,589,Oudewater,Utrecht,26,Overleden,0,7
2020-04-21,590,Papendrecht,Zuid-Holland,28,Totaal,0,43
2020-04-21,590,Papendrecht,Zuid-Holland,28,Ziekenhuisopname,0,7
2020-04-21,590,Papendrecht,Zuid-Holland,28,Overleden,0,6
2020-04-21,597,Ridderkerk,Zuid-Holland,28,Totaal,1,88
2020-04-21,597,Ridderkerk,Zuid-Holland,28,Ziekenhuisopname,1,32
2020-04-21,597,Ridderkerk,Zuid-Holland,28,Overleden,0,11
2020-04-21,599,Rotterdam,Zuid-Holland,28,Totaal,34,1620
2020-04-21,599,Rotterdam,Zuid-Holland,28,Ziekenhuisopname,8,361
2020-04-21,599,Rotterdam,Zuid-Holland,28,Overleden,10,131
2020-04-21,603,Rijswijk,Zuid-Holland,28,Totaal,3,81
2020-04-21,603,Rijswijk,Zuid-Holland,28,Ziekenhuisopname,0,23
2020-04-21,603,Rijswijk,Zuid-Holland,28,Overleden,1,6
2020-04-21,606,Schiedam,Zuid-Holland,28,Totaal,12,150
2020-04-21,606,Schiedam,Zuid-Holland,28,Ziekenhuisopname,0,35
2020-04-21,606,Schiedam,Zuid-Holland,28,Overleden,1,5
2020-04-21,610,Sliedrecht,Zuid-Holland,28,Totaal,1,35
2020-04-21,610,Sliedrecht,Zuid-Holland,28,Ziekenhuisopname,0,7
2020-04-21,610,Sliedrecht,Zuid-Holland,28,Overleden,0,3
2020-04-21,613,Albrandswaard,Zuid-Holland,28,Totaal,2,75
2020-04-21,613,Albrandswaard,Zuid-Holland,28,Ziekenhuisopname,0,9
2020-04-21,613,Albrandswaard,Zuid-Holland,28,Overleden,0,5
2020-04-21,614,Westvoorne,Zuid-Holland,28,Totaal,0,22
2020-04-21,614,Westvoorne,Zuid-Holland,28,Ziekenhuisopname,0,6
2020-04-21,614,Westvoorne,Zuid-Holland,28,Overleden,0,0
2020-04-21,622,Vlaardingen,Zuid-Holland,28,Totaal,3,170
2020-04-21,622,Vlaardingen,Zuid-Holland,28,Ziekenhuisopname,1,31
2020-04-21,622,Vlaardingen,Zuid-Holland,28,Overleden,1,15
2020-04-21,626,Voorschoten,Zuid-Holland,28,Totaal,2,31
2020-04-21,626,Voorschoten,Zuid-Holland,28,Ziekenhuisopname,0,9
2020-04-21,626,Voorschoten,Zuid-Holland,28,Overleden,1,5
2020-04-21,627,Waddinxveen,Zuid-Holland,28,Totaal,1,44
2020-04-21,627,Waddinxveen,Zuid-Holland,28,Ziekenhuisopname,1,15
2020-04-21,627,Waddinxveen,Zuid-Holland,28,Overleden,0,5
2020-04-21,629,Wassenaar,Zuid-Holland,28,Totaal,1,39
2020-04-21,629,Wassenaar,Zuid-Holland,28,Ziekenhuisopname,0,8
2020-04-21,629,Wassenaar,Zuid-Holland,28,Overleden,0,9
2020-04-21,632,Woerden,Utrecht,26,Totaal,2,122
2020-04-21,632,Woerden,Utrecht,26,Ziekenhuisopname,0,46
2020-04-21,632,Woerden,Utrecht,26,Overleden,0,15
2020-04-21,637,Zoetermeer,Zuid-Holland,28,Totaal,3,146
2020-04-21,637,Zoetermeer,Zuid-Holland,28,Ziekenhuisopname,0,38
2020-04-21,637,Zoetermeer,Zuid-Holland,28,Overleden,0,9
2020-04-21,638,Zoeterwoude,Zuid-Holland,28,Totaal,0,7
2020-04-21,638,Zoeterwoude,Zuid-Holland,28,Ziekenhuisopname,0,2
2020-04-21,638,Zoeterwoude,Zuid-Holland,28,Overleden,0,0
2020-04-21,642,Zwijndrecht,Zuid-Holland,28,Totaal,3,96
2020-04-21,642,Zwijndrecht,Zuid-Holland,28,Ziekenhuisopname,1,15
2020-04-21,642,Zwijndrecht,Zuid-Holland,28,Overleden,1,6
2020-04-21,654,Borsele,Zeeland,29,Totaal,0,21
2020-04-21,654,Borsele,Zeeland,29,Ziekenhuisopname,0,5
2020-04-21,654,Borsele,Zeeland,29,Overleden,0,0
2020-04-21,664,Goes,Zeeland,29,Totaal,0,65
2020-04-21,664,Goes,Zeeland,29,Ziekenhuisopname,0,11
2020-04-21,664,Goes,Zeeland,29,Overleden,0,8
2020-04-21,668,West Maas en Waal,Gelderland,25,Totaal,1,69
2020-04-21,668,West Maas en Waal,Gelderland,25,Ziekenhuisopname,0,16
2020-04-21,668,West Maas en Waal,Gelderland,25,Overleden,0,5
2020-04-21,677,Hulst,Zeeland,29,Totaal,1,26
2020-04-21,677,Hulst,Zeeland,29,Ziekenhuisopname,0,8
2020-04-21,677,Hulst,Zeeland,29,Overleden,0,4
2020-04-21,678,Kapelle,Zeeland,29,Totaal,0,17
2020-04-21,678,Kapelle,Zeeland,29,Ziekenhuisopname,0,2
2020-04-21,678,Kapelle,Zeeland,29,Overleden,0,1
2020-04-21,687,Middelburg,Zeeland,29,Totaal,0,41
2020-04-21,687,Middelburg,Zeeland,29,Ziekenhuisopname,0,14
2020-04-21,687,Middelburg,Zeeland,29,Overleden,0,7
2020-04-21,703,Reimerswaal,Zeeland,29,Totaal,0,24
2020-04-21,703,Reimerswaal,Zeeland,29,Ziekenhuisopname,0,4
2020-04-21,703,Reimerswaal,Zeeland,29,Overleden,0,2
2020-04-21,715,Terneuzen,Zeeland,29,Totaal,0,91
2020-04-21,715,Terneuzen,Zeeland,29,Ziekenhuisopname,0,21
2020-04-21,715,Terneuzen,Zeeland,29,Overleden,0,2
2020-04-21,716,Tholen,Zeeland,29,Totaal,2,125
2020-04-21,716,Tholen,Zeeland,29,Ziekenhuisopname,0,38
2020-04-21,716,Tholen,Zeeland,29,Overleden,0,12
2020-04-21,717,Veere,Zeeland,29,Totaal,0,24
2020-04-21,717,Veere,Zeeland,29,Ziekenhuisopname,0,6
2020-04-21,717,Veere,Zeeland,29,Overleden,0,1
2020-04-21,718,Vlissingen,Zeeland,29,Totaal,1,46
2020-04-21,718,Vlissingen,Zeeland,29,Ziekenhuisopname,0,8
2020-04-21,718,Vlissingen,Zeeland,29,Overleden,0,4
2020-04-21,736,De Ronde Venen,Utrecht,26,Totaal,2,72
2020-04-21,736,De Ronde Venen,Utrecht,26,Ziekenhuisopname,0,36
2020-04-21,736,De Ronde Venen,Utrecht,26,Overleden,2,8
2020-04-21,737,Tytsjerksteradiel,Friesland,21,Totaal,0,15
2020-04-21,737,Tytsjerksteradiel,Friesland,21,Ziekenhuisopname,0,4
2020-04-21,737,Tytsjerksteradiel,Friesland,21,Overleden,0,1
2020-04-21,743,Asten,Noord-Brabant,30,Totaal,0,60
2020-04-21,743,Asten,Noord-Brabant,30,Ziekenhuisopname,0,14
2020-04-21,743,Asten,Noord-Brabant,30,Overleden,1,7
2020-04-21,744,Baarle-Nassau,Noord-Brabant,30,Totaal,0,5
2020-04-21,744,Baarle-Nassau,Noord-Brabant,30,Ziekenhuisopname,0,1
2020-04-21,744,Baarle-Nassau,Noord-Brabant,30,Overleden,0,0
2020-04-21,748,Bergen op Zoom,Noord-Brabant,30,Totaal,3,82
2020-04-21,748,Bergen op Zoom,Noord-Brabant,30,Ziekenhuisopname,0,21
2020-04-21,748,Bergen op Zoom,Noord-Brabant,30,Overleden,1,6
2020-04-21,753,Best,Noord-Brabant,30,Totaal,0,48
2020-04-21,753,Best,Noord-Brabant,30,Ziekenhuisopname,0,31
2020-04-21,753,Best,Noord-Brabant,30,Overleden,0,8
2020-04-21,755,Boekel,Noord-Brabant,30,Totaal,0,85
2020-04-21,755,Boekel,Noord-Brabant,30,Ziekenhuisopname,0,31
2020-04-21,755,Boekel,Noord-Brabant,30,Overleden,0,21
2020-04-21,756,Boxmeer,Noord-Brabant,30,Totaal,0,90
2020-04-21,756,Boxmeer,Noord-Brabant,30,Ziekenhuisopname,0,18
2020-04-21,756,Boxmeer,Noord-Brabant,30,Overleden,0,14
2020-04-21,757,Boxtel,Noord-Brabant,30,Totaal,1,51
2020-04-21,757,Boxtel,Noord-Brabant,30,Ziekenhuisopname,0,20
2020-04-21,757,Boxtel,Noord-Brabant,30,Overleden,0,11
2020-04-21,758,Breda,Noord-Brabant,30,Totaal,4,396
2020-04-21,758,Breda,Noord-Brabant,30,Ziekenhuisopname,1,140
2020-04-21,758,Breda,Noord-Brabant,30,Overleden,0,52
2020-04-21,762,Deurne,Noord-Brabant,30,Totaal,3,125
2020-04-21,762,Deurne,Noord-Brabant,30,Ziekenhuisopname,0,50
2020-04-21,762,Deurne,Noord-Brabant,30,Overleden,0,16
2020-04-21,765,Pekela,Groningen,20,Totaal,0,5
2020-04-21,765,Pekela,Groningen,20,Ziekenhuisopname,0,4
2020-04-21,765,Pekela,Groningen,20,Overleden,0,0
2020-04-21,766,Dongen,Noord-Brabant,30,Totaal,0,61
2020-04-21,766,Dongen,Noord-Brabant,30,Ziekenhuisopname,0,15
2020-04-21,766,Dongen,Noord-Brabant,30,Overleden,0,10
2020-04-21,770,Eersel,Noord-Brabant,30,Totaal,0,56
2020-04-21,770,Eersel,Noord-Brabant,30,Ziekenhuisopname,0,22
2020-04-21,770,Eersel,Noord-Brabant,30,Overleden,1,8
2020-04-21,772,Eindhoven,Noord-Brabant,30,Totaal,4,374
2020-04-21,772,Eindhoven,Noord-Brabant,30,Ziekenhuisopname,0,142
2020-04-21,772,Eindhoven,Noord-Brabant,30,Overleden,1,58
2020-04-21,777,Etten-Leur,Noord-Brabant,30,Totaal,4,140
2020-04-21,777,Etten-Leur,Noord-Brabant,30,Ziekenhuisopname,1,39
2020-04-21,777,Etten-Leur,Noord-Brabant,30,Overleden,0,25
2020-04-21,779,Geertruidenberg,Noord-Brabant,30,Totaal,1,32
2020-04-21,779,Geertruidenberg,Noord-Brabant,30,Ziekenhuisopname,0,10
2020-04-21,779,Geertruidenberg,Noord-Brabant,30,Overleden,0,5
2020-04-21,784,Gilze en Rijen,Noord-Brabant,30,Totaal,2,63
2020-04-21,784,Gilze en Rijen,Noord-Brabant,30,Ziekenhuisopname,0,17
2020-04-21,784,Gilze en Rijen,Noord-Brabant,30,Overleden,2,12
2020-04-21,785,Goirle,Noord-Brabant,30,Totaal,2,63
2020-04-21,785,Goirle,Noord-Brabant,30,Ziekenhuisopname,1,26
2020-04-21,785,Goirle,Noord-Brabant,30,Overleden,1,15
2020-04-21,786,Grave,Noord-Brabant,30,Totaal,4,52
2020-04-21,786,Grave,Noord-Brabant,30,Ziekenhuisopname,0,18
2020-04-21,786,Grave,Noord-Brabant,30,Overleden,0,6
2020-04-21,788,Haaren,Noord-Brabant,30,Totaal,0,36
2020-04-21,788,Haaren,Noord-Brabant,30,Ziekenhuisopname,0,17
2020-04-21,788,Haaren,Noord-Brabant,30,Overleden,0,7
2020-04-21,794,Helmond,Noord-Brabant,30,Totaal,2,259
2020-04-21,794,Helmond,Noord-Brabant,30,Ziekenhuisopname,0,90
2020-04-21,794,Helmond,Noord-Brabant,30,Overleden,1,32
2020-04-21,796,'s-Hertogenbosch,Noord-Brabant,30,Totaal,8,374
2020-04-21,796,'s-Hertogenbosch,Noord-Brabant,30,Ziekenhuisopname,2,117
2020-04-21,796,'s-Hertogenbosch,Noord-Brabant,30,Overleden,1,60
2020-04-21,797,Heusden,Noord-Brabant,30,Totaal,9,109
2020-04-21,797,Heusden,Noord-Brabant,30,Ziekenhuisopname,2,42
2020-04-21,797,Heusden,Noord-Brabant,30,Overleden,0,13
2020-04-21,798,Hilvarenbeek,Noord-Brabant,30,Totaal,0,31
2020-04-21,798,Hilvarenbeek,Noord-Brabant,30,Ziekenhuisopname,0,7
2020-04-21,798,Hilvarenbeek,Noord-Brabant,30,Overleden,0,4
2020-04-21,809,Loon op Zand,Noord-Brabant,30,Totaal,1,49
2020-04-21,809,Loon op Zand,Noord-Brabant,30,Ziekenhuisopname,0,20
2020-04-21,809,Loon op Zand,Noord-Brabant,30,Overleden,0,5
2020-04-21,815,Mill en Sint Hubert,Noord-Brabant,30,Totaal,1,28
2020-04-21,815,Mill en Sint Hubert,Noord-Brabant,30,Ziekenhuisopname,0,9
2020-04-21,815,Mill en Sint Hubert,Noord-Brabant,30,Overleden,0,4
2020-04-21,820,"Nuenen, Gerwen en Nederwetten",Noord-Brabant,30,Totaal,0,41
2020-04-21,820,"Nuenen, Gerwen en Nederwetten",Noord-Brabant,30,Ziekenhuisopname,0,15
2020-04-21,820,"Nuenen, Gerwen en Nederwetten",Noord-Brabant,30,Overleden,0,5
2020-04-21,823,Oirschot,Noord-Brabant,30,Totaal,1,48
2020-04-21,823,Oirschot,Noord-Brabant,30,Ziekenhuisopname,0,12
2020-04-21,823,Oirschot,Noord-Brabant,30,Overleden,0,6
2020-04-21,824,Oisterwijk,Noord-Brabant,30,Totaal,1,54
2020-04-21,824,Oisterwijk,Noord-Brabant,30,Ziekenhuisopname,0,16
2020-04-21,824,Oisterwijk,Noord-Brabant,30,Overleden,0,9
2020-04-21,826,Oosterhout,Noord-Brabant,30,Totaal,1,82
2020-04-21,826,Oosterhout,Noord-Brabant,30,Ziekenhuisopname,0,39
2020-04-21,826,Oosterhout,Noord-Brabant,30,Overleden,1,11
2020-04-21,828,Oss,Noord-Brabant,30,Totaal,7,384
2020-04-21,828,Oss,Noord-Brabant,30,Ziekenhuisopname,2,119
2020-04-21,828,Oss,Noord-Brabant,30,Overleden,3,74
2020-04-21,840,Rucphen,Noord-Brabant,30,Totaal,1,44
2020-04-21,840,Rucphen,Noord-Brabant,30,Ziekenhuisopname,0,7
2020-04-21,840,Rucphen,Noord-Brabant,30,Overleden,1,7
2020-04-21,845,Sint-Michielsgestel,Noord-Brabant,30,Totaal,1,77
2020-04-21,845,Sint-Michielsgestel,Noord-Brabant,30,Ziekenhuisopname,0,34
2020-04-21,845,Sint-Michielsgestel,Noord-Brabant,30,Overleden,1,13
2020-04-21,847,Someren,Noord-Brabant,30,Totaal,1,79
2020-04-21,847,Someren,Noord-Brabant,30,Ziekenhuisopname,0,29
2020-04-21,847,Someren,Noord-Brabant,30,Overleden,0,6
2020-04-21,848,Son en Breugel,Noord-Brabant,30,Totaal,0,64
2020-04-21,848,Son en Breugel,Noord-Brabant,30,Ziekenhuisopname,0,27
2020-04-21,848,Son en Breugel,Noord-Brabant,30,Overleden,0,11
2020-04-21,851,Steenbergen,Noord-Brabant,30,Totaal,3,57
2020-04-21,851,Steenbergen,Noord-Brabant,30,Ziekenhuisopname,0,12
2020-04-21,851,Steenbergen,Noord-Brabant,30,Overleden,1,7
2020-04-21,852,Waterland,Noord-Holland,27,Totaal,1,26
2020-04-21,852,Waterland,Noord-Holland,27,Ziekenhuisopname,0,14
2020-04-21,852,Waterland,Noord-Holland,27,Overleden,1,3
2020-04-21,855,Tilburg,Noord-Brabant,30,Totaal,17,590
2020-04-21,855,Tilburg,Noord-Brabant,30,Ziekenhuisopname,1,164
2020-04-21,855,Tilburg,Noord-Brabant,30,Overleden,5,125
2020-04-21,856,Uden,Noord-Brabant,30,Totaal,6,232
2020-04-21,856,Uden,Noord-Brabant,30,Ziekenhuisopname,3,93
2020-04-21,856,Uden,Noord-Brabant,30,Overleden,1,58
2020-04-21,858,Valkenswaard,Noord-Brabant,30,Totaal,2,118
2020-04-21,858,Valkenswaard,Noord-Brabant,30,Ziekenhuisopname,0,15
2020-04-21,858,Valkenswaard,Noord-Brabant,30,Overleden,2,28
2020-04-21,861,Veldhoven,Noord-Brabant,30,Totaal,1,107
2020-04-21,861,Veldhoven,Noord-Brabant,30,Ziekenhuisopname,0,25
2020-04-21,861,Veldhoven,Noord-Brabant,30,Overleden,0,15
2020-04-21,865,Vught,Noord-Brabant,30,Totaal,1,88
2020-04-21,865,Vught,Noord-Brabant,30,Ziekenhuisopname,0,37
2020-04-21,865,Vught,Noord-Brabant,30,Overleden,0,15
2020-04-21,866,Waalre,Noord-Brabant,30,Totaal,1,25
2020-04-21,866,Waalre,Noord-Brabant,30,Ziekenhuisopname,0,6
2020-04-21,866,Waalre,Noord-Brabant,30,Overleden,0,4
2020-04-21,867,Waalwijk,Noord-Brabant,30,Totaal,5,123
2020-04-21,867,Waalwijk,Noord-Brabant,30,Ziekenhuisopname,0,23
2020-04-21,867,Waalwijk,Noord-Brabant,30,Overleden,0,24
2020-04-21,873,Woensdrecht,Noord-Brabant,30,Totaal,4,50
2020-04-21,873,Woensdrecht,Noord-Brabant,30,Ziekenhuisopname,0,4
2020-04-21,873,Woensdrecht,Noord-Brabant,30,Overleden,4,4
2020-04-21,879,Zundert,Noord-Brabant,30,Totaal,3,60
2020-04-21,879,Zundert,Noord-Brabant,30,Ziekenhuisopname,0,19
2020-04-21,879,Zundert,Noord-Brabant,30,Overleden,0,8
2020-04-21,880,Wormerland,Noord-Holland,27,Totaal,0,35
2020-04-21,880,Wormerland,Noord-Holland,27,Ziekenhuisopname,1,17
2020-04-21,880,Wormerland,Noord-Holland,27,Overleden,0,6
2020-04-21,882,Landgraaf,Limburg,31,Totaal,2,109
2020-04-21,882,Landgraaf,Limburg,31,Ziekenhuisopname,1,47
2020-04-21,882,Landgraaf,Limburg,31,Overleden,0,11
2020-04-21,888,Beek,Limburg,31,Totaal,3,36
2020-04-21,888,Beek,Limburg,31,Ziekenhuisopname,0,14
2020-04-21,888,Beek,Limburg,31,Overleden,0,3
2020-04-21,889,Beesel,Limburg,31,Totaal,0,38
2020-04-21,889,Beesel,Limburg,31,Ziekenhuisopname,0,20
2020-04-21,889,Beesel,Limburg,31,Overleden,0,7
2020-04-21,893,Bergen (L.),Limburg,31,Totaal,1,17
2020-04-21,893,Bergen (L.),Limburg,31,Ziekenhuisopname,0,6
2020-04-21,893,Bergen (L.),Limburg,31,Overleden,0,2
2020-04-21,899,Brunssum,Limburg,31,Totaal,4,69
2020-04-21,899,Brunssum,Limburg,31,Ziekenhuisopname,2,34
2020-04-21,899,Brunssum,Limburg,31,Overleden,0,11
2020-04-21,907,Gennep,Limburg,31,Totaal,0,48
2020-04-21,907,Gennep,Limburg,31,Ziekenhuisopname,0,15
2020-04-21,907,Gennep,Limburg,31,Overleden,0,10
2020-04-21,917,Heerlen,Limburg,31,Totaal,17,266
2020-04-21,917,Heerlen,Limburg,31,Ziekenhuisopname,5,106
2020-04-21,917,Heerlen,Limburg,31,Overleden,0,40
2020-04-21,928,Kerkrade,Limburg,31,Totaal,3,130
2020-04-21,928,Kerkrade,Limburg,31,Ziekenhuisopname,0,53
2020-04-21,928,Kerkrade,Limburg,31,Overleden,2,19
2020-04-21,935,Maastricht,Limburg,31,Totaal,15,550
2020-04-21,935,Maastricht,Limburg,31,Ziekenhuisopname,6,155
2020-04-21,935,Maastricht,Limburg,31,Overleden,1,64
2020-04-21,938,Meerssen,Limburg,31,Totaal,2,74
2020-04-21,938,Meerssen,Limburg,31,Ziekenhuisopname,1,18
2020-04-21,938,Meerssen,Limburg,31,Overleden,0,9
2020-04-21,944,Mook en Middelaar,Limburg,31,Totaal,0,31
2020-04-21,944,Mook en Middelaar,Limburg,31,Ziekenhuisopname,0,6
2020-04-21,944,Mook en Middelaar,Limburg,31,Overleden,0,4
2020-04-21,946,Nederweert,Limburg,31,Totaal,0,43
2020-04-21,946,Nederweert,Limburg,31,Ziekenhuisopname,0,28
2020-04-21,946,Nederweert,Limburg,31,Overleden,0,6
2020-04-21,957,Roermond,Limburg,31,Totaal,2,115
2020-04-21,957,Roermond,Limburg,31,Ziekenhuisopname,0,53
2020-04-21,957,Roermond,Limburg,31,Overleden,0,20
2020-04-21,965,Simpelveld,Limburg,31,Totaal,0,37
2020-04-21,965,Simpelveld,Limburg,31,Ziekenhuisopname,0,17
2020-04-21,965,Simpelveld,Limburg,31,Overleden,0,3
2020-04-21,971,Stein,Limburg,31,Totaal,2,91
2020-04-21,971,Stein,Limburg,31,Ziekenhuisopname,0,38
2020-04-21,971,Stein,Limburg,31,Overleden,0,15
2020-04-21,981,Vaals,Limburg,31,Totaal,0,27
2020-04-21,981,Vaals,Limburg,31,Ziekenhuisopname,0,9
2020-04-21,981,Vaals,Limburg,31,Overleden,0,1
2020-04-21,983,Venlo,Limburg,31,Totaal,7,255
2020-04-21,983,Venlo,Limburg,31,Ziekenhuisopname,0,118
2020-04-21,983,Venlo,Limburg,31,Overleden,0,49
2020-04-21,984,Venray,Limburg,31,Totaal,0,92
2020-04-21,984,Venray,Limburg,31,Ziekenhuisopname,0,36
2020-04-21,984,Venray,Limburg,31,Overleden,0,16
2020-04-21,986,Voerendaal,Limburg,31,Totaal,2,38
2020-04-21,986,Voerendaal,Limburg,31,Ziekenhuisopname,0,16
2020-04-21,986,Voerendaal,Limburg,31,Overleden,0,6
2020-04-21,988,Weert,Limburg,31,Totaal,0,106
2020-04-21,988,Weert,Limburg,31,Ziekenhuisopname,1,58
2020-04-21,988,Weert,Limburg,31,Overleden,0,10
2020-04-21,994,Valkenburg aan de Geul,Limburg,31,Totaal,4,61
2020-04-21,994,Valkenburg aan de Geul,Limburg,31,Ziekenhuisopname,0,16
2020-04-21,994,Valkenburg aan de Geul,Limburg,31,Overleden,0,6
2020-04-21,995,Lelystad,Flevoland,24,Totaal,1,114
2020-04-21,995,Lelystad,Flevoland,24,Ziekenhuisopname,1,50
2020-04-21,995,Lelystad,Flevoland,24,Overleden,3,10
2020-04-21,1507,Horst aan de Maas,Limburg,31,Totaal,0,102
2020-04-21,1507,Horst aan de Maas,Limburg,31,Ziekenhuisopname,0,40
2020-04-21,1507,Horst aan de Maas,Limburg,31,Overleden,0,19
2020-04-21,1509,Oude IJsselstreek,Gelderland,25,Totaal,1,51
2020-04-21,1509,Oude IJsselstreek,Gelderland,25,Ziekenhuisopname,1,13
2020-04-21,1509,Oude IJsselstreek,Gelderland,25,Overleden,1,6
2020-04-21,1525,Teylingen,Zuid-Holland,28,Totaal,1,40
2020-04-21,1525,Teylingen,Zuid-Holland,28,Ziekenhuisopname,0,12
2020-04-21,1525,Teylingen,Zuid-Holland,28,Overleden,0,0
2020-04-21,1581,Utrechtse Heuvelrug,Utrecht,26,Totaal,2,82
2020-04-21,1581,Utrechtse Heuvelrug,Utrecht,26,Ziekenhuisopname,1,25
2020-04-21,1581,Utrechtse Heuvelrug,Utrecht,26,Overleden,0,6
2020-04-21,1586,Oost Gelre,Gelderland,25,Totaal,0,45
2020-04-21,1586,Oost Gelre,Gelderland,25,Ziekenhuisopname,0,9
2020-04-21,1586,Oost Gelre,Gelderland,25,Overleden,0,5
2020-04-21,1598,Koggenland,Noord-Holland,27,Totaal,0,30
2020-04-21,1598,Koggenland,Noord-Holland,27,Ziekenhuisopname,0,6
2020-04-21,1598,Koggenland,Noord-Holland,27,Overleden,0,6
2020-04-21,1621,Lansingerland,Zuid-Holland,28,Totaal,1,149
2020-04-21,1621,Lansingerland,Zuid-Holland,28,Ziekenhuisopname,0,35
2020-04-21,1621,Lansingerland,Zuid-Holland,28,Overleden,0,15
2020-04-21,1640,Leudal,Limburg,31,Totaal,0,160
2020-04-21,1640,Leudal,Limburg,31,Ziekenhuisopname,0,53
2020-04-21,1640,Leudal,Limburg,31,Overleden,0,22
2020-04-21,1641,Maasgouw,Limburg,31,Totaal,2,70
2020-04-21,1641,Maasgouw,Limburg,31,Ziekenhuisopname,0,26
2020-04-21,1641,Maasgouw,Limburg,31,Overleden,0,10
2020-04-21,1652,Gemert-Bakel,Noord-Brabant,30,Totaal,0,154
2020-04-21,1652,Gemert-Bakel,Noord-Brabant,30,Ziekenhuisopname,0,71
2020-04-21,1652,Gemert-Bakel,Noord-Brabant,30,Overleden,0,29
2020-04-21,1655,Halderberge,Noord-Brabant,30,Totaal,0,51
2020-04-21,1655,Halderberge,Noord-Brabant,30,Ziekenhuisopname,0,13
2020-04-21,1655,Halderberge,Noord-Brabant,30,Overleden,0,6
2020-04-21,1658,Heeze-Leende,Noord-Brabant,30,Totaal,0,51
2020-04-21,1658,Heeze-Leende,Noord-Brabant,30,Ziekenhuisopname,0,13
2020-04-21,1658,Heeze-Leende,Noord-Brabant,30,Overleden,0,6
2020-04-21,1659,Laarbeek,Noord-Brabant,30,Totaal,1,90
2020-04-21,1659,Laarbeek,Noord-Brabant,30,Ziekenhuisopname,0,35
2020-04-21,1659,Laarbeek,Noord-Brabant,30,Overleden,1,25
2020-04-21,1667,Reusel-De Mierden,Noord-Brabant,30,Totaal,0,21
2020-04-21,1667,Reusel-De Mierden,Noord-Brabant,30,Ziekenhuisopname,0,10
2020-04-21,1667,Reusel-De Mierden,Noord-Brabant,30,Overleden,0,1
2020-04-21,1669,Roerdalen,Limburg,31,Totaal,-1,43
2020-04-21,1669,Roerdalen,Limburg,31,Ziekenhuisopname,0,26
2020-04-21,1669,Roerdalen,Limburg,31,Overleden,1,7
2020-04-21,1674,Roosendaal,Noord-Brabant,30,Totaal,2,168
2020-04-21,1674,Roosendaal,Noord-Brabant,30,Ziekenhuisopname,0,23
2020-04-21,1674,Roosendaal,Noord-Brabant,30,Overleden,0,15
2020-04-21,1676,Schouwen-Duiveland,Zeeland,29,Totaal,0,30
2020-04-21,1676,Schouwen-Duiveland,Zeeland,29,Ziekenhuisopname,0,11
2020-04-21,1676,Schouwen-Duiveland,Zeeland,29,Overleden,0,0
2020-04-21,1680,Aa en Hunze,Drenthe,22,Totaal,0,13
2020-04-21,1680,Aa en Hunze,Drenthe,22,Ziekenhuisopname,0,1
2020-04-21,1680,Aa en Hunze,Drenthe,22,Overleden,0,0
2020-04-21,1681,Borger-Odoorn,Drenthe,22,Totaal,1,6
2020-04-21,1681,Borger-Odoorn,Drenthe,22,Ziekenhuisopname,0,2
2020-04-21,1681,Borger-Odoorn,Drenthe,22,Overleden,0,3
2020-04-21,1684,Cuijk,Noord-Brabant,30,Totaal,0,48
2020-04-21,1684,Cuijk,Noord-Brabant,30,Ziekenhuisopname,0,11
2020-04-21,1684,Cuijk,Noord-Brabant,30,Overleden,0,7
2020-04-21,1685,Landerd,Noord-Brabant,30,Totaal,2,113
2020-04-21,1685,Landerd,Noord-Brabant,30,Ziekenhuisopname,1,31
2020-04-21,1685,Landerd,Noord-Brabant,30,Overleden,0,15
2020-04-21,1690,De Wolden,Drenthe,22,Totaal,0,35
2020-04-21,1690,De Wolden,Drenthe,22,Ziekenhuisopname,1,10
2020-04-21,1690,De Wolden,Drenthe,22,Overleden,0,0
2020-04-21,1695,Noord-Beveland,Zeeland,29,Totaal,0,5
2020-04-21,1695,Noord-Beveland,Zeeland,29,Ziekenhuisopname,0,1
2020-04-21,1695,Noord-Beveland,Zeeland,29,Overleden,0,0
2020-04-21,1696,Wijdemeren,Noord-Holland,27,Totaal,0,21
2020-04-21,1696,Wijdemeren,Noord-Holland,27,Ziekenhuisopname,0,7
2020-04-21,1696,Wijdemeren,Noord-Holland,27,Overleden,0,0
2020-04-21,1699,Noordenveld,Drenthe,22,Totaal,0,17
2020-04-21,1699,Noordenveld,Drenthe,22,Ziekenhuisopname,1,3
2020-04-21,1699,Noordenveld,Drenthe,22,Overleden,0,1
2020-04-21,1700,Twenterand,Overijssel,23,Totaal,2,47
2020-04-21,1700,Twenterand,Overijssel,23,Ziekenhuisopname,0,11
2020-04-21,1700,Twenterand,Overijssel,23,Overleden,0,2
2020-04-21,1701,Westerveld,Drenthe,22,Totaal,0,28
2020-04-21,1701,Westerveld,Drenthe,22,Ziekenhuisopname,0,8
2020-04-21,1701,Westerveld,Drenthe,22,Overleden,0,2
2020-04-21,1702,Sint Anthonis,Noord-Brabant,30,Totaal,0,56
2020-04-21,1702,Sint Anthonis,Noord-Brabant,30,Ziekenhuisopname,0,19
2020-04-21,1702,Sint Anthonis,Noord-Brabant,30,Overleden,0,10
2020-04-21,1705,Lingewaard,Gelderland,25,Totaal,5,83
2020-04-21,1705,Lingewaard,Gelderland,25,Ziekenhuisopname,0,28
2020-04-21,1705,Lingewaard,Gelderland,25,Overleden,0,5
2020-04-21,1706,Cranendonck,Noord-Brabant,30,Totaal,1,152
2020-04-21,1706,Cranendonck,Noord-Brabant,30,Ziekenhuisopname,0,58
2020-04-21,1706,Cranendonck,Noord-Brabant,30,Overleden,3,26
2020-04-21,1708,Steenwijkerland,Overijssel,23,Totaal,3,76
2020-04-21,1708,Steenwijkerland,Overijssel,23,Ziekenhuisopname,0,12
2020-04-21,1708,Steenwijkerland,Overijssel,23,Overleden,0,4
2020-04-21,1709,Moerdijk,Noord-Brabant,30,Totaal,0,53
2020-04-21,1709,Moerdijk,Noord-Brabant,30,Ziekenhuisopname,0,13
2020-04-21,1709,Moerdijk,Noord-Brabant,30,Overleden,0,6
2020-04-21,1711,Echt-Susteren,Limburg,31,Totaal,-1,75
2020-04-21,1711,Echt-Susteren,Limburg,31,Ziekenhuisopname,0,36
2020-04-21,1711,Echt-Susteren,Limburg,31,Overleden,0,14
2020-04-21,1714,Sluis,Zeeland,29,Totaal,0,16
2020-04-21,1714,Sluis,Zeeland,29,Ziekenhuisopname,0,7
2020-04-21,1714,Sluis,Zeeland,29,Overleden,0,4
2020-04-21,1719,Drimmelen,Noord-Brabant,30,Totaal,3,53
2020-04-21,1719,Drimmelen,Noord-Brabant,30,Ziekenhuisopname,0,18
2020-04-21,1719,Drimmelen,Noord-Brabant,30,Overleden,0,4
2020-04-21,1721,Bernheze,Noord-Brabant,30,Totaal,5,233
2020-04-21,1721,Bernheze,Noord-Brabant,30,Ziekenhuisopname,0,79
2020-04-21,1721,Bernheze,Noord-Brabant,30,Overleden,2,52
2020-04-21,1723,Alphen-Chaam,Noord-Brabant,30,Totaal,0,43
2020-04-21,1723,Alphen-Chaam,Noord-Brabant,30,Ziekenhuisopname,0,17
2020-04-21,1723,Alphen-Chaam,Noord-Brabant,30,Overleden,0,5
2020-04-21,1724,Bergeijk,Noord-Brabant,30,Totaal,0,47
2020-04-21,1724,Bergeijk,Noord-Brabant,30,Ziekenhuisopname,0,14
2020-04-21,1724,Bergeijk,Noord-Brabant,30,Overleden,0,4
2020-04-21,1728,Bladel,Noord-Brabant,30,Totaal,2,48
2020-04-21,1728,Bladel,Noord-Brabant,30,Ziekenhuisopname,0,17
2020-04-21,1728,Bladel,Noord-Brabant,30,Overleden,0,7
2020-04-21,1729,Gulpen-Wittem,Limburg,31,Totaal,9,59
2020-04-21,1729,Gulpen-Wittem,Limburg,31,Ziekenhuisopname,2,18
2020-04-21,1729,Gulpen-Wittem,Limburg,31,Overleden,2,8
2020-04-21,1730,Tynaarlo,Drenthe,22,Totaal,0,36
2020-04-21,1730,Tynaarlo,Drenthe,22,Ziekenhuisopname,0,8
2020-04-21,1730,Tynaarlo,Drenthe,22,Overleden,0,0
2020-04-21,1731,Midden-Drenthe,Drenthe,22,Totaal,0,18
2020-04-21,1731,Midden-Drenthe,Drenthe,22,Ziekenhuisopname,0,6
2020-04-21,1731,Midden-Drenthe,Drenthe,22,Overleden,0,0
2020-04-21,1734,Overbetuwe,Gelderland,25,Totaal,1,108
2020-04-21,1734,Overbetuwe,Gelderland,25,Ziekenhuisopname,0,55
2020-04-21,1734,Overbetuwe,Gelderland,25,Overleden,0,11
2020-04-21,1735,Hof van Twente,Overijssel,23,Totaal,0,57
2020-04-21,1735,Hof van Twente,Overijssel,23,Ziekenhuisopname,0,14
2020-04-21,1735,Hof van Twente,Overijssel,23,Overleden,0,2
2020-04-21,1740,Neder-Betuwe,Gelderland,25,Totaal,2,85
2020-04-21,1740,Neder-Betuwe,Gelderland,25,Ziekenhuisopname,0,31
2020-04-21,1740,Neder-Betuwe,Gelderland,25,Overleden,0,15
2020-04-21,1742,Rijssen-Holten,Overijssel,23,Totaal,3,103
2020-04-21,1742,Rijssen-Holten,Overijssel,23,Ziekenhuisopname,0,26
2020-04-21,1742,Rijssen-Holten,Overijssel,23,Overleden,2,6
2020-04-21,1771,Geldrop-Mierlo,Noord-Brabant,30,Totaal,2,86
2020-04-21,1771,Geldrop-Mierlo,Noord-Brabant,30,Ziekenhuisopname,0,25
2020-04-21,1771,Geldrop-Mierlo,Noord-Brabant,30,Overleden,1,14
2020-04-21,1773,Olst-Wijhe,Overijssel,23,Totaal,2,40
2020-04-21,1773,Olst-Wijhe,Overijssel,23,Ziekenhuisopname,0,12
2020-04-21,1773,Olst-Wijhe,Overijssel,23,Overleden,1,6
2020-04-21,1774,Dinkelland,Overijssel,23,Totaal,1,66
2020-04-21,1774,Dinkelland,Overijssel,23,Ziekenhuisopname,0,17
2020-04-21,1774,Dinkelland,Overijssel,23,Overleden,0,7
2020-04-21,1783,Westland,Zuid-Holland,28,Totaal,2,208
2020-04-21,1783,Westland,Zuid-Holland,28,Ziekenhuisopname,1,49
2020-04-21,1783,Westland,Zuid-Holland,28,Overleden,1,22
2020-04-21,1842,Midden-Delfland,Zuid-Holland,28,Totaal,1,14
2020-04-21,1842,Midden-Delfland,Zuid-Holland,28,Ziekenhuisopname,0,4
2020-04-21,1842,Midden-Delfland,Zuid-Holland,28,Overleden,0,0
2020-04-21,1859,Berkelland,Gelderland,25,Totaal,0,52
2020-04-21,1859,Berkelland,Gelderland,25,Ziekenhuisopname,0,6
2020-04-21,1859,Berkelland,Gelderland,25,Overleden,0,3
2020-04-21,1876,Bronckhorst,Gelderland,25,Totaal,0,51
2020-04-21,1876,Bronckhorst,Gelderland,25,Ziekenhuisopname,0,11
2020-04-21,1876,Bronckhorst,Gelderland,25,Overleden,0,5
2020-04-21,1883,Sittard-Geleen,Limburg,31,Totaal,6,306
2020-04-21,1883,Sittard-Geleen,Limburg,31,Ziekenhuisopname,0,95
2020-04-21,1883,Sittard-Geleen,Limburg,31,Overleden,1,42
2020-04-21,1884,Kaag en Braassem,Zuid-Holland,28,Totaal,0,21
2020-04-21,1884,Kaag en Braassem,Zuid-Holland,28,Ziekenhuisopname,0,6
2020-04-21,1884,Kaag en Braassem,Zuid-Holland,28,Overleden,0,2
2020-04-21,1891,Dantumadiel,Friesland,21,Totaal,0,6
2020-04-21,1891,Dantumadiel,Friesland,21,Ziekenhuisopname,0,2
2020-04-21,1891,Dantumadiel,Friesland,21,Overleden,0,0
2020-04-21,1892,Zuidplas,Zuid-Holland,28,Totaal,4,101
2020-04-21,1892,Zuidplas,Zuid-Holland,28,Ziekenhuisopname,0,19
2020-04-21,1892,Zuidplas,Zuid-Holland,28,Overleden,2,7
2020-04-21,1894,Peel en Maas,Limburg,31,Totaal,1,239
2020-04-21,1894,Peel en Maas,Limburg,31,Ziekenhuisopname,0,139
2020-04-21,1894,Peel en Maas,Limburg,31,Overleden,0,56
2020-04-21,1895,Oldambt,Groningen,20,Totaal,0,8
2020-04-21,1895,Oldambt,Groningen,20,Ziekenhuisopname,0,4
2020-04-21,1895,Oldambt,Groningen,20,Overleden,0,0
2020-04-21,1896,Zwartewaterland,Overijssel,23,Totaal,1,120
2020-04-21,1896,Zwartewaterland,Overijssel,23,Ziekenhuisopname,0,32
2020-04-21,1896,Zwartewaterland,Overijssel,23,Overleden,0,12
2020-04-21,1900,Sdwest-Frysln,Friesland,21,Totaal,0,68
2020-04-21,1900,Sdwest-Frysln,Friesland,21,Ziekenhuisopname,0,17
2020-04-21,1900,Sdwest-Frysln,Friesland,21,Overleden,0,1
2020-04-21,1901,Bodegraven-Reeuwijk,Zuid-Holland,28,Totaal,0,35
2020-04-21,1901,Bodegraven-Reeuwijk,Zuid-Holland,28,Ziekenhuisopname,0,7
2020-04-21,1901,Bodegraven-Reeuwijk,Zuid-Holland,28,Overleden,0,2
2020-04-21,1903,Eijsden-Margraten,Limburg,31,Totaal,2,130
2020-04-21,1903,Eijsden-Margraten,Limburg,31,Ziekenhuisopname,0,49
2020-04-21,1903,Eijsden-Margraten,Limburg,31,Overleden,0,19
2020-04-21,1904,Stichtse Vecht,Utrecht,26,Totaal,3,82
2020-04-21,1904,Stichtse Vecht,Utrecht,26,Ziekenhuisopname,0,28
2020-04-21,1904,Stichtse Vecht,Utrecht,26,Overleden,0,6
2020-04-21,1911,Hollands Kroon,Noord-Holland,27,Totaal,2,56
2020-04-21,1911,Hollands Kroon,Noord-Holland,27,Ziekenhuisopname,0,26
2020-04-21,1911,Hollands Kroon,Noord-Holland,27,Overleden,0,5
2020-04-21,1916,Leidschendam-Voorburg,Zuid-Holland,28,Totaal,4,76
2020-04-21,1916,Leidschendam-Voorburg,Zuid-Holland,28,Ziekenhuisopname,-1,19
2020-04-21,1916,Leidschendam-Voorburg,Zuid-Holland,28,Overleden,0,6
2020-04-21,1924,Goeree-Overflakkee,Zuid-Holland,28,Totaal,3,238
2020-04-21,1924,Goeree-Overflakkee,Zuid-Holland,28,Ziekenhuisopname,0,52
2020-04-21,1924,Goeree-Overflakkee,Zuid-Holland,28,Overleden,0,25
2020-04-21,1926,Pijnacker-Nootdorp,Zuid-Holland,28,Totaal,0,84
2020-04-21,1926,Pijnacker-Nootdorp,Zuid-Holland,28,Ziekenhuisopname,0,22
2020-04-21,1926,Pijnacker-Nootdorp,Zuid-Holland,28,Overleden,0,6
2020-04-21,1930,Nissewaard,Zuid-Holland,28,Totaal,2,129
2020-04-21,1930,Nissewaard,Zuid-Holland,28,Ziekenhuisopname,1,39
2020-04-21,1930,Nissewaard,Zuid-Holland,28,Overleden,0,9
2020-04-21,1931,Krimpenerwaard,Zuid-Holland,28,Totaal,0,118
2020-04-21,1931,Krimpenerwaard,Zuid-Holland,28,Ziekenhuisopname,0,40
2020-04-21,1931,Krimpenerwaard,Zuid-Holland,28,Overleden,0,20
2020-04-21,1940,De Fryske Marren,Friesland,21,Totaal,1,52
2020-04-21,1940,De Fryske Marren,Friesland,21,Ziekenhuisopname,0,14
2020-04-21,1940,De Fryske Marren,Friesland,21,Overleden,0,5
2020-04-21,1942,Gooise Meren,Noord-Holland,27,Totaal,2,88
2020-04-21,1942,Gooise Meren,Noord-Holland,27,Ziekenhuisopname,0,23
2020-04-21,1942,Gooise Meren,Noord-Holland,27,Overleden,0,2
2020-04-21,1945,Berg en Dal,Gelderland,25,Totaal,1,155
2020-04-21,1945,Berg en Dal,Gelderland,25,Ziekenhuisopname,0,30
2020-04-21,1945,Berg en Dal,Gelderland,25,Overleden,0,13
2020-04-21,1948,Meierijstad,Noord-Brabant,30,Totaal,10,452
2020-04-21,1948,Meierijstad,Noord-Brabant,30,Ziekenhuisopname,3,172
2020-04-21,1948,Meierijstad,Noord-Brabant,30,Overleden,6,112
2020-04-21,1949,Waadhoeke,Friesland,21,Totaal,1,76
2020-04-21,1949,Waadhoeke,Friesland,21,Ziekenhuisopname,0,9
2020-04-21,1949,Waadhoeke,Friesland,21,Overleden,0,7
2020-04-21,1950,Westerwolde,Groningen,20,Totaal,1,6
2020-04-21,1950,Westerwolde,Groningen,20,Ziekenhuisopname,0,5
2020-04-21,1950,Westerwolde,Groningen,20,Overleden,0,0
2020-04-21,1952,Midden-Groningen,Groningen,20,Totaal,0,26
2020-04-21,1952,Midden-Groningen,Groningen,20,Ziekenhuisopname,0,6
2020-04-21,1952,Midden-Groningen,Groningen,20,Overleden,0,1
2020-04-21,1954,Beekdaelen,Limburg,31,Totaal,4,103
2020-04-21,1954,Beekdaelen,Limburg,31,Ziekenhuisopname,0,42
2020-04-21,1954,Beekdaelen,Limburg,31,Overleden,0,19
2020-04-21,1955,Montferland,Gelderland,25,Totaal,4,69
2020-04-21,1955,Montferland,Gelderland,25,Ziekenhuisopname,1,11
2020-04-21,1955,Montferland,Gelderland,25,Overleden,0,4
2020-04-21,1959,Altena,Noord-Brabant,30,Totaal,4,103
2020-04-21,1959,Altena,Noord-Brabant,30,Ziekenhuisopname,0,30
2020-04-21,1959,Altena,Noord-Brabant,30,Overleden,1,11
2020-04-21,1960,West Betuwe,Gelderland,25,Totaal,7,141
2020-04-21,1960,West Betuwe,Gelderland,25,Ziekenhuisopname,2,40
2020-04-21,1960,West Betuwe,Gelderland,25,Overleden,2,15
2020-04-21,1961,Vijfheerenlanden,Utrecht,26,Totaal,3,186
2020-04-21,1961,Vijfheerenlanden,Utrecht,26,Ziekenhuisopname,0,27
2020-04-21,1961,Vijfheerenlanden,Utrecht,26,Overleden,1,32
2020-04-21,1963,Hoeksche Waard,Zuid-Holland,28,Totaal,4,199
2020-04-21,1963,Hoeksche Waard,Zuid-Holland,28,Ziekenhuisopname,2,69
2020-04-21,1963,Hoeksche Waard,Zuid-Holland,28,Overleden,3,12
2020-04-21,1966,Het Hogeland,Groningen,20,Totaal,0,25
2020-04-21,1966,Het Hogeland,Groningen,20,Ziekenhuisopname,0,7
2020-04-21,1966,Het Hogeland,Groningen,20,Overleden,0,1
2020-04-21,1969,Westerkwartier,Groningen,20,Totaal,1,54
2020-04-21,1969,Westerkwartier,Groningen,20,Ziekenhuisopname,0,14
2020-04-21,1969,Westerkwartier,Groningen,20,Overleden,0,4
2020-04-21,1970,Noardeast-Frysln,Friesland,21,Totaal,0,23
2020-04-21,1970,Noardeast-Frysln,Friesland,21,Ziekenhuisopname,0,6
2020-04-21,1970,Noardeast-Frysln,Friesland,21,Overleden,0,4
2020-04-21,1978,Molenlanden,Zuid-Holland,28,Totaal,3,90
2020-04-21,1978,Molenlanden,Zuid-Holland,28,Ziekenhuisopname,0,17
2020-04-21,1978,Molenlanden,Zuid-Holland,28,Overleden,0,4
