Datum,Gemeentecode,Gemeentenaam,Provincienaam,Provinciecode,Type,Aantal,AantalCumulatief
2020-07-24,-1,,,-1,Totaal,-2,496
2020-07-24,-1,,,-1,Ziekenhuisopname,0,61
2020-07-24,-1,,,-1,Overleden,0,18
2020-07-24,3,Appingedam,Groningen,20,Totaal,0,5
2020-07-24,3,Appingedam,Groningen,20,Ziekenhuisopname,0,3
2020-07-24,3,Appingedam,Groningen,20,Overleden,0,0
2020-07-24,10,Delfzijl,Groningen,20,Totaal,0,18
2020-07-24,10,Delfzijl,Groningen,20,Ziekenhuisopname,0,6
2020-07-24,10,Delfzijl,Groningen,20,Overleden,0,0
2020-07-24,14,Groningen,Groningen,20,Totaal,1,179
2020-07-24,14,Groningen,Groningen,20,Ziekenhuisopname,0,18
2020-07-24,14,Groningen,Groningen,20,Overleden,0,3
2020-07-24,24,Loppersum,Groningen,20,Totaal,0,2
2020-07-24,24,Loppersum,Groningen,20,Ziekenhuisopname,0,0
2020-07-24,24,Loppersum,Groningen,20,Overleden,0,0
2020-07-24,34,Almere,Flevoland,24,Totaal,2,457
2020-07-24,34,Almere,Flevoland,24,Ziekenhuisopname,0,123
2020-07-24,34,Almere,Flevoland,24,Overleden,0,31
2020-07-24,37,Stadskanaal,Groningen,20,Totaal,0,9
2020-07-24,37,Stadskanaal,Groningen,20,Ziekenhuisopname,0,2
2020-07-24,37,Stadskanaal,Groningen,20,Overleden,0,2
2020-07-24,47,Veendam,Groningen,20,Totaal,0,8
2020-07-24,47,Veendam,Groningen,20,Ziekenhuisopname,0,2
2020-07-24,47,Veendam,Groningen,20,Overleden,0,0
2020-07-24,50,Zeewolde,Flevoland,24,Totaal,0,50
2020-07-24,50,Zeewolde,Flevoland,24,Ziekenhuisopname,0,12
2020-07-24,50,Zeewolde,Flevoland,24,Overleden,0,6
2020-07-24,59,Achtkarspelen,Friesland,21,Totaal,0,13
2020-07-24,59,Achtkarspelen,Friesland,21,Ziekenhuisopname,0,0
2020-07-24,59,Achtkarspelen,Friesland,21,Overleden,0,0
2020-07-24,60,Ameland,Friesland,21,Totaal,0,0
2020-07-24,60,Ameland,Friesland,21,Ziekenhuisopname,0,0
2020-07-24,60,Ameland,Friesland,21,Overleden,0,0
2020-07-24,72,Harlingen,Friesland,21,Totaal,0,17
2020-07-24,72,Harlingen,Friesland,21,Ziekenhuisopname,0,4
2020-07-24,72,Harlingen,Friesland,21,Overleden,0,1
2020-07-24,74,Heerenveen,Friesland,21,Totaal,0,95
2020-07-24,74,Heerenveen,Friesland,21,Ziekenhuisopname,0,13
2020-07-24,74,Heerenveen,Friesland,21,Overleden,0,21
2020-07-24,80,Leeuwarden,Friesland,21,Totaal,1,71
2020-07-24,80,Leeuwarden,Friesland,21,Ziekenhuisopname,0,33
2020-07-24,80,Leeuwarden,Friesland,21,Overleden,0,6
2020-07-24,85,Ooststellingwerf,Friesland,21,Totaal,0,8
2020-07-24,85,Ooststellingwerf,Friesland,21,Ziekenhuisopname,0,3
2020-07-24,85,Ooststellingwerf,Friesland,21,Overleden,0,0
2020-07-24,86,Opsterland,Friesland,21,Totaal,0,24
2020-07-24,86,Opsterland,Friesland,21,Ziekenhuisopname,0,7
2020-07-24,86,Opsterland,Friesland,21,Overleden,0,0
2020-07-24,88,Schiermonnikoog,Friesland,21,Totaal,0,0
2020-07-24,88,Schiermonnikoog,Friesland,21,Ziekenhuisopname,0,0
2020-07-24,88,Schiermonnikoog,Friesland,21,Overleden,0,0
2020-07-24,90,Smallingerland,Friesland,21,Totaal,0,58
2020-07-24,90,Smallingerland,Friesland,21,Ziekenhuisopname,0,9
2020-07-24,90,Smallingerland,Friesland,21,Overleden,0,5
2020-07-24,93,Terschelling,Friesland,21,Totaal,0,2
2020-07-24,93,Terschelling,Friesland,21,Ziekenhuisopname,0,0
2020-07-24,93,Terschelling,Friesland,21,Overleden,0,0
2020-07-24,96,Vlieland,Friesland,21,Totaal,0,0
2020-07-24,96,Vlieland,Friesland,21,Ziekenhuisopname,0,0
2020-07-24,96,Vlieland,Friesland,21,Overleden,0,0
2020-07-24,98,Weststellingwerf,Friesland,21,Totaal,0,28
2020-07-24,98,Weststellingwerf,Friesland,21,Ziekenhuisopname,0,3
2020-07-24,98,Weststellingwerf,Friesland,21,Overleden,0,4
2020-07-24,106,Assen,Drenthe,22,Totaal,0,51
2020-07-24,106,Assen,Drenthe,22,Ziekenhuisopname,0,12
2020-07-24,106,Assen,Drenthe,22,Overleden,0,2
2020-07-24,109,Coevorden,Drenthe,22,Totaal,0,57
2020-07-24,109,Coevorden,Drenthe,22,Ziekenhuisopname,0,13
2020-07-24,109,Coevorden,Drenthe,22,Overleden,0,2
2020-07-24,114,Emmen,Drenthe,22,Totaal,0,104
2020-07-24,114,Emmen,Drenthe,22,Ziekenhuisopname,0,20
2020-07-24,114,Emmen,Drenthe,22,Overleden,0,11
2020-07-24,118,Hoogeveen,Drenthe,22,Totaal,0,93
2020-07-24,118,Hoogeveen,Drenthe,22,Ziekenhuisopname,0,19
2020-07-24,118,Hoogeveen,Drenthe,22,Overleden,0,8
2020-07-24,119,Meppel,Drenthe,22,Totaal,1,49
2020-07-24,119,Meppel,Drenthe,22,Ziekenhuisopname,0,11
2020-07-24,119,Meppel,Drenthe,22,Overleden,0,5
2020-07-24,141,Almelo,Overijssel,23,Totaal,0,93
2020-07-24,141,Almelo,Overijssel,23,Ziekenhuisopname,0,23
2020-07-24,141,Almelo,Overijssel,23,Overleden,0,9
2020-07-24,147,Borne,Overijssel,23,Totaal,0,50
2020-07-24,147,Borne,Overijssel,23,Ziekenhuisopname,0,14
2020-07-24,147,Borne,Overijssel,23,Overleden,0,6
2020-07-24,148,Dalfsen,Overijssel,23,Totaal,0,82
2020-07-24,148,Dalfsen,Overijssel,23,Ziekenhuisopname,0,16
2020-07-24,148,Dalfsen,Overijssel,23,Overleden,0,6
2020-07-24,150,Deventer,Overijssel,23,Totaal,0,343
2020-07-24,150,Deventer,Overijssel,23,Ziekenhuisopname,0,47
2020-07-24,150,Deventer,Overijssel,23,Overleden,0,33
2020-07-24,153,Enschede,Overijssel,23,Totaal,0,256
2020-07-24,153,Enschede,Overijssel,23,Ziekenhuisopname,0,53
2020-07-24,153,Enschede,Overijssel,23,Overleden,0,25
2020-07-24,158,Haaksbergen,Overijssel,23,Totaal,0,56
2020-07-24,158,Haaksbergen,Overijssel,23,Ziekenhuisopname,0,14
2020-07-24,158,Haaksbergen,Overijssel,23,Overleden,0,7
2020-07-24,160,Hardenberg,Overijssel,23,Totaal,0,171
2020-07-24,160,Hardenberg,Overijssel,23,Ziekenhuisopname,0,23
2020-07-24,160,Hardenberg,Overijssel,23,Overleden,0,8
2020-07-24,163,Hellendoorn,Overijssel,23,Totaal,0,96
2020-07-24,163,Hellendoorn,Overijssel,23,Ziekenhuisopname,0,8
2020-07-24,163,Hellendoorn,Overijssel,23,Overleden,0,12
2020-07-24,164,Hengelo,Overijssel,23,Totaal,0,129
2020-07-24,164,Hengelo,Overijssel,23,Ziekenhuisopname,0,21
2020-07-24,164,Hengelo,Overijssel,23,Overleden,0,19
2020-07-24,166,Kampen,Overijssel,23,Totaal,0,343
2020-07-24,166,Kampen,Overijssel,23,Ziekenhuisopname,0,59
2020-07-24,166,Kampen,Overijssel,23,Overleden,0,27
2020-07-24,168,Losser,Overijssel,23,Totaal,0,26
2020-07-24,168,Losser,Overijssel,23,Ziekenhuisopname,0,7
2020-07-24,168,Losser,Overijssel,23,Overleden,0,0
2020-07-24,171,Noordoostpolder,Flevoland,24,Totaal,0,81
2020-07-24,171,Noordoostpolder,Flevoland,24,Ziekenhuisopname,0,14
2020-07-24,171,Noordoostpolder,Flevoland,24,Overleden,0,10
2020-07-24,173,Oldenzaal,Overijssel,23,Totaal,0,49
2020-07-24,173,Oldenzaal,Overijssel,23,Ziekenhuisopname,0,13
2020-07-24,173,Oldenzaal,Overijssel,23,Overleden,0,7
2020-07-24,175,Ommen,Overijssel,23,Totaal,1,54
2020-07-24,175,Ommen,Overijssel,23,Ziekenhuisopname,0,9
2020-07-24,175,Ommen,Overijssel,23,Overleden,0,2
2020-07-24,177,Raalte,Overijssel,23,Totaal,0,155
2020-07-24,177,Raalte,Overijssel,23,Ziekenhuisopname,0,24
2020-07-24,177,Raalte,Overijssel,23,Overleden,0,17
2020-07-24,180,Staphorst,Overijssel,23,Totaal,0,61
2020-07-24,180,Staphorst,Overijssel,23,Ziekenhuisopname,0,8
2020-07-24,180,Staphorst,Overijssel,23,Overleden,0,4
2020-07-24,183,Tubbergen,Overijssel,23,Totaal,0,81
2020-07-24,183,Tubbergen,Overijssel,23,Ziekenhuisopname,0,12
2020-07-24,183,Tubbergen,Overijssel,23,Overleden,0,5
2020-07-24,184,Urk,Flevoland,24,Totaal,0,83
2020-07-24,184,Urk,Flevoland,24,Ziekenhuisopname,0,22
2020-07-24,184,Urk,Flevoland,24,Overleden,0,4
2020-07-24,189,Wierden,Overijssel,23,Totaal,0,51
2020-07-24,189,Wierden,Overijssel,23,Ziekenhuisopname,0,5
2020-07-24,189,Wierden,Overijssel,23,Overleden,0,6
2020-07-24,193,Zwolle,Overijssel,23,Totaal,0,363
2020-07-24,193,Zwolle,Overijssel,23,Ziekenhuisopname,0,53
2020-07-24,193,Zwolle,Overijssel,23,Overleden,0,46
2020-07-24,197,Aalten,Gelderland,25,Totaal,0,60
2020-07-24,197,Aalten,Gelderland,25,Ziekenhuisopname,0,9
2020-07-24,197,Aalten,Gelderland,25,Overleden,0,7
2020-07-24,200,Apeldoorn,Gelderland,25,Totaal,2,459
2020-07-24,200,Apeldoorn,Gelderland,25,Ziekenhuisopname,0,96
2020-07-24,200,Apeldoorn,Gelderland,25,Overleden,0,50
2020-07-24,202,Arnhem,Gelderland,25,Totaal,0,422
2020-07-24,202,Arnhem,Gelderland,25,Ziekenhuisopname,0,67
2020-07-24,202,Arnhem,Gelderland,25,Overleden,0,32
2020-07-24,203,Barneveld,Gelderland,25,Totaal,0,139
2020-07-24,203,Barneveld,Gelderland,25,Ziekenhuisopname,0,18
2020-07-24,203,Barneveld,Gelderland,25,Overleden,0,6
2020-07-24,209,Beuningen,Gelderland,25,Totaal,0,76
2020-07-24,209,Beuningen,Gelderland,25,Ziekenhuisopname,0,19
2020-07-24,209,Beuningen,Gelderland,25,Overleden,0,5
2020-07-24,213,Brummen,Gelderland,25,Totaal,0,36
2020-07-24,213,Brummen,Gelderland,25,Ziekenhuisopname,0,18
2020-07-24,213,Brummen,Gelderland,25,Overleden,0,6
2020-07-24,214,Buren,Gelderland,25,Totaal,0,63
2020-07-24,214,Buren,Gelderland,25,Ziekenhuisopname,0,17
2020-07-24,214,Buren,Gelderland,25,Overleden,0,8
2020-07-24,216,Culemborg,Gelderland,25,Totaal,0,80
2020-07-24,216,Culemborg,Gelderland,25,Ziekenhuisopname,0,21
2020-07-24,216,Culemborg,Gelderland,25,Overleden,0,7
2020-07-24,221,Doesburg,Gelderland,25,Totaal,0,32
2020-07-24,221,Doesburg,Gelderland,25,Ziekenhuisopname,0,9
2020-07-24,221,Doesburg,Gelderland,25,Overleden,0,6
2020-07-24,222,Doetinchem,Gelderland,25,Totaal,0,102
2020-07-24,222,Doetinchem,Gelderland,25,Ziekenhuisopname,0,26
2020-07-24,222,Doetinchem,Gelderland,25,Overleden,0,15
2020-07-24,225,Druten,Gelderland,25,Totaal,0,115
2020-07-24,225,Druten,Gelderland,25,Ziekenhuisopname,0,25
2020-07-24,225,Druten,Gelderland,25,Overleden,0,8
2020-07-24,226,Duiven,Gelderland,25,Totaal,0,52
2020-07-24,226,Duiven,Gelderland,25,Ziekenhuisopname,0,14
2020-07-24,226,Duiven,Gelderland,25,Overleden,0,6
2020-07-24,228,Ede,Gelderland,25,Totaal,-1,224
2020-07-24,228,Ede,Gelderland,25,Ziekenhuisopname,-1,53
2020-07-24,228,Ede,Gelderland,25,Overleden,0,20
2020-07-24,230,Elburg,Gelderland,25,Totaal,0,151
2020-07-24,230,Elburg,Gelderland,25,Ziekenhuisopname,0,28
2020-07-24,230,Elburg,Gelderland,25,Overleden,0,8
2020-07-24,232,Epe,Gelderland,25,Totaal,0,138
2020-07-24,232,Epe,Gelderland,25,Ziekenhuisopname,0,48
2020-07-24,232,Epe,Gelderland,25,Overleden,0,23
2020-07-24,233,Ermelo,Gelderland,25,Totaal,0,149
2020-07-24,233,Ermelo,Gelderland,25,Ziekenhuisopname,0,33
2020-07-24,233,Ermelo,Gelderland,25,Overleden,0,23
2020-07-24,243,Harderwijk,Gelderland,25,Totaal,1,180
2020-07-24,243,Harderwijk,Gelderland,25,Ziekenhuisopname,0,42
2020-07-24,243,Harderwijk,Gelderland,25,Overleden,0,20
2020-07-24,244,Hattem,Gelderland,25,Totaal,0,42
2020-07-24,244,Hattem,Gelderland,25,Ziekenhuisopname,0,16
2020-07-24,244,Hattem,Gelderland,25,Overleden,0,5
2020-07-24,246,Heerde,Gelderland,25,Totaal,0,192
2020-07-24,246,Heerde,Gelderland,25,Ziekenhuisopname,0,55
2020-07-24,246,Heerde,Gelderland,25,Overleden,0,28
2020-07-24,252,Heumen,Gelderland,25,Totaal,0,73
2020-07-24,252,Heumen,Gelderland,25,Ziekenhuisopname,0,17
2020-07-24,252,Heumen,Gelderland,25,Overleden,0,9
2020-07-24,262,Lochem,Gelderland,25,Totaal,0,97
2020-07-24,262,Lochem,Gelderland,25,Ziekenhuisopname,0,15
2020-07-24,262,Lochem,Gelderland,25,Overleden,0,15
2020-07-24,263,Maasdriel,Gelderland,25,Totaal,0,62
2020-07-24,263,Maasdriel,Gelderland,25,Ziekenhuisopname,0,15
2020-07-24,263,Maasdriel,Gelderland,25,Overleden,0,7
2020-07-24,267,Nijkerk,Gelderland,25,Totaal,0,68
2020-07-24,267,Nijkerk,Gelderland,25,Ziekenhuisopname,0,22
2020-07-24,267,Nijkerk,Gelderland,25,Overleden,0,3
2020-07-24,268,Nijmegen,Gelderland,25,Totaal,3,681
2020-07-24,268,Nijmegen,Gelderland,25,Ziekenhuisopname,0,128
2020-07-24,268,Nijmegen,Gelderland,25,Overleden,0,70
2020-07-24,269,Oldebroek,Gelderland,25,Totaal,1,171
2020-07-24,269,Oldebroek,Gelderland,25,Ziekenhuisopname,0,40
2020-07-24,269,Oldebroek,Gelderland,25,Overleden,0,19
2020-07-24,273,Putten,Gelderland,25,Totaal,0,35
2020-07-24,273,Putten,Gelderland,25,Ziekenhuisopname,0,10
2020-07-24,273,Putten,Gelderland,25,Overleden,0,0
2020-07-24,274,Renkum,Gelderland,25,Totaal,0,80
2020-07-24,274,Renkum,Gelderland,25,Ziekenhuisopname,0,14
2020-07-24,274,Renkum,Gelderland,25,Overleden,0,7
2020-07-24,275,Rheden,Gelderland,25,Totaal,0,146
2020-07-24,275,Rheden,Gelderland,25,Ziekenhuisopname,0,34
2020-07-24,275,Rheden,Gelderland,25,Overleden,0,14
2020-07-24,277,Rozendaal,Gelderland,25,Totaal,0,3
2020-07-24,277,Rozendaal,Gelderland,25,Ziekenhuisopname,0,1
2020-07-24,277,Rozendaal,Gelderland,25,Overleden,0,0
2020-07-24,279,Scherpenzeel,Gelderland,25,Totaal,0,33
2020-07-24,279,Scherpenzeel,Gelderland,25,Ziekenhuisopname,0,4
2020-07-24,279,Scherpenzeel,Gelderland,25,Overleden,0,2
2020-07-24,281,Tiel,Gelderland,25,Totaal,0,150
2020-07-24,281,Tiel,Gelderland,25,Ziekenhuisopname,0,42
2020-07-24,281,Tiel,Gelderland,25,Overleden,0,18
2020-07-24,285,Voorst,Gelderland,25,Totaal,0,82
2020-07-24,285,Voorst,Gelderland,25,Ziekenhuisopname,0,17
2020-07-24,285,Voorst,Gelderland,25,Overleden,0,11
2020-07-24,289,Wageningen,Gelderland,25,Totaal,0,55
2020-07-24,289,Wageningen,Gelderland,25,Ziekenhuisopname,0,20
2020-07-24,289,Wageningen,Gelderland,25,Overleden,0,9
2020-07-24,293,Westervoort,Gelderland,25,Totaal,0,43
2020-07-24,293,Westervoort,Gelderland,25,Ziekenhuisopname,0,12
2020-07-24,293,Westervoort,Gelderland,25,Overleden,0,6
2020-07-24,294,Winterswijk,Gelderland,25,Totaal,0,48
2020-07-24,294,Winterswijk,Gelderland,25,Ziekenhuisopname,0,7
2020-07-24,294,Winterswijk,Gelderland,25,Overleden,0,3
2020-07-24,296,Wijchen,Gelderland,25,Totaal,0,150
2020-07-24,296,Wijchen,Gelderland,25,Ziekenhuisopname,0,44
2020-07-24,296,Wijchen,Gelderland,25,Overleden,0,13
2020-07-24,297,Zaltbommel,Gelderland,25,Totaal,0,100
2020-07-24,297,Zaltbommel,Gelderland,25,Ziekenhuisopname,0,20
2020-07-24,297,Zaltbommel,Gelderland,25,Overleden,0,9
2020-07-24,299,Zevenaar,Gelderland,25,Totaal,-1,119
2020-07-24,299,Zevenaar,Gelderland,25,Ziekenhuisopname,0,44
2020-07-24,299,Zevenaar,Gelderland,25,Overleden,0,15
2020-07-24,301,Zutphen,Gelderland,25,Totaal,2,106
2020-07-24,301,Zutphen,Gelderland,25,Ziekenhuisopname,0,30
2020-07-24,301,Zutphen,Gelderland,25,Overleden,0,13
2020-07-24,302,Nunspeet,Gelderland,25,Totaal,0,222
2020-07-24,302,Nunspeet,Gelderland,25,Ziekenhuisopname,0,55
2020-07-24,302,Nunspeet,Gelderland,25,Overleden,0,21
2020-07-24,303,Dronten,Flevoland,24,Totaal,0,124
2020-07-24,303,Dronten,Flevoland,24,Ziekenhuisopname,0,30
2020-07-24,303,Dronten,Flevoland,24,Overleden,0,12
2020-07-24,307,Amersfoort,Utrecht,26,Totaal,1,257
2020-07-24,307,Amersfoort,Utrecht,26,Ziekenhuisopname,0,61
2020-07-24,307,Amersfoort,Utrecht,26,Overleden,0,23
2020-07-24,308,Baarn,Utrecht,26,Totaal,0,64
2020-07-24,308,Baarn,Utrecht,26,Ziekenhuisopname,0,11
2020-07-24,308,Baarn,Utrecht,26,Overleden,0,9
2020-07-24,310,De Bilt,Utrecht,26,Totaal,0,188
2020-07-24,310,De Bilt,Utrecht,26,Ziekenhuisopname,0,27
2020-07-24,310,De Bilt,Utrecht,26,Overleden,0,24
2020-07-24,312,Bunnik,Utrecht,26,Totaal,0,46
2020-07-24,312,Bunnik,Utrecht,26,Ziekenhuisopname,0,9
2020-07-24,312,Bunnik,Utrecht,26,Overleden,0,1
2020-07-24,313,Bunschoten,Utrecht,26,Totaal,0,68
2020-07-24,313,Bunschoten,Utrecht,26,Ziekenhuisopname,0,9
2020-07-24,313,Bunschoten,Utrecht,26,Overleden,0,7
2020-07-24,317,Eemnes,Utrecht,26,Totaal,0,23
2020-07-24,317,Eemnes,Utrecht,26,Ziekenhuisopname,0,2
2020-07-24,317,Eemnes,Utrecht,26,Overleden,0,1
2020-07-24,321,Houten,Utrecht,26,Totaal,0,144
2020-07-24,321,Houten,Utrecht,26,Ziekenhuisopname,0,24
2020-07-24,321,Houten,Utrecht,26,Overleden,0,14
2020-07-24,327,Leusden,Utrecht,26,Totaal,0,54
2020-07-24,327,Leusden,Utrecht,26,Ziekenhuisopname,0,9
2020-07-24,327,Leusden,Utrecht,26,Overleden,0,5
2020-07-24,331,Lopik,Utrecht,26,Totaal,0,64
2020-07-24,331,Lopik,Utrecht,26,Ziekenhuisopname,0,19
2020-07-24,331,Lopik,Utrecht,26,Overleden,0,8
2020-07-24,335,Montfoort,Utrecht,26,Totaal,0,45
2020-07-24,335,Montfoort,Utrecht,26,Ziekenhuisopname,0,13
2020-07-24,335,Montfoort,Utrecht,26,Overleden,0,5
2020-07-24,339,Renswoude,Utrecht,26,Totaal,0,19
2020-07-24,339,Renswoude,Utrecht,26,Ziekenhuisopname,0,5
2020-07-24,339,Renswoude,Utrecht,26,Overleden,0,5
2020-07-24,340,Rhenen,Utrecht,26,Totaal,0,48
2020-07-24,340,Rhenen,Utrecht,26,Ziekenhuisopname,0,11
2020-07-24,340,Rhenen,Utrecht,26,Overleden,0,6
2020-07-24,342,Soest,Utrecht,26,Totaal,0,97
2020-07-24,342,Soest,Utrecht,26,Ziekenhuisopname,0,24
2020-07-24,342,Soest,Utrecht,26,Overleden,0,12
2020-07-24,344,Utrecht,Utrecht,26,Totaal,1,1417
2020-07-24,344,Utrecht,Utrecht,26,Ziekenhuisopname,0,268
2020-07-24,344,Utrecht,Utrecht,26,Overleden,0,118
2020-07-24,345,Veenendaal,Utrecht,26,Totaal,0,197
2020-07-24,345,Veenendaal,Utrecht,26,Ziekenhuisopname,0,47
2020-07-24,345,Veenendaal,Utrecht,26,Overleden,0,11
2020-07-24,351,Woudenberg,Utrecht,26,Totaal,0,33
2020-07-24,351,Woudenberg,Utrecht,26,Ziekenhuisopname,0,9
2020-07-24,351,Woudenberg,Utrecht,26,Overleden,0,2
2020-07-24,352,Wijk bij Duurstede,Utrecht,26,Totaal,0,42
2020-07-24,352,Wijk bij Duurstede,Utrecht,26,Ziekenhuisopname,0,10
2020-07-24,352,Wijk bij Duurstede,Utrecht,26,Overleden,0,1
2020-07-24,353,IJsselstein,Utrecht,26,Totaal,0,154
2020-07-24,353,IJsselstein,Utrecht,26,Ziekenhuisopname,0,36
2020-07-24,353,IJsselstein,Utrecht,26,Overleden,0,34
2020-07-24,355,Zeist,Utrecht,26,Totaal,0,222
2020-07-24,355,Zeist,Utrecht,26,Ziekenhuisopname,0,37
2020-07-24,355,Zeist,Utrecht,26,Overleden,0,24
2020-07-24,356,Nieuwegein,Utrecht,26,Totaal,2,163
2020-07-24,356,Nieuwegein,Utrecht,26,Ziekenhuisopname,0,44
2020-07-24,356,Nieuwegein,Utrecht,26,Overleden,0,14
2020-07-24,358,Aalsmeer,Noord-Holland,27,Totaal,0,43
2020-07-24,358,Aalsmeer,Noord-Holland,27,Ziekenhuisopname,0,9
2020-07-24,358,Aalsmeer,Noord-Holland,27,Overleden,0,4
2020-07-24,361,Alkmaar,Noord-Holland,27,Totaal,0,249
2020-07-24,361,Alkmaar,Noord-Holland,27,Ziekenhuisopname,0,54
2020-07-24,361,Alkmaar,Noord-Holland,27,Overleden,0,31
2020-07-24,362,Amstelveen,Noord-Holland,27,Totaal,0,332
2020-07-24,362,Amstelveen,Noord-Holland,27,Ziekenhuisopname,0,58
2020-07-24,362,Amstelveen,Noord-Holland,27,Overleden,0,35
2020-07-24,363,Amsterdam,Noord-Holland,27,Totaal,19,2925
2020-07-24,363,Amsterdam,Noord-Holland,27,Ziekenhuisopname,2,625
2020-07-24,363,Amsterdam,Noord-Holland,27,Overleden,0,282
2020-07-24,370,Beemster,Noord-Holland,27,Totaal,0,14
2020-07-24,370,Beemster,Noord-Holland,27,Ziekenhuisopname,0,4
2020-07-24,370,Beemster,Noord-Holland,27,Overleden,0,1
2020-07-24,373,Bergen (NH.),Noord-Holland,27,Totaal,6,98
2020-07-24,373,Bergen (NH.),Noord-Holland,27,Ziekenhuisopname,0,16
2020-07-24,373,Bergen (NH.),Noord-Holland,27,Overleden,0,4
2020-07-24,375,Beverwijk,Noord-Holland,27,Totaal,0,83
2020-07-24,375,Beverwijk,Noord-Holland,27,Ziekenhuisopname,0,15
2020-07-24,375,Beverwijk,Noord-Holland,27,Overleden,0,10
2020-07-24,376,Blaricum,Noord-Holland,27,Totaal,0,33
2020-07-24,376,Blaricum,Noord-Holland,27,Ziekenhuisopname,0,8
2020-07-24,376,Blaricum,Noord-Holland,27,Overleden,0,2
2020-07-24,377,Bloemendaal,Noord-Holland,27,Totaal,0,53
2020-07-24,377,Bloemendaal,Noord-Holland,27,Ziekenhuisopname,0,7
2020-07-24,377,Bloemendaal,Noord-Holland,27,Overleden,0,5
2020-07-24,383,Castricum,Noord-Holland,27,Totaal,0,81
2020-07-24,383,Castricum,Noord-Holland,27,Ziekenhuisopname,0,15
2020-07-24,383,Castricum,Noord-Holland,27,Overleden,0,9
2020-07-24,384,Diemen,Noord-Holland,27,Totaal,1,109
2020-07-24,384,Diemen,Noord-Holland,27,Ziekenhuisopname,0,17
2020-07-24,384,Diemen,Noord-Holland,27,Overleden,0,13
2020-07-24,385,Edam-Volendam,Noord-Holland,27,Totaal,0,126
2020-07-24,385,Edam-Volendam,Noord-Holland,27,Ziekenhuisopname,0,25
2020-07-24,385,Edam-Volendam,Noord-Holland,27,Overleden,0,3
2020-07-24,388,Enkhuizen,Noord-Holland,27,Totaal,0,30
2020-07-24,388,Enkhuizen,Noord-Holland,27,Ziekenhuisopname,0,18
2020-07-24,388,Enkhuizen,Noord-Holland,27,Overleden,0,4
2020-07-24,392,Haarlem,Noord-Holland,27,Totaal,6,314
2020-07-24,392,Haarlem,Noord-Holland,27,Ziekenhuisopname,0,61
2020-07-24,392,Haarlem,Noord-Holland,27,Overleden,0,58
2020-07-24,394,Haarlemmermeer,Noord-Holland,27,Totaal,3,325
2020-07-24,394,Haarlemmermeer,Noord-Holland,27,Ziekenhuisopname,0,68
2020-07-24,394,Haarlemmermeer,Noord-Holland,27,Overleden,0,27
2020-07-24,396,Heemskerk,Noord-Holland,27,Totaal,0,94
2020-07-24,396,Heemskerk,Noord-Holland,27,Ziekenhuisopname,0,28
2020-07-24,396,Heemskerk,Noord-Holland,27,Overleden,0,10
2020-07-24,397,Heemstede,Noord-Holland,27,Totaal,1,101
2020-07-24,397,Heemstede,Noord-Holland,27,Ziekenhuisopname,0,11
2020-07-24,397,Heemstede,Noord-Holland,27,Overleden,0,32
2020-07-24,398,Heerhugowaard,Noord-Holland,27,Totaal,2,153
2020-07-24,398,Heerhugowaard,Noord-Holland,27,Ziekenhuisopname,0,27
2020-07-24,398,Heerhugowaard,Noord-Holland,27,Overleden,0,9
2020-07-24,399,Heiloo,Noord-Holland,27,Totaal,0,49
2020-07-24,399,Heiloo,Noord-Holland,27,Ziekenhuisopname,0,9
2020-07-24,399,Heiloo,Noord-Holland,27,Overleden,0,8
2020-07-24,400,Den Helder,Noord-Holland,27,Totaal,0,45
2020-07-24,400,Den Helder,Noord-Holland,27,Ziekenhuisopname,0,12
2020-07-24,400,Den Helder,Noord-Holland,27,Overleden,0,2
2020-07-24,402,Hilversum,Noord-Holland,27,Totaal,1,226
2020-07-24,402,Hilversum,Noord-Holland,27,Ziekenhuisopname,0,33
2020-07-24,402,Hilversum,Noord-Holland,27,Overleden,0,24
2020-07-24,405,Hoorn,Noord-Holland,27,Totaal,1,104
2020-07-24,405,Hoorn,Noord-Holland,27,Ziekenhuisopname,0,35
2020-07-24,405,Hoorn,Noord-Holland,27,Overleden,0,12
2020-07-24,406,Huizen,Noord-Holland,27,Totaal,1,163
2020-07-24,406,Huizen,Noord-Holland,27,Ziekenhuisopname,0,22
2020-07-24,406,Huizen,Noord-Holland,27,Overleden,0,10
2020-07-24,415,Landsmeer,Noord-Holland,27,Totaal,0,23
2020-07-24,415,Landsmeer,Noord-Holland,27,Ziekenhuisopname,0,3
2020-07-24,415,Landsmeer,Noord-Holland,27,Overleden,0,3
2020-07-24,416,Langedijk,Noord-Holland,27,Totaal,0,46
2020-07-24,416,Langedijk,Noord-Holland,27,Ziekenhuisopname,0,16
2020-07-24,416,Langedijk,Noord-Holland,27,Overleden,0,4
2020-07-24,417,Laren,Noord-Holland,27,Totaal,0,25
2020-07-24,417,Laren,Noord-Holland,27,Ziekenhuisopname,0,8
2020-07-24,417,Laren,Noord-Holland,27,Overleden,0,2
2020-07-24,420,Medemblik,Noord-Holland,27,Totaal,0,74
2020-07-24,420,Medemblik,Noord-Holland,27,Ziekenhuisopname,0,19
2020-07-24,420,Medemblik,Noord-Holland,27,Overleden,0,6
2020-07-24,431,Oostzaan,Noord-Holland,27,Totaal,-1,26
2020-07-24,431,Oostzaan,Noord-Holland,27,Ziekenhuisopname,-1,10
2020-07-24,431,Oostzaan,Noord-Holland,27,Overleden,0,2
2020-07-24,432,Opmeer,Noord-Holland,27,Totaal,0,9
2020-07-24,432,Opmeer,Noord-Holland,27,Ziekenhuisopname,0,1
2020-07-24,432,Opmeer,Noord-Holland,27,Overleden,0,1
2020-07-24,437,Ouder-Amstel,Noord-Holland,27,Totaal,0,40
2020-07-24,437,Ouder-Amstel,Noord-Holland,27,Ziekenhuisopname,0,5
2020-07-24,437,Ouder-Amstel,Noord-Holland,27,Overleden,0,0
2020-07-24,439,Purmerend,Noord-Holland,27,Totaal,0,228
2020-07-24,439,Purmerend,Noord-Holland,27,Ziekenhuisopname,0,66
2020-07-24,439,Purmerend,Noord-Holland,27,Overleden,0,35
2020-07-24,441,Schagen,Noord-Holland,27,Totaal,0,76
2020-07-24,441,Schagen,Noord-Holland,27,Ziekenhuisopname,0,18
2020-07-24,441,Schagen,Noord-Holland,27,Overleden,0,10
2020-07-24,448,Texel,Noord-Holland,27,Totaal,0,11
2020-07-24,448,Texel,Noord-Holland,27,Ziekenhuisopname,0,5
2020-07-24,448,Texel,Noord-Holland,27,Overleden,0,2
2020-07-24,450,Uitgeest,Noord-Holland,27,Totaal,0,25
2020-07-24,450,Uitgeest,Noord-Holland,27,Ziekenhuisopname,0,5
2020-07-24,450,Uitgeest,Noord-Holland,27,Overleden,0,1
2020-07-24,451,Uithoorn,Noord-Holland,27,Totaal,0,57
2020-07-24,451,Uithoorn,Noord-Holland,27,Ziekenhuisopname,0,16
2020-07-24,451,Uithoorn,Noord-Holland,27,Overleden,0,2
2020-07-24,453,Velsen,Noord-Holland,27,Totaal,2,287
2020-07-24,453,Velsen,Noord-Holland,27,Ziekenhuisopname,0,32
2020-07-24,453,Velsen,Noord-Holland,27,Overleden,0,39
2020-07-24,457,Weesp,Noord-Holland,27,Totaal,0,82
2020-07-24,457,Weesp,Noord-Holland,27,Ziekenhuisopname,0,9
2020-07-24,457,Weesp,Noord-Holland,27,Overleden,0,13
2020-07-24,473,Zandvoort,Noord-Holland,27,Totaal,0,36
2020-07-24,473,Zandvoort,Noord-Holland,27,Ziekenhuisopname,0,10
2020-07-24,473,Zandvoort,Noord-Holland,27,Overleden,0,8
2020-07-24,479,Zaanstad,Noord-Holland,27,Totaal,-2,467
2020-07-24,479,Zaanstad,Noord-Holland,27,Ziekenhuisopname,0,117
2020-07-24,479,Zaanstad,Noord-Holland,27,Overleden,0,48
2020-07-24,482,Alblasserdam,Zuid-Holland,28,Totaal,1,45
2020-07-24,482,Alblasserdam,Zuid-Holland,28,Ziekenhuisopname,0,10
2020-07-24,482,Alblasserdam,Zuid-Holland,28,Overleden,0,4
2020-07-24,484,Alphen aan den Rijn,Zuid-Holland,28,Totaal,1,232
2020-07-24,484,Alphen aan den Rijn,Zuid-Holland,28,Ziekenhuisopname,0,62
2020-07-24,484,Alphen aan den Rijn,Zuid-Holland,28,Overleden,0,25
2020-07-24,489,Barendrecht,Zuid-Holland,28,Totaal,1,147
2020-07-24,489,Barendrecht,Zuid-Holland,28,Ziekenhuisopname,0,40
2020-07-24,489,Barendrecht,Zuid-Holland,28,Overleden,0,12
2020-07-24,498,Drechterland,Noord-Holland,27,Totaal,0,46
2020-07-24,498,Drechterland,Noord-Holland,27,Ziekenhuisopname,0,5
2020-07-24,498,Drechterland,Noord-Holland,27,Overleden,0,8
2020-07-24,501,Brielle,Zuid-Holland,28,Totaal,0,33
2020-07-24,501,Brielle,Zuid-Holland,28,Ziekenhuisopname,0,11
2020-07-24,501,Brielle,Zuid-Holland,28,Overleden,0,0
2020-07-24,502,Capelle aan den IJssel,Zuid-Holland,28,Totaal,2,331
2020-07-24,502,Capelle aan den IJssel,Zuid-Holland,28,Ziekenhuisopname,0,54
2020-07-24,502,Capelle aan den IJssel,Zuid-Holland,28,Overleden,0,54
2020-07-24,503,Delft,Zuid-Holland,28,Totaal,0,164
2020-07-24,503,Delft,Zuid-Holland,28,Ziekenhuisopname,0,38
2020-07-24,503,Delft,Zuid-Holland,28,Overleden,0,12
2020-07-24,505,Dordrecht,Zuid-Holland,28,Totaal,2,562
2020-07-24,505,Dordrecht,Zuid-Holland,28,Ziekenhuisopname,0,85
2020-07-24,505,Dordrecht,Zuid-Holland,28,Overleden,0,62
2020-07-24,512,Gorinchem,Zuid-Holland,28,Totaal,1,155
2020-07-24,512,Gorinchem,Zuid-Holland,28,Ziekenhuisopname,0,18
2020-07-24,512,Gorinchem,Zuid-Holland,28,Overleden,0,15
2020-07-24,513,Gouda,Zuid-Holland,28,Totaal,4,281
2020-07-24,513,Gouda,Zuid-Holland,28,Ziekenhuisopname,0,43
2020-07-24,513,Gouda,Zuid-Holland,28,Overleden,0,41
2020-07-24,518,'s-Gravenhage,Zuid-Holland,28,Totaal,12,1959
2020-07-24,518,'s-Gravenhage,Zuid-Holland,28,Ziekenhuisopname,0,344
2020-07-24,518,'s-Gravenhage,Zuid-Holland,28,Overleden,0,245
2020-07-24,523,Hardinxveld-Giessendam,Zuid-Holland,28,Totaal,1,36
2020-07-24,523,Hardinxveld-Giessendam,Zuid-Holland,28,Ziekenhuisopname,0,2
2020-07-24,523,Hardinxveld-Giessendam,Zuid-Holland,28,Overleden,0,2
2020-07-24,530,Hellevoetsluis,Zuid-Holland,28,Totaal,0,78
2020-07-24,530,Hellevoetsluis,Zuid-Holland,28,Ziekenhuisopname,0,16
2020-07-24,530,Hellevoetsluis,Zuid-Holland,28,Overleden,0,3
2020-07-24,531,Hendrik-Ido-Ambacht,Zuid-Holland,28,Totaal,2,74
2020-07-24,531,Hendrik-Ido-Ambacht,Zuid-Holland,28,Ziekenhuisopname,0,10
2020-07-24,531,Hendrik-Ido-Ambacht,Zuid-Holland,28,Overleden,0,6
2020-07-24,532,Stede Broec,Noord-Holland,27,Totaal,0,49
2020-07-24,532,Stede Broec,Noord-Holland,27,Ziekenhuisopname,0,18
2020-07-24,532,Stede Broec,Noord-Holland,27,Overleden,0,5
2020-07-24,534,Hillegom,Zuid-Holland,28,Totaal,2,70
2020-07-24,534,Hillegom,Zuid-Holland,28,Ziekenhuisopname,0,8
2020-07-24,534,Hillegom,Zuid-Holland,28,Overleden,0,2
2020-07-24,537,Katwijk,Zuid-Holland,28,Totaal,0,282
2020-07-24,537,Katwijk,Zuid-Holland,28,Ziekenhuisopname,0,31
2020-07-24,537,Katwijk,Zuid-Holland,28,Overleden,0,15
2020-07-24,542,Krimpen aan den IJssel,Zuid-Holland,28,Totaal,0,82
2020-07-24,542,Krimpen aan den IJssel,Zuid-Holland,28,Ziekenhuisopname,0,10
2020-07-24,542,Krimpen aan den IJssel,Zuid-Holland,28,Overleden,0,8
2020-07-24,546,Leiden,Zuid-Holland,28,Totaal,3,183
2020-07-24,546,Leiden,Zuid-Holland,28,Ziekenhuisopname,0,40
2020-07-24,546,Leiden,Zuid-Holland,28,Overleden,0,18
2020-07-24,547,Leiderdorp,Zuid-Holland,28,Totaal,0,40
2020-07-24,547,Leiderdorp,Zuid-Holland,28,Ziekenhuisopname,0,14
2020-07-24,547,Leiderdorp,Zuid-Holland,28,Overleden,0,6
2020-07-24,553,Lisse,Zuid-Holland,28,Totaal,3,34
2020-07-24,553,Lisse,Zuid-Holland,28,Ziekenhuisopname,0,8
2020-07-24,553,Lisse,Zuid-Holland,28,Overleden,0,2
2020-07-24,556,Maassluis,Zuid-Holland,28,Totaal,0,94
2020-07-24,556,Maassluis,Zuid-Holland,28,Ziekenhuisopname,0,20
2020-07-24,556,Maassluis,Zuid-Holland,28,Overleden,0,9
2020-07-24,569,Nieuwkoop,Zuid-Holland,28,Totaal,0,52
2020-07-24,569,Nieuwkoop,Zuid-Holland,28,Ziekenhuisopname,0,9
2020-07-24,569,Nieuwkoop,Zuid-Holland,28,Overleden,0,5
2020-07-24,575,Noordwijk,Zuid-Holland,28,Totaal,0,56
2020-07-24,575,Noordwijk,Zuid-Holland,28,Ziekenhuisopname,0,19
2020-07-24,575,Noordwijk,Zuid-Holland,28,Overleden,0,3
2020-07-24,579,Oegstgeest,Zuid-Holland,28,Totaal,0,46
2020-07-24,579,Oegstgeest,Zuid-Holland,28,Ziekenhuisopname,0,8
2020-07-24,579,Oegstgeest,Zuid-Holland,28,Overleden,0,3
2020-07-24,589,Oudewater,Utrecht,26,Totaal,0,62
2020-07-24,589,Oudewater,Utrecht,26,Ziekenhuisopname,0,26
2020-07-24,589,Oudewater,Utrecht,26,Overleden,0,8
2020-07-24,590,Papendrecht,Zuid-Holland,28,Totaal,1,83
2020-07-24,590,Papendrecht,Zuid-Holland,28,Ziekenhuisopname,0,9
2020-07-24,590,Papendrecht,Zuid-Holland,28,Overleden,0,7
2020-07-24,597,Ridderkerk,Zuid-Holland,28,Totaal,0,158
2020-07-24,597,Ridderkerk,Zuid-Holland,28,Ziekenhuisopname,0,37
2020-07-24,597,Ridderkerk,Zuid-Holland,28,Overleden,0,16
2020-07-24,599,Rotterdam,Zuid-Holland,28,Totaal,49,3085
2020-07-24,599,Rotterdam,Zuid-Holland,28,Ziekenhuisopname,0,527
2020-07-24,599,Rotterdam,Zuid-Holland,28,Overleden,0,347
2020-07-24,603,Rijswijk,Zuid-Holland,28,Totaal,2,158
2020-07-24,603,Rijswijk,Zuid-Holland,28,Ziekenhuisopname,0,36
2020-07-24,603,Rijswijk,Zuid-Holland,28,Overleden,0,22
2020-07-24,606,Schiedam,Zuid-Holland,28,Totaal,1,304
2020-07-24,606,Schiedam,Zuid-Holland,28,Ziekenhuisopname,0,58
2020-07-24,606,Schiedam,Zuid-Holland,28,Overleden,0,23
2020-07-24,610,Sliedrecht,Zuid-Holland,28,Totaal,0,67
2020-07-24,610,Sliedrecht,Zuid-Holland,28,Ziekenhuisopname,0,9
2020-07-24,610,Sliedrecht,Zuid-Holland,28,Overleden,0,5
2020-07-24,613,Albrandswaard,Zuid-Holland,28,Totaal,2,115
2020-07-24,613,Albrandswaard,Zuid-Holland,28,Ziekenhuisopname,0,14
2020-07-24,613,Albrandswaard,Zuid-Holland,28,Overleden,0,8
2020-07-24,614,Westvoorne,Zuid-Holland,28,Totaal,0,26
2020-07-24,614,Westvoorne,Zuid-Holland,28,Ziekenhuisopname,0,6
2020-07-24,614,Westvoorne,Zuid-Holland,28,Overleden,0,0
2020-07-24,622,Vlaardingen,Zuid-Holland,28,Totaal,0,319
2020-07-24,622,Vlaardingen,Zuid-Holland,28,Ziekenhuisopname,0,43
2020-07-24,622,Vlaardingen,Zuid-Holland,28,Overleden,0,30
2020-07-24,626,Voorschoten,Zuid-Holland,28,Totaal,0,67
2020-07-24,626,Voorschoten,Zuid-Holland,28,Ziekenhuisopname,0,9
2020-07-24,626,Voorschoten,Zuid-Holland,28,Overleden,0,11
2020-07-24,627,Waddinxveen,Zuid-Holland,28,Totaal,4,103
2020-07-24,627,Waddinxveen,Zuid-Holland,28,Ziekenhuisopname,0,16
2020-07-24,627,Waddinxveen,Zuid-Holland,28,Overleden,0,7
2020-07-24,629,Wassenaar,Zuid-Holland,28,Totaal,0,56
2020-07-24,629,Wassenaar,Zuid-Holland,28,Ziekenhuisopname,0,9
2020-07-24,629,Wassenaar,Zuid-Holland,28,Overleden,0,12
2020-07-24,632,Woerden,Utrecht,26,Totaal,0,180
2020-07-24,632,Woerden,Utrecht,26,Ziekenhuisopname,0,49
2020-07-24,632,Woerden,Utrecht,26,Overleden,0,20
2020-07-24,637,Zoetermeer,Zuid-Holland,28,Totaal,0,256
2020-07-24,637,Zoetermeer,Zuid-Holland,28,Ziekenhuisopname,0,53
2020-07-24,637,Zoetermeer,Zuid-Holland,28,Overleden,0,14
2020-07-24,638,Zoeterwoude,Zuid-Holland,28,Totaal,0,14
2020-07-24,638,Zoeterwoude,Zuid-Holland,28,Ziekenhuisopname,0,3
2020-07-24,638,Zoeterwoude,Zuid-Holland,28,Overleden,0,1
2020-07-24,642,Zwijndrecht,Zuid-Holland,28,Totaal,0,164
2020-07-24,642,Zwijndrecht,Zuid-Holland,28,Ziekenhuisopname,0,23
2020-07-24,642,Zwijndrecht,Zuid-Holland,28,Overleden,0,26
2020-07-24,654,Borsele,Zeeland,29,Totaal,0,28
2020-07-24,654,Borsele,Zeeland,29,Ziekenhuisopname,0,5
2020-07-24,654,Borsele,Zeeland,29,Overleden,0,0
2020-07-24,664,Goes,Zeeland,29,Totaal,1,126
2020-07-24,664,Goes,Zeeland,29,Ziekenhuisopname,0,11
2020-07-24,664,Goes,Zeeland,29,Overleden,0,11
2020-07-24,668,West Maas en Waal,Gelderland,25,Totaal,0,85
2020-07-24,668,West Maas en Waal,Gelderland,25,Ziekenhuisopname,0,20
2020-07-24,668,West Maas en Waal,Gelderland,25,Overleden,0,9
2020-07-24,677,Hulst,Zeeland,29,Totaal,0,32
2020-07-24,677,Hulst,Zeeland,29,Ziekenhuisopname,0,9
2020-07-24,677,Hulst,Zeeland,29,Overleden,0,5
2020-07-24,678,Kapelle,Zeeland,29,Totaal,0,26
2020-07-24,678,Kapelle,Zeeland,29,Ziekenhuisopname,0,3
2020-07-24,678,Kapelle,Zeeland,29,Overleden,0,1
2020-07-24,687,Middelburg,Zeeland,29,Totaal,2,67
2020-07-24,687,Middelburg,Zeeland,29,Ziekenhuisopname,0,18
2020-07-24,687,Middelburg,Zeeland,29,Overleden,0,10
2020-07-24,703,Reimerswaal,Zeeland,29,Totaal,0,36
2020-07-24,703,Reimerswaal,Zeeland,29,Ziekenhuisopname,0,4
2020-07-24,703,Reimerswaal,Zeeland,29,Overleden,0,2
2020-07-24,715,Terneuzen,Zeeland,29,Totaal,0,119
2020-07-24,715,Terneuzen,Zeeland,29,Ziekenhuisopname,0,25
2020-07-24,715,Terneuzen,Zeeland,29,Overleden,0,4
2020-07-24,716,Tholen,Zeeland,29,Totaal,0,170
2020-07-24,716,Tholen,Zeeland,29,Ziekenhuisopname,0,40
2020-07-24,716,Tholen,Zeeland,29,Overleden,0,16
2020-07-24,717,Veere,Zeeland,29,Totaal,0,30
2020-07-24,717,Veere,Zeeland,29,Ziekenhuisopname,0,6
2020-07-24,717,Veere,Zeeland,29,Overleden,0,2
2020-07-24,718,Vlissingen,Zeeland,29,Totaal,3,58
2020-07-24,718,Vlissingen,Zeeland,29,Ziekenhuisopname,0,9
2020-07-24,718,Vlissingen,Zeeland,29,Overleden,0,5
2020-07-24,736,De Ronde Venen,Utrecht,26,Totaal,0,106
2020-07-24,736,De Ronde Venen,Utrecht,26,Ziekenhuisopname,0,39
2020-07-24,736,De Ronde Venen,Utrecht,26,Overleden,0,13
2020-07-24,737,Tytsjerksteradiel,Friesland,21,Totaal,0,16
2020-07-24,737,Tytsjerksteradiel,Friesland,21,Ziekenhuisopname,0,4
2020-07-24,737,Tytsjerksteradiel,Friesland,21,Overleden,0,1
2020-07-24,743,Asten,Noord-Brabant,30,Totaal,0,78
2020-07-24,743,Asten,Noord-Brabant,30,Ziekenhuisopname,0,18
2020-07-24,743,Asten,Noord-Brabant,30,Overleden,0,12
2020-07-24,744,Baarle-Nassau,Noord-Brabant,30,Totaal,0,25
2020-07-24,744,Baarle-Nassau,Noord-Brabant,30,Ziekenhuisopname,0,9
2020-07-24,744,Baarle-Nassau,Noord-Brabant,30,Overleden,0,2
2020-07-24,748,Bergen op Zoom,Noord-Brabant,30,Totaal,0,185
2020-07-24,748,Bergen op Zoom,Noord-Brabant,30,Ziekenhuisopname,0,24
2020-07-24,748,Bergen op Zoom,Noord-Brabant,30,Overleden,0,13
2020-07-24,753,Best,Noord-Brabant,30,Totaal,0,82
2020-07-24,753,Best,Noord-Brabant,30,Ziekenhuisopname,0,31
2020-07-24,753,Best,Noord-Brabant,30,Overleden,0,10
2020-07-24,755,Boekel,Noord-Brabant,30,Totaal,0,89
2020-07-24,755,Boekel,Noord-Brabant,30,Ziekenhuisopname,0,34
2020-07-24,755,Boekel,Noord-Brabant,30,Overleden,0,20
2020-07-24,756,Boxmeer,Noord-Brabant,30,Totaal,0,126
2020-07-24,756,Boxmeer,Noord-Brabant,30,Ziekenhuisopname,0,20
2020-07-24,756,Boxmeer,Noord-Brabant,30,Overleden,0,27
2020-07-24,757,Boxtel,Noord-Brabant,30,Totaal,0,134
2020-07-24,757,Boxtel,Noord-Brabant,30,Ziekenhuisopname,0,24
2020-07-24,757,Boxtel,Noord-Brabant,30,Overleden,0,26
2020-07-24,758,Breda,Noord-Brabant,30,Totaal,7,568
2020-07-24,758,Breda,Noord-Brabant,30,Ziekenhuisopname,0,146
2020-07-24,758,Breda,Noord-Brabant,30,Overleden,0,63
2020-07-24,762,Deurne,Noord-Brabant,30,Totaal,-1,191
2020-07-24,762,Deurne,Noord-Brabant,30,Ziekenhuisopname,0,55
2020-07-24,762,Deurne,Noord-Brabant,30,Overleden,0,24
2020-07-24,765,Pekela,Groningen,20,Totaal,0,5
2020-07-24,765,Pekela,Groningen,20,Ziekenhuisopname,0,4
2020-07-24,765,Pekela,Groningen,20,Overleden,0,0
2020-07-24,766,Dongen,Noord-Brabant,30,Totaal,0,86
2020-07-24,766,Dongen,Noord-Brabant,30,Ziekenhuisopname,0,20
2020-07-24,766,Dongen,Noord-Brabant,30,Overleden,0,13
2020-07-24,770,Eersel,Noord-Brabant,30,Totaal,0,69
2020-07-24,770,Eersel,Noord-Brabant,30,Ziekenhuisopname,0,27
2020-07-24,770,Eersel,Noord-Brabant,30,Overleden,0,10
2020-07-24,772,Eindhoven,Noord-Brabant,30,Totaal,3,564
2020-07-24,772,Eindhoven,Noord-Brabant,30,Ziekenhuisopname,0,182
2020-07-24,772,Eindhoven,Noord-Brabant,30,Overleden,0,85
2020-07-24,777,Etten-Leur,Noord-Brabant,30,Totaal,2,212
2020-07-24,777,Etten-Leur,Noord-Brabant,30,Ziekenhuisopname,0,40
2020-07-24,777,Etten-Leur,Noord-Brabant,30,Overleden,0,30
2020-07-24,779,Geertruidenberg,Noord-Brabant,30,Totaal,0,43
2020-07-24,779,Geertruidenberg,Noord-Brabant,30,Ziekenhuisopname,0,11
2020-07-24,779,Geertruidenberg,Noord-Brabant,30,Overleden,0,6
2020-07-24,784,Gilze en Rijen,Noord-Brabant,30,Totaal,0,86
2020-07-24,784,Gilze en Rijen,Noord-Brabant,30,Ziekenhuisopname,0,20
2020-07-24,784,Gilze en Rijen,Noord-Brabant,30,Overleden,0,15
2020-07-24,785,Goirle,Noord-Brabant,30,Totaal,0,84
2020-07-24,785,Goirle,Noord-Brabant,30,Ziekenhuisopname,0,32
2020-07-24,785,Goirle,Noord-Brabant,30,Overleden,0,17
2020-07-24,786,Grave,Noord-Brabant,30,Totaal,0,71
2020-07-24,786,Grave,Noord-Brabant,30,Ziekenhuisopname,0,21
2020-07-24,786,Grave,Noord-Brabant,30,Overleden,0,11
2020-07-24,788,Haaren,Noord-Brabant,30,Totaal,0,58
2020-07-24,788,Haaren,Noord-Brabant,30,Ziekenhuisopname,0,18
2020-07-24,788,Haaren,Noord-Brabant,30,Overleden,0,8
2020-07-24,794,Helmond,Noord-Brabant,30,Totaal,0,432
2020-07-24,794,Helmond,Noord-Brabant,30,Ziekenhuisopname,0,115
2020-07-24,794,Helmond,Noord-Brabant,30,Overleden,0,43
2020-07-24,796,'s-Hertogenbosch,Noord-Brabant,30,Totaal,0,528
2020-07-24,796,'s-Hertogenbosch,Noord-Brabant,30,Ziekenhuisopname,0,128
2020-07-24,796,'s-Hertogenbosch,Noord-Brabant,30,Overleden,0,78
2020-07-24,797,Heusden,Noord-Brabant,30,Totaal,1,149
2020-07-24,797,Heusden,Noord-Brabant,30,Ziekenhuisopname,0,44
2020-07-24,797,Heusden,Noord-Brabant,30,Overleden,0,22
2020-07-24,798,Hilvarenbeek,Noord-Brabant,30,Totaal,0,51
2020-07-24,798,Hilvarenbeek,Noord-Brabant,30,Ziekenhuisopname,0,9
2020-07-24,798,Hilvarenbeek,Noord-Brabant,30,Overleden,0,6
2020-07-24,809,Loon op Zand,Noord-Brabant,30,Totaal,0,61
2020-07-24,809,Loon op Zand,Noord-Brabant,30,Ziekenhuisopname,0,24
2020-07-24,809,Loon op Zand,Noord-Brabant,30,Overleden,0,7
2020-07-24,815,Mill en Sint Hubert,Noord-Brabant,30,Totaal,0,41
2020-07-24,815,Mill en Sint Hubert,Noord-Brabant,30,Ziekenhuisopname,0,9
2020-07-24,815,Mill en Sint Hubert,Noord-Brabant,30,Overleden,0,5
2020-07-24,820,"Nuenen, Gerwen en Nederwetten",Noord-Brabant,30,Totaal,0,55
2020-07-24,820,"Nuenen, Gerwen en Nederwetten",Noord-Brabant,30,Ziekenhuisopname,0,18
2020-07-24,820,"Nuenen, Gerwen en Nederwetten",Noord-Brabant,30,Overleden,0,9
2020-07-24,823,Oirschot,Noord-Brabant,30,Totaal,0,67
2020-07-24,823,Oirschot,Noord-Brabant,30,Ziekenhuisopname,0,13
2020-07-24,823,Oirschot,Noord-Brabant,30,Overleden,0,9
2020-07-24,824,Oisterwijk,Noord-Brabant,30,Totaal,0,76
2020-07-24,824,Oisterwijk,Noord-Brabant,30,Ziekenhuisopname,0,23
2020-07-24,824,Oisterwijk,Noord-Brabant,30,Overleden,0,11
2020-07-24,826,Oosterhout,Noord-Brabant,30,Totaal,1,142
2020-07-24,826,Oosterhout,Noord-Brabant,30,Ziekenhuisopname,0,48
2020-07-24,826,Oosterhout,Noord-Brabant,30,Overleden,0,17
2020-07-24,828,Oss,Noord-Brabant,30,Totaal,0,494
2020-07-24,828,Oss,Noord-Brabant,30,Ziekenhuisopname,0,164
2020-07-24,828,Oss,Noord-Brabant,30,Overleden,0,87
2020-07-24,840,Rucphen,Noord-Brabant,30,Totaal,0,70
2020-07-24,840,Rucphen,Noord-Brabant,30,Ziekenhuisopname,0,10
2020-07-24,840,Rucphen,Noord-Brabant,30,Overleden,0,10
2020-07-24,845,Sint-Michielsgestel,Noord-Brabant,30,Totaal,0,119
2020-07-24,845,Sint-Michielsgestel,Noord-Brabant,30,Ziekenhuisopname,0,36
2020-07-24,845,Sint-Michielsgestel,Noord-Brabant,30,Overleden,0,19
2020-07-24,847,Someren,Noord-Brabant,30,Totaal,0,107
2020-07-24,847,Someren,Noord-Brabant,30,Ziekenhuisopname,0,33
2020-07-24,847,Someren,Noord-Brabant,30,Overleden,0,8
2020-07-24,848,Son en Breugel,Noord-Brabant,30,Totaal,0,74
2020-07-24,848,Son en Breugel,Noord-Brabant,30,Ziekenhuisopname,0,31
2020-07-24,848,Son en Breugel,Noord-Brabant,30,Overleden,0,14
2020-07-24,851,Steenbergen,Noord-Brabant,30,Totaal,1,94
2020-07-24,851,Steenbergen,Noord-Brabant,30,Ziekenhuisopname,0,13
2020-07-24,851,Steenbergen,Noord-Brabant,30,Overleden,0,13
2020-07-24,852,Waterland,Noord-Holland,27,Totaal,0,34
2020-07-24,852,Waterland,Noord-Holland,27,Ziekenhuisopname,0,16
2020-07-24,852,Waterland,Noord-Holland,27,Overleden,0,4
2020-07-24,855,Tilburg,Noord-Brabant,30,Totaal,1,846
2020-07-24,855,Tilburg,Noord-Brabant,30,Ziekenhuisopname,0,250
2020-07-24,855,Tilburg,Noord-Brabant,30,Overleden,0,162
2020-07-24,856,Uden,Noord-Brabant,30,Totaal,0,263
2020-07-24,856,Uden,Noord-Brabant,30,Ziekenhuisopname,0,115
2020-07-24,856,Uden,Noord-Brabant,30,Overleden,0,63
2020-07-24,858,Valkenswaard,Noord-Brabant,30,Totaal,0,180
2020-07-24,858,Valkenswaard,Noord-Brabant,30,Ziekenhuisopname,0,19
2020-07-24,858,Valkenswaard,Noord-Brabant,30,Overleden,0,37
2020-07-24,861,Veldhoven,Noord-Brabant,30,Totaal,0,131
2020-07-24,861,Veldhoven,Noord-Brabant,30,Ziekenhuisopname,0,31
2020-07-24,861,Veldhoven,Noord-Brabant,30,Overleden,0,16
2020-07-24,865,Vught,Noord-Brabant,30,Totaal,0,106
2020-07-24,865,Vught,Noord-Brabant,30,Ziekenhuisopname,0,42
2020-07-24,865,Vught,Noord-Brabant,30,Overleden,0,17
2020-07-24,866,Waalre,Noord-Brabant,30,Totaal,1,31
2020-07-24,866,Waalre,Noord-Brabant,30,Ziekenhuisopname,0,7
2020-07-24,866,Waalre,Noord-Brabant,30,Overleden,0,5
2020-07-24,867,Waalwijk,Noord-Brabant,30,Totaal,1,189
2020-07-24,867,Waalwijk,Noord-Brabant,30,Ziekenhuisopname,0,36
2020-07-24,867,Waalwijk,Noord-Brabant,30,Overleden,0,36
2020-07-24,873,Woensdrecht,Noord-Brabant,30,Totaal,0,74
2020-07-24,873,Woensdrecht,Noord-Brabant,30,Ziekenhuisopname,0,5
2020-07-24,873,Woensdrecht,Noord-Brabant,30,Overleden,0,7
2020-07-24,879,Zundert,Noord-Brabant,30,Totaal,2,111
2020-07-24,879,Zundert,Noord-Brabant,30,Ziekenhuisopname,0,24
2020-07-24,879,Zundert,Noord-Brabant,30,Overleden,0,11
2020-07-24,880,Wormerland,Noord-Holland,27,Totaal,0,49
2020-07-24,880,Wormerland,Noord-Holland,27,Ziekenhuisopname,0,20
2020-07-24,880,Wormerland,Noord-Holland,27,Overleden,0,6
2020-07-24,882,Landgraaf,Limburg,31,Totaal,0,145
2020-07-24,882,Landgraaf,Limburg,31,Ziekenhuisopname,0,52
2020-07-24,882,Landgraaf,Limburg,31,Overleden,0,13
2020-07-24,888,Beek,Limburg,31,Totaal,0,44
2020-07-24,888,Beek,Limburg,31,Ziekenhuisopname,0,16
2020-07-24,888,Beek,Limburg,31,Overleden,0,6
2020-07-24,889,Beesel,Limburg,31,Totaal,1,45
2020-07-24,889,Beesel,Limburg,31,Ziekenhuisopname,0,20
2020-07-24,889,Beesel,Limburg,31,Overleden,0,8
2020-07-24,893,Bergen (L.),Limburg,31,Totaal,0,25
2020-07-24,893,Bergen (L.),Limburg,31,Ziekenhuisopname,0,7
2020-07-24,893,Bergen (L.),Limburg,31,Overleden,0,2
2020-07-24,899,Brunssum,Limburg,31,Totaal,2,112
2020-07-24,899,Brunssum,Limburg,31,Ziekenhuisopname,0,44
2020-07-24,899,Brunssum,Limburg,31,Overleden,0,19
2020-07-24,907,Gennep,Limburg,31,Totaal,0,58
2020-07-24,907,Gennep,Limburg,31,Ziekenhuisopname,0,16
2020-07-24,907,Gennep,Limburg,31,Overleden,0,10
2020-07-24,917,Heerlen,Limburg,31,Totaal,0,389
2020-07-24,917,Heerlen,Limburg,31,Ziekenhuisopname,0,125
2020-07-24,917,Heerlen,Limburg,31,Overleden,0,54
2020-07-24,928,Kerkrade,Limburg,31,Totaal,0,208
2020-07-24,928,Kerkrade,Limburg,31,Ziekenhuisopname,0,64
2020-07-24,928,Kerkrade,Limburg,31,Overleden,0,35
2020-07-24,935,Maastricht,Limburg,31,Totaal,0,919
2020-07-24,935,Maastricht,Limburg,31,Ziekenhuisopname,0,186
2020-07-24,935,Maastricht,Limburg,31,Overleden,0,140
2020-07-24,938,Meerssen,Limburg,31,Totaal,0,118
2020-07-24,938,Meerssen,Limburg,31,Ziekenhuisopname,0,22
2020-07-24,938,Meerssen,Limburg,31,Overleden,0,13
2020-07-24,944,Mook en Middelaar,Limburg,31,Totaal,0,40
2020-07-24,944,Mook en Middelaar,Limburg,31,Ziekenhuisopname,0,6
2020-07-24,944,Mook en Middelaar,Limburg,31,Overleden,0,5
2020-07-24,946,Nederweert,Limburg,31,Totaal,0,53
2020-07-24,946,Nederweert,Limburg,31,Ziekenhuisopname,0,31
2020-07-24,946,Nederweert,Limburg,31,Overleden,0,7
2020-07-24,957,Roermond,Limburg,31,Totaal,0,138
2020-07-24,957,Roermond,Limburg,31,Ziekenhuisopname,0,59
2020-07-24,957,Roermond,Limburg,31,Overleden,0,23
2020-07-24,965,Simpelveld,Limburg,31,Totaal,0,48
2020-07-24,965,Simpelveld,Limburg,31,Ziekenhuisopname,0,19
2020-07-24,965,Simpelveld,Limburg,31,Overleden,0,5
2020-07-24,971,Stein,Limburg,31,Totaal,0,122
2020-07-24,971,Stein,Limburg,31,Ziekenhuisopname,0,43
2020-07-24,971,Stein,Limburg,31,Overleden,0,15
2020-07-24,981,Vaals,Limburg,31,Totaal,0,31
2020-07-24,981,Vaals,Limburg,31,Ziekenhuisopname,0,10
2020-07-24,981,Vaals,Limburg,31,Overleden,0,2
2020-07-24,983,Venlo,Limburg,31,Totaal,1,310
2020-07-24,983,Venlo,Limburg,31,Ziekenhuisopname,0,129
2020-07-24,983,Venlo,Limburg,31,Overleden,0,63
2020-07-24,984,Venray,Limburg,31,Totaal,0,126
2020-07-24,984,Venray,Limburg,31,Ziekenhuisopname,0,37
2020-07-24,984,Venray,Limburg,31,Overleden,0,17
2020-07-24,986,Voerendaal,Limburg,31,Totaal,0,47
2020-07-24,986,Voerendaal,Limburg,31,Ziekenhuisopname,0,17
2020-07-24,986,Voerendaal,Limburg,31,Overleden,0,8
2020-07-24,988,Weert,Limburg,31,Totaal,0,142
2020-07-24,988,Weert,Limburg,31,Ziekenhuisopname,0,67
2020-07-24,988,Weert,Limburg,31,Overleden,0,14
2020-07-24,994,Valkenburg aan de Geul,Limburg,31,Totaal,0,88
2020-07-24,994,Valkenburg aan de Geul,Limburg,31,Ziekenhuisopname,0,19
2020-07-24,994,Valkenburg aan de Geul,Limburg,31,Overleden,0,7
2020-07-24,995,Lelystad,Flevoland,24,Totaal,0,191
2020-07-24,995,Lelystad,Flevoland,24,Ziekenhuisopname,0,63
2020-07-24,995,Lelystad,Flevoland,24,Overleden,0,29
2020-07-24,1507,Horst aan de Maas,Limburg,31,Totaal,0,136
2020-07-24,1507,Horst aan de Maas,Limburg,31,Ziekenhuisopname,0,41
2020-07-24,1507,Horst aan de Maas,Limburg,31,Overleden,0,24
2020-07-24,1509,Oude IJsselstreek,Gelderland,25,Totaal,0,78
2020-07-24,1509,Oude IJsselstreek,Gelderland,25,Ziekenhuisopname,0,21
2020-07-24,1509,Oude IJsselstreek,Gelderland,25,Overleden,0,9
2020-07-24,1525,Teylingen,Zuid-Holland,28,Totaal,1,67
2020-07-24,1525,Teylingen,Zuid-Holland,28,Ziekenhuisopname,0,14
2020-07-24,1525,Teylingen,Zuid-Holland,28,Overleden,0,2
2020-07-24,1581,Utrechtse Heuvelrug,Utrecht,26,Totaal,0,125
2020-07-24,1581,Utrechtse Heuvelrug,Utrecht,26,Ziekenhuisopname,0,28
2020-07-24,1581,Utrechtse Heuvelrug,Utrecht,26,Overleden,0,14
2020-07-24,1586,Oost Gelre,Gelderland,25,Totaal,0,76
2020-07-24,1586,Oost Gelre,Gelderland,25,Ziekenhuisopname,0,18
2020-07-24,1586,Oost Gelre,Gelderland,25,Overleden,0,6
2020-07-24,1598,Koggenland,Noord-Holland,27,Totaal,0,36
2020-07-24,1598,Koggenland,Noord-Holland,27,Ziekenhuisopname,0,6
2020-07-24,1598,Koggenland,Noord-Holland,27,Overleden,0,6
2020-07-24,1621,Lansingerland,Zuid-Holland,28,Totaal,1,200
2020-07-24,1621,Lansingerland,Zuid-Holland,28,Ziekenhuisopname,0,43
2020-07-24,1621,Lansingerland,Zuid-Holland,28,Overleden,0,25
2020-07-24,1640,Leudal,Limburg,31,Totaal,0,191
2020-07-24,1640,Leudal,Limburg,31,Ziekenhuisopname,0,53
2020-07-24,1640,Leudal,Limburg,31,Overleden,0,33
2020-07-24,1641,Maasgouw,Limburg,31,Totaal,0,107
2020-07-24,1641,Maasgouw,Limburg,31,Ziekenhuisopname,0,27
2020-07-24,1641,Maasgouw,Limburg,31,Overleden,0,14
2020-07-24,1652,Gemert-Bakel,Noord-Brabant,30,Totaal,0,219
2020-07-24,1652,Gemert-Bakel,Noord-Brabant,30,Ziekenhuisopname,0,79
2020-07-24,1652,Gemert-Bakel,Noord-Brabant,30,Overleden,0,32
2020-07-24,1655,Halderberge,Noord-Brabant,30,Totaal,0,61
2020-07-24,1655,Halderberge,Noord-Brabant,30,Ziekenhuisopname,0,14
2020-07-24,1655,Halderberge,Noord-Brabant,30,Overleden,0,7
2020-07-24,1658,Heeze-Leende,Noord-Brabant,30,Totaal,0,71
2020-07-24,1658,Heeze-Leende,Noord-Brabant,30,Ziekenhuisopname,0,16
2020-07-24,1658,Heeze-Leende,Noord-Brabant,30,Overleden,0,8
2020-07-24,1659,Laarbeek,Noord-Brabant,30,Totaal,0,125
2020-07-24,1659,Laarbeek,Noord-Brabant,30,Ziekenhuisopname,0,41
2020-07-24,1659,Laarbeek,Noord-Brabant,30,Overleden,0,26
2020-07-24,1667,Reusel-De Mierden,Noord-Brabant,30,Totaal,0,24
2020-07-24,1667,Reusel-De Mierden,Noord-Brabant,30,Ziekenhuisopname,0,11
2020-07-24,1667,Reusel-De Mierden,Noord-Brabant,30,Overleden,0,2
2020-07-24,1669,Roerdalen,Limburg,31,Totaal,0,49
2020-07-24,1669,Roerdalen,Limburg,31,Ziekenhuisopname,0,27
2020-07-24,1669,Roerdalen,Limburg,31,Overleden,0,8
2020-07-24,1674,Roosendaal,Noord-Brabant,30,Totaal,2,240
2020-07-24,1674,Roosendaal,Noord-Brabant,30,Ziekenhuisopname,0,28
2020-07-24,1674,Roosendaal,Noord-Brabant,30,Overleden,0,21
2020-07-24,1676,Schouwen-Duiveland,Zeeland,29,Totaal,0,94
2020-07-24,1676,Schouwen-Duiveland,Zeeland,29,Ziekenhuisopname,0,11
2020-07-24,1676,Schouwen-Duiveland,Zeeland,29,Overleden,0,9
2020-07-24,1680,Aa en Hunze,Drenthe,22,Totaal,0,14
2020-07-24,1680,Aa en Hunze,Drenthe,22,Ziekenhuisopname,0,1
2020-07-24,1680,Aa en Hunze,Drenthe,22,Overleden,0,0
2020-07-24,1681,Borger-Odoorn,Drenthe,22,Totaal,0,10
2020-07-24,1681,Borger-Odoorn,Drenthe,22,Ziekenhuisopname,0,4
2020-07-24,1681,Borger-Odoorn,Drenthe,22,Overleden,0,3
2020-07-24,1684,Cuijk,Noord-Brabant,30,Totaal,0,79
2020-07-24,1684,Cuijk,Noord-Brabant,30,Ziekenhuisopname,0,12
2020-07-24,1684,Cuijk,Noord-Brabant,30,Overleden,0,10
2020-07-24,1685,Landerd,Noord-Brabant,30,Totaal,0,146
2020-07-24,1685,Landerd,Noord-Brabant,30,Ziekenhuisopname,0,39
2020-07-24,1685,Landerd,Noord-Brabant,30,Overleden,0,21
2020-07-24,1690,De Wolden,Drenthe,22,Totaal,0,48
2020-07-24,1690,De Wolden,Drenthe,22,Ziekenhuisopname,0,11
2020-07-24,1690,De Wolden,Drenthe,22,Overleden,0,5
2020-07-24,1695,Noord-Beveland,Zeeland,29,Totaal,0,11
2020-07-24,1695,Noord-Beveland,Zeeland,29,Ziekenhuisopname,0,1
2020-07-24,1695,Noord-Beveland,Zeeland,29,Overleden,0,0
2020-07-24,1696,Wijdemeren,Noord-Holland,27,Totaal,0,35
2020-07-24,1696,Wijdemeren,Noord-Holland,27,Ziekenhuisopname,0,8
2020-07-24,1696,Wijdemeren,Noord-Holland,27,Overleden,0,0
2020-07-24,1699,Noordenveld,Drenthe,22,Totaal,0,21
2020-07-24,1699,Noordenveld,Drenthe,22,Ziekenhuisopname,0,4
2020-07-24,1699,Noordenveld,Drenthe,22,Overleden,0,1
2020-07-24,1700,Twenterand,Overijssel,23,Totaal,0,61
2020-07-24,1700,Twenterand,Overijssel,23,Ziekenhuisopname,0,12
2020-07-24,1700,Twenterand,Overijssel,23,Overleden,0,2
2020-07-24,1701,Westerveld,Drenthe,22,Totaal,0,37
2020-07-24,1701,Westerveld,Drenthe,22,Ziekenhuisopname,0,9
2020-07-24,1701,Westerveld,Drenthe,22,Overleden,0,4
2020-07-24,1702,Sint Anthonis,Noord-Brabant,30,Totaal,0,70
2020-07-24,1702,Sint Anthonis,Noord-Brabant,30,Ziekenhuisopname,0,20
2020-07-24,1702,Sint Anthonis,Noord-Brabant,30,Overleden,0,11
2020-07-24,1705,Lingewaard,Gelderland,25,Totaal,0,131
2020-07-24,1705,Lingewaard,Gelderland,25,Ziekenhuisopname,0,31
2020-07-24,1705,Lingewaard,Gelderland,25,Overleden,0,10
2020-07-24,1706,Cranendonck,Noord-Brabant,30,Totaal,0,173
2020-07-24,1706,Cranendonck,Noord-Brabant,30,Ziekenhuisopname,0,63
2020-07-24,1706,Cranendonck,Noord-Brabant,30,Overleden,0,36
2020-07-24,1708,Steenwijkerland,Overijssel,23,Totaal,0,105
2020-07-24,1708,Steenwijkerland,Overijssel,23,Ziekenhuisopname,0,14
2020-07-24,1708,Steenwijkerland,Overijssel,23,Overleden,0,5
2020-07-24,1709,Moerdijk,Noord-Brabant,30,Totaal,0,83
2020-07-24,1709,Moerdijk,Noord-Brabant,30,Ziekenhuisopname,0,14
2020-07-24,1709,Moerdijk,Noord-Brabant,30,Overleden,0,8
2020-07-24,1711,Echt-Susteren,Limburg,31,Totaal,0,93
2020-07-24,1711,Echt-Susteren,Limburg,31,Ziekenhuisopname,0,39
2020-07-24,1711,Echt-Susteren,Limburg,31,Overleden,0,16
2020-07-24,1714,Sluis,Zeeland,29,Totaal,0,18
2020-07-24,1714,Sluis,Zeeland,29,Ziekenhuisopname,0,9
2020-07-24,1714,Sluis,Zeeland,29,Overleden,0,4
2020-07-24,1719,Drimmelen,Noord-Brabant,30,Totaal,0,69
2020-07-24,1719,Drimmelen,Noord-Brabant,30,Ziekenhuisopname,0,18
2020-07-24,1719,Drimmelen,Noord-Brabant,30,Overleden,0,8
2020-07-24,1721,Bernheze,Noord-Brabant,30,Totaal,0,281
2020-07-24,1721,Bernheze,Noord-Brabant,30,Ziekenhuisopname,0,95
2020-07-24,1721,Bernheze,Noord-Brabant,30,Overleden,0,65
2020-07-24,1723,Alphen-Chaam,Noord-Brabant,30,Totaal,3,55
2020-07-24,1723,Alphen-Chaam,Noord-Brabant,30,Ziekenhuisopname,0,18
2020-07-24,1723,Alphen-Chaam,Noord-Brabant,30,Overleden,0,5
2020-07-24,1724,Bergeijk,Noord-Brabant,30,Totaal,0,58
2020-07-24,1724,Bergeijk,Noord-Brabant,30,Ziekenhuisopname,0,19
2020-07-24,1724,Bergeijk,Noord-Brabant,30,Overleden,0,5
2020-07-24,1728,Bladel,Noord-Brabant,30,Totaal,0,78
2020-07-24,1728,Bladel,Noord-Brabant,30,Ziekenhuisopname,0,21
2020-07-24,1728,Bladel,Noord-Brabant,30,Overleden,0,8
2020-07-24,1729,Gulpen-Wittem,Limburg,31,Totaal,0,79
2020-07-24,1729,Gulpen-Wittem,Limburg,31,Ziekenhuisopname,0,21
2020-07-24,1729,Gulpen-Wittem,Limburg,31,Overleden,0,14
2020-07-24,1730,Tynaarlo,Drenthe,22,Totaal,0,40
2020-07-24,1730,Tynaarlo,Drenthe,22,Ziekenhuisopname,0,9
2020-07-24,1730,Tynaarlo,Drenthe,22,Overleden,0,0
2020-07-24,1731,Midden-Drenthe,Drenthe,22,Totaal,0,22
2020-07-24,1731,Midden-Drenthe,Drenthe,22,Ziekenhuisopname,0,6
2020-07-24,1731,Midden-Drenthe,Drenthe,22,Overleden,0,0
2020-07-24,1734,Overbetuwe,Gelderland,25,Totaal,-1,139
2020-07-24,1734,Overbetuwe,Gelderland,25,Ziekenhuisopname,-1,56
2020-07-24,1734,Overbetuwe,Gelderland,25,Overleden,0,16
2020-07-24,1735,Hof van Twente,Overijssel,23,Totaal,0,63
2020-07-24,1735,Hof van Twente,Overijssel,23,Ziekenhuisopname,0,15
2020-07-24,1735,Hof van Twente,Overijssel,23,Overleden,0,5
2020-07-24,1740,Neder-Betuwe,Gelderland,25,Totaal,0,145
2020-07-24,1740,Neder-Betuwe,Gelderland,25,Ziekenhuisopname,0,37
2020-07-24,1740,Neder-Betuwe,Gelderland,25,Overleden,0,21
2020-07-24,1742,Rijssen-Holten,Overijssel,23,Totaal,0,202
2020-07-24,1742,Rijssen-Holten,Overijssel,23,Ziekenhuisopname,0,29
2020-07-24,1742,Rijssen-Holten,Overijssel,23,Overleden,0,23
2020-07-24,1771,Geldrop-Mierlo,Noord-Brabant,30,Totaal,0,110
2020-07-24,1771,Geldrop-Mierlo,Noord-Brabant,30,Ziekenhuisopname,0,33
2020-07-24,1771,Geldrop-Mierlo,Noord-Brabant,30,Overleden,0,16
2020-07-24,1773,Olst-Wijhe,Overijssel,23,Totaal,0,51
2020-07-24,1773,Olst-Wijhe,Overijssel,23,Ziekenhuisopname,0,12
2020-07-24,1773,Olst-Wijhe,Overijssel,23,Overleden,0,8
2020-07-24,1774,Dinkelland,Overijssel,23,Totaal,0,74
2020-07-24,1774,Dinkelland,Overijssel,23,Ziekenhuisopname,0,20
2020-07-24,1774,Dinkelland,Overijssel,23,Overleden,0,10
2020-07-24,1783,Westland,Zuid-Holland,28,Totaal,1,304
2020-07-24,1783,Westland,Zuid-Holland,28,Ziekenhuisopname,0,57
2020-07-24,1783,Westland,Zuid-Holland,28,Overleden,0,30
2020-07-24,1842,Midden-Delfland,Zuid-Holland,28,Totaal,0,31
2020-07-24,1842,Midden-Delfland,Zuid-Holland,28,Ziekenhuisopname,0,4
2020-07-24,1842,Midden-Delfland,Zuid-Holland,28,Overleden,0,0
2020-07-24,1859,Berkelland,Gelderland,25,Totaal,-1,94
2020-07-24,1859,Berkelland,Gelderland,25,Ziekenhuisopname,-1,12
2020-07-24,1859,Berkelland,Gelderland,25,Overleden,0,7
2020-07-24,1876,Bronckhorst,Gelderland,25,Totaal,0,75
2020-07-24,1876,Bronckhorst,Gelderland,25,Ziekenhuisopname,0,17
2020-07-24,1876,Bronckhorst,Gelderland,25,Overleden,0,7
2020-07-24,1883,Sittard-Geleen,Limburg,31,Totaal,0,413
2020-07-24,1883,Sittard-Geleen,Limburg,31,Ziekenhuisopname,0,115
2020-07-24,1883,Sittard-Geleen,Limburg,31,Overleden,0,63
2020-07-24,1884,Kaag en Braassem,Zuid-Holland,28,Totaal,1,34
2020-07-24,1884,Kaag en Braassem,Zuid-Holland,28,Ziekenhuisopname,0,7
2020-07-24,1884,Kaag en Braassem,Zuid-Holland,28,Overleden,0,2
2020-07-24,1891,Dantumadiel,Friesland,21,Totaal,0,5
2020-07-24,1891,Dantumadiel,Friesland,21,Ziekenhuisopname,0,2
2020-07-24,1891,Dantumadiel,Friesland,21,Overleden,0,0
2020-07-24,1892,Zuidplas,Zuid-Holland,28,Totaal,0,159
2020-07-24,1892,Zuidplas,Zuid-Holland,28,Ziekenhuisopname,0,24
2020-07-24,1892,Zuidplas,Zuid-Holland,28,Overleden,0,21
2020-07-24,1894,Peel en Maas,Limburg,31,Totaal,0,280
2020-07-24,1894,Peel en Maas,Limburg,31,Ziekenhuisopname,0,144
2020-07-24,1894,Peel en Maas,Limburg,31,Overleden,0,65
2020-07-24,1895,Oldambt,Groningen,20,Totaal,0,13
2020-07-24,1895,Oldambt,Groningen,20,Ziekenhuisopname,0,7
2020-07-24,1895,Oldambt,Groningen,20,Overleden,0,2
2020-07-24,1896,Zwartewaterland,Overijssel,23,Totaal,0,146
2020-07-24,1896,Zwartewaterland,Overijssel,23,Ziekenhuisopname,0,35
2020-07-24,1896,Zwartewaterland,Overijssel,23,Overleden,0,19
2020-07-24,1900,Sdwest-Frysln,Friesland,21,Totaal,0,106
2020-07-24,1900,Sdwest-Frysln,Friesland,21,Ziekenhuisopname,0,18
2020-07-24,1900,Sdwest-Frysln,Friesland,21,Overleden,0,6
2020-07-24,1901,Bodegraven-Reeuwijk,Zuid-Holland,28,Totaal,0,68
2020-07-24,1901,Bodegraven-Reeuwijk,Zuid-Holland,28,Ziekenhuisopname,0,7
2020-07-24,1901,Bodegraven-Reeuwijk,Zuid-Holland,28,Overleden,0,1
2020-07-24,1903,Eijsden-Margraten,Limburg,31,Totaal,0,175
2020-07-24,1903,Eijsden-Margraten,Limburg,31,Ziekenhuisopname,0,54
2020-07-24,1903,Eijsden-Margraten,Limburg,31,Overleden,0,27
2020-07-24,1904,Stichtse Vecht,Utrecht,26,Totaal,0,135
2020-07-24,1904,Stichtse Vecht,Utrecht,26,Ziekenhuisopname,0,34
2020-07-24,1904,Stichtse Vecht,Utrecht,26,Overleden,0,13
2020-07-24,1911,Hollands Kroon,Noord-Holland,27,Totaal,0,64
2020-07-24,1911,Hollands Kroon,Noord-Holland,27,Ziekenhuisopname,0,26
2020-07-24,1911,Hollands Kroon,Noord-Holland,27,Overleden,0,6
2020-07-24,1916,Leidschendam-Voorburg,Zuid-Holland,28,Totaal,0,164
2020-07-24,1916,Leidschendam-Voorburg,Zuid-Holland,28,Ziekenhuisopname,0,20
2020-07-24,1916,Leidschendam-Voorburg,Zuid-Holland,28,Overleden,0,15
2020-07-24,1924,Goeree-Overflakkee,Zuid-Holland,28,Totaal,0,265
2020-07-24,1924,Goeree-Overflakkee,Zuid-Holland,28,Ziekenhuisopname,0,54
2020-07-24,1924,Goeree-Overflakkee,Zuid-Holland,28,Overleden,0,34
2020-07-24,1926,Pijnacker-Nootdorp,Zuid-Holland,28,Totaal,0,139
2020-07-24,1926,Pijnacker-Nootdorp,Zuid-Holland,28,Ziekenhuisopname,0,24
2020-07-24,1926,Pijnacker-Nootdorp,Zuid-Holland,28,Overleden,0,16
2020-07-24,1930,Nissewaard,Zuid-Holland,28,Totaal,2,222
2020-07-24,1930,Nissewaard,Zuid-Holland,28,Ziekenhuisopname,1,56
2020-07-24,1930,Nissewaard,Zuid-Holland,28,Overleden,0,17
2020-07-24,1931,Krimpenerwaard,Zuid-Holland,28,Totaal,2,203
2020-07-24,1931,Krimpenerwaard,Zuid-Holland,28,Ziekenhuisopname,0,45
2020-07-24,1931,Krimpenerwaard,Zuid-Holland,28,Overleden,0,34
2020-07-24,1940,De Fryske Marren,Friesland,21,Totaal,1,73
2020-07-24,1940,De Fryske Marren,Friesland,21,Ziekenhuisopname,0,16
2020-07-24,1940,De Fryske Marren,Friesland,21,Overleden,0,6
2020-07-24,1942,Gooise Meren,Noord-Holland,27,Totaal,1,125
2020-07-24,1942,Gooise Meren,Noord-Holland,27,Ziekenhuisopname,0,23
2020-07-24,1942,Gooise Meren,Noord-Holland,27,Overleden,0,9
2020-07-24,1945,Berg en Dal,Gelderland,25,Totaal,0,182
2020-07-24,1945,Berg en Dal,Gelderland,25,Ziekenhuisopname,0,29
2020-07-24,1945,Berg en Dal,Gelderland,25,Overleden,0,16
2020-07-24,1948,Meierijstad,Noord-Brabant,30,Totaal,0,558
2020-07-24,1948,Meierijstad,Noord-Brabant,30,Ziekenhuisopname,0,211
2020-07-24,1948,Meierijstad,Noord-Brabant,30,Overleden,0,131
2020-07-24,1949,Waadhoeke,Friesland,21,Totaal,0,101
2020-07-24,1949,Waadhoeke,Friesland,21,Ziekenhuisopname,0,12
2020-07-24,1949,Waadhoeke,Friesland,21,Overleden,0,15
2020-07-24,1950,Westerwolde,Groningen,20,Totaal,0,6
2020-07-24,1950,Westerwolde,Groningen,20,Ziekenhuisopname,0,5
2020-07-24,1950,Westerwolde,Groningen,20,Overleden,0,0
2020-07-24,1952,Midden-Groningen,Groningen,20,Totaal,0,32
2020-07-24,1952,Midden-Groningen,Groningen,20,Ziekenhuisopname,0,6
2020-07-24,1952,Midden-Groningen,Groningen,20,Overleden,0,3
2020-07-24,1954,Beekdaelen,Limburg,31,Totaal,0,172
2020-07-24,1954,Beekdaelen,Limburg,31,Ziekenhuisopname,0,52
2020-07-24,1954,Beekdaelen,Limburg,31,Overleden,0,23
2020-07-24,1955,Montferland,Gelderland,25,Totaal,0,103
2020-07-24,1955,Montferland,Gelderland,25,Ziekenhuisopname,0,21
2020-07-24,1955,Montferland,Gelderland,25,Overleden,0,9
2020-07-24,1959,Altena,Noord-Brabant,30,Totaal,0,136
2020-07-24,1959,Altena,Noord-Brabant,30,Ziekenhuisopname,0,32
2020-07-24,1959,Altena,Noord-Brabant,30,Overleden,0,11
2020-07-24,1960,West Betuwe,Gelderland,25,Totaal,0,214
2020-07-24,1960,West Betuwe,Gelderland,25,Ziekenhuisopname,0,43
2020-07-24,1960,West Betuwe,Gelderland,25,Overleden,0,27
2020-07-24,1961,Vijfheerenlanden,Utrecht,26,Totaal,0,276
2020-07-24,1961,Vijfheerenlanden,Utrecht,26,Ziekenhuisopname,0,34
2020-07-24,1961,Vijfheerenlanden,Utrecht,26,Overleden,0,37
2020-07-24,1963,Hoeksche Waard,Zuid-Holland,28,Totaal,0,316
2020-07-24,1963,Hoeksche Waard,Zuid-Holland,28,Ziekenhuisopname,0,75
2020-07-24,1963,Hoeksche Waard,Zuid-Holland,28,Overleden,0,20
2020-07-24,1966,Het Hogeland,Groningen,20,Totaal,0,35
2020-07-24,1966,Het Hogeland,Groningen,20,Ziekenhuisopname,0,7
2020-07-24,1966,Het Hogeland,Groningen,20,Overleden,0,3
2020-07-24,1969,Westerkwartier,Groningen,20,Totaal,0,58
2020-07-24,1969,Westerkwartier,Groningen,20,Ziekenhuisopname,0,14
2020-07-24,1969,Westerkwartier,Groningen,20,Overleden,0,4
2020-07-24,1970,Noardeast-Frysln,Friesland,21,Totaal,0,30
2020-07-24,1970,Noardeast-Frysln,Friesland,21,Ziekenhuisopname,0,6
2020-07-24,1970,Noardeast-Frysln,Friesland,21,Overleden,0,4
2020-07-24,1978,Molenlanden,Zuid-Holland,28,Totaal,0,123
2020-07-24,1978,Molenlanden,Zuid-Holland,28,Ziekenhuisopname,0,18
2020-07-24,1978,Molenlanden,Zuid-Holland,28,Overleden,0,8
