Datum,Gemeentecode,Gemeentenaam,Provincienaam,Provinciecode,Type,Aantal,AantalCumulatief
2020-04-07,-1,,,-1,Totaal,,
2020-04-07,-1,,,-1,Ziekenhuisopname,-27,60
2020-04-07,-1,,,-1,Overleden,,
2020-04-07,3,Appingedam,Groningen,20,Totaal,,
2020-04-07,3,Appingedam,Groningen,20,Ziekenhuisopname,0,2
2020-04-07,3,Appingedam,Groningen,20,Overleden,,
2020-04-07,10,Delfzijl,Groningen,20,Totaal,,
2020-04-07,10,Delfzijl,Groningen,20,Ziekenhuisopname,0,5
2020-04-07,10,Delfzijl,Groningen,20,Overleden,,
2020-04-07,14,Groningen,Groningen,20,Totaal,,
2020-04-07,14,Groningen,Groningen,20,Ziekenhuisopname,1,14
2020-04-07,14,Groningen,Groningen,20,Overleden,,
2020-04-07,24,Loppersum,Groningen,20,Totaal,,
2020-04-07,24,Loppersum,Groningen,20,Ziekenhuisopname,0,0
2020-04-07,24,Loppersum,Groningen,20,Overleden,,
2020-04-07,34,Almere,Flevoland,24,Totaal,,
2020-04-07,34,Almere,Flevoland,24,Ziekenhuisopname,3,80
2020-04-07,34,Almere,Flevoland,24,Overleden,,
2020-04-07,37,Stadskanaal,Groningen,20,Totaal,,
2020-04-07,37,Stadskanaal,Groningen,20,Ziekenhuisopname,0,0
2020-04-07,37,Stadskanaal,Groningen,20,Overleden,,
2020-04-07,47,Veendam,Groningen,20,Totaal,,
2020-04-07,47,Veendam,Groningen,20,Ziekenhuisopname,0,1
2020-04-07,47,Veendam,Groningen,20,Overleden,,
2020-04-07,50,Zeewolde,Flevoland,24,Totaal,,
2020-04-07,50,Zeewolde,Flevoland,24,Ziekenhuisopname,0,6
2020-04-07,50,Zeewolde,Flevoland,24,Overleden,,
2020-04-07,59,Achtkarspelen,Friesland,21,Totaal,,
2020-04-07,59,Achtkarspelen,Friesland,21,Ziekenhuisopname,0,0
2020-04-07,59,Achtkarspelen,Friesland,21,Overleden,,
2020-04-07,60,Ameland,Friesland,21,Totaal,,
2020-04-07,60,Ameland,Friesland,21,Ziekenhuisopname,0,0
2020-04-07,60,Ameland,Friesland,21,Overleden,,
2020-04-07,72,Harlingen,Friesland,21,Totaal,,
2020-04-07,72,Harlingen,Friesland,21,Ziekenhuisopname,0,2
2020-04-07,72,Harlingen,Friesland,21,Overleden,,
2020-04-07,74,Heerenveen,Friesland,21,Totaal,,
2020-04-07,74,Heerenveen,Friesland,21,Ziekenhuisopname,0,10
2020-04-07,74,Heerenveen,Friesland,21,Overleden,,
2020-04-07,80,Leeuwarden,Friesland,21,Totaal,,
2020-04-07,80,Leeuwarden,Friesland,21,Ziekenhuisopname,0,29
2020-04-07,80,Leeuwarden,Friesland,21,Overleden,,
2020-04-07,85,Ooststellingwerf,Friesland,21,Totaal,,
2020-04-07,85,Ooststellingwerf,Friesland,21,Ziekenhuisopname,0,1
2020-04-07,85,Ooststellingwerf,Friesland,21,Overleden,,
2020-04-07,86,Opsterland,Friesland,21,Totaal,,
2020-04-07,86,Opsterland,Friesland,21,Ziekenhuisopname,0,5
2020-04-07,86,Opsterland,Friesland,21,Overleden,,
2020-04-07,88,Schiermonnikoog,Friesland,21,Totaal,,
2020-04-07,88,Schiermonnikoog,Friesland,21,Ziekenhuisopname,0,0
2020-04-07,88,Schiermonnikoog,Friesland,21,Overleden,,
2020-04-07,90,Smallingerland,Friesland,21,Totaal,,
2020-04-07,90,Smallingerland,Friesland,21,Ziekenhuisopname,0,6
2020-04-07,90,Smallingerland,Friesland,21,Overleden,,
2020-04-07,93,Terschelling,Friesland,21,Totaal,,
2020-04-07,93,Terschelling,Friesland,21,Ziekenhuisopname,0,0
2020-04-07,93,Terschelling,Friesland,21,Overleden,,
2020-04-07,96,Vlieland,Friesland,21,Totaal,,
2020-04-07,96,Vlieland,Friesland,21,Ziekenhuisopname,0,0
2020-04-07,96,Vlieland,Friesland,21,Overleden,,
2020-04-07,98,Weststellingwerf,Friesland,21,Totaal,,
2020-04-07,98,Weststellingwerf,Friesland,21,Ziekenhuisopname,0,2
2020-04-07,98,Weststellingwerf,Friesland,21,Overleden,,
2020-04-07,106,Assen,Drenthe,22,Totaal,,
2020-04-07,106,Assen,Drenthe,22,Ziekenhuisopname,2,9
2020-04-07,106,Assen,Drenthe,22,Overleden,,
2020-04-07,109,Coevorden,Drenthe,22,Totaal,,
2020-04-07,109,Coevorden,Drenthe,22,Ziekenhuisopname,0,9
2020-04-07,109,Coevorden,Drenthe,22,Overleden,,
2020-04-07,114,Emmen,Drenthe,22,Totaal,,
2020-04-07,114,Emmen,Drenthe,22,Ziekenhuisopname,3,12
2020-04-07,114,Emmen,Drenthe,22,Overleden,,
2020-04-07,118,Hoogeveen,Drenthe,22,Totaal,,
2020-04-07,118,Hoogeveen,Drenthe,22,Ziekenhuisopname,0,9
2020-04-07,118,Hoogeveen,Drenthe,22,Overleden,,
2020-04-07,119,Meppel,Drenthe,22,Totaal,,
2020-04-07,119,Meppel,Drenthe,22,Ziekenhuisopname,1,5
2020-04-07,119,Meppel,Drenthe,22,Overleden,,
2020-04-07,141,Almelo,Overijssel,23,Totaal,,
2020-04-07,141,Almelo,Overijssel,23,Ziekenhuisopname,0,15
2020-04-07,141,Almelo,Overijssel,23,Overleden,,
2020-04-07,147,Borne,Overijssel,23,Totaal,,
2020-04-07,147,Borne,Overijssel,23,Ziekenhuisopname,0,13
2020-04-07,147,Borne,Overijssel,23,Overleden,,
2020-04-07,148,Dalfsen,Overijssel,23,Totaal,,
2020-04-07,148,Dalfsen,Overijssel,23,Ziekenhuisopname,1,13
2020-04-07,148,Dalfsen,Overijssel,23,Overleden,,
2020-04-07,150,Deventer,Overijssel,23,Totaal,,
2020-04-07,150,Deventer,Overijssel,23,Ziekenhuisopname,1,29
2020-04-07,150,Deventer,Overijssel,23,Overleden,,
2020-04-07,153,Enschede,Overijssel,23,Totaal,,
2020-04-07,153,Enschede,Overijssel,23,Ziekenhuisopname,0,39
2020-04-07,153,Enschede,Overijssel,23,Overleden,,
2020-04-07,158,Haaksbergen,Overijssel,23,Totaal,,
2020-04-07,158,Haaksbergen,Overijssel,23,Ziekenhuisopname,1,11
2020-04-07,158,Haaksbergen,Overijssel,23,Overleden,,
2020-04-07,160,Hardenberg,Overijssel,23,Totaal,,
2020-04-07,160,Hardenberg,Overijssel,23,Ziekenhuisopname,2,12
2020-04-07,160,Hardenberg,Overijssel,23,Overleden,,
2020-04-07,163,Hellendoorn,Overijssel,23,Totaal,,
2020-04-07,163,Hellendoorn,Overijssel,23,Ziekenhuisopname,0,6
2020-04-07,163,Hellendoorn,Overijssel,23,Overleden,,
2020-04-07,164,Hengelo,Overijssel,23,Totaal,,
2020-04-07,164,Hengelo,Overijssel,23,Ziekenhuisopname,1,12
2020-04-07,164,Hengelo,Overijssel,23,Overleden,,
2020-04-07,166,Kampen,Overijssel,23,Totaal,,
2020-04-07,166,Kampen,Overijssel,23,Ziekenhuisopname,2,42
2020-04-07,166,Kampen,Overijssel,23,Overleden,,
2020-04-07,168,Losser,Overijssel,23,Totaal,,
2020-04-07,168,Losser,Overijssel,23,Ziekenhuisopname,0,6
2020-04-07,168,Losser,Overijssel,23,Overleden,,
2020-04-07,171,Noordoostpolder,Flevoland,24,Totaal,,
2020-04-07,171,Noordoostpolder,Flevoland,24,Ziekenhuisopname,0,8
2020-04-07,171,Noordoostpolder,Flevoland,24,Overleden,,
2020-04-07,173,Oldenzaal,Overijssel,23,Totaal,,
2020-04-07,173,Oldenzaal,Overijssel,23,Ziekenhuisopname,0,11
2020-04-07,173,Oldenzaal,Overijssel,23,Overleden,,
2020-04-07,175,Ommen,Overijssel,23,Totaal,,
2020-04-07,175,Ommen,Overijssel,23,Ziekenhuisopname,1,7
2020-04-07,175,Ommen,Overijssel,23,Overleden,,
2020-04-07,177,Raalte,Overijssel,23,Totaal,,
2020-04-07,177,Raalte,Overijssel,23,Ziekenhuisopname,1,20
2020-04-07,177,Raalte,Overijssel,23,Overleden,,
2020-04-07,180,Staphorst,Overijssel,23,Totaal,,
2020-04-07,180,Staphorst,Overijssel,23,Ziekenhuisopname,0,4
2020-04-07,180,Staphorst,Overijssel,23,Overleden,,
2020-04-07,183,Tubbergen,Overijssel,23,Totaal,,
2020-04-07,183,Tubbergen,Overijssel,23,Ziekenhuisopname,1,10
2020-04-07,183,Tubbergen,Overijssel,23,Overleden,,
2020-04-07,184,Urk,Flevoland,24,Totaal,,
2020-04-07,184,Urk,Flevoland,24,Ziekenhuisopname,0,16
2020-04-07,184,Urk,Flevoland,24,Overleden,,
2020-04-07,189,Wierden,Overijssel,23,Totaal,,
2020-04-07,189,Wierden,Overijssel,23,Ziekenhuisopname,0,2
2020-04-07,189,Wierden,Overijssel,23,Overleden,,
2020-04-07,193,Zwolle,Overijssel,23,Totaal,,
2020-04-07,193,Zwolle,Overijssel,23,Ziekenhuisopname,0,38
2020-04-07,193,Zwolle,Overijssel,23,Overleden,,
2020-04-07,197,Aalten,Gelderland,25,Totaal,,
2020-04-07,197,Aalten,Gelderland,25,Ziekenhuisopname,0,1
2020-04-07,197,Aalten,Gelderland,25,Overleden,,
2020-04-07,200,Apeldoorn,Gelderland,25,Totaal,,
2020-04-07,200,Apeldoorn,Gelderland,25,Ziekenhuisopname,2,30
2020-04-07,200,Apeldoorn,Gelderland,25,Overleden,,
2020-04-07,202,Arnhem,Gelderland,25,Totaal,,
2020-04-07,202,Arnhem,Gelderland,25,Ziekenhuisopname,2,46
2020-04-07,202,Arnhem,Gelderland,25,Overleden,,
2020-04-07,203,Barneveld,Gelderland,25,Totaal,,
2020-04-07,203,Barneveld,Gelderland,25,Ziekenhuisopname,1,10
2020-04-07,203,Barneveld,Gelderland,25,Overleden,,
2020-04-07,209,Beuningen,Gelderland,25,Totaal,,
2020-04-07,209,Beuningen,Gelderland,25,Ziekenhuisopname,2,17
2020-04-07,209,Beuningen,Gelderland,25,Overleden,,
2020-04-07,213,Brummen,Gelderland,25,Totaal,,
2020-04-07,213,Brummen,Gelderland,25,Ziekenhuisopname,1,7
2020-04-07,213,Brummen,Gelderland,25,Overleden,,
2020-04-07,214,Buren,Gelderland,25,Totaal,,
2020-04-07,214,Buren,Gelderland,25,Ziekenhuisopname,0,7
2020-04-07,214,Buren,Gelderland,25,Overleden,,
2020-04-07,216,Culemborg,Gelderland,25,Totaal,,
2020-04-07,216,Culemborg,Gelderland,25,Ziekenhuisopname,0,20
2020-04-07,216,Culemborg,Gelderland,25,Overleden,,
2020-04-07,221,Doesburg,Gelderland,25,Totaal,,
2020-04-07,221,Doesburg,Gelderland,25,Ziekenhuisopname,0,4
2020-04-07,221,Doesburg,Gelderland,25,Overleden,,
2020-04-07,222,Doetinchem,Gelderland,25,Totaal,,
2020-04-07,222,Doetinchem,Gelderland,25,Ziekenhuisopname,1,7
2020-04-07,222,Doetinchem,Gelderland,25,Overleden,,
2020-04-07,225,Druten,Gelderland,25,Totaal,,
2020-04-07,225,Druten,Gelderland,25,Ziekenhuisopname,0,16
2020-04-07,225,Druten,Gelderland,25,Overleden,,
2020-04-07,226,Duiven,Gelderland,25,Totaal,,
2020-04-07,226,Duiven,Gelderland,25,Ziekenhuisopname,1,7
2020-04-07,226,Duiven,Gelderland,25,Overleden,,
2020-04-07,228,Ede,Gelderland,25,Totaal,,
2020-04-07,228,Ede,Gelderland,25,Ziekenhuisopname,1,42
2020-04-07,228,Ede,Gelderland,25,Overleden,,
2020-04-07,230,Elburg,Gelderland,25,Totaal,,
2020-04-07,230,Elburg,Gelderland,25,Ziekenhuisopname,0,6
2020-04-07,230,Elburg,Gelderland,25,Overleden,,
2020-04-07,232,Epe,Gelderland,25,Totaal,,
2020-04-07,232,Epe,Gelderland,25,Ziekenhuisopname,2,13
2020-04-07,232,Epe,Gelderland,25,Overleden,,
2020-04-07,233,Ermelo,Gelderland,25,Totaal,,
2020-04-07,233,Ermelo,Gelderland,25,Ziekenhuisopname,2,14
2020-04-07,233,Ermelo,Gelderland,25,Overleden,,
2020-04-07,243,Harderwijk,Gelderland,25,Totaal,,
2020-04-07,243,Harderwijk,Gelderland,25,Ziekenhuisopname,2,10
2020-04-07,243,Harderwijk,Gelderland,25,Overleden,,
2020-04-07,244,Hattem,Gelderland,25,Totaal,,
2020-04-07,244,Hattem,Gelderland,25,Ziekenhuisopname,0,7
2020-04-07,244,Hattem,Gelderland,25,Overleden,,
2020-04-07,246,Heerde,Gelderland,25,Totaal,,
2020-04-07,246,Heerde,Gelderland,25,Ziekenhuisopname,0,22
2020-04-07,246,Heerde,Gelderland,25,Overleden,,
2020-04-07,252,Heumen,Gelderland,25,Totaal,,
2020-04-07,252,Heumen,Gelderland,25,Ziekenhuisopname,1,14
2020-04-07,252,Heumen,Gelderland,25,Overleden,,
2020-04-07,262,Lochem,Gelderland,25,Totaal,,
2020-04-07,262,Lochem,Gelderland,25,Ziekenhuisopname,0,5
2020-04-07,262,Lochem,Gelderland,25,Overleden,,
2020-04-07,263,Maasdriel,Gelderland,25,Totaal,,
2020-04-07,263,Maasdriel,Gelderland,25,Ziekenhuisopname,0,12
2020-04-07,263,Maasdriel,Gelderland,25,Overleden,,
2020-04-07,267,Nijkerk,Gelderland,25,Totaal,,
2020-04-07,267,Nijkerk,Gelderland,25,Ziekenhuisopname,1,18
2020-04-07,267,Nijkerk,Gelderland,25,Overleden,,
2020-04-07,268,Nijmegen,Gelderland,25,Totaal,,
2020-04-07,268,Nijmegen,Gelderland,25,Ziekenhuisopname,4,98
2020-04-07,268,Nijmegen,Gelderland,25,Overleden,,
2020-04-07,269,Oldebroek,Gelderland,25,Totaal,,
2020-04-07,269,Oldebroek,Gelderland,25,Ziekenhuisopname,2,13
2020-04-07,269,Oldebroek,Gelderland,25,Overleden,,
2020-04-07,273,Putten,Gelderland,25,Totaal,,
2020-04-07,273,Putten,Gelderland,25,Ziekenhuisopname,1,2
2020-04-07,273,Putten,Gelderland,25,Overleden,,
2020-04-07,274,Renkum,Gelderland,25,Totaal,,
2020-04-07,274,Renkum,Gelderland,25,Ziekenhuisopname,1,12
2020-04-07,274,Renkum,Gelderland,25,Overleden,,
2020-04-07,275,Rheden,Gelderland,25,Totaal,,
2020-04-07,275,Rheden,Gelderland,25,Ziekenhuisopname,0,28
2020-04-07,275,Rheden,Gelderland,25,Overleden,,
2020-04-07,277,Rozendaal,Gelderland,25,Totaal,,
2020-04-07,277,Rozendaal,Gelderland,25,Ziekenhuisopname,0,1
2020-04-07,277,Rozendaal,Gelderland,25,Overleden,,
2020-04-07,279,Scherpenzeel,Gelderland,25,Totaal,,
2020-04-07,279,Scherpenzeel,Gelderland,25,Ziekenhuisopname,0,2
2020-04-07,279,Scherpenzeel,Gelderland,25,Overleden,,
2020-04-07,281,Tiel,Gelderland,25,Totaal,,
2020-04-07,281,Tiel,Gelderland,25,Ziekenhuisopname,0,28
2020-04-07,281,Tiel,Gelderland,25,Overleden,,
2020-04-07,285,Voorst,Gelderland,25,Totaal,,
2020-04-07,285,Voorst,Gelderland,25,Ziekenhuisopname,1,8
2020-04-07,285,Voorst,Gelderland,25,Overleden,,
2020-04-07,289,Wageningen,Gelderland,25,Totaal,,
2020-04-07,289,Wageningen,Gelderland,25,Ziekenhuisopname,0,9
2020-04-07,289,Wageningen,Gelderland,25,Overleden,,
2020-04-07,293,Westervoort,Gelderland,25,Totaal,,
2020-04-07,293,Westervoort,Gelderland,25,Ziekenhuisopname,0,5
2020-04-07,293,Westervoort,Gelderland,25,Overleden,,
2020-04-07,294,Winterswijk,Gelderland,25,Totaal,,
2020-04-07,294,Winterswijk,Gelderland,25,Ziekenhuisopname,0,1
2020-04-07,294,Winterswijk,Gelderland,25,Overleden,,
2020-04-07,296,Wijchen,Gelderland,25,Totaal,,
2020-04-07,296,Wijchen,Gelderland,25,Ziekenhuisopname,1,34
2020-04-07,296,Wijchen,Gelderland,25,Overleden,,
2020-04-07,297,Zaltbommel,Gelderland,25,Totaal,,
2020-04-07,297,Zaltbommel,Gelderland,25,Ziekenhuisopname,0,13
2020-04-07,297,Zaltbommel,Gelderland,25,Overleden,,
2020-04-07,299,Zevenaar,Gelderland,25,Totaal,,
2020-04-07,299,Zevenaar,Gelderland,25,Ziekenhuisopname,0,27
2020-04-07,299,Zevenaar,Gelderland,25,Overleden,,
2020-04-07,301,Zutphen,Gelderland,25,Totaal,,
2020-04-07,301,Zutphen,Gelderland,25,Ziekenhuisopname,1,12
2020-04-07,301,Zutphen,Gelderland,25,Overleden,,
2020-04-07,302,Nunspeet,Gelderland,25,Totaal,,
2020-04-07,302,Nunspeet,Gelderland,25,Ziekenhuisopname,3,23
2020-04-07,302,Nunspeet,Gelderland,25,Overleden,,
2020-04-07,303,Dronten,Flevoland,24,Totaal,,
2020-04-07,303,Dronten,Flevoland,24,Ziekenhuisopname,0,15
2020-04-07,303,Dronten,Flevoland,24,Overleden,,
2020-04-07,307,Amersfoort,Utrecht,26,Totaal,,
2020-04-07,307,Amersfoort,Utrecht,26,Ziekenhuisopname,1,37
2020-04-07,307,Amersfoort,Utrecht,26,Overleden,,
2020-04-07,308,Baarn,Utrecht,26,Totaal,,
2020-04-07,308,Baarn,Utrecht,26,Ziekenhuisopname,0,7
2020-04-07,308,Baarn,Utrecht,26,Overleden,,
2020-04-07,310,De Bilt,Utrecht,26,Totaal,,
2020-04-07,310,De Bilt,Utrecht,26,Ziekenhuisopname,1,19
2020-04-07,310,De Bilt,Utrecht,26,Overleden,,
2020-04-07,312,Bunnik,Utrecht,26,Totaal,,
2020-04-07,312,Bunnik,Utrecht,26,Ziekenhuisopname,0,6
2020-04-07,312,Bunnik,Utrecht,26,Overleden,,
2020-04-07,313,Bunschoten,Utrecht,26,Totaal,,
2020-04-07,313,Bunschoten,Utrecht,26,Ziekenhuisopname,0,3
2020-04-07,313,Bunschoten,Utrecht,26,Overleden,,
2020-04-07,317,Eemnes,Utrecht,26,Totaal,,
2020-04-07,317,Eemnes,Utrecht,26,Ziekenhuisopname,0,1
2020-04-07,317,Eemnes,Utrecht,26,Overleden,,
2020-04-07,321,Houten,Utrecht,26,Totaal,,
2020-04-07,321,Houten,Utrecht,26,Ziekenhuisopname,0,16
2020-04-07,321,Houten,Utrecht,26,Overleden,,
2020-04-07,327,Leusden,Utrecht,26,Totaal,,
2020-04-07,327,Leusden,Utrecht,26,Ziekenhuisopname,0,6
2020-04-07,327,Leusden,Utrecht,26,Overleden,,
2020-04-07,331,Lopik,Utrecht,26,Totaal,,
2020-04-07,331,Lopik,Utrecht,26,Ziekenhuisopname,0,15
2020-04-07,331,Lopik,Utrecht,26,Overleden,,
2020-04-07,335,Montfoort,Utrecht,26,Totaal,,
2020-04-07,335,Montfoort,Utrecht,26,Ziekenhuisopname,0,11
2020-04-07,335,Montfoort,Utrecht,26,Overleden,,
2020-04-07,339,Renswoude,Utrecht,26,Totaal,,
2020-04-07,339,Renswoude,Utrecht,26,Ziekenhuisopname,0,3
2020-04-07,339,Renswoude,Utrecht,26,Overleden,,
2020-04-07,340,Rhenen,Utrecht,26,Totaal,,
2020-04-07,340,Rhenen,Utrecht,26,Ziekenhuisopname,0,3
2020-04-07,340,Rhenen,Utrecht,26,Overleden,,
2020-04-07,342,Soest,Utrecht,26,Totaal,,
2020-04-07,342,Soest,Utrecht,26,Ziekenhuisopname,2,16
2020-04-07,342,Soest,Utrecht,26,Overleden,,
2020-04-07,344,Utrecht,Utrecht,26,Totaal,,
2020-04-07,344,Utrecht,Utrecht,26,Ziekenhuisopname,3,134
2020-04-07,344,Utrecht,Utrecht,26,Overleden,,
2020-04-07,345,Veenendaal,Utrecht,26,Totaal,,
2020-04-07,345,Veenendaal,Utrecht,26,Ziekenhuisopname,1,15
2020-04-07,345,Veenendaal,Utrecht,26,Overleden,,
2020-04-07,351,Woudenberg,Utrecht,26,Totaal,,
2020-04-07,351,Woudenberg,Utrecht,26,Ziekenhuisopname,1,7
2020-04-07,351,Woudenberg,Utrecht,26,Overleden,,
2020-04-07,352,Wijk bij Duurstede,Utrecht,26,Totaal,,
2020-04-07,352,Wijk bij Duurstede,Utrecht,26,Ziekenhuisopname,0,8
2020-04-07,352,Wijk bij Duurstede,Utrecht,26,Overleden,,
2020-04-07,353,IJsselstein,Utrecht,26,Totaal,,
2020-04-07,353,IJsselstein,Utrecht,26,Ziekenhuisopname,0,26
2020-04-07,353,IJsselstein,Utrecht,26,Overleden,,
2020-04-07,355,Zeist,Utrecht,26,Totaal,,
2020-04-07,355,Zeist,Utrecht,26,Ziekenhuisopname,0,25
2020-04-07,355,Zeist,Utrecht,26,Overleden,,
2020-04-07,356,Nieuwegein,Utrecht,26,Totaal,,
2020-04-07,356,Nieuwegein,Utrecht,26,Ziekenhuisopname,1,25
2020-04-07,356,Nieuwegein,Utrecht,26,Overleden,,
2020-04-07,358,Aalsmeer,Noord-Holland,27,Totaal,,
2020-04-07,358,Aalsmeer,Noord-Holland,27,Ziekenhuisopname,0,8
2020-04-07,358,Aalsmeer,Noord-Holland,27,Overleden,,
2020-04-07,361,Alkmaar,Noord-Holland,27,Totaal,,
2020-04-07,361,Alkmaar,Noord-Holland,27,Ziekenhuisopname,1,36
2020-04-07,361,Alkmaar,Noord-Holland,27,Overleden,,
2020-04-07,362,Amstelveen,Noord-Holland,27,Totaal,,
2020-04-07,362,Amstelveen,Noord-Holland,27,Ziekenhuisopname,1,39
2020-04-07,362,Amstelveen,Noord-Holland,27,Overleden,,
2020-04-07,363,Amsterdam,Noord-Holland,27,Totaal,,
2020-04-07,363,Amsterdam,Noord-Holland,27,Ziekenhuisopname,11,341
2020-04-07,363,Amsterdam,Noord-Holland,27,Overleden,,
2020-04-07,370,Beemster,Noord-Holland,27,Totaal,,
2020-04-07,370,Beemster,Noord-Holland,27,Ziekenhuisopname,0,4
2020-04-07,370,Beemster,Noord-Holland,27,Overleden,,
2020-04-07,373,Bergen (NH.),Noord-Holland,27,Totaal,,
2020-04-07,373,Bergen (NH.),Noord-Holland,27,Ziekenhuisopname,0,15
2020-04-07,373,Bergen (NH.),Noord-Holland,27,Overleden,,
2020-04-07,375,Beverwijk,Noord-Holland,27,Totaal,,
2020-04-07,375,Beverwijk,Noord-Holland,27,Ziekenhuisopname,0,10
2020-04-07,375,Beverwijk,Noord-Holland,27,Overleden,,
2020-04-07,376,Blaricum,Noord-Holland,27,Totaal,,
2020-04-07,376,Blaricum,Noord-Holland,27,Ziekenhuisopname,0,5
2020-04-07,376,Blaricum,Noord-Holland,27,Overleden,,
2020-04-07,377,Bloemendaal,Noord-Holland,27,Totaal,,
2020-04-07,377,Bloemendaal,Noord-Holland,27,Ziekenhuisopname,0,5
2020-04-07,377,Bloemendaal,Noord-Holland,27,Overleden,,
2020-04-07,383,Castricum,Noord-Holland,27,Totaal,,
2020-04-07,383,Castricum,Noord-Holland,27,Ziekenhuisopname,1,13
2020-04-07,383,Castricum,Noord-Holland,27,Overleden,,
2020-04-07,384,Diemen,Noord-Holland,27,Totaal,,
2020-04-07,384,Diemen,Noord-Holland,27,Ziekenhuisopname,0,4
2020-04-07,384,Diemen,Noord-Holland,27,Overleden,,
2020-04-07,385,Edam-Volendam,Noord-Holland,27,Totaal,,
2020-04-07,385,Edam-Volendam,Noord-Holland,27,Ziekenhuisopname,0,14
2020-04-07,385,Edam-Volendam,Noord-Holland,27,Overleden,,
2020-04-07,388,Enkhuizen,Noord-Holland,27,Totaal,,
2020-04-07,388,Enkhuizen,Noord-Holland,27,Ziekenhuisopname,1,15
2020-04-07,388,Enkhuizen,Noord-Holland,27,Overleden,,
2020-04-07,392,Haarlem,Noord-Holland,27,Totaal,,
2020-04-07,392,Haarlem,Noord-Holland,27,Ziekenhuisopname,1,37
2020-04-07,392,Haarlem,Noord-Holland,27,Overleden,,
2020-04-07,394,Haarlemmermeer,Noord-Holland,27,Totaal,,
2020-04-07,394,Haarlemmermeer,Noord-Holland,27,Ziekenhuisopname,1,42
2020-04-07,394,Haarlemmermeer,Noord-Holland,27,Overleden,,
2020-04-07,396,Heemskerk,Noord-Holland,27,Totaal,,
2020-04-07,396,Heemskerk,Noord-Holland,27,Ziekenhuisopname,0,19
2020-04-07,396,Heemskerk,Noord-Holland,27,Overleden,,
2020-04-07,397,Heemstede,Noord-Holland,27,Totaal,,
2020-04-07,397,Heemstede,Noord-Holland,27,Ziekenhuisopname,0,8
2020-04-07,397,Heemstede,Noord-Holland,27,Overleden,,
2020-04-07,398,Heerhugowaard,Noord-Holland,27,Totaal,,
2020-04-07,398,Heerhugowaard,Noord-Holland,27,Ziekenhuisopname,0,22
2020-04-07,398,Heerhugowaard,Noord-Holland,27,Overleden,,
2020-04-07,399,Heiloo,Noord-Holland,27,Totaal,,
2020-04-07,399,Heiloo,Noord-Holland,27,Ziekenhuisopname,1,8
2020-04-07,399,Heiloo,Noord-Holland,27,Overleden,,
2020-04-07,400,Den Helder,Noord-Holland,27,Totaal,,
2020-04-07,400,Den Helder,Noord-Holland,27,Ziekenhuisopname,0,8
2020-04-07,400,Den Helder,Noord-Holland,27,Overleden,,
2020-04-07,402,Hilversum,Noord-Holland,27,Totaal,,
2020-04-07,402,Hilversum,Noord-Holland,27,Ziekenhuisopname,1,18
2020-04-07,402,Hilversum,Noord-Holland,27,Overleden,,
2020-04-07,405,Hoorn,Noord-Holland,27,Totaal,,
2020-04-07,405,Hoorn,Noord-Holland,27,Ziekenhuisopname,1,22
2020-04-07,405,Hoorn,Noord-Holland,27,Overleden,,
2020-04-07,406,Huizen,Noord-Holland,27,Totaal,,
2020-04-07,406,Huizen,Noord-Holland,27,Ziekenhuisopname,2,15
2020-04-07,406,Huizen,Noord-Holland,27,Overleden,,
2020-04-07,415,Landsmeer,Noord-Holland,27,Totaal,,
2020-04-07,415,Landsmeer,Noord-Holland,27,Ziekenhuisopname,0,3
2020-04-07,415,Landsmeer,Noord-Holland,27,Overleden,,
2020-04-07,416,Langedijk,Noord-Holland,27,Totaal,,
2020-04-07,416,Langedijk,Noord-Holland,27,Ziekenhuisopname,1,14
2020-04-07,416,Langedijk,Noord-Holland,27,Overleden,,
2020-04-07,417,Laren,Noord-Holland,27,Totaal,,
2020-04-07,417,Laren,Noord-Holland,27,Ziekenhuisopname,1,8
2020-04-07,417,Laren,Noord-Holland,27,Overleden,,
2020-04-07,420,Medemblik,Noord-Holland,27,Totaal,,
2020-04-07,420,Medemblik,Noord-Holland,27,Ziekenhuisopname,0,10
2020-04-07,420,Medemblik,Noord-Holland,27,Overleden,,
2020-04-07,431,Oostzaan,Noord-Holland,27,Totaal,,
2020-04-07,431,Oostzaan,Noord-Holland,27,Ziekenhuisopname,1,6
2020-04-07,431,Oostzaan,Noord-Holland,27,Overleden,,
2020-04-07,432,Opmeer,Noord-Holland,27,Totaal,,
2020-04-07,432,Opmeer,Noord-Holland,27,Ziekenhuisopname,0,1
2020-04-07,432,Opmeer,Noord-Holland,27,Overleden,,
2020-04-07,437,Ouder-Amstel,Noord-Holland,27,Totaal,,
2020-04-07,437,Ouder-Amstel,Noord-Holland,27,Ziekenhuisopname,0,4
2020-04-07,437,Ouder-Amstel,Noord-Holland,27,Overleden,,
2020-04-07,439,Purmerend,Noord-Holland,27,Totaal,,
2020-04-07,439,Purmerend,Noord-Holland,27,Ziekenhuisopname,3,50
2020-04-07,439,Purmerend,Noord-Holland,27,Overleden,,
2020-04-07,441,Schagen,Noord-Holland,27,Totaal,,
2020-04-07,441,Schagen,Noord-Holland,27,Ziekenhuisopname,0,14
2020-04-07,441,Schagen,Noord-Holland,27,Overleden,,
2020-04-07,448,Texel,Noord-Holland,27,Totaal,,
2020-04-07,448,Texel,Noord-Holland,27,Ziekenhuisopname,0,3
2020-04-07,448,Texel,Noord-Holland,27,Overleden,,
2020-04-07,450,Uitgeest,Noord-Holland,27,Totaal,,
2020-04-07,450,Uitgeest,Noord-Holland,27,Ziekenhuisopname,0,3
2020-04-07,450,Uitgeest,Noord-Holland,27,Overleden,,
2020-04-07,451,Uithoorn,Noord-Holland,27,Totaal,,
2020-04-07,451,Uithoorn,Noord-Holland,27,Ziekenhuisopname,2,12
2020-04-07,451,Uithoorn,Noord-Holland,27,Overleden,,
2020-04-07,453,Velsen,Noord-Holland,27,Totaal,,
2020-04-07,453,Velsen,Noord-Holland,27,Ziekenhuisopname,1,19
2020-04-07,453,Velsen,Noord-Holland,27,Overleden,,
2020-04-07,457,Weesp,Noord-Holland,27,Totaal,,
2020-04-07,457,Weesp,Noord-Holland,27,Ziekenhuisopname,3,8
2020-04-07,457,Weesp,Noord-Holland,27,Overleden,,
2020-04-07,473,Zandvoort,Noord-Holland,27,Totaal,,
2020-04-07,473,Zandvoort,Noord-Holland,27,Ziekenhuisopname,0,7
2020-04-07,473,Zandvoort,Noord-Holland,27,Overleden,,
2020-04-07,479,Zaanstad,Noord-Holland,27,Totaal,,
2020-04-07,479,Zaanstad,Noord-Holland,27,Ziekenhuisopname,7,78
2020-04-07,479,Zaanstad,Noord-Holland,27,Overleden,,
2020-04-07,482,Alblasserdam,Zuid-Holland,28,Totaal,,
2020-04-07,482,Alblasserdam,Zuid-Holland,28,Ziekenhuisopname,1,6
2020-04-07,482,Alblasserdam,Zuid-Holland,28,Overleden,,
2020-04-07,484,Alphen aan den Rijn,Zuid-Holland,28,Totaal,,
2020-04-07,484,Alphen aan den Rijn,Zuid-Holland,28,Ziekenhuisopname,0,40
2020-04-07,484,Alphen aan den Rijn,Zuid-Holland,28,Overleden,,
2020-04-07,489,Barendrecht,Zuid-Holland,28,Totaal,,
2020-04-07,489,Barendrecht,Zuid-Holland,28,Ziekenhuisopname,0,21
2020-04-07,489,Barendrecht,Zuid-Holland,28,Overleden,,
2020-04-07,498,Drechterland,Noord-Holland,27,Totaal,,
2020-04-07,498,Drechterland,Noord-Holland,27,Ziekenhuisopname,1,2
2020-04-07,498,Drechterland,Noord-Holland,27,Overleden,,
2020-04-07,501,Brielle,Zuid-Holland,28,Totaal,,
2020-04-07,501,Brielle,Zuid-Holland,28,Ziekenhuisopname,0,7
2020-04-07,501,Brielle,Zuid-Holland,28,Overleden,,
2020-04-07,502,Capelle aan den IJssel,Zuid-Holland,28,Totaal,,
2020-04-07,502,Capelle aan den IJssel,Zuid-Holland,28,Ziekenhuisopname,4,27
2020-04-07,502,Capelle aan den IJssel,Zuid-Holland,28,Overleden,,
2020-04-07,503,Delft,Zuid-Holland,28,Totaal,,
2020-04-07,503,Delft,Zuid-Holland,28,Ziekenhuisopname,2,29
2020-04-07,503,Delft,Zuid-Holland,28,Overleden,,
2020-04-07,505,Dordrecht,Zuid-Holland,28,Totaal,,
2020-04-07,505,Dordrecht,Zuid-Holland,28,Ziekenhuisopname,6,55
2020-04-07,505,Dordrecht,Zuid-Holland,28,Overleden,,
2020-04-07,512,Gorinchem,Zuid-Holland,28,Totaal,,
2020-04-07,512,Gorinchem,Zuid-Holland,28,Ziekenhuisopname,0,11
2020-04-07,512,Gorinchem,Zuid-Holland,28,Overleden,,
2020-04-07,513,Gouda,Zuid-Holland,28,Totaal,,
2020-04-07,513,Gouda,Zuid-Holland,28,Ziekenhuisopname,1,24
2020-04-07,513,Gouda,Zuid-Holland,28,Overleden,,
2020-04-07,518,'s-Gravenhage,Zuid-Holland,28,Totaal,,
2020-04-07,518,'s-Gravenhage,Zuid-Holland,28,Ziekenhuisopname,12,151
2020-04-07,518,'s-Gravenhage,Zuid-Holland,28,Overleden,,
2020-04-07,523,Hardinxveld-Giessendam,Zuid-Holland,28,Totaal,,
2020-04-07,523,Hardinxveld-Giessendam,Zuid-Holland,28,Ziekenhuisopname,0,1
2020-04-07,523,Hardinxveld-Giessendam,Zuid-Holland,28,Overleden,,
2020-04-07,530,Hellevoetsluis,Zuid-Holland,28,Totaal,,
2020-04-07,530,Hellevoetsluis,Zuid-Holland,28,Ziekenhuisopname,0,8
2020-04-07,530,Hellevoetsluis,Zuid-Holland,28,Overleden,,
2020-04-07,531,Hendrik-Ido-Ambacht,Zuid-Holland,28,Totaal,,
2020-04-07,531,Hendrik-Ido-Ambacht,Zuid-Holland,28,Ziekenhuisopname,1,4
2020-04-07,531,Hendrik-Ido-Ambacht,Zuid-Holland,28,Overleden,,
2020-04-07,532,Stede Broec,Noord-Holland,27,Totaal,,
2020-04-07,532,Stede Broec,Noord-Holland,27,Ziekenhuisopname,0,15
2020-04-07,532,Stede Broec,Noord-Holland,27,Overleden,,
2020-04-07,534,Hillegom,Zuid-Holland,28,Totaal,,
2020-04-07,534,Hillegom,Zuid-Holland,28,Ziekenhuisopname,0,5
2020-04-07,534,Hillegom,Zuid-Holland,28,Overleden,,
2020-04-07,537,Katwijk,Zuid-Holland,28,Totaal,,
2020-04-07,537,Katwijk,Zuid-Holland,28,Ziekenhuisopname,2,14
2020-04-07,537,Katwijk,Zuid-Holland,28,Overleden,,
2020-04-07,542,Krimpen aan den IJssel,Zuid-Holland,28,Totaal,,
2020-04-07,542,Krimpen aan den IJssel,Zuid-Holland,28,Ziekenhuisopname,0,5
2020-04-07,542,Krimpen aan den IJssel,Zuid-Holland,28,Overleden,,
2020-04-07,546,Leiden,Zuid-Holland,28,Totaal,,
2020-04-07,546,Leiden,Zuid-Holland,28,Ziekenhuisopname,1,25
2020-04-07,546,Leiden,Zuid-Holland,28,Overleden,,
2020-04-07,547,Leiderdorp,Zuid-Holland,28,Totaal,,
2020-04-07,547,Leiderdorp,Zuid-Holland,28,Ziekenhuisopname,1,7
2020-04-07,547,Leiderdorp,Zuid-Holland,28,Overleden,,
2020-04-07,553,Lisse,Zuid-Holland,28,Totaal,,
2020-04-07,553,Lisse,Zuid-Holland,28,Ziekenhuisopname,1,5
2020-04-07,553,Lisse,Zuid-Holland,28,Overleden,,
2020-04-07,556,Maassluis,Zuid-Holland,28,Totaal,,
2020-04-07,556,Maassluis,Zuid-Holland,28,Ziekenhuisopname,1,12
2020-04-07,556,Maassluis,Zuid-Holland,28,Overleden,,
2020-04-07,569,Nieuwkoop,Zuid-Holland,28,Totaal,,
2020-04-07,569,Nieuwkoop,Zuid-Holland,28,Ziekenhuisopname,0,7
2020-04-07,569,Nieuwkoop,Zuid-Holland,28,Overleden,,
2020-04-07,575,Noordwijk,Zuid-Holland,28,Totaal,,
2020-04-07,575,Noordwijk,Zuid-Holland,28,Ziekenhuisopname,0,11
2020-04-07,575,Noordwijk,Zuid-Holland,28,Overleden,,
2020-04-07,579,Oegstgeest,Zuid-Holland,28,Totaal,,
2020-04-07,579,Oegstgeest,Zuid-Holland,28,Ziekenhuisopname,0,5
2020-04-07,579,Oegstgeest,Zuid-Holland,28,Overleden,,
2020-04-07,589,Oudewater,Utrecht,26,Totaal,,
2020-04-07,589,Oudewater,Utrecht,26,Ziekenhuisopname,0,20
2020-04-07,589,Oudewater,Utrecht,26,Overleden,,
2020-04-07,590,Papendrecht,Zuid-Holland,28,Totaal,,
2020-04-07,590,Papendrecht,Zuid-Holland,28,Ziekenhuisopname,0,3
2020-04-07,590,Papendrecht,Zuid-Holland,28,Overleden,,
2020-04-07,597,Ridderkerk,Zuid-Holland,28,Totaal,,
2020-04-07,597,Ridderkerk,Zuid-Holland,28,Ziekenhuisopname,0,27
2020-04-07,597,Ridderkerk,Zuid-Holland,28,Overleden,,
2020-04-07,599,Rotterdam,Zuid-Holland,28,Totaal,,
2020-04-07,599,Rotterdam,Zuid-Holland,28,Ziekenhuisopname,13,211
2020-04-07,599,Rotterdam,Zuid-Holland,28,Overleden,,
2020-04-07,603,Rijswijk,Zuid-Holland,28,Totaal,,
2020-04-07,603,Rijswijk,Zuid-Holland,28,Ziekenhuisopname,2,16
2020-04-07,603,Rijswijk,Zuid-Holland,28,Overleden,,
2020-04-07,606,Schiedam,Zuid-Holland,28,Totaal,,
2020-04-07,606,Schiedam,Zuid-Holland,28,Ziekenhuisopname,0,27
2020-04-07,606,Schiedam,Zuid-Holland,28,Overleden,,
2020-04-07,610,Sliedrecht,Zuid-Holland,28,Totaal,,
2020-04-07,610,Sliedrecht,Zuid-Holland,28,Ziekenhuisopname,0,5
2020-04-07,610,Sliedrecht,Zuid-Holland,28,Overleden,,
2020-04-07,613,Albrandswaard,Zuid-Holland,28,Totaal,,
2020-04-07,613,Albrandswaard,Zuid-Holland,28,Ziekenhuisopname,0,5
2020-04-07,613,Albrandswaard,Zuid-Holland,28,Overleden,,
2020-04-07,614,Westvoorne,Zuid-Holland,28,Totaal,,
2020-04-07,614,Westvoorne,Zuid-Holland,28,Ziekenhuisopname,0,5
2020-04-07,614,Westvoorne,Zuid-Holland,28,Overleden,,
2020-04-07,622,Vlaardingen,Zuid-Holland,28,Totaal,,
2020-04-07,622,Vlaardingen,Zuid-Holland,28,Ziekenhuisopname,0,22
2020-04-07,622,Vlaardingen,Zuid-Holland,28,Overleden,,
2020-04-07,626,Voorschoten,Zuid-Holland,28,Totaal,,
2020-04-07,626,Voorschoten,Zuid-Holland,28,Ziekenhuisopname,1,8
2020-04-07,626,Voorschoten,Zuid-Holland,28,Overleden,,
2020-04-07,627,Waddinxveen,Zuid-Holland,28,Totaal,,
2020-04-07,627,Waddinxveen,Zuid-Holland,28,Ziekenhuisopname,0,9
2020-04-07,627,Waddinxveen,Zuid-Holland,28,Overleden,,
2020-04-07,629,Wassenaar,Zuid-Holland,28,Totaal,,
2020-04-07,629,Wassenaar,Zuid-Holland,28,Ziekenhuisopname,1,5
2020-04-07,629,Wassenaar,Zuid-Holland,28,Overleden,,
2020-04-07,632,Woerden,Utrecht,26,Totaal,,
2020-04-07,632,Woerden,Utrecht,26,Ziekenhuisopname,0,33
2020-04-07,632,Woerden,Utrecht,26,Overleden,,
2020-04-07,637,Zoetermeer,Zuid-Holland,28,Totaal,,
2020-04-07,637,Zoetermeer,Zuid-Holland,28,Ziekenhuisopname,2,30
2020-04-07,637,Zoetermeer,Zuid-Holland,28,Overleden,,
2020-04-07,638,Zoeterwoude,Zuid-Holland,28,Totaal,,
2020-04-07,638,Zoeterwoude,Zuid-Holland,28,Ziekenhuisopname,0,2
2020-04-07,638,Zoeterwoude,Zuid-Holland,28,Overleden,,
2020-04-07,642,Zwijndrecht,Zuid-Holland,28,Totaal,,
2020-04-07,642,Zwijndrecht,Zuid-Holland,28,Ziekenhuisopname,0,11
2020-04-07,642,Zwijndrecht,Zuid-Holland,28,Overleden,,
2020-04-07,654,Borsele,Zeeland,29,Totaal,,
2020-04-07,654,Borsele,Zeeland,29,Ziekenhuisopname,0,4
2020-04-07,654,Borsele,Zeeland,29,Overleden,,
2020-04-07,664,Goes,Zeeland,29,Totaal,,
2020-04-07,664,Goes,Zeeland,29,Ziekenhuisopname,0,8
2020-04-07,664,Goes,Zeeland,29,Overleden,,
2020-04-07,668,West Maas en Waal,Gelderland,25,Totaal,,
2020-04-07,668,West Maas en Waal,Gelderland,25,Ziekenhuisopname,0,11
2020-04-07,668,West Maas en Waal,Gelderland,25,Overleden,,
2020-04-07,677,Hulst,Zeeland,29,Totaal,,
2020-04-07,677,Hulst,Zeeland,29,Ziekenhuisopname,2,6
2020-04-07,677,Hulst,Zeeland,29,Overleden,,
2020-04-07,678,Kapelle,Zeeland,29,Totaal,,
2020-04-07,678,Kapelle,Zeeland,29,Ziekenhuisopname,0,1
2020-04-07,678,Kapelle,Zeeland,29,Overleden,,
2020-04-07,687,Middelburg,Zeeland,29,Totaal,,
2020-04-07,687,Middelburg,Zeeland,29,Ziekenhuisopname,0,13
2020-04-07,687,Middelburg,Zeeland,29,Overleden,,
2020-04-07,703,Reimerswaal,Zeeland,29,Totaal,,
2020-04-07,703,Reimerswaal,Zeeland,29,Ziekenhuisopname,0,4
2020-04-07,703,Reimerswaal,Zeeland,29,Overleden,,
2020-04-07,715,Terneuzen,Zeeland,29,Totaal,,
2020-04-07,715,Terneuzen,Zeeland,29,Ziekenhuisopname,1,17
2020-04-07,715,Terneuzen,Zeeland,29,Overleden,,
2020-04-07,716,Tholen,Zeeland,29,Totaal,,
2020-04-07,716,Tholen,Zeeland,29,Ziekenhuisopname,1,31
2020-04-07,716,Tholen,Zeeland,29,Overleden,,
2020-04-07,717,Veere,Zeeland,29,Totaal,,
2020-04-07,717,Veere,Zeeland,29,Ziekenhuisopname,1,4
2020-04-07,717,Veere,Zeeland,29,Overleden,,
2020-04-07,718,Vlissingen,Zeeland,29,Totaal,,
2020-04-07,718,Vlissingen,Zeeland,29,Ziekenhuisopname,0,7
2020-04-07,718,Vlissingen,Zeeland,29,Overleden,,
2020-04-07,736,De Ronde Venen,Utrecht,26,Totaal,,
2020-04-07,736,De Ronde Venen,Utrecht,26,Ziekenhuisopname,1,22
2020-04-07,736,De Ronde Venen,Utrecht,26,Overleden,,
2020-04-07,737,Tytsjerksteradiel,Friesland,21,Totaal,,
2020-04-07,737,Tytsjerksteradiel,Friesland,21,Ziekenhuisopname,1,4
2020-04-07,737,Tytsjerksteradiel,Friesland,21,Overleden,,
2020-04-07,743,Asten,Noord-Brabant,30,Totaal,,
2020-04-07,743,Asten,Noord-Brabant,30,Ziekenhuisopname,0,8
2020-04-07,743,Asten,Noord-Brabant,30,Overleden,,
2020-04-07,744,Baarle-Nassau,Noord-Brabant,30,Totaal,,
2020-04-07,744,Baarle-Nassau,Noord-Brabant,30,Ziekenhuisopname,0,1
2020-04-07,744,Baarle-Nassau,Noord-Brabant,30,Overleden,,
2020-04-07,748,Bergen op Zoom,Noord-Brabant,30,Totaal,,
2020-04-07,748,Bergen op Zoom,Noord-Brabant,30,Ziekenhuisopname,0,15
2020-04-07,748,Bergen op Zoom,Noord-Brabant,30,Overleden,,
2020-04-07,753,Best,Noord-Brabant,30,Totaal,,
2020-04-07,753,Best,Noord-Brabant,30,Ziekenhuisopname,0,24
2020-04-07,753,Best,Noord-Brabant,30,Overleden,,
2020-04-07,755,Boekel,Noord-Brabant,30,Totaal,,
2020-04-07,755,Boekel,Noord-Brabant,30,Ziekenhuisopname,1,28
2020-04-07,755,Boekel,Noord-Brabant,30,Overleden,,
2020-04-07,756,Boxmeer,Noord-Brabant,30,Totaal,,
2020-04-07,756,Boxmeer,Noord-Brabant,30,Ziekenhuisopname,1,15
2020-04-07,756,Boxmeer,Noord-Brabant,30,Overleden,,
2020-04-07,757,Boxtel,Noord-Brabant,30,Totaal,,
2020-04-07,757,Boxtel,Noord-Brabant,30,Ziekenhuisopname,1,12
2020-04-07,757,Boxtel,Noord-Brabant,30,Overleden,,
2020-04-07,758,Breda,Noord-Brabant,30,Totaal,,
2020-04-07,758,Breda,Noord-Brabant,30,Ziekenhuisopname,0,127
2020-04-07,758,Breda,Noord-Brabant,30,Overleden,,
2020-04-07,762,Deurne,Noord-Brabant,30,Totaal,,
2020-04-07,762,Deurne,Noord-Brabant,30,Ziekenhuisopname,0,44
2020-04-07,762,Deurne,Noord-Brabant,30,Overleden,,
2020-04-07,765,Pekela,Groningen,20,Totaal,,
2020-04-07,765,Pekela,Groningen,20,Ziekenhuisopname,0,4
2020-04-07,765,Pekela,Groningen,20,Overleden,,
2020-04-07,766,Dongen,Noord-Brabant,30,Totaal,,
2020-04-07,766,Dongen,Noord-Brabant,30,Ziekenhuisopname,1,12
2020-04-07,766,Dongen,Noord-Brabant,30,Overleden,,
2020-04-07,770,Eersel,Noord-Brabant,30,Totaal,,
2020-04-07,770,Eersel,Noord-Brabant,30,Ziekenhuisopname,0,18
2020-04-07,770,Eersel,Noord-Brabant,30,Overleden,,
2020-04-07,772,Eindhoven,Noord-Brabant,30,Totaal,,
2020-04-07,772,Eindhoven,Noord-Brabant,30,Ziekenhuisopname,6,93
2020-04-07,772,Eindhoven,Noord-Brabant,30,Overleden,,
2020-04-07,777,Etten-Leur,Noord-Brabant,30,Totaal,,
2020-04-07,777,Etten-Leur,Noord-Brabant,30,Ziekenhuisopname,0,31
2020-04-07,777,Etten-Leur,Noord-Brabant,30,Overleden,,
2020-04-07,779,Geertruidenberg,Noord-Brabant,30,Totaal,,
2020-04-07,779,Geertruidenberg,Noord-Brabant,30,Ziekenhuisopname,0,9
2020-04-07,779,Geertruidenberg,Noord-Brabant,30,Overleden,,
2020-04-07,784,Gilze en Rijen,Noord-Brabant,30,Totaal,,
2020-04-07,784,Gilze en Rijen,Noord-Brabant,30,Ziekenhuisopname,0,15
2020-04-07,784,Gilze en Rijen,Noord-Brabant,30,Overleden,,
2020-04-07,785,Goirle,Noord-Brabant,30,Totaal,,
2020-04-07,785,Goirle,Noord-Brabant,30,Ziekenhuisopname,2,23
2020-04-07,785,Goirle,Noord-Brabant,30,Overleden,,
2020-04-07,786,Grave,Noord-Brabant,30,Totaal,,
2020-04-07,786,Grave,Noord-Brabant,30,Ziekenhuisopname,1,15
2020-04-07,786,Grave,Noord-Brabant,30,Overleden,,
2020-04-07,788,Haaren,Noord-Brabant,30,Totaal,,
2020-04-07,788,Haaren,Noord-Brabant,30,Ziekenhuisopname,0,15
2020-04-07,788,Haaren,Noord-Brabant,30,Overleden,,
2020-04-07,794,Helmond,Noord-Brabant,30,Totaal,,
2020-04-07,794,Helmond,Noord-Brabant,30,Ziekenhuisopname,0,54
2020-04-07,794,Helmond,Noord-Brabant,30,Overleden,,
2020-04-07,796,'s-Hertogenbosch,Noord-Brabant,30,Totaal,,
2020-04-07,796,'s-Hertogenbosch,Noord-Brabant,30,Ziekenhuisopname,10,97
2020-04-07,796,'s-Hertogenbosch,Noord-Brabant,30,Overleden,,
2020-04-07,797,Heusden,Noord-Brabant,30,Totaal,,
2020-04-07,797,Heusden,Noord-Brabant,30,Ziekenhuisopname,2,34
2020-04-07,797,Heusden,Noord-Brabant,30,Overleden,,
2020-04-07,798,Hilvarenbeek,Noord-Brabant,30,Totaal,,
2020-04-07,798,Hilvarenbeek,Noord-Brabant,30,Ziekenhuisopname,0,6
2020-04-07,798,Hilvarenbeek,Noord-Brabant,30,Overleden,,
2020-04-07,809,Loon op Zand,Noord-Brabant,30,Totaal,,
2020-04-07,809,Loon op Zand,Noord-Brabant,30,Ziekenhuisopname,1,20
2020-04-07,809,Loon op Zand,Noord-Brabant,30,Overleden,,
2020-04-07,815,Mill en Sint Hubert,Noord-Brabant,30,Totaal,,
2020-04-07,815,Mill en Sint Hubert,Noord-Brabant,30,Ziekenhuisopname,0,7
2020-04-07,815,Mill en Sint Hubert,Noord-Brabant,30,Overleden,,
2020-04-07,820,"Nuenen, Gerwen en Nederwetten",Noord-Brabant,30,Totaal,,
2020-04-07,820,"Nuenen, Gerwen en Nederwetten",Noord-Brabant,30,Ziekenhuisopname,0,12
2020-04-07,820,"Nuenen, Gerwen en Nederwetten",Noord-Brabant,30,Overleden,,
2020-04-07,823,Oirschot,Noord-Brabant,30,Totaal,,
2020-04-07,823,Oirschot,Noord-Brabant,30,Ziekenhuisopname,0,9
2020-04-07,823,Oirschot,Noord-Brabant,30,Overleden,,
2020-04-07,824,Oisterwijk,Noord-Brabant,30,Totaal,,
2020-04-07,824,Oisterwijk,Noord-Brabant,30,Ziekenhuisopname,3,13
2020-04-07,824,Oisterwijk,Noord-Brabant,30,Overleden,,
2020-04-07,826,Oosterhout,Noord-Brabant,30,Totaal,,
2020-04-07,826,Oosterhout,Noord-Brabant,30,Ziekenhuisopname,0,25
2020-04-07,826,Oosterhout,Noord-Brabant,30,Overleden,,
2020-04-07,828,Oss,Noord-Brabant,30,Totaal,,
2020-04-07,828,Oss,Noord-Brabant,30,Ziekenhuisopname,4,104
2020-04-07,828,Oss,Noord-Brabant,30,Overleden,,
2020-04-07,840,Rucphen,Noord-Brabant,30,Totaal,,
2020-04-07,840,Rucphen,Noord-Brabant,30,Ziekenhuisopname,0,6
2020-04-07,840,Rucphen,Noord-Brabant,30,Overleden,,
2020-04-07,845,Sint-Michielsgestel,Noord-Brabant,30,Totaal,,
2020-04-07,845,Sint-Michielsgestel,Noord-Brabant,30,Ziekenhuisopname,0,18
2020-04-07,845,Sint-Michielsgestel,Noord-Brabant,30,Overleden,,
2020-04-07,847,Someren,Noord-Brabant,30,Totaal,,
2020-04-07,847,Someren,Noord-Brabant,30,Ziekenhuisopname,0,20
2020-04-07,847,Someren,Noord-Brabant,30,Overleden,,
2020-04-07,848,Son en Breugel,Noord-Brabant,30,Totaal,,
2020-04-07,848,Son en Breugel,Noord-Brabant,30,Ziekenhuisopname,0,22
2020-04-07,848,Son en Breugel,Noord-Brabant,30,Overleden,,
2020-04-07,851,Steenbergen,Noord-Brabant,30,Totaal,,
2020-04-07,851,Steenbergen,Noord-Brabant,30,Ziekenhuisopname,1,9
2020-04-07,851,Steenbergen,Noord-Brabant,30,Overleden,,
2020-04-07,852,Waterland,Noord-Holland,27,Totaal,,
2020-04-07,852,Waterland,Noord-Holland,27,Ziekenhuisopname,1,10
2020-04-07,852,Waterland,Noord-Holland,27,Overleden,,
2020-04-07,855,Tilburg,Noord-Brabant,30,Totaal,,
2020-04-07,855,Tilburg,Noord-Brabant,30,Ziekenhuisopname,4,148
2020-04-07,855,Tilburg,Noord-Brabant,30,Overleden,,
2020-04-07,856,Uden,Noord-Brabant,30,Totaal,,
2020-04-07,856,Uden,Noord-Brabant,30,Ziekenhuisopname,0,82
2020-04-07,856,Uden,Noord-Brabant,30,Overleden,,
2020-04-07,858,Valkenswaard,Noord-Brabant,30,Totaal,,
2020-04-07,858,Valkenswaard,Noord-Brabant,30,Ziekenhuisopname,0,10
2020-04-07,858,Valkenswaard,Noord-Brabant,30,Overleden,,
2020-04-07,861,Veldhoven,Noord-Brabant,30,Totaal,,
2020-04-07,861,Veldhoven,Noord-Brabant,30,Ziekenhuisopname,1,16
2020-04-07,861,Veldhoven,Noord-Brabant,30,Overleden,,
2020-04-07,865,Vught,Noord-Brabant,30,Totaal,,
2020-04-07,865,Vught,Noord-Brabant,30,Ziekenhuisopname,2,31
2020-04-07,865,Vught,Noord-Brabant,30,Overleden,,
2020-04-07,866,Waalre,Noord-Brabant,30,Totaal,,
2020-04-07,866,Waalre,Noord-Brabant,30,Ziekenhuisopname,0,3
2020-04-07,866,Waalre,Noord-Brabant,30,Overleden,,
2020-04-07,867,Waalwijk,Noord-Brabant,30,Totaal,,
2020-04-07,867,Waalwijk,Noord-Brabant,30,Ziekenhuisopname,0,18
2020-04-07,867,Waalwijk,Noord-Brabant,30,Overleden,,
2020-04-07,873,Woensdrecht,Noord-Brabant,30,Totaal,,
2020-04-07,873,Woensdrecht,Noord-Brabant,30,Ziekenhuisopname,0,4
2020-04-07,873,Woensdrecht,Noord-Brabant,30,Overleden,,
2020-04-07,879,Zundert,Noord-Brabant,30,Totaal,,
2020-04-07,879,Zundert,Noord-Brabant,30,Ziekenhuisopname,1,15
2020-04-07,879,Zundert,Noord-Brabant,30,Overleden,,
2020-04-07,880,Wormerland,Noord-Holland,27,Totaal,,
2020-04-07,880,Wormerland,Noord-Holland,27,Ziekenhuisopname,1,13
2020-04-07,880,Wormerland,Noord-Holland,27,Overleden,,
2020-04-07,882,Landgraaf,Limburg,31,Totaal,,
2020-04-07,882,Landgraaf,Limburg,31,Ziekenhuisopname,1,31
2020-04-07,882,Landgraaf,Limburg,31,Overleden,,
2020-04-07,888,Beek,Limburg,31,Totaal,,
2020-04-07,888,Beek,Limburg,31,Ziekenhuisopname,0,11
2020-04-07,888,Beek,Limburg,31,Overleden,,
2020-04-07,889,Beesel,Limburg,31,Totaal,,
2020-04-07,889,Beesel,Limburg,31,Ziekenhuisopname,0,13
2020-04-07,889,Beesel,Limburg,31,Overleden,,
2020-04-07,893,Bergen (L.),Limburg,31,Totaal,,
2020-04-07,893,Bergen (L.),Limburg,31,Ziekenhuisopname,1,5
2020-04-07,893,Bergen (L.),Limburg,31,Overleden,,
2020-04-07,899,Brunssum,Limburg,31,Totaal,,
2020-04-07,899,Brunssum,Limburg,31,Ziekenhuisopname,0,25
2020-04-07,899,Brunssum,Limburg,31,Overleden,,
2020-04-07,907,Gennep,Limburg,31,Totaal,,
2020-04-07,907,Gennep,Limburg,31,Ziekenhuisopname,0,12
2020-04-07,907,Gennep,Limburg,31,Overleden,,
2020-04-07,917,Heerlen,Limburg,31,Totaal,,
2020-04-07,917,Heerlen,Limburg,31,Ziekenhuisopname,1,84
2020-04-07,917,Heerlen,Limburg,31,Overleden,,
2020-04-07,928,Kerkrade,Limburg,31,Totaal,,
2020-04-07,928,Kerkrade,Limburg,31,Ziekenhuisopname,2,40
2020-04-07,928,Kerkrade,Limburg,31,Overleden,,
2020-04-07,935,Maastricht,Limburg,31,Totaal,,
2020-04-07,935,Maastricht,Limburg,31,Ziekenhuisopname,3,109
2020-04-07,935,Maastricht,Limburg,31,Overleden,,
2020-04-07,938,Meerssen,Limburg,31,Totaal,,
2020-04-07,938,Meerssen,Limburg,31,Ziekenhuisopname,1,11
2020-04-07,938,Meerssen,Limburg,31,Overleden,,
2020-04-07,944,Mook en Middelaar,Limburg,31,Totaal,,
2020-04-07,944,Mook en Middelaar,Limburg,31,Ziekenhuisopname,0,4
2020-04-07,944,Mook en Middelaar,Limburg,31,Overleden,,
2020-04-07,946,Nederweert,Limburg,31,Totaal,,
2020-04-07,946,Nederweert,Limburg,31,Ziekenhuisopname,0,25
2020-04-07,946,Nederweert,Limburg,31,Overleden,,
2020-04-07,957,Roermond,Limburg,31,Totaal,,
2020-04-07,957,Roermond,Limburg,31,Ziekenhuisopname,0,37
2020-04-07,957,Roermond,Limburg,31,Overleden,,
2020-04-07,965,Simpelveld,Limburg,31,Totaal,,
2020-04-07,965,Simpelveld,Limburg,31,Ziekenhuisopname,0,15
2020-04-07,965,Simpelveld,Limburg,31,Overleden,,
2020-04-07,971,Stein,Limburg,31,Totaal,,
2020-04-07,971,Stein,Limburg,31,Ziekenhuisopname,2,33
2020-04-07,971,Stein,Limburg,31,Overleden,,
2020-04-07,981,Vaals,Limburg,31,Totaal,,
2020-04-07,981,Vaals,Limburg,31,Ziekenhuisopname,0,7
2020-04-07,981,Vaals,Limburg,31,Overleden,,
2020-04-07,983,Venlo,Limburg,31,Totaal,,
2020-04-07,983,Venlo,Limburg,31,Ziekenhuisopname,5,100
2020-04-07,983,Venlo,Limburg,31,Overleden,,
2020-04-07,984,Venray,Limburg,31,Totaal,,
2020-04-07,984,Venray,Limburg,31,Ziekenhuisopname,1,33
2020-04-07,984,Venray,Limburg,31,Overleden,,
2020-04-07,986,Voerendaal,Limburg,31,Totaal,,
2020-04-07,986,Voerendaal,Limburg,31,Ziekenhuisopname,0,11
2020-04-07,986,Voerendaal,Limburg,31,Overleden,,
2020-04-07,988,Weert,Limburg,31,Totaal,,
2020-04-07,988,Weert,Limburg,31,Ziekenhuisopname,3,43
2020-04-07,988,Weert,Limburg,31,Overleden,,
2020-04-07,994,Valkenburg aan de Geul,Limburg,31,Totaal,,
2020-04-07,994,Valkenburg aan de Geul,Limburg,31,Ziekenhuisopname,1,13
2020-04-07,994,Valkenburg aan de Geul,Limburg,31,Overleden,,
2020-04-07,995,Lelystad,Flevoland,24,Totaal,,
2020-04-07,995,Lelystad,Flevoland,24,Ziekenhuisopname,1,33
2020-04-07,995,Lelystad,Flevoland,24,Overleden,,
2020-04-07,1507,Horst aan de Maas,Limburg,31,Totaal,,
2020-04-07,1507,Horst aan de Maas,Limburg,31,Ziekenhuisopname,0,36
2020-04-07,1507,Horst aan de Maas,Limburg,31,Overleden,,
2020-04-07,1509,Oude IJsselstreek,Gelderland,25,Totaal,,
2020-04-07,1509,Oude IJsselstreek,Gelderland,25,Ziekenhuisopname,0,5
2020-04-07,1509,Oude IJsselstreek,Gelderland,25,Overleden,,
2020-04-07,1525,Teylingen,Zuid-Holland,28,Totaal,,
2020-04-07,1525,Teylingen,Zuid-Holland,28,Ziekenhuisopname,0,11
2020-04-07,1525,Teylingen,Zuid-Holland,28,Overleden,,
2020-04-07,1581,Utrechtse Heuvelrug,Utrecht,26,Totaal,,
2020-04-07,1581,Utrechtse Heuvelrug,Utrecht,26,Ziekenhuisopname,2,19
2020-04-07,1581,Utrechtse Heuvelrug,Utrecht,26,Overleden,,
2020-04-07,1586,Oost Gelre,Gelderland,25,Totaal,,
2020-04-07,1586,Oost Gelre,Gelderland,25,Ziekenhuisopname,0,4
2020-04-07,1586,Oost Gelre,Gelderland,25,Overleden,,
2020-04-07,1598,Koggenland,Noord-Holland,27,Totaal,,
2020-04-07,1598,Koggenland,Noord-Holland,27,Ziekenhuisopname,0,6
2020-04-07,1598,Koggenland,Noord-Holland,27,Overleden,,
2020-04-07,1621,Lansingerland,Zuid-Holland,28,Totaal,,
2020-04-07,1621,Lansingerland,Zuid-Holland,28,Ziekenhuisopname,4,26
2020-04-07,1621,Lansingerland,Zuid-Holland,28,Overleden,,
2020-04-07,1640,Leudal,Limburg,31,Totaal,,
2020-04-07,1640,Leudal,Limburg,31,Ziekenhuisopname,1,47
2020-04-07,1640,Leudal,Limburg,31,Overleden,,
2020-04-07,1641,Maasgouw,Limburg,31,Totaal,,
2020-04-07,1641,Maasgouw,Limburg,31,Ziekenhuisopname,3,21
2020-04-07,1641,Maasgouw,Limburg,31,Overleden,,
2020-04-07,1652,Gemert-Bakel,Noord-Brabant,30,Totaal,,
2020-04-07,1652,Gemert-Bakel,Noord-Brabant,30,Ziekenhuisopname,0,61
2020-04-07,1652,Gemert-Bakel,Noord-Brabant,30,Overleden,,
2020-04-07,1655,Halderberge,Noord-Brabant,30,Totaal,,
2020-04-07,1655,Halderberge,Noord-Brabant,30,Ziekenhuisopname,0,9
2020-04-07,1655,Halderberge,Noord-Brabant,30,Overleden,,
2020-04-07,1658,Heeze-Leende,Noord-Brabant,30,Totaal,,
2020-04-07,1658,Heeze-Leende,Noord-Brabant,30,Ziekenhuisopname,1,8
2020-04-07,1658,Heeze-Leende,Noord-Brabant,30,Overleden,,
2020-04-07,1659,Laarbeek,Noord-Brabant,30,Totaal,,
2020-04-07,1659,Laarbeek,Noord-Brabant,30,Ziekenhuisopname,0,27
2020-04-07,1659,Laarbeek,Noord-Brabant,30,Overleden,,
2020-04-07,1667,Reusel-De Mierden,Noord-Brabant,30,Totaal,,
2020-04-07,1667,Reusel-De Mierden,Noord-Brabant,30,Ziekenhuisopname,0,7
2020-04-07,1667,Reusel-De Mierden,Noord-Brabant,30,Overleden,,
2020-04-07,1669,Roerdalen,Limburg,31,Totaal,,
2020-04-07,1669,Roerdalen,Limburg,31,Ziekenhuisopname,0,21
2020-04-07,1669,Roerdalen,Limburg,31,Overleden,,
2020-04-07,1674,Roosendaal,Noord-Brabant,30,Totaal,,
2020-04-07,1674,Roosendaal,Noord-Brabant,30,Ziekenhuisopname,0,15
2020-04-07,1674,Roosendaal,Noord-Brabant,30,Overleden,,
2020-04-07,1676,Schouwen-Duiveland,Zeeland,29,Totaal,,
2020-04-07,1676,Schouwen-Duiveland,Zeeland,29,Ziekenhuisopname,0,9
2020-04-07,1676,Schouwen-Duiveland,Zeeland,29,Overleden,,
2020-04-07,1680,Aa en Hunze,Drenthe,22,Totaal,,
2020-04-07,1680,Aa en Hunze,Drenthe,22,Ziekenhuisopname,0,1
2020-04-07,1680,Aa en Hunze,Drenthe,22,Overleden,,
2020-04-07,1681,Borger-Odoorn,Drenthe,22,Totaal,,
2020-04-07,1681,Borger-Odoorn,Drenthe,22,Ziekenhuisopname,0,2
2020-04-07,1681,Borger-Odoorn,Drenthe,22,Overleden,,
2020-04-07,1684,Cuijk,Noord-Brabant,30,Totaal,,
2020-04-07,1684,Cuijk,Noord-Brabant,30,Ziekenhuisopname,1,8
2020-04-07,1684,Cuijk,Noord-Brabant,30,Overleden,,
2020-04-07,1685,Landerd,Noord-Brabant,30,Totaal,,
2020-04-07,1685,Landerd,Noord-Brabant,30,Ziekenhuisopname,1,26
2020-04-07,1685,Landerd,Noord-Brabant,30,Overleden,,
2020-04-07,1690,De Wolden,Drenthe,22,Totaal,,
2020-04-07,1690,De Wolden,Drenthe,22,Ziekenhuisopname,3,5
2020-04-07,1690,De Wolden,Drenthe,22,Overleden,,
2020-04-07,1695,Noord-Beveland,Zeeland,29,Totaal,,
2020-04-07,1695,Noord-Beveland,Zeeland,29,Ziekenhuisopname,1,1
2020-04-07,1695,Noord-Beveland,Zeeland,29,Overleden,,
2020-04-07,1696,Wijdemeren,Noord-Holland,27,Totaal,,
2020-04-07,1696,Wijdemeren,Noord-Holland,27,Ziekenhuisopname,1,6
2020-04-07,1696,Wijdemeren,Noord-Holland,27,Overleden,,
2020-04-07,1699,Noordenveld,Drenthe,22,Totaal,,
2020-04-07,1699,Noordenveld,Drenthe,22,Ziekenhuisopname,0,1
2020-04-07,1699,Noordenveld,Drenthe,22,Overleden,,
2020-04-07,1700,Twenterand,Overijssel,23,Totaal,,
2020-04-07,1700,Twenterand,Overijssel,23,Ziekenhuisopname,0,8
2020-04-07,1700,Twenterand,Overijssel,23,Overleden,,
2020-04-07,1701,Westerveld,Drenthe,22,Totaal,,
2020-04-07,1701,Westerveld,Drenthe,22,Ziekenhuisopname,0,3
2020-04-07,1701,Westerveld,Drenthe,22,Overleden,,
2020-04-07,1702,Sint Anthonis,Noord-Brabant,30,Totaal,,
2020-04-07,1702,Sint Anthonis,Noord-Brabant,30,Ziekenhuisopname,1,16
2020-04-07,1702,Sint Anthonis,Noord-Brabant,30,Overleden,,
2020-04-07,1705,Lingewaard,Gelderland,25,Totaal,,
2020-04-07,1705,Lingewaard,Gelderland,25,Ziekenhuisopname,0,21
2020-04-07,1705,Lingewaard,Gelderland,25,Overleden,,
2020-04-07,1706,Cranendonck,Noord-Brabant,30,Totaal,,
2020-04-07,1706,Cranendonck,Noord-Brabant,30,Ziekenhuisopname,1,45
2020-04-07,1706,Cranendonck,Noord-Brabant,30,Overleden,,
2020-04-07,1708,Steenwijkerland,Overijssel,23,Totaal,,
2020-04-07,1708,Steenwijkerland,Overijssel,23,Ziekenhuisopname,1,9
2020-04-07,1708,Steenwijkerland,Overijssel,23,Overleden,,
2020-04-07,1709,Moerdijk,Noord-Brabant,30,Totaal,,
2020-04-07,1709,Moerdijk,Noord-Brabant,30,Ziekenhuisopname,0,7
2020-04-07,1709,Moerdijk,Noord-Brabant,30,Overleden,,
2020-04-07,1711,Echt-Susteren,Limburg,31,Totaal,,
2020-04-07,1711,Echt-Susteren,Limburg,31,Ziekenhuisopname,3,30
2020-04-07,1711,Echt-Susteren,Limburg,31,Overleden,,
2020-04-07,1714,Sluis,Zeeland,29,Totaal,,
2020-04-07,1714,Sluis,Zeeland,29,Ziekenhuisopname,1,6
2020-04-07,1714,Sluis,Zeeland,29,Overleden,,
2020-04-07,1719,Drimmelen,Noord-Brabant,30,Totaal,,
2020-04-07,1719,Drimmelen,Noord-Brabant,30,Ziekenhuisopname,1,15
2020-04-07,1719,Drimmelen,Noord-Brabant,30,Overleden,,
2020-04-07,1721,Bernheze,Noord-Brabant,30,Totaal,,
2020-04-07,1721,Bernheze,Noord-Brabant,30,Ziekenhuisopname,2,72
2020-04-07,1721,Bernheze,Noord-Brabant,30,Overleden,,
2020-04-07,1723,Alphen-Chaam,Noord-Brabant,30,Totaal,,
2020-04-07,1723,Alphen-Chaam,Noord-Brabant,30,Ziekenhuisopname,1,14
2020-04-07,1723,Alphen-Chaam,Noord-Brabant,30,Overleden,,
2020-04-07,1724,Bergeijk,Noord-Brabant,30,Totaal,,
2020-04-07,1724,Bergeijk,Noord-Brabant,30,Ziekenhuisopname,0,9
2020-04-07,1724,Bergeijk,Noord-Brabant,30,Overleden,,
2020-04-07,1728,Bladel,Noord-Brabant,30,Totaal,,
2020-04-07,1728,Bladel,Noord-Brabant,30,Ziekenhuisopname,1,13
2020-04-07,1728,Bladel,Noord-Brabant,30,Overleden,,
2020-04-07,1729,Gulpen-Wittem,Limburg,31,Totaal,,
2020-04-07,1729,Gulpen-Wittem,Limburg,31,Ziekenhuisopname,1,13
2020-04-07,1729,Gulpen-Wittem,Limburg,31,Overleden,,
2020-04-07,1730,Tynaarlo,Drenthe,22,Totaal,,
2020-04-07,1730,Tynaarlo,Drenthe,22,Ziekenhuisopname,0,7
2020-04-07,1730,Tynaarlo,Drenthe,22,Overleden,,
2020-04-07,1731,Midden-Drenthe,Drenthe,22,Totaal,,
2020-04-07,1731,Midden-Drenthe,Drenthe,22,Ziekenhuisopname,0,6
2020-04-07,1731,Midden-Drenthe,Drenthe,22,Overleden,,
2020-04-07,1734,Overbetuwe,Gelderland,25,Totaal,,
2020-04-07,1734,Overbetuwe,Gelderland,25,Ziekenhuisopname,2,47
2020-04-07,1734,Overbetuwe,Gelderland,25,Overleden,,
2020-04-07,1735,Hof van Twente,Overijssel,23,Totaal,,
2020-04-07,1735,Hof van Twente,Overijssel,23,Ziekenhuisopname,1,13
2020-04-07,1735,Hof van Twente,Overijssel,23,Overleden,,
2020-04-07,1740,Neder-Betuwe,Gelderland,25,Totaal,,
2020-04-07,1740,Neder-Betuwe,Gelderland,25,Ziekenhuisopname,0,29
2020-04-07,1740,Neder-Betuwe,Gelderland,25,Overleden,,
2020-04-07,1742,Rijssen-Holten,Overijssel,23,Totaal,,
2020-04-07,1742,Rijssen-Holten,Overijssel,23,Ziekenhuisopname,1,17
2020-04-07,1742,Rijssen-Holten,Overijssel,23,Overleden,,
2020-04-07,1771,Geldrop-Mierlo,Noord-Brabant,30,Totaal,,
2020-04-07,1771,Geldrop-Mierlo,Noord-Brabant,30,Ziekenhuisopname,2,20
2020-04-07,1771,Geldrop-Mierlo,Noord-Brabant,30,Overleden,,
2020-04-07,1773,Olst-Wijhe,Overijssel,23,Totaal,,
2020-04-07,1773,Olst-Wijhe,Overijssel,23,Ziekenhuisopname,2,9
2020-04-07,1773,Olst-Wijhe,Overijssel,23,Overleden,,
2020-04-07,1774,Dinkelland,Overijssel,23,Totaal,,
2020-04-07,1774,Dinkelland,Overijssel,23,Ziekenhuisopname,0,16
2020-04-07,1774,Dinkelland,Overijssel,23,Overleden,,
2020-04-07,1783,Westland,Zuid-Holland,28,Totaal,,
2020-04-07,1783,Westland,Zuid-Holland,28,Ziekenhuisopname,2,38
2020-04-07,1783,Westland,Zuid-Holland,28,Overleden,,
2020-04-07,1842,Midden-Delfland,Zuid-Holland,28,Totaal,,
2020-04-07,1842,Midden-Delfland,Zuid-Holland,28,Ziekenhuisopname,0,3
2020-04-07,1842,Midden-Delfland,Zuid-Holland,28,Overleden,,
2020-04-07,1859,Berkelland,Gelderland,25,Totaal,,
2020-04-07,1859,Berkelland,Gelderland,25,Ziekenhuisopname,1,2
2020-04-07,1859,Berkelland,Gelderland,25,Overleden,,
2020-04-07,1876,Bronckhorst,Gelderland,25,Totaal,,
2020-04-07,1876,Bronckhorst,Gelderland,25,Ziekenhuisopname,1,2
2020-04-07,1876,Bronckhorst,Gelderland,25,Overleden,,
2020-04-07,1883,Sittard-Geleen,Limburg,31,Totaal,,
2020-04-07,1883,Sittard-Geleen,Limburg,31,Ziekenhuisopname,3,74
2020-04-07,1883,Sittard-Geleen,Limburg,31,Overleden,,
2020-04-07,1884,Kaag en Braassem,Zuid-Holland,28,Totaal,,
2020-04-07,1884,Kaag en Braassem,Zuid-Holland,28,Ziekenhuisopname,0,5
2020-04-07,1884,Kaag en Braassem,Zuid-Holland,28,Overleden,,
2020-04-07,1891,Dantumadiel,Friesland,21,Totaal,,
2020-04-07,1891,Dantumadiel,Friesland,21,Ziekenhuisopname,0,2
2020-04-07,1891,Dantumadiel,Friesland,21,Overleden,,
2020-04-07,1892,Zuidplas,Zuid-Holland,28,Totaal,,
2020-04-07,1892,Zuidplas,Zuid-Holland,28,Ziekenhuisopname,1,14
2020-04-07,1892,Zuidplas,Zuid-Holland,28,Overleden,,
2020-04-07,1894,Peel en Maas,Limburg,31,Totaal,,
2020-04-07,1894,Peel en Maas,Limburg,31,Ziekenhuisopname,6,124
2020-04-07,1894,Peel en Maas,Limburg,31,Overleden,,
2020-04-07,1895,Oldambt,Groningen,20,Totaal,,
2020-04-07,1895,Oldambt,Groningen,20,Ziekenhuisopname,0,1
2020-04-07,1895,Oldambt,Groningen,20,Overleden,,
2020-04-07,1896,Zwartewaterland,Overijssel,23,Totaal,,
2020-04-07,1896,Zwartewaterland,Overijssel,23,Ziekenhuisopname,3,25
2020-04-07,1896,Zwartewaterland,Overijssel,23,Overleden,,
2020-04-07,1900,Sdwest-Frysln,Friesland,21,Totaal,,
2020-04-07,1900,Sdwest-Frysln,Friesland,21,Ziekenhuisopname,1,14
2020-04-07,1900,Sdwest-Frysln,Friesland,21,Overleden,,
2020-04-07,1901,Bodegraven-Reeuwijk,Zuid-Holland,28,Totaal,,
2020-04-07,1901,Bodegraven-Reeuwijk,Zuid-Holland,28,Ziekenhuisopname,0,5
2020-04-07,1901,Bodegraven-Reeuwijk,Zuid-Holland,28,Overleden,,
2020-04-07,1903,Eijsden-Margraten,Limburg,31,Totaal,,
2020-04-07,1903,Eijsden-Margraten,Limburg,31,Ziekenhuisopname,0,36
2020-04-07,1903,Eijsden-Margraten,Limburg,31,Overleden,,
2020-04-07,1904,Stichtse Vecht,Utrecht,26,Totaal,,
2020-04-07,1904,Stichtse Vecht,Utrecht,26,Ziekenhuisopname,2,25
2020-04-07,1904,Stichtse Vecht,Utrecht,26,Overleden,,
2020-04-07,1911,Hollands Kroon,Noord-Holland,27,Totaal,,
2020-04-07,1911,Hollands Kroon,Noord-Holland,27,Ziekenhuisopname,2,26
2020-04-07,1911,Hollands Kroon,Noord-Holland,27,Overleden,,
2020-04-07,1916,Leidschendam-Voorburg,Zuid-Holland,28,Totaal,,
2020-04-07,1916,Leidschendam-Voorburg,Zuid-Holland,28,Ziekenhuisopname,3,15
2020-04-07,1916,Leidschendam-Voorburg,Zuid-Holland,28,Overleden,,
2020-04-07,1924,Goeree-Overflakkee,Zuid-Holland,28,Totaal,,
2020-04-07,1924,Goeree-Overflakkee,Zuid-Holland,28,Ziekenhuisopname,2,39
2020-04-07,1924,Goeree-Overflakkee,Zuid-Holland,28,Overleden,,
2020-04-07,1926,Pijnacker-Nootdorp,Zuid-Holland,28,Totaal,,
2020-04-07,1926,Pijnacker-Nootdorp,Zuid-Holland,28,Ziekenhuisopname,1,15
2020-04-07,1926,Pijnacker-Nootdorp,Zuid-Holland,28,Overleden,,
2020-04-07,1930,Nissewaard,Zuid-Holland,28,Totaal,,
2020-04-07,1930,Nissewaard,Zuid-Holland,28,Ziekenhuisopname,0,25
2020-04-07,1930,Nissewaard,Zuid-Holland,28,Overleden,,
2020-04-07,1931,Krimpenerwaard,Zuid-Holland,28,Totaal,,
2020-04-07,1931,Krimpenerwaard,Zuid-Holland,28,Ziekenhuisopname,0,33
2020-04-07,1931,Krimpenerwaard,Zuid-Holland,28,Overleden,,
2020-04-07,1940,De Fryske Marren,Friesland,21,Totaal,,
2020-04-07,1940,De Fryske Marren,Friesland,21,Ziekenhuisopname,0,12
2020-04-07,1940,De Fryske Marren,Friesland,21,Overleden,,
2020-04-07,1942,Gooise Meren,Noord-Holland,27,Totaal,,
2020-04-07,1942,Gooise Meren,Noord-Holland,27,Ziekenhuisopname,3,19
2020-04-07,1942,Gooise Meren,Noord-Holland,27,Overleden,,
2020-04-07,1945,Berg en Dal,Gelderland,25,Totaal,,
2020-04-07,1945,Berg en Dal,Gelderland,25,Ziekenhuisopname,0,25
2020-04-07,1945,Berg en Dal,Gelderland,25,Overleden,,
2020-04-07,1948,Meierijstad,Noord-Brabant,30,Totaal,,
2020-04-07,1948,Meierijstad,Noord-Brabant,30,Ziekenhuisopname,6,150
2020-04-07,1948,Meierijstad,Noord-Brabant,30,Overleden,,
2020-04-07,1949,Waadhoeke,Friesland,21,Totaal,,
2020-04-07,1949,Waadhoeke,Friesland,21,Ziekenhuisopname,0,6
2020-04-07,1949,Waadhoeke,Friesland,21,Overleden,,
2020-04-07,1950,Westerwolde,Groningen,20,Totaal,,
2020-04-07,1950,Westerwolde,Groningen,20,Ziekenhuisopname,0,5
2020-04-07,1950,Westerwolde,Groningen,20,Overleden,,
2020-04-07,1952,Midden-Groningen,Groningen,20,Totaal,,
2020-04-07,1952,Midden-Groningen,Groningen,20,Ziekenhuisopname,0,4
2020-04-07,1952,Midden-Groningen,Groningen,20,Overleden,,
2020-04-07,1954,Beekdaelen,Limburg,31,Totaal,,
2020-04-07,1954,Beekdaelen,Limburg,31,Ziekenhuisopname,0,34
2020-04-07,1954,Beekdaelen,Limburg,31,Overleden,,
2020-04-07,1955,Montferland,Gelderland,25,Totaal,,
2020-04-07,1955,Montferland,Gelderland,25,Ziekenhuisopname,0,5
2020-04-07,1955,Montferland,Gelderland,25,Overleden,,
2020-04-07,1959,Altena,Noord-Brabant,30,Totaal,,
2020-04-07,1959,Altena,Noord-Brabant,30,Ziekenhuisopname,2,24
2020-04-07,1959,Altena,Noord-Brabant,30,Overleden,,
2020-04-07,1960,West Betuwe,Gelderland,25,Totaal,,
2020-04-07,1960,West Betuwe,Gelderland,25,Ziekenhuisopname,1,24
2020-04-07,1960,West Betuwe,Gelderland,25,Overleden,,
2020-04-07,1961,Vijfheerenlanden,Utrecht,26,Totaal,,
2020-04-07,1961,Vijfheerenlanden,Utrecht,26,Ziekenhuisopname,1,20
2020-04-07,1961,Vijfheerenlanden,Utrecht,26,Overleden,,
2020-04-07,1963,Hoeksche Waard,Zuid-Holland,28,Totaal,,
2020-04-07,1963,Hoeksche Waard,Zuid-Holland,28,Ziekenhuisopname,6,57
2020-04-07,1963,Hoeksche Waard,Zuid-Holland,28,Overleden,,
2020-04-07,1966,Het Hogeland,Groningen,20,Totaal,,
2020-04-07,1966,Het Hogeland,Groningen,20,Ziekenhuisopname,0,5
2020-04-07,1966,Het Hogeland,Groningen,20,Overleden,,
2020-04-07,1969,Westerkwartier,Groningen,20,Totaal,,
2020-04-07,1969,Westerkwartier,Groningen,20,Ziekenhuisopname,1,12
2020-04-07,1969,Westerkwartier,Groningen,20,Overleden,,
2020-04-07,1970,Noardeast-Frysln,Friesland,21,Totaal,,
2020-04-07,1970,Noardeast-Frysln,Friesland,21,Ziekenhuisopname,0,4
2020-04-07,1970,Noardeast-Frysln,Friesland,21,Overleden,,
2020-04-07,1978,Molenlanden,Zuid-Holland,28,Totaal,,
2020-04-07,1978,Molenlanden,Zuid-Holland,28,Ziekenhuisopname,1,15
2020-04-07,1978,Molenlanden,Zuid-Holland,28,Overleden,,
