Datum,Gemeentecode,Gemeentenaam,Provincienaam,Provinciecode,Type,Aantal,AantalCumulatief
2020-07-08,-1,,,-1,Totaal,0,492
2020-07-08,-1,,,-1,Ziekenhuisopname,0,61
2020-07-08,-1,,,-1,Overleden,0,18
2020-07-08,3,Appingedam,Groningen,20,Totaal,0,5
2020-07-08,3,Appingedam,Groningen,20,Ziekenhuisopname,0,3
2020-07-08,3,Appingedam,Groningen,20,Overleden,0,0
2020-07-08,10,Delfzijl,Groningen,20,Totaal,0,18
2020-07-08,10,Delfzijl,Groningen,20,Ziekenhuisopname,0,6
2020-07-08,10,Delfzijl,Groningen,20,Overleden,0,0
2020-07-08,14,Groningen,Groningen,20,Totaal,1,175
2020-07-08,14,Groningen,Groningen,20,Ziekenhuisopname,0,18
2020-07-08,14,Groningen,Groningen,20,Overleden,0,3
2020-07-08,24,Loppersum,Groningen,20,Totaal,0,2
2020-07-08,24,Loppersum,Groningen,20,Ziekenhuisopname,0,0
2020-07-08,24,Loppersum,Groningen,20,Overleden,0,0
2020-07-08,34,Almere,Flevoland,24,Totaal,0,456
2020-07-08,34,Almere,Flevoland,24,Ziekenhuisopname,0,124
2020-07-08,34,Almere,Flevoland,24,Overleden,0,31
2020-07-08,37,Stadskanaal,Groningen,20,Totaal,0,9
2020-07-08,37,Stadskanaal,Groningen,20,Ziekenhuisopname,0,2
2020-07-08,37,Stadskanaal,Groningen,20,Overleden,0,2
2020-07-08,47,Veendam,Groningen,20,Totaal,0,8
2020-07-08,47,Veendam,Groningen,20,Ziekenhuisopname,0,2
2020-07-08,47,Veendam,Groningen,20,Overleden,0,0
2020-07-08,50,Zeewolde,Flevoland,24,Totaal,0,49
2020-07-08,50,Zeewolde,Flevoland,24,Ziekenhuisopname,0,12
2020-07-08,50,Zeewolde,Flevoland,24,Overleden,0,6
2020-07-08,59,Achtkarspelen,Friesland,21,Totaal,0,12
2020-07-08,59,Achtkarspelen,Friesland,21,Ziekenhuisopname,0,0
2020-07-08,59,Achtkarspelen,Friesland,21,Overleden,0,0
2020-07-08,60,Ameland,Friesland,21,Totaal,0,0
2020-07-08,60,Ameland,Friesland,21,Ziekenhuisopname,0,0
2020-07-08,60,Ameland,Friesland,21,Overleden,0,0
2020-07-08,72,Harlingen,Friesland,21,Totaal,0,17
2020-07-08,72,Harlingen,Friesland,21,Ziekenhuisopname,0,4
2020-07-08,72,Harlingen,Friesland,21,Overleden,0,1
2020-07-08,74,Heerenveen,Friesland,21,Totaal,0,94
2020-07-08,74,Heerenveen,Friesland,21,Ziekenhuisopname,0,13
2020-07-08,74,Heerenveen,Friesland,21,Overleden,0,21
2020-07-08,80,Leeuwarden,Friesland,21,Totaal,0,66
2020-07-08,80,Leeuwarden,Friesland,21,Ziekenhuisopname,0,33
2020-07-08,80,Leeuwarden,Friesland,21,Overleden,0,6
2020-07-08,85,Ooststellingwerf,Friesland,21,Totaal,0,7
2020-07-08,85,Ooststellingwerf,Friesland,21,Ziekenhuisopname,0,3
2020-07-08,85,Ooststellingwerf,Friesland,21,Overleden,0,0
2020-07-08,86,Opsterland,Friesland,21,Totaal,0,23
2020-07-08,86,Opsterland,Friesland,21,Ziekenhuisopname,0,7
2020-07-08,86,Opsterland,Friesland,21,Overleden,0,0
2020-07-08,88,Schiermonnikoog,Friesland,21,Totaal,0,0
2020-07-08,88,Schiermonnikoog,Friesland,21,Ziekenhuisopname,0,0
2020-07-08,88,Schiermonnikoog,Friesland,21,Overleden,0,0
2020-07-08,90,Smallingerland,Friesland,21,Totaal,1,58
2020-07-08,90,Smallingerland,Friesland,21,Ziekenhuisopname,0,9
2020-07-08,90,Smallingerland,Friesland,21,Overleden,0,5
2020-07-08,93,Terschelling,Friesland,21,Totaal,0,2
2020-07-08,93,Terschelling,Friesland,21,Ziekenhuisopname,0,0
2020-07-08,93,Terschelling,Friesland,21,Overleden,0,0
2020-07-08,96,Vlieland,Friesland,21,Totaal,0,0
2020-07-08,96,Vlieland,Friesland,21,Ziekenhuisopname,0,0
2020-07-08,96,Vlieland,Friesland,21,Overleden,0,0
2020-07-08,98,Weststellingwerf,Friesland,21,Totaal,0,29
2020-07-08,98,Weststellingwerf,Friesland,21,Ziekenhuisopname,0,3
2020-07-08,98,Weststellingwerf,Friesland,21,Overleden,0,4
2020-07-08,106,Assen,Drenthe,22,Totaal,0,46
2020-07-08,106,Assen,Drenthe,22,Ziekenhuisopname,0,12
2020-07-08,106,Assen,Drenthe,22,Overleden,0,2
2020-07-08,109,Coevorden,Drenthe,22,Totaal,0,57
2020-07-08,109,Coevorden,Drenthe,22,Ziekenhuisopname,0,13
2020-07-08,109,Coevorden,Drenthe,22,Overleden,0,2
2020-07-08,114,Emmen,Drenthe,22,Totaal,0,103
2020-07-08,114,Emmen,Drenthe,22,Ziekenhuisopname,0,20
2020-07-08,114,Emmen,Drenthe,22,Overleden,0,11
2020-07-08,118,Hoogeveen,Drenthe,22,Totaal,0,92
2020-07-08,118,Hoogeveen,Drenthe,22,Ziekenhuisopname,0,19
2020-07-08,118,Hoogeveen,Drenthe,22,Overleden,0,8
2020-07-08,119,Meppel,Drenthe,22,Totaal,1,46
2020-07-08,119,Meppel,Drenthe,22,Ziekenhuisopname,0,9
2020-07-08,119,Meppel,Drenthe,22,Overleden,0,5
2020-07-08,141,Almelo,Overijssel,23,Totaal,0,94
2020-07-08,141,Almelo,Overijssel,23,Ziekenhuisopname,0,23
2020-07-08,141,Almelo,Overijssel,23,Overleden,0,9
2020-07-08,147,Borne,Overijssel,23,Totaal,0,50
2020-07-08,147,Borne,Overijssel,23,Ziekenhuisopname,0,14
2020-07-08,147,Borne,Overijssel,23,Overleden,0,6
2020-07-08,148,Dalfsen,Overijssel,23,Totaal,0,80
2020-07-08,148,Dalfsen,Overijssel,23,Ziekenhuisopname,0,16
2020-07-08,148,Dalfsen,Overijssel,23,Overleden,0,6
2020-07-08,150,Deventer,Overijssel,23,Totaal,1,334
2020-07-08,150,Deventer,Overijssel,23,Ziekenhuisopname,0,47
2020-07-08,150,Deventer,Overijssel,23,Overleden,0,33
2020-07-08,153,Enschede,Overijssel,23,Totaal,0,244
2020-07-08,153,Enschede,Overijssel,23,Ziekenhuisopname,0,53
2020-07-08,153,Enschede,Overijssel,23,Overleden,0,25
2020-07-08,158,Haaksbergen,Overijssel,23,Totaal,0,56
2020-07-08,158,Haaksbergen,Overijssel,23,Ziekenhuisopname,0,14
2020-07-08,158,Haaksbergen,Overijssel,23,Overleden,0,7
2020-07-08,160,Hardenberg,Overijssel,23,Totaal,0,170
2020-07-08,160,Hardenberg,Overijssel,23,Ziekenhuisopname,0,23
2020-07-08,160,Hardenberg,Overijssel,23,Overleden,0,8
2020-07-08,163,Hellendoorn,Overijssel,23,Totaal,0,96
2020-07-08,163,Hellendoorn,Overijssel,23,Ziekenhuisopname,0,8
2020-07-08,163,Hellendoorn,Overijssel,23,Overleden,0,12
2020-07-08,164,Hengelo,Overijssel,23,Totaal,0,129
2020-07-08,164,Hengelo,Overijssel,23,Ziekenhuisopname,0,21
2020-07-08,164,Hengelo,Overijssel,23,Overleden,0,19
2020-07-08,166,Kampen,Overijssel,23,Totaal,0,343
2020-07-08,166,Kampen,Overijssel,23,Ziekenhuisopname,0,59
2020-07-08,166,Kampen,Overijssel,23,Overleden,0,26
2020-07-08,168,Losser,Overijssel,23,Totaal,0,25
2020-07-08,168,Losser,Overijssel,23,Ziekenhuisopname,0,7
2020-07-08,168,Losser,Overijssel,23,Overleden,0,0
2020-07-08,171,Noordoostpolder,Flevoland,24,Totaal,0,81
2020-07-08,171,Noordoostpolder,Flevoland,24,Ziekenhuisopname,0,14
2020-07-08,171,Noordoostpolder,Flevoland,24,Overleden,0,10
2020-07-08,173,Oldenzaal,Overijssel,23,Totaal,0,50
2020-07-08,173,Oldenzaal,Overijssel,23,Ziekenhuisopname,0,14
2020-07-08,173,Oldenzaal,Overijssel,23,Overleden,0,7
2020-07-08,175,Ommen,Overijssel,23,Totaal,0,53
2020-07-08,175,Ommen,Overijssel,23,Ziekenhuisopname,0,9
2020-07-08,175,Ommen,Overijssel,23,Overleden,0,2
2020-07-08,177,Raalte,Overijssel,23,Totaal,0,155
2020-07-08,177,Raalte,Overijssel,23,Ziekenhuisopname,0,24
2020-07-08,177,Raalte,Overijssel,23,Overleden,0,17
2020-07-08,180,Staphorst,Overijssel,23,Totaal,0,60
2020-07-08,180,Staphorst,Overijssel,23,Ziekenhuisopname,0,8
2020-07-08,180,Staphorst,Overijssel,23,Overleden,0,4
2020-07-08,183,Tubbergen,Overijssel,23,Totaal,0,81
2020-07-08,183,Tubbergen,Overijssel,23,Ziekenhuisopname,0,12
2020-07-08,183,Tubbergen,Overijssel,23,Overleden,0,5
2020-07-08,184,Urk,Flevoland,24,Totaal,0,84
2020-07-08,184,Urk,Flevoland,24,Ziekenhuisopname,0,22
2020-07-08,184,Urk,Flevoland,24,Overleden,0,4
2020-07-08,189,Wierden,Overijssel,23,Totaal,0,50
2020-07-08,189,Wierden,Overijssel,23,Ziekenhuisopname,0,5
2020-07-08,189,Wierden,Overijssel,23,Overleden,0,6
2020-07-08,193,Zwolle,Overijssel,23,Totaal,1,361
2020-07-08,193,Zwolle,Overijssel,23,Ziekenhuisopname,0,53
2020-07-08,193,Zwolle,Overijssel,23,Overleden,0,46
2020-07-08,197,Aalten,Gelderland,25,Totaal,0,60
2020-07-08,197,Aalten,Gelderland,25,Ziekenhuisopname,0,9
2020-07-08,197,Aalten,Gelderland,25,Overleden,0,7
2020-07-08,200,Apeldoorn,Gelderland,25,Totaal,0,455
2020-07-08,200,Apeldoorn,Gelderland,25,Ziekenhuisopname,2,96
2020-07-08,200,Apeldoorn,Gelderland,25,Overleden,0,50
2020-07-08,202,Arnhem,Gelderland,25,Totaal,0,406
2020-07-08,202,Arnhem,Gelderland,25,Ziekenhuisopname,0,67
2020-07-08,202,Arnhem,Gelderland,25,Overleden,0,32
2020-07-08,203,Barneveld,Gelderland,25,Totaal,0,139
2020-07-08,203,Barneveld,Gelderland,25,Ziekenhuisopname,0,18
2020-07-08,203,Barneveld,Gelderland,25,Overleden,0,6
2020-07-08,209,Beuningen,Gelderland,25,Totaal,0,74
2020-07-08,209,Beuningen,Gelderland,25,Ziekenhuisopname,0,19
2020-07-08,209,Beuningen,Gelderland,25,Overleden,0,5
2020-07-08,213,Brummen,Gelderland,25,Totaal,0,36
2020-07-08,213,Brummen,Gelderland,25,Ziekenhuisopname,0,18
2020-07-08,213,Brummen,Gelderland,25,Overleden,0,6
2020-07-08,214,Buren,Gelderland,25,Totaal,0,63
2020-07-08,214,Buren,Gelderland,25,Ziekenhuisopname,0,17
2020-07-08,214,Buren,Gelderland,25,Overleden,0,8
2020-07-08,216,Culemborg,Gelderland,25,Totaal,0,73
2020-07-08,216,Culemborg,Gelderland,25,Ziekenhuisopname,0,21
2020-07-08,216,Culemborg,Gelderland,25,Overleden,0,7
2020-07-08,221,Doesburg,Gelderland,25,Totaal,0,32
2020-07-08,221,Doesburg,Gelderland,25,Ziekenhuisopname,0,9
2020-07-08,221,Doesburg,Gelderland,25,Overleden,0,6
2020-07-08,222,Doetinchem,Gelderland,25,Totaal,0,104
2020-07-08,222,Doetinchem,Gelderland,25,Ziekenhuisopname,0,26
2020-07-08,222,Doetinchem,Gelderland,25,Overleden,0,15
2020-07-08,225,Druten,Gelderland,25,Totaal,0,115
2020-07-08,225,Druten,Gelderland,25,Ziekenhuisopname,0,25
2020-07-08,225,Druten,Gelderland,25,Overleden,0,8
2020-07-08,226,Duiven,Gelderland,25,Totaal,0,52
2020-07-08,226,Duiven,Gelderland,25,Ziekenhuisopname,0,14
2020-07-08,226,Duiven,Gelderland,25,Overleden,0,6
2020-07-08,228,Ede,Gelderland,25,Totaal,0,222
2020-07-08,228,Ede,Gelderland,25,Ziekenhuisopname,0,54
2020-07-08,228,Ede,Gelderland,25,Overleden,0,20
2020-07-08,230,Elburg,Gelderland,25,Totaal,0,150
2020-07-08,230,Elburg,Gelderland,25,Ziekenhuisopname,0,28
2020-07-08,230,Elburg,Gelderland,25,Overleden,0,8
2020-07-08,232,Epe,Gelderland,25,Totaal,0,138
2020-07-08,232,Epe,Gelderland,25,Ziekenhuisopname,0,47
2020-07-08,232,Epe,Gelderland,25,Overleden,0,23
2020-07-08,233,Ermelo,Gelderland,25,Totaal,0,150
2020-07-08,233,Ermelo,Gelderland,25,Ziekenhuisopname,0,33
2020-07-08,233,Ermelo,Gelderland,25,Overleden,0,24
2020-07-08,243,Harderwijk,Gelderland,25,Totaal,0,181
2020-07-08,243,Harderwijk,Gelderland,25,Ziekenhuisopname,0,43
2020-07-08,243,Harderwijk,Gelderland,25,Overleden,0,21
2020-07-08,244,Hattem,Gelderland,25,Totaal,0,42
2020-07-08,244,Hattem,Gelderland,25,Ziekenhuisopname,0,16
2020-07-08,244,Hattem,Gelderland,25,Overleden,0,5
2020-07-08,246,Heerde,Gelderland,25,Totaal,0,193
2020-07-08,246,Heerde,Gelderland,25,Ziekenhuisopname,0,54
2020-07-08,246,Heerde,Gelderland,25,Overleden,0,28
2020-07-08,252,Heumen,Gelderland,25,Totaal,0,74
2020-07-08,252,Heumen,Gelderland,25,Ziekenhuisopname,0,17
2020-07-08,252,Heumen,Gelderland,25,Overleden,0,9
2020-07-08,262,Lochem,Gelderland,25,Totaal,0,98
2020-07-08,262,Lochem,Gelderland,25,Ziekenhuisopname,0,14
2020-07-08,262,Lochem,Gelderland,25,Overleden,0,15
2020-07-08,263,Maasdriel,Gelderland,25,Totaal,2,61
2020-07-08,263,Maasdriel,Gelderland,25,Ziekenhuisopname,0,15
2020-07-08,263,Maasdriel,Gelderland,25,Overleden,0,7
2020-07-08,267,Nijkerk,Gelderland,25,Totaal,1,64
2020-07-08,267,Nijkerk,Gelderland,25,Ziekenhuisopname,0,22
2020-07-08,267,Nijkerk,Gelderland,25,Overleden,0,3
2020-07-08,268,Nijmegen,Gelderland,25,Totaal,1,660
2020-07-08,268,Nijmegen,Gelderland,25,Ziekenhuisopname,0,128
2020-07-08,268,Nijmegen,Gelderland,25,Overleden,0,70
2020-07-08,269,Oldebroek,Gelderland,25,Totaal,0,171
2020-07-08,269,Oldebroek,Gelderland,25,Ziekenhuisopname,0,40
2020-07-08,269,Oldebroek,Gelderland,25,Overleden,0,19
2020-07-08,273,Putten,Gelderland,25,Totaal,0,35
2020-07-08,273,Putten,Gelderland,25,Ziekenhuisopname,0,10
2020-07-08,273,Putten,Gelderland,25,Overleden,0,0
2020-07-08,274,Renkum,Gelderland,25,Totaal,0,79
2020-07-08,274,Renkum,Gelderland,25,Ziekenhuisopname,0,14
2020-07-08,274,Renkum,Gelderland,25,Overleden,0,7
2020-07-08,275,Rheden,Gelderland,25,Totaal,0,146
2020-07-08,275,Rheden,Gelderland,25,Ziekenhuisopname,0,34
2020-07-08,275,Rheden,Gelderland,25,Overleden,0,14
2020-07-08,277,Rozendaal,Gelderland,25,Totaal,0,3
2020-07-08,277,Rozendaal,Gelderland,25,Ziekenhuisopname,0,1
2020-07-08,277,Rozendaal,Gelderland,25,Overleden,0,0
2020-07-08,279,Scherpenzeel,Gelderland,25,Totaal,0,33
2020-07-08,279,Scherpenzeel,Gelderland,25,Ziekenhuisopname,0,4
2020-07-08,279,Scherpenzeel,Gelderland,25,Overleden,0,2
2020-07-08,281,Tiel,Gelderland,25,Totaal,0,149
2020-07-08,281,Tiel,Gelderland,25,Ziekenhuisopname,0,42
2020-07-08,281,Tiel,Gelderland,25,Overleden,0,18
2020-07-08,285,Voorst,Gelderland,25,Totaal,0,82
2020-07-08,285,Voorst,Gelderland,25,Ziekenhuisopname,0,18
2020-07-08,285,Voorst,Gelderland,25,Overleden,0,11
2020-07-08,289,Wageningen,Gelderland,25,Totaal,0,52
2020-07-08,289,Wageningen,Gelderland,25,Ziekenhuisopname,0,20
2020-07-08,289,Wageningen,Gelderland,25,Overleden,0,9
2020-07-08,293,Westervoort,Gelderland,25,Totaal,0,43
2020-07-08,293,Westervoort,Gelderland,25,Ziekenhuisopname,0,12
2020-07-08,293,Westervoort,Gelderland,25,Overleden,0,6
2020-07-08,294,Winterswijk,Gelderland,25,Totaal,0,48
2020-07-08,294,Winterswijk,Gelderland,25,Ziekenhuisopname,0,7
2020-07-08,294,Winterswijk,Gelderland,25,Overleden,0,3
2020-07-08,296,Wijchen,Gelderland,25,Totaal,0,149
2020-07-08,296,Wijchen,Gelderland,25,Ziekenhuisopname,0,44
2020-07-08,296,Wijchen,Gelderland,25,Overleden,0,13
2020-07-08,297,Zaltbommel,Gelderland,25,Totaal,0,101
2020-07-08,297,Zaltbommel,Gelderland,25,Ziekenhuisopname,0,20
2020-07-08,297,Zaltbommel,Gelderland,25,Overleden,0,9
2020-07-08,299,Zevenaar,Gelderland,25,Totaal,0,119
2020-07-08,299,Zevenaar,Gelderland,25,Ziekenhuisopname,0,44
2020-07-08,299,Zevenaar,Gelderland,25,Overleden,0,15
2020-07-08,301,Zutphen,Gelderland,25,Totaal,0,105
2020-07-08,301,Zutphen,Gelderland,25,Ziekenhuisopname,0,31
2020-07-08,301,Zutphen,Gelderland,25,Overleden,0,13
2020-07-08,302,Nunspeet,Gelderland,25,Totaal,0,224
2020-07-08,302,Nunspeet,Gelderland,25,Ziekenhuisopname,0,56
2020-07-08,302,Nunspeet,Gelderland,25,Overleden,0,21
2020-07-08,303,Dronten,Flevoland,24,Totaal,0,125
2020-07-08,303,Dronten,Flevoland,24,Ziekenhuisopname,0,30
2020-07-08,303,Dronten,Flevoland,24,Overleden,0,12
2020-07-08,307,Amersfoort,Utrecht,26,Totaal,0,232
2020-07-08,307,Amersfoort,Utrecht,26,Ziekenhuisopname,0,60
2020-07-08,307,Amersfoort,Utrecht,26,Overleden,0,23
2020-07-08,308,Baarn,Utrecht,26,Totaal,0,64
2020-07-08,308,Baarn,Utrecht,26,Ziekenhuisopname,0,11
2020-07-08,308,Baarn,Utrecht,26,Overleden,0,9
2020-07-08,310,De Bilt,Utrecht,26,Totaal,0,182
2020-07-08,310,De Bilt,Utrecht,26,Ziekenhuisopname,0,27
2020-07-08,310,De Bilt,Utrecht,26,Overleden,0,24
2020-07-08,312,Bunnik,Utrecht,26,Totaal,0,46
2020-07-08,312,Bunnik,Utrecht,26,Ziekenhuisopname,0,9
2020-07-08,312,Bunnik,Utrecht,26,Overleden,0,1
2020-07-08,313,Bunschoten,Utrecht,26,Totaal,0,67
2020-07-08,313,Bunschoten,Utrecht,26,Ziekenhuisopname,0,9
2020-07-08,313,Bunschoten,Utrecht,26,Overleden,0,7
2020-07-08,317,Eemnes,Utrecht,26,Totaal,0,17
2020-07-08,317,Eemnes,Utrecht,26,Ziekenhuisopname,0,2
2020-07-08,317,Eemnes,Utrecht,26,Overleden,0,1
2020-07-08,321,Houten,Utrecht,26,Totaal,0,142
2020-07-08,321,Houten,Utrecht,26,Ziekenhuisopname,0,24
2020-07-08,321,Houten,Utrecht,26,Overleden,0,14
2020-07-08,327,Leusden,Utrecht,26,Totaal,0,53
2020-07-08,327,Leusden,Utrecht,26,Ziekenhuisopname,0,9
2020-07-08,327,Leusden,Utrecht,26,Overleden,0,5
2020-07-08,331,Lopik,Utrecht,26,Totaal,0,65
2020-07-08,331,Lopik,Utrecht,26,Ziekenhuisopname,0,19
2020-07-08,331,Lopik,Utrecht,26,Overleden,0,8
2020-07-08,335,Montfoort,Utrecht,26,Totaal,0,45
2020-07-08,335,Montfoort,Utrecht,26,Ziekenhuisopname,0,13
2020-07-08,335,Montfoort,Utrecht,26,Overleden,0,5
2020-07-08,339,Renswoude,Utrecht,26,Totaal,0,19
2020-07-08,339,Renswoude,Utrecht,26,Ziekenhuisopname,0,5
2020-07-08,339,Renswoude,Utrecht,26,Overleden,0,5
2020-07-08,340,Rhenen,Utrecht,26,Totaal,0,48
2020-07-08,340,Rhenen,Utrecht,26,Ziekenhuisopname,0,11
2020-07-08,340,Rhenen,Utrecht,26,Overleden,0,6
2020-07-08,342,Soest,Utrecht,26,Totaal,0,94
2020-07-08,342,Soest,Utrecht,26,Ziekenhuisopname,0,23
2020-07-08,342,Soest,Utrecht,26,Overleden,0,12
2020-07-08,344,Utrecht,Utrecht,26,Totaal,0,1323
2020-07-08,344,Utrecht,Utrecht,26,Ziekenhuisopname,0,266
2020-07-08,344,Utrecht,Utrecht,26,Overleden,0,118
2020-07-08,345,Veenendaal,Utrecht,26,Totaal,0,196
2020-07-08,345,Veenendaal,Utrecht,26,Ziekenhuisopname,0,47
2020-07-08,345,Veenendaal,Utrecht,26,Overleden,0,11
2020-07-08,351,Woudenberg,Utrecht,26,Totaal,0,32
2020-07-08,351,Woudenberg,Utrecht,26,Ziekenhuisopname,0,9
2020-07-08,351,Woudenberg,Utrecht,26,Overleden,0,2
2020-07-08,352,Wijk bij Duurstede,Utrecht,26,Totaal,0,40
2020-07-08,352,Wijk bij Duurstede,Utrecht,26,Ziekenhuisopname,0,10
2020-07-08,352,Wijk bij Duurstede,Utrecht,26,Overleden,0,1
2020-07-08,353,IJsselstein,Utrecht,26,Totaal,0,153
2020-07-08,353,IJsselstein,Utrecht,26,Ziekenhuisopname,0,36
2020-07-08,353,IJsselstein,Utrecht,26,Overleden,0,34
2020-07-08,355,Zeist,Utrecht,26,Totaal,0,216
2020-07-08,355,Zeist,Utrecht,26,Ziekenhuisopname,0,37
2020-07-08,355,Zeist,Utrecht,26,Overleden,0,24
2020-07-08,356,Nieuwegein,Utrecht,26,Totaal,0,157
2020-07-08,356,Nieuwegein,Utrecht,26,Ziekenhuisopname,0,44
2020-07-08,356,Nieuwegein,Utrecht,26,Overleden,0,14
2020-07-08,358,Aalsmeer,Noord-Holland,27,Totaal,0,42
2020-07-08,358,Aalsmeer,Noord-Holland,27,Ziekenhuisopname,0,9
2020-07-08,358,Aalsmeer,Noord-Holland,27,Overleden,0,4
2020-07-08,361,Alkmaar,Noord-Holland,27,Totaal,0,247
2020-07-08,361,Alkmaar,Noord-Holland,27,Ziekenhuisopname,0,54
2020-07-08,361,Alkmaar,Noord-Holland,27,Overleden,0,31
2020-07-08,362,Amstelveen,Noord-Holland,27,Totaal,1,331
2020-07-08,362,Amstelveen,Noord-Holland,27,Ziekenhuisopname,0,58
2020-07-08,362,Amstelveen,Noord-Holland,27,Overleden,0,35
2020-07-08,363,Amsterdam,Noord-Holland,27,Totaal,6,2712
2020-07-08,363,Amsterdam,Noord-Holland,27,Ziekenhuisopname,0,620
2020-07-08,363,Amsterdam,Noord-Holland,27,Overleden,0,284
2020-07-08,370,Beemster,Noord-Holland,27,Totaal,0,14
2020-07-08,370,Beemster,Noord-Holland,27,Ziekenhuisopname,0,4
2020-07-08,370,Beemster,Noord-Holland,27,Overleden,0,1
2020-07-08,373,Bergen (NH.),Noord-Holland,27,Totaal,0,86
2020-07-08,373,Bergen (NH.),Noord-Holland,27,Ziekenhuisopname,0,16
2020-07-08,373,Bergen (NH.),Noord-Holland,27,Overleden,0,4
2020-07-08,375,Beverwijk,Noord-Holland,27,Totaal,0,83
2020-07-08,375,Beverwijk,Noord-Holland,27,Ziekenhuisopname,0,15
2020-07-08,375,Beverwijk,Noord-Holland,27,Overleden,0,10
2020-07-08,376,Blaricum,Noord-Holland,27,Totaal,0,33
2020-07-08,376,Blaricum,Noord-Holland,27,Ziekenhuisopname,0,8
2020-07-08,376,Blaricum,Noord-Holland,27,Overleden,0,2
2020-07-08,377,Bloemendaal,Noord-Holland,27,Totaal,0,52
2020-07-08,377,Bloemendaal,Noord-Holland,27,Ziekenhuisopname,0,7
2020-07-08,377,Bloemendaal,Noord-Holland,27,Overleden,0,5
2020-07-08,383,Castricum,Noord-Holland,27,Totaal,0,80
2020-07-08,383,Castricum,Noord-Holland,27,Ziekenhuisopname,0,15
2020-07-08,383,Castricum,Noord-Holland,27,Overleden,0,9
2020-07-08,384,Diemen,Noord-Holland,27,Totaal,0,105
2020-07-08,384,Diemen,Noord-Holland,27,Ziekenhuisopname,0,17
2020-07-08,384,Diemen,Noord-Holland,27,Overleden,0,14
2020-07-08,385,Edam-Volendam,Noord-Holland,27,Totaal,0,126
2020-07-08,385,Edam-Volendam,Noord-Holland,27,Ziekenhuisopname,0,25
2020-07-08,385,Edam-Volendam,Noord-Holland,27,Overleden,0,3
2020-07-08,388,Enkhuizen,Noord-Holland,27,Totaal,0,30
2020-07-08,388,Enkhuizen,Noord-Holland,27,Ziekenhuisopname,0,18
2020-07-08,388,Enkhuizen,Noord-Holland,27,Overleden,0,4
2020-07-08,392,Haarlem,Noord-Holland,27,Totaal,0,296
2020-07-08,392,Haarlem,Noord-Holland,27,Ziekenhuisopname,0,61
2020-07-08,392,Haarlem,Noord-Holland,27,Overleden,0,57
2020-07-08,394,Haarlemmermeer,Noord-Holland,27,Totaal,1,285
2020-07-08,394,Haarlemmermeer,Noord-Holland,27,Ziekenhuisopname,0,68
2020-07-08,394,Haarlemmermeer,Noord-Holland,27,Overleden,0,27
2020-07-08,396,Heemskerk,Noord-Holland,27,Totaal,0,93
2020-07-08,396,Heemskerk,Noord-Holland,27,Ziekenhuisopname,0,28
2020-07-08,396,Heemskerk,Noord-Holland,27,Overleden,0,10
2020-07-08,397,Heemstede,Noord-Holland,27,Totaal,0,98
2020-07-08,397,Heemstede,Noord-Holland,27,Ziekenhuisopname,0,11
2020-07-08,397,Heemstede,Noord-Holland,27,Overleden,0,32
2020-07-08,398,Heerhugowaard,Noord-Holland,27,Totaal,0,147
2020-07-08,398,Heerhugowaard,Noord-Holland,27,Ziekenhuisopname,0,27
2020-07-08,398,Heerhugowaard,Noord-Holland,27,Overleden,0,9
2020-07-08,399,Heiloo,Noord-Holland,27,Totaal,0,49
2020-07-08,399,Heiloo,Noord-Holland,27,Ziekenhuisopname,0,9
2020-07-08,399,Heiloo,Noord-Holland,27,Overleden,0,8
2020-07-08,400,Den Helder,Noord-Holland,27,Totaal,0,39
2020-07-08,400,Den Helder,Noord-Holland,27,Ziekenhuisopname,0,12
2020-07-08,400,Den Helder,Noord-Holland,27,Overleden,0,2
2020-07-08,402,Hilversum,Noord-Holland,27,Totaal,0,216
2020-07-08,402,Hilversum,Noord-Holland,27,Ziekenhuisopname,0,33
2020-07-08,402,Hilversum,Noord-Holland,27,Overleden,0,25
2020-07-08,405,Hoorn,Noord-Holland,27,Totaal,0,97
2020-07-08,405,Hoorn,Noord-Holland,27,Ziekenhuisopname,0,35
2020-07-08,405,Hoorn,Noord-Holland,27,Overleden,0,12
2020-07-08,406,Huizen,Noord-Holland,27,Totaal,2,160
2020-07-08,406,Huizen,Noord-Holland,27,Ziekenhuisopname,0,23
2020-07-08,406,Huizen,Noord-Holland,27,Overleden,0,10
2020-07-08,415,Landsmeer,Noord-Holland,27,Totaal,0,23
2020-07-08,415,Landsmeer,Noord-Holland,27,Ziekenhuisopname,0,3
2020-07-08,415,Landsmeer,Noord-Holland,27,Overleden,0,3
2020-07-08,416,Langedijk,Noord-Holland,27,Totaal,0,45
2020-07-08,416,Langedijk,Noord-Holland,27,Ziekenhuisopname,0,16
2020-07-08,416,Langedijk,Noord-Holland,27,Overleden,0,4
2020-07-08,417,Laren,Noord-Holland,27,Totaal,0,26
2020-07-08,417,Laren,Noord-Holland,27,Ziekenhuisopname,0,8
2020-07-08,417,Laren,Noord-Holland,27,Overleden,0,2
2020-07-08,420,Medemblik,Noord-Holland,27,Totaal,0,74
2020-07-08,420,Medemblik,Noord-Holland,27,Ziekenhuisopname,0,19
2020-07-08,420,Medemblik,Noord-Holland,27,Overleden,0,6
2020-07-08,431,Oostzaan,Noord-Holland,27,Totaal,0,26
2020-07-08,431,Oostzaan,Noord-Holland,27,Ziekenhuisopname,0,11
2020-07-08,431,Oostzaan,Noord-Holland,27,Overleden,0,2
2020-07-08,432,Opmeer,Noord-Holland,27,Totaal,0,8
2020-07-08,432,Opmeer,Noord-Holland,27,Ziekenhuisopname,0,1
2020-07-08,432,Opmeer,Noord-Holland,27,Overleden,0,1
2020-07-08,437,Ouder-Amstel,Noord-Holland,27,Totaal,0,39
2020-07-08,437,Ouder-Amstel,Noord-Holland,27,Ziekenhuisopname,0,5
2020-07-08,437,Ouder-Amstel,Noord-Holland,27,Overleden,0,0
2020-07-08,439,Purmerend,Noord-Holland,27,Totaal,0,227
2020-07-08,439,Purmerend,Noord-Holland,27,Ziekenhuisopname,0,66
2020-07-08,439,Purmerend,Noord-Holland,27,Overleden,0,35
2020-07-08,441,Schagen,Noord-Holland,27,Totaal,0,74
2020-07-08,441,Schagen,Noord-Holland,27,Ziekenhuisopname,0,19
2020-07-08,441,Schagen,Noord-Holland,27,Overleden,0,10
2020-07-08,448,Texel,Noord-Holland,27,Totaal,0,11
2020-07-08,448,Texel,Noord-Holland,27,Ziekenhuisopname,0,5
2020-07-08,448,Texel,Noord-Holland,27,Overleden,0,2
2020-07-08,450,Uitgeest,Noord-Holland,27,Totaal,1,25
2020-07-08,450,Uitgeest,Noord-Holland,27,Ziekenhuisopname,0,5
2020-07-08,450,Uitgeest,Noord-Holland,27,Overleden,0,1
2020-07-08,451,Uithoorn,Noord-Holland,27,Totaal,0,57
2020-07-08,451,Uithoorn,Noord-Holland,27,Ziekenhuisopname,0,16
2020-07-08,451,Uithoorn,Noord-Holland,27,Overleden,0,2
2020-07-08,453,Velsen,Noord-Holland,27,Totaal,0,283
2020-07-08,453,Velsen,Noord-Holland,27,Ziekenhuisopname,0,32
2020-07-08,453,Velsen,Noord-Holland,27,Overleden,0,39
2020-07-08,457,Weesp,Noord-Holland,27,Totaal,0,81
2020-07-08,457,Weesp,Noord-Holland,27,Ziekenhuisopname,0,9
2020-07-08,457,Weesp,Noord-Holland,27,Overleden,0,11
2020-07-08,473,Zandvoort,Noord-Holland,27,Totaal,0,35
2020-07-08,473,Zandvoort,Noord-Holland,27,Ziekenhuisopname,0,10
2020-07-08,473,Zandvoort,Noord-Holland,27,Overleden,0,8
2020-07-08,479,Zaanstad,Noord-Holland,27,Totaal,0,453
2020-07-08,479,Zaanstad,Noord-Holland,27,Ziekenhuisopname,0,117
2020-07-08,479,Zaanstad,Noord-Holland,27,Overleden,0,48
2020-07-08,482,Alblasserdam,Zuid-Holland,28,Totaal,0,42
2020-07-08,482,Alblasserdam,Zuid-Holland,28,Ziekenhuisopname,0,10
2020-07-08,482,Alblasserdam,Zuid-Holland,28,Overleden,0,4
2020-07-08,484,Alphen aan den Rijn,Zuid-Holland,28,Totaal,0,220
2020-07-08,484,Alphen aan den Rijn,Zuid-Holland,28,Ziekenhuisopname,0,62
2020-07-08,484,Alphen aan den Rijn,Zuid-Holland,28,Overleden,0,25
2020-07-08,489,Barendrecht,Zuid-Holland,28,Totaal,0,142
2020-07-08,489,Barendrecht,Zuid-Holland,28,Ziekenhuisopname,0,40
2020-07-08,489,Barendrecht,Zuid-Holland,28,Overleden,0,12
2020-07-08,498,Drechterland,Noord-Holland,27,Totaal,0,46
2020-07-08,498,Drechterland,Noord-Holland,27,Ziekenhuisopname,0,4
2020-07-08,498,Drechterland,Noord-Holland,27,Overleden,0,8
2020-07-08,501,Brielle,Zuid-Holland,28,Totaal,0,33
2020-07-08,501,Brielle,Zuid-Holland,28,Ziekenhuisopname,0,11
2020-07-08,501,Brielle,Zuid-Holland,28,Overleden,0,0
2020-07-08,502,Capelle aan den IJssel,Zuid-Holland,28,Totaal,1,314
2020-07-08,502,Capelle aan den IJssel,Zuid-Holland,28,Ziekenhuisopname,0,53
2020-07-08,502,Capelle aan den IJssel,Zuid-Holland,28,Overleden,0,53
2020-07-08,503,Delft,Zuid-Holland,28,Totaal,1,155
2020-07-08,503,Delft,Zuid-Holland,28,Ziekenhuisopname,0,38
2020-07-08,503,Delft,Zuid-Holland,28,Overleden,0,12
2020-07-08,505,Dordrecht,Zuid-Holland,28,Totaal,0,541
2020-07-08,505,Dordrecht,Zuid-Holland,28,Ziekenhuisopname,0,84
2020-07-08,505,Dordrecht,Zuid-Holland,28,Overleden,0,61
2020-07-08,512,Gorinchem,Zuid-Holland,28,Totaal,0,152
2020-07-08,512,Gorinchem,Zuid-Holland,28,Ziekenhuisopname,0,18
2020-07-08,512,Gorinchem,Zuid-Holland,28,Overleden,0,15
2020-07-08,513,Gouda,Zuid-Holland,28,Totaal,0,261
2020-07-08,513,Gouda,Zuid-Holland,28,Ziekenhuisopname,0,42
2020-07-08,513,Gouda,Zuid-Holland,28,Overleden,0,41
2020-07-08,518,'s-Gravenhage,Zuid-Holland,28,Totaal,4,1821
2020-07-08,518,'s-Gravenhage,Zuid-Holland,28,Ziekenhuisopname,0,340
2020-07-08,518,'s-Gravenhage,Zuid-Holland,28,Overleden,1,244
2020-07-08,523,Hardinxveld-Giessendam,Zuid-Holland,28,Totaal,0,33
2020-07-08,523,Hardinxveld-Giessendam,Zuid-Holland,28,Ziekenhuisopname,0,2
2020-07-08,523,Hardinxveld-Giessendam,Zuid-Holland,28,Overleden,0,2
2020-07-08,530,Hellevoetsluis,Zuid-Holland,28,Totaal,0,75
2020-07-08,530,Hellevoetsluis,Zuid-Holland,28,Ziekenhuisopname,0,16
2020-07-08,530,Hellevoetsluis,Zuid-Holland,28,Overleden,0,3
2020-07-08,531,Hendrik-Ido-Ambacht,Zuid-Holland,28,Totaal,0,72
2020-07-08,531,Hendrik-Ido-Ambacht,Zuid-Holland,28,Ziekenhuisopname,0,10
2020-07-08,531,Hendrik-Ido-Ambacht,Zuid-Holland,28,Overleden,0,6
2020-07-08,532,Stede Broec,Noord-Holland,27,Totaal,0,50
2020-07-08,532,Stede Broec,Noord-Holland,27,Ziekenhuisopname,0,19
2020-07-08,532,Stede Broec,Noord-Holland,27,Overleden,0,5
2020-07-08,534,Hillegom,Zuid-Holland,28,Totaal,0,36
2020-07-08,534,Hillegom,Zuid-Holland,28,Ziekenhuisopname,0,8
2020-07-08,534,Hillegom,Zuid-Holland,28,Overleden,0,2
2020-07-08,537,Katwijk,Zuid-Holland,28,Totaal,0,279
2020-07-08,537,Katwijk,Zuid-Holland,28,Ziekenhuisopname,0,31
2020-07-08,537,Katwijk,Zuid-Holland,28,Overleden,0,15
2020-07-08,542,Krimpen aan den IJssel,Zuid-Holland,28,Totaal,0,82
2020-07-08,542,Krimpen aan den IJssel,Zuid-Holland,28,Ziekenhuisopname,0,10
2020-07-08,542,Krimpen aan den IJssel,Zuid-Holland,28,Overleden,0,8
2020-07-08,546,Leiden,Zuid-Holland,28,Totaal,0,177
2020-07-08,546,Leiden,Zuid-Holland,28,Ziekenhuisopname,0,40
2020-07-08,546,Leiden,Zuid-Holland,28,Overleden,0,18
2020-07-08,547,Leiderdorp,Zuid-Holland,28,Totaal,0,39
2020-07-08,547,Leiderdorp,Zuid-Holland,28,Ziekenhuisopname,0,13
2020-07-08,547,Leiderdorp,Zuid-Holland,28,Overleden,0,6
2020-07-08,553,Lisse,Zuid-Holland,28,Totaal,0,29
2020-07-08,553,Lisse,Zuid-Holland,28,Ziekenhuisopname,0,8
2020-07-08,553,Lisse,Zuid-Holland,28,Overleden,0,2
2020-07-08,556,Maassluis,Zuid-Holland,28,Totaal,1,88
2020-07-08,556,Maassluis,Zuid-Holland,28,Ziekenhuisopname,0,20
2020-07-08,556,Maassluis,Zuid-Holland,28,Overleden,1,8
2020-07-08,569,Nieuwkoop,Zuid-Holland,28,Totaal,0,52
2020-07-08,569,Nieuwkoop,Zuid-Holland,28,Ziekenhuisopname,0,9
2020-07-08,569,Nieuwkoop,Zuid-Holland,28,Overleden,0,5
2020-07-08,575,Noordwijk,Zuid-Holland,28,Totaal,0,54
2020-07-08,575,Noordwijk,Zuid-Holland,28,Ziekenhuisopname,0,19
2020-07-08,575,Noordwijk,Zuid-Holland,28,Overleden,0,3
2020-07-08,579,Oegstgeest,Zuid-Holland,28,Totaal,0,46
2020-07-08,579,Oegstgeest,Zuid-Holland,28,Ziekenhuisopname,0,8
2020-07-08,579,Oegstgeest,Zuid-Holland,28,Overleden,0,3
2020-07-08,589,Oudewater,Utrecht,26,Totaal,0,58
2020-07-08,589,Oudewater,Utrecht,26,Ziekenhuisopname,0,26
2020-07-08,589,Oudewater,Utrecht,26,Overleden,0,8
2020-07-08,590,Papendrecht,Zuid-Holland,28,Totaal,0,80
2020-07-08,590,Papendrecht,Zuid-Holland,28,Ziekenhuisopname,0,9
2020-07-08,590,Papendrecht,Zuid-Holland,28,Overleden,0,7
2020-07-08,597,Ridderkerk,Zuid-Holland,28,Totaal,0,153
2020-07-08,597,Ridderkerk,Zuid-Holland,28,Ziekenhuisopname,0,37
2020-07-08,597,Ridderkerk,Zuid-Holland,28,Overleden,0,16
2020-07-08,599,Rotterdam,Zuid-Holland,28,Totaal,4,2736
2020-07-08,599,Rotterdam,Zuid-Holland,28,Ziekenhuisopname,1,525
2020-07-08,599,Rotterdam,Zuid-Holland,28,Overleden,0,346
2020-07-08,603,Rijswijk,Zuid-Holland,28,Totaal,0,148
2020-07-08,603,Rijswijk,Zuid-Holland,28,Ziekenhuisopname,0,36
2020-07-08,603,Rijswijk,Zuid-Holland,28,Overleden,0,22
2020-07-08,606,Schiedam,Zuid-Holland,28,Totaal,0,272
2020-07-08,606,Schiedam,Zuid-Holland,28,Ziekenhuisopname,0,58
2020-07-08,606,Schiedam,Zuid-Holland,28,Overleden,0,23
2020-07-08,610,Sliedrecht,Zuid-Holland,28,Totaal,0,67
2020-07-08,610,Sliedrecht,Zuid-Holland,28,Ziekenhuisopname,0,9
2020-07-08,610,Sliedrecht,Zuid-Holland,28,Overleden,0,5
2020-07-08,613,Albrandswaard,Zuid-Holland,28,Totaal,0,108
2020-07-08,613,Albrandswaard,Zuid-Holland,28,Ziekenhuisopname,0,14
2020-07-08,613,Albrandswaard,Zuid-Holland,28,Overleden,0,8
2020-07-08,614,Westvoorne,Zuid-Holland,28,Totaal,0,25
2020-07-08,614,Westvoorne,Zuid-Holland,28,Ziekenhuisopname,0,6
2020-07-08,614,Westvoorne,Zuid-Holland,28,Overleden,0,0
2020-07-08,622,Vlaardingen,Zuid-Holland,28,Totaal,1,301
2020-07-08,622,Vlaardingen,Zuid-Holland,28,Ziekenhuisopname,0,43
2020-07-08,622,Vlaardingen,Zuid-Holland,28,Overleden,0,30
2020-07-08,626,Voorschoten,Zuid-Holland,28,Totaal,0,66
2020-07-08,626,Voorschoten,Zuid-Holland,28,Ziekenhuisopname,0,9
2020-07-08,626,Voorschoten,Zuid-Holland,28,Overleden,0,11
2020-07-08,627,Waddinxveen,Zuid-Holland,28,Totaal,0,78
2020-07-08,627,Waddinxveen,Zuid-Holland,28,Ziekenhuisopname,0,16
2020-07-08,627,Waddinxveen,Zuid-Holland,28,Overleden,0,7
2020-07-08,629,Wassenaar,Zuid-Holland,28,Totaal,0,55
2020-07-08,629,Wassenaar,Zuid-Holland,28,Ziekenhuisopname,0,9
2020-07-08,629,Wassenaar,Zuid-Holland,28,Overleden,0,12
2020-07-08,632,Woerden,Utrecht,26,Totaal,0,178
2020-07-08,632,Woerden,Utrecht,26,Ziekenhuisopname,0,49
2020-07-08,632,Woerden,Utrecht,26,Overleden,0,20
2020-07-08,637,Zoetermeer,Zuid-Holland,28,Totaal,0,243
2020-07-08,637,Zoetermeer,Zuid-Holland,28,Ziekenhuisopname,0,52
2020-07-08,637,Zoetermeer,Zuid-Holland,28,Overleden,0,14
2020-07-08,638,Zoeterwoude,Zuid-Holland,28,Totaal,0,14
2020-07-08,638,Zoeterwoude,Zuid-Holland,28,Ziekenhuisopname,0,3
2020-07-08,638,Zoeterwoude,Zuid-Holland,28,Overleden,0,1
2020-07-08,642,Zwijndrecht,Zuid-Holland,28,Totaal,0,164
2020-07-08,642,Zwijndrecht,Zuid-Holland,28,Ziekenhuisopname,0,23
2020-07-08,642,Zwijndrecht,Zuid-Holland,28,Overleden,0,27
2020-07-08,654,Borsele,Zeeland,29,Totaal,0,27
2020-07-08,654,Borsele,Zeeland,29,Ziekenhuisopname,0,5
2020-07-08,654,Borsele,Zeeland,29,Overleden,0,0
2020-07-08,664,Goes,Zeeland,29,Totaal,1,76
2020-07-08,664,Goes,Zeeland,29,Ziekenhuisopname,0,11
2020-07-08,664,Goes,Zeeland,29,Overleden,0,11
2020-07-08,668,West Maas en Waal,Gelderland,25,Totaal,0,84
2020-07-08,668,West Maas en Waal,Gelderland,25,Ziekenhuisopname,0,20
2020-07-08,668,West Maas en Waal,Gelderland,25,Overleden,0,9
2020-07-08,677,Hulst,Zeeland,29,Totaal,0,31
2020-07-08,677,Hulst,Zeeland,29,Ziekenhuisopname,0,9
2020-07-08,677,Hulst,Zeeland,29,Overleden,0,5
2020-07-08,678,Kapelle,Zeeland,29,Totaal,0,25
2020-07-08,678,Kapelle,Zeeland,29,Ziekenhuisopname,0,3
2020-07-08,678,Kapelle,Zeeland,29,Overleden,0,1
2020-07-08,687,Middelburg,Zeeland,29,Totaal,0,62
2020-07-08,687,Middelburg,Zeeland,29,Ziekenhuisopname,0,18
2020-07-08,687,Middelburg,Zeeland,29,Overleden,0,10
2020-07-08,703,Reimerswaal,Zeeland,29,Totaal,0,32
2020-07-08,703,Reimerswaal,Zeeland,29,Ziekenhuisopname,0,4
2020-07-08,703,Reimerswaal,Zeeland,29,Overleden,0,2
2020-07-08,715,Terneuzen,Zeeland,29,Totaal,0,119
2020-07-08,715,Terneuzen,Zeeland,29,Ziekenhuisopname,0,25
2020-07-08,715,Terneuzen,Zeeland,29,Overleden,0,4
2020-07-08,716,Tholen,Zeeland,29,Totaal,0,169
2020-07-08,716,Tholen,Zeeland,29,Ziekenhuisopname,0,40
2020-07-08,716,Tholen,Zeeland,29,Overleden,0,16
2020-07-08,717,Veere,Zeeland,29,Totaal,0,27
2020-07-08,717,Veere,Zeeland,29,Ziekenhuisopname,0,6
2020-07-08,717,Veere,Zeeland,29,Overleden,0,2
2020-07-08,718,Vlissingen,Zeeland,29,Totaal,0,51
2020-07-08,718,Vlissingen,Zeeland,29,Ziekenhuisopname,0,9
2020-07-08,718,Vlissingen,Zeeland,29,Overleden,0,5
2020-07-08,736,De Ronde Venen,Utrecht,26,Totaal,0,104
2020-07-08,736,De Ronde Venen,Utrecht,26,Ziekenhuisopname,0,39
2020-07-08,736,De Ronde Venen,Utrecht,26,Overleden,0,13
2020-07-08,737,Tytsjerksteradiel,Friesland,21,Totaal,0,16
2020-07-08,737,Tytsjerksteradiel,Friesland,21,Ziekenhuisopname,0,4
2020-07-08,737,Tytsjerksteradiel,Friesland,21,Overleden,0,1
2020-07-08,743,Asten,Noord-Brabant,30,Totaal,0,77
2020-07-08,743,Asten,Noord-Brabant,30,Ziekenhuisopname,0,18
2020-07-08,743,Asten,Noord-Brabant,30,Overleden,0,12
2020-07-08,744,Baarle-Nassau,Noord-Brabant,30,Totaal,0,25
2020-07-08,744,Baarle-Nassau,Noord-Brabant,30,Ziekenhuisopname,0,9
2020-07-08,744,Baarle-Nassau,Noord-Brabant,30,Overleden,0,2
2020-07-08,748,Bergen op Zoom,Noord-Brabant,30,Totaal,1,174
2020-07-08,748,Bergen op Zoom,Noord-Brabant,30,Ziekenhuisopname,0,24
2020-07-08,748,Bergen op Zoom,Noord-Brabant,30,Overleden,0,13
2020-07-08,753,Best,Noord-Brabant,30,Totaal,1,81
2020-07-08,753,Best,Noord-Brabant,30,Ziekenhuisopname,0,31
2020-07-08,753,Best,Noord-Brabant,30,Overleden,0,10
2020-07-08,755,Boekel,Noord-Brabant,30,Totaal,0,90
2020-07-08,755,Boekel,Noord-Brabant,30,Ziekenhuisopname,0,35
2020-07-08,755,Boekel,Noord-Brabant,30,Overleden,0,21
2020-07-08,756,Boxmeer,Noord-Brabant,30,Totaal,0,126
2020-07-08,756,Boxmeer,Noord-Brabant,30,Ziekenhuisopname,0,20
2020-07-08,756,Boxmeer,Noord-Brabant,30,Overleden,0,27
2020-07-08,757,Boxtel,Noord-Brabant,30,Totaal,0,134
2020-07-08,757,Boxtel,Noord-Brabant,30,Ziekenhuisopname,0,24
2020-07-08,757,Boxtel,Noord-Brabant,30,Overleden,0,26
2020-07-08,758,Breda,Noord-Brabant,30,Totaal,1,510
2020-07-08,758,Breda,Noord-Brabant,30,Ziekenhuisopname,0,146
2020-07-08,758,Breda,Noord-Brabant,30,Overleden,0,63
2020-07-08,762,Deurne,Noord-Brabant,30,Totaal,0,192
2020-07-08,762,Deurne,Noord-Brabant,30,Ziekenhuisopname,0,55
2020-07-08,762,Deurne,Noord-Brabant,30,Overleden,0,24
2020-07-08,765,Pekela,Groningen,20,Totaal,0,5
2020-07-08,765,Pekela,Groningen,20,Ziekenhuisopname,0,4
2020-07-08,765,Pekela,Groningen,20,Overleden,0,0
2020-07-08,766,Dongen,Noord-Brabant,30,Totaal,0,84
2020-07-08,766,Dongen,Noord-Brabant,30,Ziekenhuisopname,0,20
2020-07-08,766,Dongen,Noord-Brabant,30,Overleden,0,13
2020-07-08,770,Eersel,Noord-Brabant,30,Totaal,0,69
2020-07-08,770,Eersel,Noord-Brabant,30,Ziekenhuisopname,0,27
2020-07-08,770,Eersel,Noord-Brabant,30,Overleden,0,10
2020-07-08,772,Eindhoven,Noord-Brabant,30,Totaal,0,545
2020-07-08,772,Eindhoven,Noord-Brabant,30,Ziekenhuisopname,0,182
2020-07-08,772,Eindhoven,Noord-Brabant,30,Overleden,0,85
2020-07-08,777,Etten-Leur,Noord-Brabant,30,Totaal,0,205
2020-07-08,777,Etten-Leur,Noord-Brabant,30,Ziekenhuisopname,0,40
2020-07-08,777,Etten-Leur,Noord-Brabant,30,Overleden,0,30
2020-07-08,779,Geertruidenberg,Noord-Brabant,30,Totaal,0,43
2020-07-08,779,Geertruidenberg,Noord-Brabant,30,Ziekenhuisopname,0,11
2020-07-08,779,Geertruidenberg,Noord-Brabant,30,Overleden,0,6
2020-07-08,784,Gilze en Rijen,Noord-Brabant,30,Totaal,0,81
2020-07-08,784,Gilze en Rijen,Noord-Brabant,30,Ziekenhuisopname,0,20
2020-07-08,784,Gilze en Rijen,Noord-Brabant,30,Overleden,0,15
2020-07-08,785,Goirle,Noord-Brabant,30,Totaal,0,81
2020-07-08,785,Goirle,Noord-Brabant,30,Ziekenhuisopname,0,32
2020-07-08,785,Goirle,Noord-Brabant,30,Overleden,0,17
2020-07-08,786,Grave,Noord-Brabant,30,Totaal,0,72
2020-07-08,786,Grave,Noord-Brabant,30,Ziekenhuisopname,0,21
2020-07-08,786,Grave,Noord-Brabant,30,Overleden,0,11
2020-07-08,788,Haaren,Noord-Brabant,30,Totaal,0,57
2020-07-08,788,Haaren,Noord-Brabant,30,Ziekenhuisopname,0,18
2020-07-08,788,Haaren,Noord-Brabant,30,Overleden,0,8
2020-07-08,794,Helmond,Noord-Brabant,30,Totaal,1,423
2020-07-08,794,Helmond,Noord-Brabant,30,Ziekenhuisopname,0,115
2020-07-08,794,Helmond,Noord-Brabant,30,Overleden,1,43
2020-07-08,796,'s-Hertogenbosch,Noord-Brabant,30,Totaal,2,526
2020-07-08,796,'s-Hertogenbosch,Noord-Brabant,30,Ziekenhuisopname,0,126
2020-07-08,796,'s-Hertogenbosch,Noord-Brabant,30,Overleden,0,78
2020-07-08,797,Heusden,Noord-Brabant,30,Totaal,0,143
2020-07-08,797,Heusden,Noord-Brabant,30,Ziekenhuisopname,0,44
2020-07-08,797,Heusden,Noord-Brabant,30,Overleden,0,22
2020-07-08,798,Hilvarenbeek,Noord-Brabant,30,Totaal,0,50
2020-07-08,798,Hilvarenbeek,Noord-Brabant,30,Ziekenhuisopname,0,9
2020-07-08,798,Hilvarenbeek,Noord-Brabant,30,Overleden,0,6
2020-07-08,809,Loon op Zand,Noord-Brabant,30,Totaal,0,61
2020-07-08,809,Loon op Zand,Noord-Brabant,30,Ziekenhuisopname,0,24
2020-07-08,809,Loon op Zand,Noord-Brabant,30,Overleden,0,7
2020-07-08,815,Mill en Sint Hubert,Noord-Brabant,30,Totaal,0,40
2020-07-08,815,Mill en Sint Hubert,Noord-Brabant,30,Ziekenhuisopname,0,9
2020-07-08,815,Mill en Sint Hubert,Noord-Brabant,30,Overleden,0,5
2020-07-08,820,"Nuenen, Gerwen en Nederwetten",Noord-Brabant,30,Totaal,0,55
2020-07-08,820,"Nuenen, Gerwen en Nederwetten",Noord-Brabant,30,Ziekenhuisopname,0,18
2020-07-08,820,"Nuenen, Gerwen en Nederwetten",Noord-Brabant,30,Overleden,0,9
2020-07-08,823,Oirschot,Noord-Brabant,30,Totaal,2,67
2020-07-08,823,Oirschot,Noord-Brabant,30,Ziekenhuisopname,0,13
2020-07-08,823,Oirschot,Noord-Brabant,30,Overleden,0,9
2020-07-08,824,Oisterwijk,Noord-Brabant,30,Totaal,0,76
2020-07-08,824,Oisterwijk,Noord-Brabant,30,Ziekenhuisopname,0,23
2020-07-08,824,Oisterwijk,Noord-Brabant,30,Overleden,0,11
2020-07-08,826,Oosterhout,Noord-Brabant,30,Totaal,2,135
2020-07-08,826,Oosterhout,Noord-Brabant,30,Ziekenhuisopname,0,48
2020-07-08,826,Oosterhout,Noord-Brabant,30,Overleden,0,17
2020-07-08,828,Oss,Noord-Brabant,30,Totaal,0,495
2020-07-08,828,Oss,Noord-Brabant,30,Ziekenhuisopname,0,164
2020-07-08,828,Oss,Noord-Brabant,30,Overleden,0,87
2020-07-08,840,Rucphen,Noord-Brabant,30,Totaal,0,69
2020-07-08,840,Rucphen,Noord-Brabant,30,Ziekenhuisopname,0,10
2020-07-08,840,Rucphen,Noord-Brabant,30,Overleden,0,10
2020-07-08,845,Sint-Michielsgestel,Noord-Brabant,30,Totaal,0,121
2020-07-08,845,Sint-Michielsgestel,Noord-Brabant,30,Ziekenhuisopname,0,36
2020-07-08,845,Sint-Michielsgestel,Noord-Brabant,30,Overleden,0,19
2020-07-08,847,Someren,Noord-Brabant,30,Totaal,0,106
2020-07-08,847,Someren,Noord-Brabant,30,Ziekenhuisopname,0,33
2020-07-08,847,Someren,Noord-Brabant,30,Overleden,0,8
2020-07-08,848,Son en Breugel,Noord-Brabant,30,Totaal,0,74
2020-07-08,848,Son en Breugel,Noord-Brabant,30,Ziekenhuisopname,0,31
2020-07-08,848,Son en Breugel,Noord-Brabant,30,Overleden,0,14
2020-07-08,851,Steenbergen,Noord-Brabant,30,Totaal,0,86
2020-07-08,851,Steenbergen,Noord-Brabant,30,Ziekenhuisopname,0,13
2020-07-08,851,Steenbergen,Noord-Brabant,30,Overleden,0,13
2020-07-08,852,Waterland,Noord-Holland,27,Totaal,0,33
2020-07-08,852,Waterland,Noord-Holland,27,Ziekenhuisopname,0,16
2020-07-08,852,Waterland,Noord-Holland,27,Overleden,0,4
2020-07-08,855,Tilburg,Noord-Brabant,30,Totaal,0,827
2020-07-08,855,Tilburg,Noord-Brabant,30,Ziekenhuisopname,0,249
2020-07-08,855,Tilburg,Noord-Brabant,30,Overleden,0,162
2020-07-08,856,Uden,Noord-Brabant,30,Totaal,0,263
2020-07-08,856,Uden,Noord-Brabant,30,Ziekenhuisopname,0,115
2020-07-08,856,Uden,Noord-Brabant,30,Overleden,0,63
2020-07-08,858,Valkenswaard,Noord-Brabant,30,Totaal,0,180
2020-07-08,858,Valkenswaard,Noord-Brabant,30,Ziekenhuisopname,0,19
2020-07-08,858,Valkenswaard,Noord-Brabant,30,Overleden,0,37
2020-07-08,861,Veldhoven,Noord-Brabant,30,Totaal,0,130
2020-07-08,861,Veldhoven,Noord-Brabant,30,Ziekenhuisopname,0,31
2020-07-08,861,Veldhoven,Noord-Brabant,30,Overleden,0,16
2020-07-08,865,Vught,Noord-Brabant,30,Totaal,0,107
2020-07-08,865,Vught,Noord-Brabant,30,Ziekenhuisopname,0,42
2020-07-08,865,Vught,Noord-Brabant,30,Overleden,0,18
2020-07-08,866,Waalre,Noord-Brabant,30,Totaal,0,30
2020-07-08,866,Waalre,Noord-Brabant,30,Ziekenhuisopname,0,7
2020-07-08,866,Waalre,Noord-Brabant,30,Overleden,0,5
2020-07-08,867,Waalwijk,Noord-Brabant,30,Totaal,0,187
2020-07-08,867,Waalwijk,Noord-Brabant,30,Ziekenhuisopname,0,36
2020-07-08,867,Waalwijk,Noord-Brabant,30,Overleden,0,36
2020-07-08,873,Woensdrecht,Noord-Brabant,30,Totaal,0,70
2020-07-08,873,Woensdrecht,Noord-Brabant,30,Ziekenhuisopname,0,5
2020-07-08,873,Woensdrecht,Noord-Brabant,30,Overleden,0,7
2020-07-08,879,Zundert,Noord-Brabant,30,Totaal,0,103
2020-07-08,879,Zundert,Noord-Brabant,30,Ziekenhuisopname,0,24
2020-07-08,879,Zundert,Noord-Brabant,30,Overleden,0,11
2020-07-08,880,Wormerland,Noord-Holland,27,Totaal,0,48
2020-07-08,880,Wormerland,Noord-Holland,27,Ziekenhuisopname,0,20
2020-07-08,880,Wormerland,Noord-Holland,27,Overleden,0,6
2020-07-08,882,Landgraaf,Limburg,31,Totaal,0,144
2020-07-08,882,Landgraaf,Limburg,31,Ziekenhuisopname,0,52
2020-07-08,882,Landgraaf,Limburg,31,Overleden,0,13
2020-07-08,888,Beek,Limburg,31,Totaal,0,44
2020-07-08,888,Beek,Limburg,31,Ziekenhuisopname,0,16
2020-07-08,888,Beek,Limburg,31,Overleden,0,6
2020-07-08,889,Beesel,Limburg,31,Totaal,0,44
2020-07-08,889,Beesel,Limburg,31,Ziekenhuisopname,0,20
2020-07-08,889,Beesel,Limburg,31,Overleden,0,8
2020-07-08,893,Bergen (L.),Limburg,31,Totaal,0,25
2020-07-08,893,Bergen (L.),Limburg,31,Ziekenhuisopname,0,7
2020-07-08,893,Bergen (L.),Limburg,31,Overleden,0,2
2020-07-08,899,Brunssum,Limburg,31,Totaal,0,111
2020-07-08,899,Brunssum,Limburg,31,Ziekenhuisopname,0,44
2020-07-08,899,Brunssum,Limburg,31,Overleden,0,19
2020-07-08,907,Gennep,Limburg,31,Totaal,0,58
2020-07-08,907,Gennep,Limburg,31,Ziekenhuisopname,0,16
2020-07-08,907,Gennep,Limburg,31,Overleden,0,10
2020-07-08,917,Heerlen,Limburg,31,Totaal,0,388
2020-07-08,917,Heerlen,Limburg,31,Ziekenhuisopname,0,125
2020-07-08,917,Heerlen,Limburg,31,Overleden,0,54
2020-07-08,928,Kerkrade,Limburg,31,Totaal,0,208
2020-07-08,928,Kerkrade,Limburg,31,Ziekenhuisopname,0,64
2020-07-08,928,Kerkrade,Limburg,31,Overleden,0,35
2020-07-08,935,Maastricht,Limburg,31,Totaal,1,918
2020-07-08,935,Maastricht,Limburg,31,Ziekenhuisopname,0,187
2020-07-08,935,Maastricht,Limburg,31,Overleden,0,139
2020-07-08,938,Meerssen,Limburg,31,Totaal,0,115
2020-07-08,938,Meerssen,Limburg,31,Ziekenhuisopname,0,22
2020-07-08,938,Meerssen,Limburg,31,Overleden,0,13
2020-07-08,944,Mook en Middelaar,Limburg,31,Totaal,0,39
2020-07-08,944,Mook en Middelaar,Limburg,31,Ziekenhuisopname,0,6
2020-07-08,944,Mook en Middelaar,Limburg,31,Overleden,0,5
2020-07-08,946,Nederweert,Limburg,31,Totaal,0,53
2020-07-08,946,Nederweert,Limburg,31,Ziekenhuisopname,0,31
2020-07-08,946,Nederweert,Limburg,31,Overleden,0,7
2020-07-08,957,Roermond,Limburg,31,Totaal,0,137
2020-07-08,957,Roermond,Limburg,31,Ziekenhuisopname,0,59
2020-07-08,957,Roermond,Limburg,31,Overleden,0,23
2020-07-08,965,Simpelveld,Limburg,31,Totaal,0,47
2020-07-08,965,Simpelveld,Limburg,31,Ziekenhuisopname,0,19
2020-07-08,965,Simpelveld,Limburg,31,Overleden,0,5
2020-07-08,971,Stein,Limburg,31,Totaal,0,120
2020-07-08,971,Stein,Limburg,31,Ziekenhuisopname,0,43
2020-07-08,971,Stein,Limburg,31,Overleden,0,15
2020-07-08,981,Vaals,Limburg,31,Totaal,0,30
2020-07-08,981,Vaals,Limburg,31,Ziekenhuisopname,0,10
2020-07-08,981,Vaals,Limburg,31,Overleden,0,1
2020-07-08,983,Venlo,Limburg,31,Totaal,0,309
2020-07-08,983,Venlo,Limburg,31,Ziekenhuisopname,0,129
2020-07-08,983,Venlo,Limburg,31,Overleden,0,63
2020-07-08,984,Venray,Limburg,31,Totaal,0,126
2020-07-08,984,Venray,Limburg,31,Ziekenhuisopname,0,37
2020-07-08,984,Venray,Limburg,31,Overleden,0,17
2020-07-08,986,Voerendaal,Limburg,31,Totaal,0,47
2020-07-08,986,Voerendaal,Limburg,31,Ziekenhuisopname,0,17
2020-07-08,986,Voerendaal,Limburg,31,Overleden,0,8
2020-07-08,988,Weert,Limburg,31,Totaal,0,141
2020-07-08,988,Weert,Limburg,31,Ziekenhuisopname,0,67
2020-07-08,988,Weert,Limburg,31,Overleden,0,14
2020-07-08,994,Valkenburg aan de Geul,Limburg,31,Totaal,0,87
2020-07-08,994,Valkenburg aan de Geul,Limburg,31,Ziekenhuisopname,0,19
2020-07-08,994,Valkenburg aan de Geul,Limburg,31,Overleden,0,7
2020-07-08,995,Lelystad,Flevoland,24,Totaal,0,193
2020-07-08,995,Lelystad,Flevoland,24,Ziekenhuisopname,0,64
2020-07-08,995,Lelystad,Flevoland,24,Overleden,0,29
2020-07-08,1507,Horst aan de Maas,Limburg,31,Totaal,0,136
2020-07-08,1507,Horst aan de Maas,Limburg,31,Ziekenhuisopname,0,41
2020-07-08,1507,Horst aan de Maas,Limburg,31,Overleden,0,24
2020-07-08,1509,Oude IJsselstreek,Gelderland,25,Totaal,0,78
2020-07-08,1509,Oude IJsselstreek,Gelderland,25,Ziekenhuisopname,0,21
2020-07-08,1509,Oude IJsselstreek,Gelderland,25,Overleden,0,9
2020-07-08,1525,Teylingen,Zuid-Holland,28,Totaal,0,65
2020-07-08,1525,Teylingen,Zuid-Holland,28,Ziekenhuisopname,0,14
2020-07-08,1525,Teylingen,Zuid-Holland,28,Overleden,0,2
2020-07-08,1581,Utrechtse Heuvelrug,Utrecht,26,Totaal,0,125
2020-07-08,1581,Utrechtse Heuvelrug,Utrecht,26,Ziekenhuisopname,0,28
2020-07-08,1581,Utrechtse Heuvelrug,Utrecht,26,Overleden,0,14
2020-07-08,1586,Oost Gelre,Gelderland,25,Totaal,0,78
2020-07-08,1586,Oost Gelre,Gelderland,25,Ziekenhuisopname,0,18
2020-07-08,1586,Oost Gelre,Gelderland,25,Overleden,0,6
2020-07-08,1598,Koggenland,Noord-Holland,27,Totaal,0,36
2020-07-08,1598,Koggenland,Noord-Holland,27,Ziekenhuisopname,0,6
2020-07-08,1598,Koggenland,Noord-Holland,27,Overleden,0,6
2020-07-08,1621,Lansingerland,Zuid-Holland,28,Totaal,0,191
2020-07-08,1621,Lansingerland,Zuid-Holland,28,Ziekenhuisopname,0,42
2020-07-08,1621,Lansingerland,Zuid-Holland,28,Overleden,0,25
2020-07-08,1640,Leudal,Limburg,31,Totaal,0,190
2020-07-08,1640,Leudal,Limburg,31,Ziekenhuisopname,0,52
2020-07-08,1640,Leudal,Limburg,31,Overleden,0,32
2020-07-08,1641,Maasgouw,Limburg,31,Totaal,0,107
2020-07-08,1641,Maasgouw,Limburg,31,Ziekenhuisopname,0,27
2020-07-08,1641,Maasgouw,Limburg,31,Overleden,0,14
2020-07-08,1652,Gemert-Bakel,Noord-Brabant,30,Totaal,0,208
2020-07-08,1652,Gemert-Bakel,Noord-Brabant,30,Ziekenhuisopname,0,79
2020-07-08,1652,Gemert-Bakel,Noord-Brabant,30,Overleden,0,32
2020-07-08,1655,Halderberge,Noord-Brabant,30,Totaal,0,58
2020-07-08,1655,Halderberge,Noord-Brabant,30,Ziekenhuisopname,0,14
2020-07-08,1655,Halderberge,Noord-Brabant,30,Overleden,0,7
2020-07-08,1658,Heeze-Leende,Noord-Brabant,30,Totaal,0,70
2020-07-08,1658,Heeze-Leende,Noord-Brabant,30,Ziekenhuisopname,0,16
2020-07-08,1658,Heeze-Leende,Noord-Brabant,30,Overleden,0,8
2020-07-08,1659,Laarbeek,Noord-Brabant,30,Totaal,0,125
2020-07-08,1659,Laarbeek,Noord-Brabant,30,Ziekenhuisopname,0,41
2020-07-08,1659,Laarbeek,Noord-Brabant,30,Overleden,0,26
2020-07-08,1667,Reusel-De Mierden,Noord-Brabant,30,Totaal,0,24
2020-07-08,1667,Reusel-De Mierden,Noord-Brabant,30,Ziekenhuisopname,0,11
2020-07-08,1667,Reusel-De Mierden,Noord-Brabant,30,Overleden,0,2
2020-07-08,1669,Roerdalen,Limburg,31,Totaal,0,49
2020-07-08,1669,Roerdalen,Limburg,31,Ziekenhuisopname,0,27
2020-07-08,1669,Roerdalen,Limburg,31,Overleden,0,8
2020-07-08,1674,Roosendaal,Noord-Brabant,30,Totaal,0,224
2020-07-08,1674,Roosendaal,Noord-Brabant,30,Ziekenhuisopname,0,28
2020-07-08,1674,Roosendaal,Noord-Brabant,30,Overleden,0,21
2020-07-08,1676,Schouwen-Duiveland,Zeeland,29,Totaal,0,94
2020-07-08,1676,Schouwen-Duiveland,Zeeland,29,Ziekenhuisopname,0,11
2020-07-08,1676,Schouwen-Duiveland,Zeeland,29,Overleden,0,9
2020-07-08,1680,Aa en Hunze,Drenthe,22,Totaal,0,14
2020-07-08,1680,Aa en Hunze,Drenthe,22,Ziekenhuisopname,0,1
2020-07-08,1680,Aa en Hunze,Drenthe,22,Overleden,0,0
2020-07-08,1681,Borger-Odoorn,Drenthe,22,Totaal,0,10
2020-07-08,1681,Borger-Odoorn,Drenthe,22,Ziekenhuisopname,0,4
2020-07-08,1681,Borger-Odoorn,Drenthe,22,Overleden,0,3
2020-07-08,1684,Cuijk,Noord-Brabant,30,Totaal,0,79
2020-07-08,1684,Cuijk,Noord-Brabant,30,Ziekenhuisopname,0,12
2020-07-08,1684,Cuijk,Noord-Brabant,30,Overleden,0,10
2020-07-08,1685,Landerd,Noord-Brabant,30,Totaal,0,147
2020-07-08,1685,Landerd,Noord-Brabant,30,Ziekenhuisopname,0,39
2020-07-08,1685,Landerd,Noord-Brabant,30,Overleden,0,21
2020-07-08,1690,De Wolden,Drenthe,22,Totaal,0,48
2020-07-08,1690,De Wolden,Drenthe,22,Ziekenhuisopname,0,11
2020-07-08,1690,De Wolden,Drenthe,22,Overleden,0,5
2020-07-08,1695,Noord-Beveland,Zeeland,29,Totaal,0,10
2020-07-08,1695,Noord-Beveland,Zeeland,29,Ziekenhuisopname,0,1
2020-07-08,1695,Noord-Beveland,Zeeland,29,Overleden,0,0
2020-07-08,1696,Wijdemeren,Noord-Holland,27,Totaal,0,33
2020-07-08,1696,Wijdemeren,Noord-Holland,27,Ziekenhuisopname,0,8
2020-07-08,1696,Wijdemeren,Noord-Holland,27,Overleden,0,0
2020-07-08,1699,Noordenveld,Drenthe,22,Totaal,0,21
2020-07-08,1699,Noordenveld,Drenthe,22,Ziekenhuisopname,0,4
2020-07-08,1699,Noordenveld,Drenthe,22,Overleden,0,1
2020-07-08,1700,Twenterand,Overijssel,23,Totaal,0,61
2020-07-08,1700,Twenterand,Overijssel,23,Ziekenhuisopname,0,12
2020-07-08,1700,Twenterand,Overijssel,23,Overleden,0,2
2020-07-08,1701,Westerveld,Drenthe,22,Totaal,0,33
2020-07-08,1701,Westerveld,Drenthe,22,Ziekenhuisopname,0,9
2020-07-08,1701,Westerveld,Drenthe,22,Overleden,0,4
2020-07-08,1702,Sint Anthonis,Noord-Brabant,30,Totaal,0,71
2020-07-08,1702,Sint Anthonis,Noord-Brabant,30,Ziekenhuisopname,0,20
2020-07-08,1702,Sint Anthonis,Noord-Brabant,30,Overleden,0,11
2020-07-08,1705,Lingewaard,Gelderland,25,Totaal,0,130
2020-07-08,1705,Lingewaard,Gelderland,25,Ziekenhuisopname,0,31
2020-07-08,1705,Lingewaard,Gelderland,25,Overleden,0,10
2020-07-08,1706,Cranendonck,Noord-Brabant,30,Totaal,0,173
2020-07-08,1706,Cranendonck,Noord-Brabant,30,Ziekenhuisopname,0,63
2020-07-08,1706,Cranendonck,Noord-Brabant,30,Overleden,0,36
2020-07-08,1708,Steenwijkerland,Overijssel,23,Totaal,0,87
2020-07-08,1708,Steenwijkerland,Overijssel,23,Ziekenhuisopname,0,14
2020-07-08,1708,Steenwijkerland,Overijssel,23,Overleden,0,5
2020-07-08,1709,Moerdijk,Noord-Brabant,30,Totaal,0,83
2020-07-08,1709,Moerdijk,Noord-Brabant,30,Ziekenhuisopname,0,14
2020-07-08,1709,Moerdijk,Noord-Brabant,30,Overleden,0,8
2020-07-08,1711,Echt-Susteren,Limburg,31,Totaal,0,93
2020-07-08,1711,Echt-Susteren,Limburg,31,Ziekenhuisopname,0,39
2020-07-08,1711,Echt-Susteren,Limburg,31,Overleden,0,16
2020-07-08,1714,Sluis,Zeeland,29,Totaal,0,17
2020-07-08,1714,Sluis,Zeeland,29,Ziekenhuisopname,0,8
2020-07-08,1714,Sluis,Zeeland,29,Overleden,0,4
2020-07-08,1719,Drimmelen,Noord-Brabant,30,Totaal,0,67
2020-07-08,1719,Drimmelen,Noord-Brabant,30,Ziekenhuisopname,0,18
2020-07-08,1719,Drimmelen,Noord-Brabant,30,Overleden,0,8
2020-07-08,1721,Bernheze,Noord-Brabant,30,Totaal,0,282
2020-07-08,1721,Bernheze,Noord-Brabant,30,Ziekenhuisopname,0,96
2020-07-08,1721,Bernheze,Noord-Brabant,30,Overleden,0,65
2020-07-08,1723,Alphen-Chaam,Noord-Brabant,30,Totaal,0,47
2020-07-08,1723,Alphen-Chaam,Noord-Brabant,30,Ziekenhuisopname,0,18
2020-07-08,1723,Alphen-Chaam,Noord-Brabant,30,Overleden,0,5
2020-07-08,1724,Bergeijk,Noord-Brabant,30,Totaal,0,58
2020-07-08,1724,Bergeijk,Noord-Brabant,30,Ziekenhuisopname,0,19
2020-07-08,1724,Bergeijk,Noord-Brabant,30,Overleden,0,5
2020-07-08,1728,Bladel,Noord-Brabant,30,Totaal,0,78
2020-07-08,1728,Bladel,Noord-Brabant,30,Ziekenhuisopname,0,21
2020-07-08,1728,Bladel,Noord-Brabant,30,Overleden,0,8
2020-07-08,1729,Gulpen-Wittem,Limburg,31,Totaal,0,79
2020-07-08,1729,Gulpen-Wittem,Limburg,31,Ziekenhuisopname,0,21
2020-07-08,1729,Gulpen-Wittem,Limburg,31,Overleden,0,14
2020-07-08,1730,Tynaarlo,Drenthe,22,Totaal,0,40
2020-07-08,1730,Tynaarlo,Drenthe,22,Ziekenhuisopname,0,9
2020-07-08,1730,Tynaarlo,Drenthe,22,Overleden,0,0
2020-07-08,1731,Midden-Drenthe,Drenthe,22,Totaal,0,22
2020-07-08,1731,Midden-Drenthe,Drenthe,22,Ziekenhuisopname,0,6
2020-07-08,1731,Midden-Drenthe,Drenthe,22,Overleden,0,0
2020-07-08,1734,Overbetuwe,Gelderland,25,Totaal,0,136
2020-07-08,1734,Overbetuwe,Gelderland,25,Ziekenhuisopname,0,57
2020-07-08,1734,Overbetuwe,Gelderland,25,Overleden,0,16
2020-07-08,1735,Hof van Twente,Overijssel,23,Totaal,0,63
2020-07-08,1735,Hof van Twente,Overijssel,23,Ziekenhuisopname,0,15
2020-07-08,1735,Hof van Twente,Overijssel,23,Overleden,0,5
2020-07-08,1740,Neder-Betuwe,Gelderland,25,Totaal,0,145
2020-07-08,1740,Neder-Betuwe,Gelderland,25,Ziekenhuisopname,0,37
2020-07-08,1740,Neder-Betuwe,Gelderland,25,Overleden,0,21
2020-07-08,1742,Rijssen-Holten,Overijssel,23,Totaal,0,205
2020-07-08,1742,Rijssen-Holten,Overijssel,23,Ziekenhuisopname,0,30
2020-07-08,1742,Rijssen-Holten,Overijssel,23,Overleden,0,23
2020-07-08,1771,Geldrop-Mierlo,Noord-Brabant,30,Totaal,0,110
2020-07-08,1771,Geldrop-Mierlo,Noord-Brabant,30,Ziekenhuisopname,0,33
2020-07-08,1771,Geldrop-Mierlo,Noord-Brabant,30,Overleden,0,16
2020-07-08,1773,Olst-Wijhe,Overijssel,23,Totaal,0,51
2020-07-08,1773,Olst-Wijhe,Overijssel,23,Ziekenhuisopname,0,12
2020-07-08,1773,Olst-Wijhe,Overijssel,23,Overleden,0,8
2020-07-08,1774,Dinkelland,Overijssel,23,Totaal,0,73
2020-07-08,1774,Dinkelland,Overijssel,23,Ziekenhuisopname,0,20
2020-07-08,1774,Dinkelland,Overijssel,23,Overleden,0,10
2020-07-08,1783,Westland,Zuid-Holland,28,Totaal,0,286
2020-07-08,1783,Westland,Zuid-Holland,28,Ziekenhuisopname,0,57
2020-07-08,1783,Westland,Zuid-Holland,28,Overleden,0,30
2020-07-08,1842,Midden-Delfland,Zuid-Holland,28,Totaal,0,29
2020-07-08,1842,Midden-Delfland,Zuid-Holland,28,Ziekenhuisopname,0,4
2020-07-08,1842,Midden-Delfland,Zuid-Holland,28,Overleden,0,0
2020-07-08,1859,Berkelland,Gelderland,25,Totaal,0,97
2020-07-08,1859,Berkelland,Gelderland,25,Ziekenhuisopname,0,13
2020-07-08,1859,Berkelland,Gelderland,25,Overleden,0,7
2020-07-08,1876,Bronckhorst,Gelderland,25,Totaal,0,74
2020-07-08,1876,Bronckhorst,Gelderland,25,Ziekenhuisopname,0,17
2020-07-08,1876,Bronckhorst,Gelderland,25,Overleden,0,7
2020-07-08,1883,Sittard-Geleen,Limburg,31,Totaal,0,413
2020-07-08,1883,Sittard-Geleen,Limburg,31,Ziekenhuisopname,0,115
2020-07-08,1883,Sittard-Geleen,Limburg,31,Overleden,0,63
2020-07-08,1884,Kaag en Braassem,Zuid-Holland,28,Totaal,0,31
2020-07-08,1884,Kaag en Braassem,Zuid-Holland,28,Ziekenhuisopname,0,6
2020-07-08,1884,Kaag en Braassem,Zuid-Holland,28,Overleden,0,2
2020-07-08,1891,Dantumadiel,Friesland,21,Totaal,0,5
2020-07-08,1891,Dantumadiel,Friesland,21,Ziekenhuisopname,0,2
2020-07-08,1891,Dantumadiel,Friesland,21,Overleden,0,0
2020-07-08,1892,Zuidplas,Zuid-Holland,28,Totaal,0,151
2020-07-08,1892,Zuidplas,Zuid-Holland,28,Ziekenhuisopname,0,24
2020-07-08,1892,Zuidplas,Zuid-Holland,28,Overleden,0,21
2020-07-08,1894,Peel en Maas,Limburg,31,Totaal,0,277
2020-07-08,1894,Peel en Maas,Limburg,31,Ziekenhuisopname,0,144
2020-07-08,1894,Peel en Maas,Limburg,31,Overleden,0,64
2020-07-08,1895,Oldambt,Groningen,20,Totaal,0,13
2020-07-08,1895,Oldambt,Groningen,20,Ziekenhuisopname,0,7
2020-07-08,1895,Oldambt,Groningen,20,Overleden,0,2
2020-07-08,1896,Zwartewaterland,Overijssel,23,Totaal,0,146
2020-07-08,1896,Zwartewaterland,Overijssel,23,Ziekenhuisopname,0,35
2020-07-08,1896,Zwartewaterland,Overijssel,23,Overleden,0,19
2020-07-08,1900,Sdwest-Frysln,Friesland,21,Totaal,0,106
2020-07-08,1900,Sdwest-Frysln,Friesland,21,Ziekenhuisopname,0,18
2020-07-08,1900,Sdwest-Frysln,Friesland,21,Overleden,0,6
2020-07-08,1901,Bodegraven-Reeuwijk,Zuid-Holland,28,Totaal,0,63
2020-07-08,1901,Bodegraven-Reeuwijk,Zuid-Holland,28,Ziekenhuisopname,0,7
2020-07-08,1901,Bodegraven-Reeuwijk,Zuid-Holland,28,Overleden,0,1
2020-07-08,1903,Eijsden-Margraten,Limburg,31,Totaal,0,172
2020-07-08,1903,Eijsden-Margraten,Limburg,31,Ziekenhuisopname,0,54
2020-07-08,1903,Eijsden-Margraten,Limburg,31,Overleden,0,27
2020-07-08,1904,Stichtse Vecht,Utrecht,26,Totaal,0,129
2020-07-08,1904,Stichtse Vecht,Utrecht,26,Ziekenhuisopname,0,34
2020-07-08,1904,Stichtse Vecht,Utrecht,26,Overleden,0,13
2020-07-08,1911,Hollands Kroon,Noord-Holland,27,Totaal,1,63
2020-07-08,1911,Hollands Kroon,Noord-Holland,27,Ziekenhuisopname,0,26
2020-07-08,1911,Hollands Kroon,Noord-Holland,27,Overleden,0,6
2020-07-08,1916,Leidschendam-Voorburg,Zuid-Holland,28,Totaal,3,150
2020-07-08,1916,Leidschendam-Voorburg,Zuid-Holland,28,Ziekenhuisopname,0,20
2020-07-08,1916,Leidschendam-Voorburg,Zuid-Holland,28,Overleden,0,15
2020-07-08,1924,Goeree-Overflakkee,Zuid-Holland,28,Totaal,0,263
2020-07-08,1924,Goeree-Overflakkee,Zuid-Holland,28,Ziekenhuisopname,0,54
2020-07-08,1924,Goeree-Overflakkee,Zuid-Holland,28,Overleden,0,34
2020-07-08,1926,Pijnacker-Nootdorp,Zuid-Holland,28,Totaal,2,134
2020-07-08,1926,Pijnacker-Nootdorp,Zuid-Holland,28,Ziekenhuisopname,0,24
2020-07-08,1926,Pijnacker-Nootdorp,Zuid-Holland,28,Overleden,0,16
2020-07-08,1930,Nissewaard,Zuid-Holland,28,Totaal,1,197
2020-07-08,1930,Nissewaard,Zuid-Holland,28,Ziekenhuisopname,0,55
2020-07-08,1930,Nissewaard,Zuid-Holland,28,Overleden,0,17
2020-07-08,1931,Krimpenerwaard,Zuid-Holland,28,Totaal,0,194
2020-07-08,1931,Krimpenerwaard,Zuid-Holland,28,Ziekenhuisopname,0,45
2020-07-08,1931,Krimpenerwaard,Zuid-Holland,28,Overleden,0,34
2020-07-08,1940,De Fryske Marren,Friesland,21,Totaal,0,71
2020-07-08,1940,De Fryske Marren,Friesland,21,Ziekenhuisopname,0,16
2020-07-08,1940,De Fryske Marren,Friesland,21,Overleden,0,6
2020-07-08,1942,Gooise Meren,Noord-Holland,27,Totaal,0,119
2020-07-08,1942,Gooise Meren,Noord-Holland,27,Ziekenhuisopname,0,23
2020-07-08,1942,Gooise Meren,Noord-Holland,27,Overleden,0,9
2020-07-08,1945,Berg en Dal,Gelderland,25,Totaal,1,181
2020-07-08,1945,Berg en Dal,Gelderland,25,Ziekenhuisopname,0,29
2020-07-08,1945,Berg en Dal,Gelderland,25,Overleden,0,16
2020-07-08,1948,Meierijstad,Noord-Brabant,30,Totaal,0,556
2020-07-08,1948,Meierijstad,Noord-Brabant,30,Ziekenhuisopname,0,211
2020-07-08,1948,Meierijstad,Noord-Brabant,30,Overleden,0,131
2020-07-08,1949,Waadhoeke,Friesland,21,Totaal,0,101
2020-07-08,1949,Waadhoeke,Friesland,21,Ziekenhuisopname,0,12
2020-07-08,1949,Waadhoeke,Friesland,21,Overleden,0,15
2020-07-08,1950,Westerwolde,Groningen,20,Totaal,0,6
2020-07-08,1950,Westerwolde,Groningen,20,Ziekenhuisopname,0,5
2020-07-08,1950,Westerwolde,Groningen,20,Overleden,0,0
2020-07-08,1952,Midden-Groningen,Groningen,20,Totaal,0,32
2020-07-08,1952,Midden-Groningen,Groningen,20,Ziekenhuisopname,0,6
2020-07-08,1952,Midden-Groningen,Groningen,20,Overleden,0,3
2020-07-08,1954,Beekdaelen,Limburg,31,Totaal,0,172
2020-07-08,1954,Beekdaelen,Limburg,31,Ziekenhuisopname,0,52
2020-07-08,1954,Beekdaelen,Limburg,31,Overleden,0,23
2020-07-08,1955,Montferland,Gelderland,25,Totaal,0,103
2020-07-08,1955,Montferland,Gelderland,25,Ziekenhuisopname,0,21
2020-07-08,1955,Montferland,Gelderland,25,Overleden,0,9
2020-07-08,1959,Altena,Noord-Brabant,30,Totaal,0,133
2020-07-08,1959,Altena,Noord-Brabant,30,Ziekenhuisopname,0,32
2020-07-08,1959,Altena,Noord-Brabant,30,Overleden,0,11
2020-07-08,1960,West Betuwe,Gelderland,25,Totaal,0,213
2020-07-08,1960,West Betuwe,Gelderland,25,Ziekenhuisopname,0,43
2020-07-08,1960,West Betuwe,Gelderland,25,Overleden,0,27
2020-07-08,1961,Vijfheerenlanden,Utrecht,26,Totaal,0,273
2020-07-08,1961,Vijfheerenlanden,Utrecht,26,Ziekenhuisopname,0,34
2020-07-08,1961,Vijfheerenlanden,Utrecht,26,Overleden,0,37
2020-07-08,1963,Hoeksche Waard,Zuid-Holland,28,Totaal,0,311
2020-07-08,1963,Hoeksche Waard,Zuid-Holland,28,Ziekenhuisopname,0,76
2020-07-08,1963,Hoeksche Waard,Zuid-Holland,28,Overleden,0,20
2020-07-08,1966,Het Hogeland,Groningen,20,Totaal,0,34
2020-07-08,1966,Het Hogeland,Groningen,20,Ziekenhuisopname,0,7
2020-07-08,1966,Het Hogeland,Groningen,20,Overleden,0,3
2020-07-08,1969,Westerkwartier,Groningen,20,Totaal,0,58
2020-07-08,1969,Westerkwartier,Groningen,20,Ziekenhuisopname,0,14
2020-07-08,1969,Westerkwartier,Groningen,20,Overleden,0,4
2020-07-08,1970,Noardeast-Frysln,Friesland,21,Totaal,0,29
2020-07-08,1970,Noardeast-Frysln,Friesland,21,Ziekenhuisopname,0,6
2020-07-08,1970,Noardeast-Frysln,Friesland,21,Overleden,0,4
2020-07-08,1978,Molenlanden,Zuid-Holland,28,Totaal,0,122
2020-07-08,1978,Molenlanden,Zuid-Holland,28,Ziekenhuisopname,0,18
2020-07-08,1978,Molenlanden,Zuid-Holland,28,Overleden,0,8
