Datum,Gemeentecode,Gemeentenaam,Provincienaam,Provinciecode,Type,Aantal,AantalCumulatief
2020-04-16,-1,,,-1,Totaal,6,431
2020-04-16,-1,,,-1,Ziekenhuisopname,3,76
2020-04-16,-1,,,-1,Overleden,,
2020-04-16,3,Appingedam,Groningen,20,Totaal,0,2
2020-04-16,3,Appingedam,Groningen,20,Ziekenhuisopname,0,2
2020-04-16,3,Appingedam,Groningen,20,Overleden,,
2020-04-16,10,Delfzijl,Groningen,20,Totaal,1,14
2020-04-16,10,Delfzijl,Groningen,20,Ziekenhuisopname,0,5
2020-04-16,10,Delfzijl,Groningen,20,Overleden,,
2020-04-16,14,Groningen,Groningen,20,Totaal,3,141
2020-04-16,14,Groningen,Groningen,20,Ziekenhuisopname,0,16
2020-04-16,14,Groningen,Groningen,20,Overleden,,
2020-04-16,24,Loppersum,Groningen,20,Totaal,0,2
2020-04-16,24,Loppersum,Groningen,20,Ziekenhuisopname,0,0
2020-04-16,24,Loppersum,Groningen,20,Overleden,,
2020-04-16,34,Almere,Flevoland,24,Totaal,11,192
2020-04-16,34,Almere,Flevoland,24,Ziekenhuisopname,1,99
2020-04-16,34,Almere,Flevoland,24,Overleden,,
2020-04-16,37,Stadskanaal,Groningen,20,Totaal,0,4
2020-04-16,37,Stadskanaal,Groningen,20,Ziekenhuisopname,0,2
2020-04-16,37,Stadskanaal,Groningen,20,Overleden,,
2020-04-16,47,Veendam,Groningen,20,Totaal,0,8
2020-04-16,47,Veendam,Groningen,20,Ziekenhuisopname,0,2
2020-04-16,47,Veendam,Groningen,20,Overleden,,
2020-04-16,50,Zeewolde,Flevoland,24,Totaal,3,23
2020-04-16,50,Zeewolde,Flevoland,24,Ziekenhuisopname,0,8
2020-04-16,50,Zeewolde,Flevoland,24,Overleden,,
2020-04-16,59,Achtkarspelen,Friesland,21,Totaal,2,7
2020-04-16,59,Achtkarspelen,Friesland,21,Ziekenhuisopname,0,0
2020-04-16,59,Achtkarspelen,Friesland,21,Overleden,,
2020-04-16,60,Ameland,Friesland,21,Totaal,0,0
2020-04-16,60,Ameland,Friesland,21,Ziekenhuisopname,0,0
2020-04-16,60,Ameland,Friesland,21,Overleden,,
2020-04-16,72,Harlingen,Friesland,21,Totaal,1,12
2020-04-16,72,Harlingen,Friesland,21,Ziekenhuisopname,0,3
2020-04-16,72,Harlingen,Friesland,21,Overleden,,
2020-04-16,74,Heerenveen,Friesland,21,Totaal,5,67
2020-04-16,74,Heerenveen,Friesland,21,Ziekenhuisopname,0,12
2020-04-16,74,Heerenveen,Friesland,21,Overleden,,
2020-04-16,80,Leeuwarden,Friesland,21,Totaal,0,48
2020-04-16,80,Leeuwarden,Friesland,21,Ziekenhuisopname,1,32
2020-04-16,80,Leeuwarden,Friesland,21,Overleden,,
2020-04-16,85,Ooststellingwerf,Friesland,21,Totaal,0,2
2020-04-16,85,Ooststellingwerf,Friesland,21,Ziekenhuisopname,0,1
2020-04-16,85,Ooststellingwerf,Friesland,21,Overleden,,
2020-04-16,86,Opsterland,Friesland,21,Totaal,1,19
2020-04-16,86,Opsterland,Friesland,21,Ziekenhuisopname,0,5
2020-04-16,86,Opsterland,Friesland,21,Overleden,,
2020-04-16,88,Schiermonnikoog,Friesland,21,Totaal,0,0
2020-04-16,88,Schiermonnikoog,Friesland,21,Ziekenhuisopname,0,0
2020-04-16,88,Schiermonnikoog,Friesland,21,Overleden,,
2020-04-16,90,Smallingerland,Friesland,21,Totaal,6,33
2020-04-16,90,Smallingerland,Friesland,21,Ziekenhuisopname,0,7
2020-04-16,90,Smallingerland,Friesland,21,Overleden,,
2020-04-16,93,Terschelling,Friesland,21,Totaal,1,2
2020-04-16,93,Terschelling,Friesland,21,Ziekenhuisopname,0,0
2020-04-16,93,Terschelling,Friesland,21,Overleden,,
2020-04-16,96,Vlieland,Friesland,21,Totaal,0,0
2020-04-16,96,Vlieland,Friesland,21,Ziekenhuisopname,0,0
2020-04-16,96,Vlieland,Friesland,21,Overleden,,
2020-04-16,98,Weststellingwerf,Friesland,21,Totaal,3,16
2020-04-16,98,Weststellingwerf,Friesland,21,Ziekenhuisopname,0,2
2020-04-16,98,Weststellingwerf,Friesland,21,Overleden,,
2020-04-16,106,Assen,Drenthe,22,Totaal,2,31
2020-04-16,106,Assen,Drenthe,22,Ziekenhuisopname,0,10
2020-04-16,106,Assen,Drenthe,22,Overleden,,
2020-04-16,109,Coevorden,Drenthe,22,Totaal,1,42
2020-04-16,109,Coevorden,Drenthe,22,Ziekenhuisopname,2,11
2020-04-16,109,Coevorden,Drenthe,22,Overleden,,
2020-04-16,114,Emmen,Drenthe,22,Totaal,1,61
2020-04-16,114,Emmen,Drenthe,22,Ziekenhuisopname,0,14
2020-04-16,114,Emmen,Drenthe,22,Overleden,,
2020-04-16,118,Hoogeveen,Drenthe,22,Totaal,2,44
2020-04-16,118,Hoogeveen,Drenthe,22,Ziekenhuisopname,1,12
2020-04-16,118,Hoogeveen,Drenthe,22,Overleden,,
2020-04-16,119,Meppel,Drenthe,22,Totaal,0,25
2020-04-16,119,Meppel,Drenthe,22,Ziekenhuisopname,1,6
2020-04-16,119,Meppel,Drenthe,22,Overleden,,
2020-04-16,141,Almelo,Overijssel,23,Totaal,1,70
2020-04-16,141,Almelo,Overijssel,23,Ziekenhuisopname,0,18
2020-04-16,141,Almelo,Overijssel,23,Overleden,,
2020-04-16,147,Borne,Overijssel,23,Totaal,0,42
2020-04-16,147,Borne,Overijssel,23,Ziekenhuisopname,0,13
2020-04-16,147,Borne,Overijssel,23,Overleden,,
2020-04-16,148,Dalfsen,Overijssel,23,Totaal,2,56
2020-04-16,148,Dalfsen,Overijssel,23,Ziekenhuisopname,0,15
2020-04-16,148,Dalfsen,Overijssel,23,Overleden,,
2020-04-16,150,Deventer,Overijssel,23,Totaal,5,124
2020-04-16,150,Deventer,Overijssel,23,Ziekenhuisopname,1,39
2020-04-16,150,Deventer,Overijssel,23,Overleden,,
2020-04-16,153,Enschede,Overijssel,23,Totaal,4,145
2020-04-16,153,Enschede,Overijssel,23,Ziekenhuisopname,0,47
2020-04-16,153,Enschede,Overijssel,23,Overleden,,
2020-04-16,158,Haaksbergen,Overijssel,23,Totaal,3,45
2020-04-16,158,Haaksbergen,Overijssel,23,Ziekenhuisopname,0,14
2020-04-16,158,Haaksbergen,Overijssel,23,Overleden,,
2020-04-16,160,Hardenberg,Overijssel,23,Totaal,4,132
2020-04-16,160,Hardenberg,Overijssel,23,Ziekenhuisopname,0,21
2020-04-16,160,Hardenberg,Overijssel,23,Overleden,,
2020-04-16,163,Hellendoorn,Overijssel,23,Totaal,0,42
2020-04-16,163,Hellendoorn,Overijssel,23,Ziekenhuisopname,0,7
2020-04-16,163,Hellendoorn,Overijssel,23,Overleden,,
2020-04-16,164,Hengelo,Overijssel,23,Totaal,3,104
2020-04-16,164,Hengelo,Overijssel,23,Ziekenhuisopname,1,17
2020-04-16,164,Hengelo,Overijssel,23,Overleden,,
2020-04-16,166,Kampen,Overijssel,23,Totaal,15,246
2020-04-16,166,Kampen,Overijssel,23,Ziekenhuisopname,1,53
2020-04-16,166,Kampen,Overijssel,23,Overleden,,
2020-04-16,168,Losser,Overijssel,23,Totaal,2,18
2020-04-16,168,Losser,Overijssel,23,Ziekenhuisopname,1,7
2020-04-16,168,Losser,Overijssel,23,Overleden,,
2020-04-16,171,Noordoostpolder,Flevoland,24,Totaal,1,37
2020-04-16,171,Noordoostpolder,Flevoland,24,Ziekenhuisopname,0,10
2020-04-16,171,Noordoostpolder,Flevoland,24,Overleden,,
2020-04-16,173,Oldenzaal,Overijssel,23,Totaal,2,42
2020-04-16,173,Oldenzaal,Overijssel,23,Ziekenhuisopname,0,14
2020-04-16,173,Oldenzaal,Overijssel,23,Overleden,,
2020-04-16,175,Ommen,Overijssel,23,Totaal,4,38
2020-04-16,175,Ommen,Overijssel,23,Ziekenhuisopname,0,8
2020-04-16,175,Ommen,Overijssel,23,Overleden,,
2020-04-16,177,Raalte,Overijssel,23,Totaal,6,68
2020-04-16,177,Raalte,Overijssel,23,Ziekenhuisopname,1,22
2020-04-16,177,Raalte,Overijssel,23,Overleden,,
2020-04-16,180,Staphorst,Overijssel,23,Totaal,2,44
2020-04-16,180,Staphorst,Overijssel,23,Ziekenhuisopname,0,7
2020-04-16,180,Staphorst,Overijssel,23,Overleden,,
2020-04-16,183,Tubbergen,Overijssel,23,Totaal,3,67
2020-04-16,183,Tubbergen,Overijssel,23,Ziekenhuisopname,0,10
2020-04-16,183,Tubbergen,Overijssel,23,Overleden,,
2020-04-16,184,Urk,Flevoland,24,Totaal,0,44
2020-04-16,184,Urk,Flevoland,24,Ziekenhuisopname,0,19
2020-04-16,184,Urk,Flevoland,24,Overleden,,
2020-04-16,189,Wierden,Overijssel,23,Totaal,2,34
2020-04-16,189,Wierden,Overijssel,23,Ziekenhuisopname,0,4
2020-04-16,189,Wierden,Overijssel,23,Overleden,,
2020-04-16,193,Zwolle,Overijssel,23,Totaal,16,250
2020-04-16,193,Zwolle,Overijssel,23,Ziekenhuisopname,0,50
2020-04-16,193,Zwolle,Overijssel,23,Overleden,,
2020-04-16,197,Aalten,Gelderland,25,Totaal,1,30
2020-04-16,197,Aalten,Gelderland,25,Ziekenhuisopname,0,2
2020-04-16,197,Aalten,Gelderland,25,Overleden,,
2020-04-16,200,Apeldoorn,Gelderland,25,Totaal,7,197
2020-04-16,200,Apeldoorn,Gelderland,25,Ziekenhuisopname,3,41
2020-04-16,200,Apeldoorn,Gelderland,25,Overleden,,
2020-04-16,202,Arnhem,Gelderland,25,Totaal,6,184
2020-04-16,202,Arnhem,Gelderland,25,Ziekenhuisopname,0,54
2020-04-16,202,Arnhem,Gelderland,25,Overleden,,
2020-04-16,203,Barneveld,Gelderland,25,Totaal,5,83
2020-04-16,203,Barneveld,Gelderland,25,Ziekenhuisopname,0,12
2020-04-16,203,Barneveld,Gelderland,25,Overleden,,
2020-04-16,209,Beuningen,Gelderland,25,Totaal,0,42
2020-04-16,209,Beuningen,Gelderland,25,Ziekenhuisopname,0,18
2020-04-16,209,Beuningen,Gelderland,25,Overleden,,
2020-04-16,213,Brummen,Gelderland,25,Totaal,1,27
2020-04-16,213,Brummen,Gelderland,25,Ziekenhuisopname,1,11
2020-04-16,213,Brummen,Gelderland,25,Overleden,,
2020-04-16,214,Buren,Gelderland,25,Totaal,0,26
2020-04-16,214,Buren,Gelderland,25,Ziekenhuisopname,0,9
2020-04-16,214,Buren,Gelderland,25,Overleden,,
2020-04-16,216,Culemborg,Gelderland,25,Totaal,0,41
2020-04-16,216,Culemborg,Gelderland,25,Ziekenhuisopname,0,20
2020-04-16,216,Culemborg,Gelderland,25,Overleden,,
2020-04-16,221,Doesburg,Gelderland,25,Totaal,2,19
2020-04-16,221,Doesburg,Gelderland,25,Ziekenhuisopname,0,5
2020-04-16,221,Doesburg,Gelderland,25,Overleden,,
2020-04-16,222,Doetinchem,Gelderland,25,Totaal,3,62
2020-04-16,222,Doetinchem,Gelderland,25,Ziekenhuisopname,0,11
2020-04-16,222,Doetinchem,Gelderland,25,Overleden,,
2020-04-16,225,Druten,Gelderland,25,Totaal,3,84
2020-04-16,225,Druten,Gelderland,25,Ziekenhuisopname,1,20
2020-04-16,225,Druten,Gelderland,25,Overleden,,
2020-04-16,226,Duiven,Gelderland,25,Totaal,3,32
2020-04-16,226,Duiven,Gelderland,25,Ziekenhuisopname,0,10
2020-04-16,226,Duiven,Gelderland,25,Overleden,,
2020-04-16,228,Ede,Gelderland,25,Totaal,5,138
2020-04-16,228,Ede,Gelderland,25,Ziekenhuisopname,1,50
2020-04-16,228,Ede,Gelderland,25,Overleden,,
2020-04-16,230,Elburg,Gelderland,25,Totaal,1,76
2020-04-16,230,Elburg,Gelderland,25,Ziekenhuisopname,0,12
2020-04-16,230,Elburg,Gelderland,25,Overleden,,
2020-04-16,232,Epe,Gelderland,25,Totaal,0,81
2020-04-16,232,Epe,Gelderland,25,Ziekenhuisopname,3,26
2020-04-16,232,Epe,Gelderland,25,Overleden,,
2020-04-16,233,Ermelo,Gelderland,25,Totaal,2,72
2020-04-16,233,Ermelo,Gelderland,25,Ziekenhuisopname,0,18
2020-04-16,233,Ermelo,Gelderland,25,Overleden,,
2020-04-16,243,Harderwijk,Gelderland,25,Totaal,3,66
2020-04-16,243,Harderwijk,Gelderland,25,Ziekenhuisopname,1,16
2020-04-16,243,Harderwijk,Gelderland,25,Overleden,,
2020-04-16,244,Hattem,Gelderland,25,Totaal,0,36
2020-04-16,244,Hattem,Gelderland,25,Ziekenhuisopname,0,10
2020-04-16,244,Hattem,Gelderland,25,Overleden,,
2020-04-16,246,Heerde,Gelderland,25,Totaal,5,113
2020-04-16,246,Heerde,Gelderland,25,Ziekenhuisopname,1,27
2020-04-16,246,Heerde,Gelderland,25,Overleden,,
2020-04-16,252,Heumen,Gelderland,25,Totaal,1,46
2020-04-16,252,Heumen,Gelderland,25,Ziekenhuisopname,0,16
2020-04-16,252,Heumen,Gelderland,25,Overleden,,
2020-04-16,262,Lochem,Gelderland,25,Totaal,3,47
2020-04-16,262,Lochem,Gelderland,25,Ziekenhuisopname,1,11
2020-04-16,262,Lochem,Gelderland,25,Overleden,,
2020-04-16,263,Maasdriel,Gelderland,25,Totaal,0,27
2020-04-16,263,Maasdriel,Gelderland,25,Ziekenhuisopname,0,15
2020-04-16,263,Maasdriel,Gelderland,25,Overleden,,
2020-04-16,267,Nijkerk,Gelderland,25,Totaal,0,44
2020-04-16,267,Nijkerk,Gelderland,25,Ziekenhuisopname,0,21
2020-04-16,267,Nijkerk,Gelderland,25,Overleden,,
2020-04-16,268,Nijmegen,Gelderland,25,Totaal,19,426
2020-04-16,268,Nijmegen,Gelderland,25,Ziekenhuisopname,0,111
2020-04-16,268,Nijmegen,Gelderland,25,Overleden,,
2020-04-16,269,Oldebroek,Gelderland,25,Totaal,3,91
2020-04-16,269,Oldebroek,Gelderland,25,Ziekenhuisopname,1,24
2020-04-16,269,Oldebroek,Gelderland,25,Overleden,,
2020-04-16,273,Putten,Gelderland,25,Totaal,0,16
2020-04-16,273,Putten,Gelderland,25,Ziekenhuisopname,0,3
2020-04-16,273,Putten,Gelderland,25,Overleden,,
2020-04-16,274,Renkum,Gelderland,25,Totaal,0,44
2020-04-16,274,Renkum,Gelderland,25,Ziekenhuisopname,0,14
2020-04-16,274,Renkum,Gelderland,25,Overleden,,
2020-04-16,275,Rheden,Gelderland,25,Totaal,1,58
2020-04-16,275,Rheden,Gelderland,25,Ziekenhuisopname,0,31
2020-04-16,275,Rheden,Gelderland,25,Overleden,,
2020-04-16,277,Rozendaal,Gelderland,25,Totaal,0,2
2020-04-16,277,Rozendaal,Gelderland,25,Ziekenhuisopname,0,1
2020-04-16,277,Rozendaal,Gelderland,25,Overleden,,
2020-04-16,279,Scherpenzeel,Gelderland,25,Totaal,0,17
2020-04-16,279,Scherpenzeel,Gelderland,25,Ziekenhuisopname,0,3
2020-04-16,279,Scherpenzeel,Gelderland,25,Overleden,,
2020-04-16,281,Tiel,Gelderland,25,Totaal,0,69
2020-04-16,281,Tiel,Gelderland,25,Ziekenhuisopname,0,34
2020-04-16,281,Tiel,Gelderland,25,Overleden,,
2020-04-16,285,Voorst,Gelderland,25,Totaal,1,45
2020-04-16,285,Voorst,Gelderland,25,Ziekenhuisopname,0,10
2020-04-16,285,Voorst,Gelderland,25,Overleden,,
2020-04-16,289,Wageningen,Gelderland,25,Totaal,0,33
2020-04-16,289,Wageningen,Gelderland,25,Ziekenhuisopname,2,16
2020-04-16,289,Wageningen,Gelderland,25,Overleden,,
2020-04-16,293,Westervoort,Gelderland,25,Totaal,3,23
2020-04-16,293,Westervoort,Gelderland,25,Ziekenhuisopname,0,10
2020-04-16,293,Westervoort,Gelderland,25,Overleden,,
2020-04-16,294,Winterswijk,Gelderland,25,Totaal,0,21
2020-04-16,294,Winterswijk,Gelderland,25,Ziekenhuisopname,0,3
2020-04-16,294,Winterswijk,Gelderland,25,Overleden,,
2020-04-16,296,Wijchen,Gelderland,25,Totaal,5,95
2020-04-16,296,Wijchen,Gelderland,25,Ziekenhuisopname,0,38
2020-04-16,296,Wijchen,Gelderland,25,Overleden,,
2020-04-16,297,Zaltbommel,Gelderland,25,Totaal,5,48
2020-04-16,297,Zaltbommel,Gelderland,25,Ziekenhuisopname,0,18
2020-04-16,297,Zaltbommel,Gelderland,25,Overleden,,
2020-04-16,299,Zevenaar,Gelderland,25,Totaal,0,64
2020-04-16,299,Zevenaar,Gelderland,25,Ziekenhuisopname,0,39
2020-04-16,299,Zevenaar,Gelderland,25,Overleden,,
2020-04-16,301,Zutphen,Gelderland,25,Totaal,0,46
2020-04-16,301,Zutphen,Gelderland,25,Ziekenhuisopname,1,18
2020-04-16,301,Zutphen,Gelderland,25,Overleden,,
2020-04-16,302,Nunspeet,Gelderland,25,Totaal,2,119
2020-04-16,302,Nunspeet,Gelderland,25,Ziekenhuisopname,1,31
2020-04-16,302,Nunspeet,Gelderland,25,Overleden,,
2020-04-16,303,Dronten,Flevoland,24,Totaal,2,68
2020-04-16,303,Dronten,Flevoland,24,Ziekenhuisopname,2,23
2020-04-16,303,Dronten,Flevoland,24,Overleden,,
2020-04-16,307,Amersfoort,Utrecht,26,Totaal,5,131
2020-04-16,307,Amersfoort,Utrecht,26,Ziekenhuisopname,0,51
2020-04-16,307,Amersfoort,Utrecht,26,Overleden,,
2020-04-16,308,Baarn,Utrecht,26,Totaal,1,31
2020-04-16,308,Baarn,Utrecht,26,Ziekenhuisopname,1,10
2020-04-16,308,Baarn,Utrecht,26,Overleden,,
2020-04-16,310,De Bilt,Utrecht,26,Totaal,5,84
2020-04-16,310,De Bilt,Utrecht,26,Ziekenhuisopname,0,19
2020-04-16,310,De Bilt,Utrecht,26,Overleden,,
2020-04-16,312,Bunnik,Utrecht,26,Totaal,0,20
2020-04-16,312,Bunnik,Utrecht,26,Ziekenhuisopname,0,7
2020-04-16,312,Bunnik,Utrecht,26,Overleden,,
2020-04-16,313,Bunschoten,Utrecht,26,Totaal,3,36
2020-04-16,313,Bunschoten,Utrecht,26,Ziekenhuisopname,1,5
2020-04-16,313,Bunschoten,Utrecht,26,Overleden,,
2020-04-16,317,Eemnes,Utrecht,26,Totaal,0,11
2020-04-16,317,Eemnes,Utrecht,26,Ziekenhuisopname,0,1
2020-04-16,317,Eemnes,Utrecht,26,Overleden,,
2020-04-16,321,Houten,Utrecht,26,Totaal,2,93
2020-04-16,321,Houten,Utrecht,26,Ziekenhuisopname,2,22
2020-04-16,321,Houten,Utrecht,26,Overleden,,
2020-04-16,327,Leusden,Utrecht,26,Totaal,1,32
2020-04-16,327,Leusden,Utrecht,26,Ziekenhuisopname,0,8
2020-04-16,327,Leusden,Utrecht,26,Overleden,,
2020-04-16,331,Lopik,Utrecht,26,Totaal,1,32
2020-04-16,331,Lopik,Utrecht,26,Ziekenhuisopname,1,18
2020-04-16,331,Lopik,Utrecht,26,Overleden,,
2020-04-16,335,Montfoort,Utrecht,26,Totaal,1,32
2020-04-16,335,Montfoort,Utrecht,26,Ziekenhuisopname,0,12
2020-04-16,335,Montfoort,Utrecht,26,Overleden,,
2020-04-16,339,Renswoude,Utrecht,26,Totaal,1,13
2020-04-16,339,Renswoude,Utrecht,26,Ziekenhuisopname,0,4
2020-04-16,339,Renswoude,Utrecht,26,Overleden,,
2020-04-16,340,Rhenen,Utrecht,26,Totaal,0,16
2020-04-16,340,Rhenen,Utrecht,26,Ziekenhuisopname,1,5
2020-04-16,340,Rhenen,Utrecht,26,Overleden,,
2020-04-16,342,Soest,Utrecht,26,Totaal,3,66
2020-04-16,342,Soest,Utrecht,26,Ziekenhuisopname,0,20
2020-04-16,342,Soest,Utrecht,26,Overleden,,
2020-04-16,344,Utrecht,Utrecht,26,Totaal,14,605
2020-04-16,344,Utrecht,Utrecht,26,Ziekenhuisopname,7,183
2020-04-16,344,Utrecht,Utrecht,26,Overleden,,
2020-04-16,345,Veenendaal,Utrecht,26,Totaal,4,87
2020-04-16,345,Veenendaal,Utrecht,26,Ziekenhuisopname,2,36
2020-04-16,345,Veenendaal,Utrecht,26,Overleden,,
2020-04-16,351,Woudenberg,Utrecht,26,Totaal,1,22
2020-04-16,351,Woudenberg,Utrecht,26,Ziekenhuisopname,0,9
2020-04-16,351,Woudenberg,Utrecht,26,Overleden,,
2020-04-16,352,Wijk bij Duurstede,Utrecht,26,Totaal,0,24
2020-04-16,352,Wijk bij Duurstede,Utrecht,26,Ziekenhuisopname,0,8
2020-04-16,352,Wijk bij Duurstede,Utrecht,26,Overleden,,
2020-04-16,353,IJsselstein,Utrecht,26,Totaal,3,82
2020-04-16,353,IJsselstein,Utrecht,26,Ziekenhuisopname,1,33
2020-04-16,353,IJsselstein,Utrecht,26,Overleden,,
2020-04-16,355,Zeist,Utrecht,26,Totaal,6,99
2020-04-16,355,Zeist,Utrecht,26,Ziekenhuisopname,1,30
2020-04-16,355,Zeist,Utrecht,26,Overleden,,
2020-04-16,356,Nieuwegein,Utrecht,26,Totaal,2,74
2020-04-16,356,Nieuwegein,Utrecht,26,Ziekenhuisopname,1,35
2020-04-16,356,Nieuwegein,Utrecht,26,Overleden,,
2020-04-16,358,Aalsmeer,Noord-Holland,27,Totaal,0,31
2020-04-16,358,Aalsmeer,Noord-Holland,27,Ziekenhuisopname,0,7
2020-04-16,358,Aalsmeer,Noord-Holland,27,Overleden,,
2020-04-16,361,Alkmaar,Noord-Holland,27,Totaal,6,177
2020-04-16,361,Alkmaar,Noord-Holland,27,Ziekenhuisopname,0,48
2020-04-16,361,Alkmaar,Noord-Holland,27,Overleden,,
2020-04-16,362,Amstelveen,Noord-Holland,27,Totaal,3,212
2020-04-16,362,Amstelveen,Noord-Holland,27,Ziekenhuisopname,1,47
2020-04-16,362,Amstelveen,Noord-Holland,27,Overleden,,
2020-04-16,363,Amsterdam,Noord-Holland,27,Totaal,51,1305
2020-04-16,363,Amsterdam,Noord-Holland,27,Ziekenhuisopname,26,439
2020-04-16,363,Amsterdam,Noord-Holland,27,Overleden,,
2020-04-16,370,Beemster,Noord-Holland,27,Totaal,0,8
2020-04-16,370,Beemster,Noord-Holland,27,Ziekenhuisopname,0,4
2020-04-16,370,Beemster,Noord-Holland,27,Overleden,,
2020-04-16,373,Bergen (NH.),Noord-Holland,27,Totaal,1,47
2020-04-16,373,Bergen (NH.),Noord-Holland,27,Ziekenhuisopname,0,16
2020-04-16,373,Bergen (NH.),Noord-Holland,27,Overleden,,
2020-04-16,375,Beverwijk,Noord-Holland,27,Totaal,3,59
2020-04-16,375,Beverwijk,Noord-Holland,27,Ziekenhuisopname,0,15
2020-04-16,375,Beverwijk,Noord-Holland,27,Overleden,,
2020-04-16,376,Blaricum,Noord-Holland,27,Totaal,1,18
2020-04-16,376,Blaricum,Noord-Holland,27,Ziekenhuisopname,0,5
2020-04-16,376,Blaricum,Noord-Holland,27,Overleden,,
2020-04-16,377,Bloemendaal,Noord-Holland,27,Totaal,0,37
2020-04-16,377,Bloemendaal,Noord-Holland,27,Ziekenhuisopname,0,6
2020-04-16,377,Bloemendaal,Noord-Holland,27,Overleden,,
2020-04-16,383,Castricum,Noord-Holland,27,Totaal,2,58
2020-04-16,383,Castricum,Noord-Holland,27,Ziekenhuisopname,0,13
2020-04-16,383,Castricum,Noord-Holland,27,Overleden,,
2020-04-16,384,Diemen,Noord-Holland,27,Totaal,1,22
2020-04-16,384,Diemen,Noord-Holland,27,Ziekenhuisopname,0,5
2020-04-16,384,Diemen,Noord-Holland,27,Overleden,,
2020-04-16,385,Edam-Volendam,Noord-Holland,27,Totaal,3,53
2020-04-16,385,Edam-Volendam,Noord-Holland,27,Ziekenhuisopname,0,19
2020-04-16,385,Edam-Volendam,Noord-Holland,27,Overleden,,
2020-04-16,388,Enkhuizen,Noord-Holland,27,Totaal,1,27
2020-04-16,388,Enkhuizen,Noord-Holland,27,Ziekenhuisopname,1,18
2020-04-16,388,Enkhuizen,Noord-Holland,27,Overleden,,
2020-04-16,392,Haarlem,Noord-Holland,27,Totaal,3,222
2020-04-16,392,Haarlem,Noord-Holland,27,Ziekenhuisopname,1,54
2020-04-16,392,Haarlem,Noord-Holland,27,Overleden,,
2020-04-16,394,Haarlemmermeer,Noord-Holland,27,Totaal,6,166
2020-04-16,394,Haarlemmermeer,Noord-Holland,27,Ziekenhuisopname,2,55
2020-04-16,394,Haarlemmermeer,Noord-Holland,27,Overleden,,
2020-04-16,396,Heemskerk,Noord-Holland,27,Totaal,1,69
2020-04-16,396,Heemskerk,Noord-Holland,27,Ziekenhuisopname,0,26
2020-04-16,396,Heemskerk,Noord-Holland,27,Overleden,,
2020-04-16,397,Heemstede,Noord-Holland,27,Totaal,3,83
2020-04-16,397,Heemstede,Noord-Holland,27,Ziekenhuisopname,0,9
2020-04-16,397,Heemstede,Noord-Holland,27,Overleden,,
2020-04-16,398,Heerhugowaard,Noord-Holland,27,Totaal,5,96
2020-04-16,398,Heerhugowaard,Noord-Holland,27,Ziekenhuisopname,1,24
2020-04-16,398,Heerhugowaard,Noord-Holland,27,Overleden,,
2020-04-16,399,Heiloo,Noord-Holland,27,Totaal,3,39
2020-04-16,399,Heiloo,Noord-Holland,27,Ziekenhuisopname,0,9
2020-04-16,399,Heiloo,Noord-Holland,27,Overleden,,
2020-04-16,400,Den Helder,Noord-Holland,27,Totaal,1,28
2020-04-16,400,Den Helder,Noord-Holland,27,Ziekenhuisopname,0,8
2020-04-16,400,Den Helder,Noord-Holland,27,Overleden,,
2020-04-16,402,Hilversum,Noord-Holland,27,Totaal,4,77
2020-04-16,402,Hilversum,Noord-Holland,27,Ziekenhuisopname,0,22
2020-04-16,402,Hilversum,Noord-Holland,27,Overleden,,
2020-04-16,405,Hoorn,Noord-Holland,27,Totaal,2,58
2020-04-16,405,Hoorn,Noord-Holland,27,Ziekenhuisopname,0,24
2020-04-16,405,Hoorn,Noord-Holland,27,Overleden,,
2020-04-16,406,Huizen,Noord-Holland,27,Totaal,0,51
2020-04-16,406,Huizen,Noord-Holland,27,Ziekenhuisopname,0,17
2020-04-16,406,Huizen,Noord-Holland,27,Overleden,,
2020-04-16,415,Landsmeer,Noord-Holland,27,Totaal,0,17
2020-04-16,415,Landsmeer,Noord-Holland,27,Ziekenhuisopname,0,3
2020-04-16,415,Landsmeer,Noord-Holland,27,Overleden,,
2020-04-16,416,Langedijk,Noord-Holland,27,Totaal,1,38
2020-04-16,416,Langedijk,Noord-Holland,27,Ziekenhuisopname,0,16
2020-04-16,416,Langedijk,Noord-Holland,27,Overleden,,
2020-04-16,417,Laren,Noord-Holland,27,Totaal,0,21
2020-04-16,417,Laren,Noord-Holland,27,Ziekenhuisopname,0,8
2020-04-16,417,Laren,Noord-Holland,27,Overleden,,
2020-04-16,420,Medemblik,Noord-Holland,27,Totaal,1,52
2020-04-16,420,Medemblik,Noord-Holland,27,Ziekenhuisopname,0,16
2020-04-16,420,Medemblik,Noord-Holland,27,Overleden,,
2020-04-16,431,Oostzaan,Noord-Holland,27,Totaal,0,20
2020-04-16,431,Oostzaan,Noord-Holland,27,Ziekenhuisopname,0,8
2020-04-16,431,Oostzaan,Noord-Holland,27,Overleden,,
2020-04-16,432,Opmeer,Noord-Holland,27,Totaal,1,6
2020-04-16,432,Opmeer,Noord-Holland,27,Ziekenhuisopname,0,1
2020-04-16,432,Opmeer,Noord-Holland,27,Overleden,,
2020-04-16,437,Ouder-Amstel,Noord-Holland,27,Totaal,1,24
2020-04-16,437,Ouder-Amstel,Noord-Holland,27,Ziekenhuisopname,0,5
2020-04-16,437,Ouder-Amstel,Noord-Holland,27,Overleden,,
2020-04-16,439,Purmerend,Noord-Holland,27,Totaal,3,148
2020-04-16,439,Purmerend,Noord-Holland,27,Ziekenhuisopname,1,60
2020-04-16,439,Purmerend,Noord-Holland,27,Overleden,,
2020-04-16,441,Schagen,Noord-Holland,27,Totaal,1,58
2020-04-16,441,Schagen,Noord-Holland,27,Ziekenhuisopname,0,17
2020-04-16,441,Schagen,Noord-Holland,27,Overleden,,
2020-04-16,448,Texel,Noord-Holland,27,Totaal,0,11
2020-04-16,448,Texel,Noord-Holland,27,Ziekenhuisopname,0,4
2020-04-16,448,Texel,Noord-Holland,27,Overleden,,
2020-04-16,450,Uitgeest,Noord-Holland,27,Totaal,1,19
2020-04-16,450,Uitgeest,Noord-Holland,27,Ziekenhuisopname,0,5
2020-04-16,450,Uitgeest,Noord-Holland,27,Overleden,,
2020-04-16,451,Uithoorn,Noord-Holland,27,Totaal,1,40
2020-04-16,451,Uithoorn,Noord-Holland,27,Ziekenhuisopname,2,14
2020-04-16,451,Uithoorn,Noord-Holland,27,Overleden,,
2020-04-16,453,Velsen,Noord-Holland,27,Totaal,15,201
2020-04-16,453,Velsen,Noord-Holland,27,Ziekenhuisopname,0,26
2020-04-16,453,Velsen,Noord-Holland,27,Overleden,,
2020-04-16,457,Weesp,Noord-Holland,27,Totaal,1,29
2020-04-16,457,Weesp,Noord-Holland,27,Ziekenhuisopname,0,9
2020-04-16,457,Weesp,Noord-Holland,27,Overleden,,
2020-04-16,473,Zandvoort,Noord-Holland,27,Totaal,1,30
2020-04-16,473,Zandvoort,Noord-Holland,27,Ziekenhuisopname,0,10
2020-04-16,473,Zandvoort,Noord-Holland,27,Overleden,,
2020-04-16,479,Zaanstad,Noord-Holland,27,Totaal,4,249
2020-04-16,479,Zaanstad,Noord-Holland,27,Ziekenhuisopname,2,95
2020-04-16,479,Zaanstad,Noord-Holland,27,Overleden,,
2020-04-16,482,Alblasserdam,Zuid-Holland,28,Totaal,1,28
2020-04-16,482,Alblasserdam,Zuid-Holland,28,Ziekenhuisopname,0,8
2020-04-16,482,Alblasserdam,Zuid-Holland,28,Overleden,,
2020-04-16,484,Alphen aan den Rijn,Zuid-Holland,28,Totaal,5,114
2020-04-16,484,Alphen aan den Rijn,Zuid-Holland,28,Ziekenhuisopname,1,51
2020-04-16,484,Alphen aan den Rijn,Zuid-Holland,28,Overleden,,
2020-04-16,489,Barendrecht,Zuid-Holland,28,Totaal,1,75
2020-04-16,489,Barendrecht,Zuid-Holland,28,Ziekenhuisopname,1,29
2020-04-16,489,Barendrecht,Zuid-Holland,28,Overleden,,
2020-04-16,498,Drechterland,Noord-Holland,27,Totaal,1,34
2020-04-16,498,Drechterland,Noord-Holland,27,Ziekenhuisopname,0,3
2020-04-16,498,Drechterland,Noord-Holland,27,Overleden,,
2020-04-16,501,Brielle,Zuid-Holland,28,Totaal,0,24
2020-04-16,501,Brielle,Zuid-Holland,28,Ziekenhuisopname,1,12
2020-04-16,501,Brielle,Zuid-Holland,28,Overleden,,
2020-04-16,502,Capelle aan den IJssel,Zuid-Holland,28,Totaal,6,176
2020-04-16,502,Capelle aan den IJssel,Zuid-Holland,28,Ziekenhuisopname,1,34
2020-04-16,502,Capelle aan den IJssel,Zuid-Holland,28,Overleden,,
2020-04-16,503,Delft,Zuid-Holland,28,Totaal,1,95
2020-04-16,503,Delft,Zuid-Holland,28,Ziekenhuisopname,0,36
2020-04-16,503,Delft,Zuid-Holland,28,Overleden,,
2020-04-16,505,Dordrecht,Zuid-Holland,28,Totaal,9,184
2020-04-16,505,Dordrecht,Zuid-Holland,28,Ziekenhuisopname,2,65
2020-04-16,505,Dordrecht,Zuid-Holland,28,Overleden,,
2020-04-16,512,Gorinchem,Zuid-Holland,28,Totaal,2,116
2020-04-16,512,Gorinchem,Zuid-Holland,28,Ziekenhuisopname,0,15
2020-04-16,512,Gorinchem,Zuid-Holland,28,Overleden,,
2020-04-16,513,Gouda,Zuid-Holland,28,Totaal,18,171
2020-04-16,513,Gouda,Zuid-Holland,28,Ziekenhuisopname,1,32
2020-04-16,513,Gouda,Zuid-Holland,28,Overleden,,
2020-04-16,518,'s-Gravenhage,Zuid-Holland,28,Totaal,42,703
2020-04-16,518,'s-Gravenhage,Zuid-Holland,28,Ziekenhuisopname,5,229
2020-04-16,518,'s-Gravenhage,Zuid-Holland,28,Overleden,,
2020-04-16,523,Hardinxveld-Giessendam,Zuid-Holland,28,Totaal,1,26
2020-04-16,523,Hardinxveld-Giessendam,Zuid-Holland,28,Ziekenhuisopname,0,1
2020-04-16,523,Hardinxveld-Giessendam,Zuid-Holland,28,Overleden,,
2020-04-16,530,Hellevoetsluis,Zuid-Holland,28,Totaal,1,52
2020-04-16,530,Hellevoetsluis,Zuid-Holland,28,Ziekenhuisopname,1,14
2020-04-16,530,Hellevoetsluis,Zuid-Holland,28,Overleden,,
2020-04-16,531,Hendrik-Ido-Ambacht,Zuid-Holland,28,Totaal,0,22
2020-04-16,531,Hendrik-Ido-Ambacht,Zuid-Holland,28,Ziekenhuisopname,0,5
2020-04-16,531,Hendrik-Ido-Ambacht,Zuid-Holland,28,Overleden,,
2020-04-16,532,Stede Broec,Noord-Holland,27,Totaal,1,42
2020-04-16,532,Stede Broec,Noord-Holland,27,Ziekenhuisopname,0,17
2020-04-16,532,Stede Broec,Noord-Holland,27,Overleden,,
2020-04-16,534,Hillegom,Zuid-Holland,28,Totaal,2,23
2020-04-16,534,Hillegom,Zuid-Holland,28,Ziekenhuisopname,1,7
2020-04-16,534,Hillegom,Zuid-Holland,28,Overleden,,
2020-04-16,537,Katwijk,Zuid-Holland,28,Totaal,5,100
2020-04-16,537,Katwijk,Zuid-Holland,28,Ziekenhuisopname,1,21
2020-04-16,537,Katwijk,Zuid-Holland,28,Overleden,,
2020-04-16,542,Krimpen aan den IJssel,Zuid-Holland,28,Totaal,2,43
2020-04-16,542,Krimpen aan den IJssel,Zuid-Holland,28,Ziekenhuisopname,0,8
2020-04-16,542,Krimpen aan den IJssel,Zuid-Holland,28,Overleden,,
2020-04-16,546,Leiden,Zuid-Holland,28,Totaal,4,101
2020-04-16,546,Leiden,Zuid-Holland,28,Ziekenhuisopname,0,34
2020-04-16,546,Leiden,Zuid-Holland,28,Overleden,,
2020-04-16,547,Leiderdorp,Zuid-Holland,28,Totaal,1,21
2020-04-16,547,Leiderdorp,Zuid-Holland,28,Ziekenhuisopname,0,9
2020-04-16,547,Leiderdorp,Zuid-Holland,28,Overleden,,
2020-04-16,553,Lisse,Zuid-Holland,28,Totaal,3,18
2020-04-16,553,Lisse,Zuid-Holland,28,Ziekenhuisopname,0,5
2020-04-16,553,Lisse,Zuid-Holland,28,Overleden,,
2020-04-16,556,Maassluis,Zuid-Holland,28,Totaal,3,40
2020-04-16,556,Maassluis,Zuid-Holland,28,Ziekenhuisopname,0,14
2020-04-16,556,Maassluis,Zuid-Holland,28,Overleden,,
2020-04-16,569,Nieuwkoop,Zuid-Holland,28,Totaal,0,35
2020-04-16,569,Nieuwkoop,Zuid-Holland,28,Ziekenhuisopname,0,7
2020-04-16,569,Nieuwkoop,Zuid-Holland,28,Overleden,,
2020-04-16,575,Noordwijk,Zuid-Holland,28,Totaal,2,30
2020-04-16,575,Noordwijk,Zuid-Holland,28,Ziekenhuisopname,0,13
2020-04-16,575,Noordwijk,Zuid-Holland,28,Overleden,,
2020-04-16,579,Oegstgeest,Zuid-Holland,28,Totaal,0,27
2020-04-16,579,Oegstgeest,Zuid-Holland,28,Ziekenhuisopname,0,6
2020-04-16,579,Oegstgeest,Zuid-Holland,28,Overleden,,
2020-04-16,589,Oudewater,Utrecht,26,Totaal,0,43
2020-04-16,589,Oudewater,Utrecht,26,Ziekenhuisopname,1,24
2020-04-16,589,Oudewater,Utrecht,26,Overleden,,
2020-04-16,590,Papendrecht,Zuid-Holland,28,Totaal,0,40
2020-04-16,590,Papendrecht,Zuid-Holland,28,Ziekenhuisopname,0,7
2020-04-16,590,Papendrecht,Zuid-Holland,28,Overleden,,
2020-04-16,597,Ridderkerk,Zuid-Holland,28,Totaal,6,78
2020-04-16,597,Ridderkerk,Zuid-Holland,28,Ziekenhuisopname,0,29
2020-04-16,597,Ridderkerk,Zuid-Holland,28,Overleden,,
2020-04-16,599,Rotterdam,Zuid-Holland,28,Totaal,51,1374
2020-04-16,599,Rotterdam,Zuid-Holland,28,Ziekenhuisopname,8,319
2020-04-16,599,Rotterdam,Zuid-Holland,28,Overleden,,
2020-04-16,603,Rijswijk,Zuid-Holland,28,Totaal,3,62
2020-04-16,603,Rijswijk,Zuid-Holland,28,Ziekenhuisopname,0,19
2020-04-16,603,Rijswijk,Zuid-Holland,28,Overleden,,
2020-04-16,606,Schiedam,Zuid-Holland,28,Totaal,10,103
2020-04-16,606,Schiedam,Zuid-Holland,28,Ziekenhuisopname,0,34
2020-04-16,606,Schiedam,Zuid-Holland,28,Overleden,,
2020-04-16,610,Sliedrecht,Zuid-Holland,28,Totaal,2,35
2020-04-16,610,Sliedrecht,Zuid-Holland,28,Ziekenhuisopname,0,7
2020-04-16,610,Sliedrecht,Zuid-Holland,28,Overleden,,
2020-04-16,613,Albrandswaard,Zuid-Holland,28,Totaal,3,62
2020-04-16,613,Albrandswaard,Zuid-Holland,28,Ziekenhuisopname,0,8
2020-04-16,613,Albrandswaard,Zuid-Holland,28,Overleden,,
2020-04-16,614,Westvoorne,Zuid-Holland,28,Totaal,1,22
2020-04-16,614,Westvoorne,Zuid-Holland,28,Ziekenhuisopname,0,6
2020-04-16,614,Westvoorne,Zuid-Holland,28,Overleden,,
2020-04-16,622,Vlaardingen,Zuid-Holland,28,Totaal,4,140
2020-04-16,622,Vlaardingen,Zuid-Holland,28,Ziekenhuisopname,0,30
2020-04-16,622,Vlaardingen,Zuid-Holland,28,Overleden,,
2020-04-16,626,Voorschoten,Zuid-Holland,28,Totaal,2,27
2020-04-16,626,Voorschoten,Zuid-Holland,28,Ziekenhuisopname,0,9
2020-04-16,626,Voorschoten,Zuid-Holland,28,Overleden,,
2020-04-16,627,Waddinxveen,Zuid-Holland,28,Totaal,3,36
2020-04-16,627,Waddinxveen,Zuid-Holland,28,Ziekenhuisopname,0,11
2020-04-16,627,Waddinxveen,Zuid-Holland,28,Overleden,,
2020-04-16,629,Wassenaar,Zuid-Holland,28,Totaal,1,33
2020-04-16,629,Wassenaar,Zuid-Holland,28,Ziekenhuisopname,1,8
2020-04-16,629,Wassenaar,Zuid-Holland,28,Overleden,,
2020-04-16,632,Woerden,Utrecht,26,Totaal,1,107
2020-04-16,632,Woerden,Utrecht,26,Ziekenhuisopname,0,45
2020-04-16,632,Woerden,Utrecht,26,Overleden,,
2020-04-16,637,Zoetermeer,Zuid-Holland,28,Totaal,9,119
2020-04-16,637,Zoetermeer,Zuid-Holland,28,Ziekenhuisopname,0,37
2020-04-16,637,Zoetermeer,Zuid-Holland,28,Overleden,,
2020-04-16,638,Zoeterwoude,Zuid-Holland,28,Totaal,0,7
2020-04-16,638,Zoeterwoude,Zuid-Holland,28,Ziekenhuisopname,0,2
2020-04-16,638,Zoeterwoude,Zuid-Holland,28,Overleden,,
2020-04-16,642,Zwijndrecht,Zuid-Holland,28,Totaal,5,74
2020-04-16,642,Zwijndrecht,Zuid-Holland,28,Ziekenhuisopname,0,13
2020-04-16,642,Zwijndrecht,Zuid-Holland,28,Overleden,,
2020-04-16,654,Borsele,Zeeland,29,Totaal,0,19
2020-04-16,654,Borsele,Zeeland,29,Ziekenhuisopname,0,4
2020-04-16,654,Borsele,Zeeland,29,Overleden,,
2020-04-16,664,Goes,Zeeland,29,Totaal,0,60
2020-04-16,664,Goes,Zeeland,29,Ziekenhuisopname,0,10
2020-04-16,664,Goes,Zeeland,29,Overleden,,
2020-04-16,668,West Maas en Waal,Gelderland,25,Totaal,2,61
2020-04-16,668,West Maas en Waal,Gelderland,25,Ziekenhuisopname,1,14
2020-04-16,668,West Maas en Waal,Gelderland,25,Overleden,,
2020-04-16,677,Hulst,Zeeland,29,Totaal,0,25
2020-04-16,677,Hulst,Zeeland,29,Ziekenhuisopname,0,8
2020-04-16,677,Hulst,Zeeland,29,Overleden,,
2020-04-16,678,Kapelle,Zeeland,29,Totaal,0,15
2020-04-16,678,Kapelle,Zeeland,29,Ziekenhuisopname,0,2
2020-04-16,678,Kapelle,Zeeland,29,Overleden,,
2020-04-16,687,Middelburg,Zeeland,29,Totaal,0,35
2020-04-16,687,Middelburg,Zeeland,29,Ziekenhuisopname,0,13
2020-04-16,687,Middelburg,Zeeland,29,Overleden,,
2020-04-16,703,Reimerswaal,Zeeland,29,Totaal,0,22
2020-04-16,703,Reimerswaal,Zeeland,29,Ziekenhuisopname,0,4
2020-04-16,703,Reimerswaal,Zeeland,29,Overleden,,
2020-04-16,715,Terneuzen,Zeeland,29,Totaal,0,80
2020-04-16,715,Terneuzen,Zeeland,29,Ziekenhuisopname,0,19
2020-04-16,715,Terneuzen,Zeeland,29,Overleden,,
2020-04-16,716,Tholen,Zeeland,29,Totaal,1,108
2020-04-16,716,Tholen,Zeeland,29,Ziekenhuisopname,1,35
2020-04-16,716,Tholen,Zeeland,29,Overleden,,
2020-04-16,717,Veere,Zeeland,29,Totaal,0,20
2020-04-16,717,Veere,Zeeland,29,Ziekenhuisopname,0,5
2020-04-16,717,Veere,Zeeland,29,Overleden,,
2020-04-16,718,Vlissingen,Zeeland,29,Totaal,1,45
2020-04-16,718,Vlissingen,Zeeland,29,Ziekenhuisopname,0,8
2020-04-16,718,Vlissingen,Zeeland,29,Overleden,,
2020-04-16,736,De Ronde Venen,Utrecht,26,Totaal,2,60
2020-04-16,736,De Ronde Venen,Utrecht,26,Ziekenhuisopname,1,29
2020-04-16,736,De Ronde Venen,Utrecht,26,Overleden,,
2020-04-16,737,Tytsjerksteradiel,Friesland,21,Totaal,1,15
2020-04-16,737,Tytsjerksteradiel,Friesland,21,Ziekenhuisopname,0,4
2020-04-16,737,Tytsjerksteradiel,Friesland,21,Overleden,,
2020-04-16,743,Asten,Noord-Brabant,30,Totaal,5,51
2020-04-16,743,Asten,Noord-Brabant,30,Ziekenhuisopname,0,13
2020-04-16,743,Asten,Noord-Brabant,30,Overleden,,
2020-04-16,744,Baarle-Nassau,Noord-Brabant,30,Totaal,0,4
2020-04-16,744,Baarle-Nassau,Noord-Brabant,30,Ziekenhuisopname,0,1
2020-04-16,744,Baarle-Nassau,Noord-Brabant,30,Overleden,,
2020-04-16,748,Bergen op Zoom,Noord-Brabant,30,Totaal,1,60
2020-04-16,748,Bergen op Zoom,Noord-Brabant,30,Ziekenhuisopname,1,20
2020-04-16,748,Bergen op Zoom,Noord-Brabant,30,Overleden,,
2020-04-16,753,Best,Noord-Brabant,30,Totaal,1,46
2020-04-16,753,Best,Noord-Brabant,30,Ziekenhuisopname,0,31
2020-04-16,753,Best,Noord-Brabant,30,Overleden,,
2020-04-16,755,Boekel,Noord-Brabant,30,Totaal,1,83
2020-04-16,755,Boekel,Noord-Brabant,30,Ziekenhuisopname,0,31
2020-04-16,755,Boekel,Noord-Brabant,30,Overleden,,
2020-04-16,756,Boxmeer,Noord-Brabant,30,Totaal,3,77
2020-04-16,756,Boxmeer,Noord-Brabant,30,Ziekenhuisopname,0,17
2020-04-16,756,Boxmeer,Noord-Brabant,30,Overleden,,
2020-04-16,757,Boxtel,Noord-Brabant,30,Totaal,3,43
2020-04-16,757,Boxtel,Noord-Brabant,30,Ziekenhuisopname,0,17
2020-04-16,757,Boxtel,Noord-Brabant,30,Overleden,,
2020-04-16,758,Breda,Noord-Brabant,30,Totaal,1,369
2020-04-16,758,Breda,Noord-Brabant,30,Ziekenhuisopname,0,138
2020-04-16,758,Breda,Noord-Brabant,30,Overleden,,
2020-04-16,762,Deurne,Noord-Brabant,30,Totaal,3,114
2020-04-16,762,Deurne,Noord-Brabant,30,Ziekenhuisopname,0,50
2020-04-16,762,Deurne,Noord-Brabant,30,Overleden,,
2020-04-16,765,Pekela,Groningen,20,Totaal,0,4
2020-04-16,765,Pekela,Groningen,20,Ziekenhuisopname,0,4
2020-04-16,765,Pekela,Groningen,20,Overleden,,
2020-04-16,766,Dongen,Noord-Brabant,30,Totaal,0,51
2020-04-16,766,Dongen,Noord-Brabant,30,Ziekenhuisopname,0,15
2020-04-16,766,Dongen,Noord-Brabant,30,Overleden,,
2020-04-16,770,Eersel,Noord-Brabant,30,Totaal,6,51
2020-04-16,770,Eersel,Noord-Brabant,30,Ziekenhuisopname,0,21
2020-04-16,770,Eersel,Noord-Brabant,30,Overleden,,
2020-04-16,772,Eindhoven,Noord-Brabant,30,Totaal,11,327
2020-04-16,772,Eindhoven,Noord-Brabant,30,Ziekenhuisopname,0,140
2020-04-16,772,Eindhoven,Noord-Brabant,30,Overleden,,
2020-04-16,777,Etten-Leur,Noord-Brabant,30,Totaal,3,121
2020-04-16,777,Etten-Leur,Noord-Brabant,30,Ziekenhuisopname,0,38
2020-04-16,777,Etten-Leur,Noord-Brabant,30,Overleden,,
2020-04-16,779,Geertruidenberg,Noord-Brabant,30,Totaal,3,25
2020-04-16,779,Geertruidenberg,Noord-Brabant,30,Ziekenhuisopname,0,9
2020-04-16,779,Geertruidenberg,Noord-Brabant,30,Overleden,,
2020-04-16,784,Gilze en Rijen,Noord-Brabant,30,Totaal,0,53
2020-04-16,784,Gilze en Rijen,Noord-Brabant,30,Ziekenhuisopname,0,17
2020-04-16,784,Gilze en Rijen,Noord-Brabant,30,Overleden,,
2020-04-16,785,Goirle,Noord-Brabant,30,Totaal,0,60
2020-04-16,785,Goirle,Noord-Brabant,30,Ziekenhuisopname,0,25
2020-04-16,785,Goirle,Noord-Brabant,30,Overleden,,
2020-04-16,786,Grave,Noord-Brabant,30,Totaal,1,43
2020-04-16,786,Grave,Noord-Brabant,30,Ziekenhuisopname,0,17
2020-04-16,786,Grave,Noord-Brabant,30,Overleden,,
2020-04-16,788,Haaren,Noord-Brabant,30,Totaal,0,33
2020-04-16,788,Haaren,Noord-Brabant,30,Ziekenhuisopname,2,17
2020-04-16,788,Haaren,Noord-Brabant,30,Overleden,,
2020-04-16,794,Helmond,Noord-Brabant,30,Totaal,7,234
2020-04-16,794,Helmond,Noord-Brabant,30,Ziekenhuisopname,0,86
2020-04-16,794,Helmond,Noord-Brabant,30,Overleden,,
2020-04-16,796,'s-Hertogenbosch,Noord-Brabant,30,Totaal,22,323
2020-04-16,796,'s-Hertogenbosch,Noord-Brabant,30,Ziekenhuisopname,1,111
2020-04-16,796,'s-Hertogenbosch,Noord-Brabant,30,Overleden,,
2020-04-16,797,Heusden,Noord-Brabant,30,Totaal,4,90
2020-04-16,797,Heusden,Noord-Brabant,30,Ziekenhuisopname,2,38
2020-04-16,797,Heusden,Noord-Brabant,30,Overleden,,
2020-04-16,798,Hilvarenbeek,Noord-Brabant,30,Totaal,0,29
2020-04-16,798,Hilvarenbeek,Noord-Brabant,30,Ziekenhuisopname,0,6
2020-04-16,798,Hilvarenbeek,Noord-Brabant,30,Overleden,,
2020-04-16,809,Loon op Zand,Noord-Brabant,30,Totaal,0,42
2020-04-16,809,Loon op Zand,Noord-Brabant,30,Ziekenhuisopname,0,20
2020-04-16,809,Loon op Zand,Noord-Brabant,30,Overleden,,
2020-04-16,815,Mill en Sint Hubert,Noord-Brabant,30,Totaal,2,24
2020-04-16,815,Mill en Sint Hubert,Noord-Brabant,30,Ziekenhuisopname,0,9
2020-04-16,815,Mill en Sint Hubert,Noord-Brabant,30,Overleden,,
2020-04-16,820,"Nuenen, Gerwen en Nederwetten",Noord-Brabant,30,Totaal,1,38
2020-04-16,820,"Nuenen, Gerwen en Nederwetten",Noord-Brabant,30,Ziekenhuisopname,0,14
2020-04-16,820,"Nuenen, Gerwen en Nederwetten",Noord-Brabant,30,Overleden,,
2020-04-16,823,Oirschot,Noord-Brabant,30,Totaal,1,39
2020-04-16,823,Oirschot,Noord-Brabant,30,Ziekenhuisopname,0,12
2020-04-16,823,Oirschot,Noord-Brabant,30,Overleden,,
2020-04-16,824,Oisterwijk,Noord-Brabant,30,Totaal,1,48
2020-04-16,824,Oisterwijk,Noord-Brabant,30,Ziekenhuisopname,0,16
2020-04-16,824,Oisterwijk,Noord-Brabant,30,Overleden,,
2020-04-16,826,Oosterhout,Noord-Brabant,30,Totaal,1,73
2020-04-16,826,Oosterhout,Noord-Brabant,30,Ziekenhuisopname,1,35
2020-04-16,826,Oosterhout,Noord-Brabant,30,Overleden,,
2020-04-16,828,Oss,Noord-Brabant,30,Totaal,15,351
2020-04-16,828,Oss,Noord-Brabant,30,Ziekenhuisopname,0,112
2020-04-16,828,Oss,Noord-Brabant,30,Overleden,,
2020-04-16,840,Rucphen,Noord-Brabant,30,Totaal,2,38
2020-04-16,840,Rucphen,Noord-Brabant,30,Ziekenhuisopname,0,7
2020-04-16,840,Rucphen,Noord-Brabant,30,Overleden,,
2020-04-16,845,Sint-Michielsgestel,Noord-Brabant,30,Totaal,1,70
2020-04-16,845,Sint-Michielsgestel,Noord-Brabant,30,Ziekenhuisopname,1,31
2020-04-16,845,Sint-Michielsgestel,Noord-Brabant,30,Overleden,,
2020-04-16,847,Someren,Noord-Brabant,30,Totaal,1,72
2020-04-16,847,Someren,Noord-Brabant,30,Ziekenhuisopname,0,28
2020-04-16,847,Someren,Noord-Brabant,30,Overleden,,
2020-04-16,848,Son en Breugel,Noord-Brabant,30,Totaal,0,54
2020-04-16,848,Son en Breugel,Noord-Brabant,30,Ziekenhuisopname,0,27
2020-04-16,848,Son en Breugel,Noord-Brabant,30,Overleden,,
2020-04-16,851,Steenbergen,Noord-Brabant,30,Totaal,1,46
2020-04-16,851,Steenbergen,Noord-Brabant,30,Ziekenhuisopname,1,12
2020-04-16,851,Steenbergen,Noord-Brabant,30,Overleden,,
2020-04-16,852,Waterland,Noord-Holland,27,Totaal,0,24
2020-04-16,852,Waterland,Noord-Holland,27,Ziekenhuisopname,1,14
2020-04-16,852,Waterland,Noord-Holland,27,Overleden,,
2020-04-16,855,Tilburg,Noord-Brabant,30,Totaal,11,518
2020-04-16,855,Tilburg,Noord-Brabant,30,Ziekenhuisopname,0,160
2020-04-16,855,Tilburg,Noord-Brabant,30,Overleden,,
2020-04-16,856,Uden,Noord-Brabant,30,Totaal,0,216
2020-04-16,856,Uden,Noord-Brabant,30,Ziekenhuisopname,0,88
2020-04-16,856,Uden,Noord-Brabant,30,Overleden,,
2020-04-16,858,Valkenswaard,Noord-Brabant,30,Totaal,2,101
2020-04-16,858,Valkenswaard,Noord-Brabant,30,Ziekenhuisopname,0,15
2020-04-16,858,Valkenswaard,Noord-Brabant,30,Overleden,,
2020-04-16,861,Veldhoven,Noord-Brabant,30,Totaal,2,86
2020-04-16,861,Veldhoven,Noord-Brabant,30,Ziekenhuisopname,0,25
2020-04-16,861,Veldhoven,Noord-Brabant,30,Overleden,,
2020-04-16,865,Vught,Noord-Brabant,30,Totaal,3,78
2020-04-16,865,Vught,Noord-Brabant,30,Ziekenhuisopname,0,36
2020-04-16,865,Vught,Noord-Brabant,30,Overleden,,
2020-04-16,866,Waalre,Noord-Brabant,30,Totaal,0,21
2020-04-16,866,Waalre,Noord-Brabant,30,Ziekenhuisopname,0,6
2020-04-16,866,Waalre,Noord-Brabant,30,Overleden,,
2020-04-16,867,Waalwijk,Noord-Brabant,30,Totaal,2,103
2020-04-16,867,Waalwijk,Noord-Brabant,30,Ziekenhuisopname,0,23
2020-04-16,867,Waalwijk,Noord-Brabant,30,Overleden,,
2020-04-16,873,Woensdrecht,Noord-Brabant,30,Totaal,4,31
2020-04-16,873,Woensdrecht,Noord-Brabant,30,Ziekenhuisopname,0,4
2020-04-16,873,Woensdrecht,Noord-Brabant,30,Overleden,,
2020-04-16,879,Zundert,Noord-Brabant,30,Totaal,2,49
2020-04-16,879,Zundert,Noord-Brabant,30,Ziekenhuisopname,2,19
2020-04-16,879,Zundert,Noord-Brabant,30,Overleden,,
2020-04-16,880,Wormerland,Noord-Holland,27,Totaal,1,31
2020-04-16,880,Wormerland,Noord-Holland,27,Ziekenhuisopname,0,16
2020-04-16,880,Wormerland,Noord-Holland,27,Overleden,,
2020-04-16,882,Landgraaf,Limburg,31,Totaal,6,96
2020-04-16,882,Landgraaf,Limburg,31,Ziekenhuisopname,4,45
2020-04-16,882,Landgraaf,Limburg,31,Overleden,,
2020-04-16,888,Beek,Limburg,31,Totaal,1,29
2020-04-16,888,Beek,Limburg,31,Ziekenhuisopname,0,14
2020-04-16,888,Beek,Limburg,31,Overleden,,
2020-04-16,889,Beesel,Limburg,31,Totaal,1,34
2020-04-16,889,Beesel,Limburg,31,Ziekenhuisopname,0,20
2020-04-16,889,Beesel,Limburg,31,Overleden,,
2020-04-16,893,Bergen (L.),Limburg,31,Totaal,1,13
2020-04-16,893,Bergen (L.),Limburg,31,Ziekenhuisopname,0,6
2020-04-16,893,Bergen (L.),Limburg,31,Overleden,,
2020-04-16,899,Brunssum,Limburg,31,Totaal,0,57
2020-04-16,899,Brunssum,Limburg,31,Ziekenhuisopname,0,32
2020-04-16,899,Brunssum,Limburg,31,Overleden,,
2020-04-16,907,Gennep,Limburg,31,Totaal,1,45
2020-04-16,907,Gennep,Limburg,31,Ziekenhuisopname,0,15
2020-04-16,907,Gennep,Limburg,31,Overleden,,
2020-04-16,917,Heerlen,Limburg,31,Totaal,11,218
2020-04-16,917,Heerlen,Limburg,31,Ziekenhuisopname,3,98
2020-04-16,917,Heerlen,Limburg,31,Overleden,,
2020-04-16,928,Kerkrade,Limburg,31,Totaal,1,98
2020-04-16,928,Kerkrade,Limburg,31,Ziekenhuisopname,0,51
2020-04-16,928,Kerkrade,Limburg,31,Overleden,,
2020-04-16,935,Maastricht,Limburg,31,Totaal,14,461
2020-04-16,935,Maastricht,Limburg,31,Ziekenhuisopname,6,143
2020-04-16,935,Maastricht,Limburg,31,Overleden,,
2020-04-16,938,Meerssen,Limburg,31,Totaal,0,60
2020-04-16,938,Meerssen,Limburg,31,Ziekenhuisopname,0,15
2020-04-16,938,Meerssen,Limburg,31,Overleden,,
2020-04-16,944,Mook en Middelaar,Limburg,31,Totaal,0,24
2020-04-16,944,Mook en Middelaar,Limburg,31,Ziekenhuisopname,0,5
2020-04-16,944,Mook en Middelaar,Limburg,31,Overleden,,
2020-04-16,946,Nederweert,Limburg,31,Totaal,1,40
2020-04-16,946,Nederweert,Limburg,31,Ziekenhuisopname,0,28
2020-04-16,946,Nederweert,Limburg,31,Overleden,,
2020-04-16,957,Roermond,Limburg,31,Totaal,2,105
2020-04-16,957,Roermond,Limburg,31,Ziekenhuisopname,1,50
2020-04-16,957,Roermond,Limburg,31,Overleden,,
2020-04-16,965,Simpelveld,Limburg,31,Totaal,1,31
2020-04-16,965,Simpelveld,Limburg,31,Ziekenhuisopname,0,17
2020-04-16,965,Simpelveld,Limburg,31,Overleden,,
2020-04-16,971,Stein,Limburg,31,Totaal,3,76
2020-04-16,971,Stein,Limburg,31,Ziekenhuisopname,0,37
2020-04-16,971,Stein,Limburg,31,Overleden,,
2020-04-16,981,Vaals,Limburg,31,Totaal,1,22
2020-04-16,981,Vaals,Limburg,31,Ziekenhuisopname,0,9
2020-04-16,981,Vaals,Limburg,31,Overleden,,
2020-04-16,983,Venlo,Limburg,31,Totaal,9,216
2020-04-16,983,Venlo,Limburg,31,Ziekenhuisopname,0,115
2020-04-16,983,Venlo,Limburg,31,Overleden,,
2020-04-16,984,Venray,Limburg,31,Totaal,1,81
2020-04-16,984,Venray,Limburg,31,Ziekenhuisopname,0,35
2020-04-16,984,Venray,Limburg,31,Overleden,,
2020-04-16,986,Voerendaal,Limburg,31,Totaal,3,30
2020-04-16,986,Voerendaal,Limburg,31,Ziekenhuisopname,1,16
2020-04-16,986,Voerendaal,Limburg,31,Overleden,,
2020-04-16,988,Weert,Limburg,31,Totaal,3,99
2020-04-16,988,Weert,Limburg,31,Ziekenhuisopname,1,56
2020-04-16,988,Weert,Limburg,31,Overleden,,
2020-04-16,994,Valkenburg aan de Geul,Limburg,31,Totaal,0,51
2020-04-16,994,Valkenburg aan de Geul,Limburg,31,Ziekenhuisopname,0,14
2020-04-16,994,Valkenburg aan de Geul,Limburg,31,Overleden,,
2020-04-16,995,Lelystad,Flevoland,24,Totaal,4,93
2020-04-16,995,Lelystad,Flevoland,24,Ziekenhuisopname,4,49
2020-04-16,995,Lelystad,Flevoland,24,Overleden,,
2020-04-16,1507,Horst aan de Maas,Limburg,31,Totaal,2,93
2020-04-16,1507,Horst aan de Maas,Limburg,31,Ziekenhuisopname,0,40
2020-04-16,1507,Horst aan de Maas,Limburg,31,Overleden,,
2020-04-16,1509,Oude IJsselstreek,Gelderland,25,Totaal,1,43
2020-04-16,1509,Oude IJsselstreek,Gelderland,25,Ziekenhuisopname,0,11
2020-04-16,1509,Oude IJsselstreek,Gelderland,25,Overleden,,
2020-04-16,1525,Teylingen,Zuid-Holland,28,Totaal,2,35
2020-04-16,1525,Teylingen,Zuid-Holland,28,Ziekenhuisopname,0,12
2020-04-16,1525,Teylingen,Zuid-Holland,28,Overleden,,
2020-04-16,1581,Utrechtse Heuvelrug,Utrecht,26,Totaal,3,73
2020-04-16,1581,Utrechtse Heuvelrug,Utrecht,26,Ziekenhuisopname,1,22
2020-04-16,1581,Utrechtse Heuvelrug,Utrecht,26,Overleden,,
2020-04-16,1586,Oost Gelre,Gelderland,25,Totaal,1,40
2020-04-16,1586,Oost Gelre,Gelderland,25,Ziekenhuisopname,0,9
2020-04-16,1586,Oost Gelre,Gelderland,25,Overleden,,
2020-04-16,1598,Koggenland,Noord-Holland,27,Totaal,0,28
2020-04-16,1598,Koggenland,Noord-Holland,27,Ziekenhuisopname,0,7
2020-04-16,1598,Koggenland,Noord-Holland,27,Overleden,,
2020-04-16,1621,Lansingerland,Zuid-Holland,28,Totaal,6,135
2020-04-16,1621,Lansingerland,Zuid-Holland,28,Ziekenhuisopname,1,34
2020-04-16,1621,Lansingerland,Zuid-Holland,28,Overleden,,
2020-04-16,1640,Leudal,Limburg,31,Totaal,6,135
2020-04-16,1640,Leudal,Limburg,31,Ziekenhuisopname,1,53
2020-04-16,1640,Leudal,Limburg,31,Overleden,,
2020-04-16,1641,Maasgouw,Limburg,31,Totaal,2,59
2020-04-16,1641,Maasgouw,Limburg,31,Ziekenhuisopname,1,23
2020-04-16,1641,Maasgouw,Limburg,31,Overleden,,
2020-04-16,1652,Gemert-Bakel,Noord-Brabant,30,Totaal,8,142
2020-04-16,1652,Gemert-Bakel,Noord-Brabant,30,Ziekenhuisopname,0,70
2020-04-16,1652,Gemert-Bakel,Noord-Brabant,30,Overleden,,
2020-04-16,1655,Halderberge,Noord-Brabant,30,Totaal,3,46
2020-04-16,1655,Halderberge,Noord-Brabant,30,Ziekenhuisopname,0,11
2020-04-16,1655,Halderberge,Noord-Brabant,30,Overleden,,
2020-04-16,1658,Heeze-Leende,Noord-Brabant,30,Totaal,0,46
2020-04-16,1658,Heeze-Leende,Noord-Brabant,30,Ziekenhuisopname,1,13
2020-04-16,1658,Heeze-Leende,Noord-Brabant,30,Overleden,,
2020-04-16,1659,Laarbeek,Noord-Brabant,30,Totaal,2,77
2020-04-16,1659,Laarbeek,Noord-Brabant,30,Ziekenhuisopname,0,35
2020-04-16,1659,Laarbeek,Noord-Brabant,30,Overleden,,
2020-04-16,1667,Reusel-De Mierden,Noord-Brabant,30,Totaal,0,18
2020-04-16,1667,Reusel-De Mierden,Noord-Brabant,30,Ziekenhuisopname,0,9
2020-04-16,1667,Reusel-De Mierden,Noord-Brabant,30,Overleden,,
2020-04-16,1669,Roerdalen,Limburg,31,Totaal,0,39
2020-04-16,1669,Roerdalen,Limburg,31,Ziekenhuisopname,0,26
2020-04-16,1669,Roerdalen,Limburg,31,Overleden,,
2020-04-16,1674,Roosendaal,Noord-Brabant,30,Totaal,8,138
2020-04-16,1674,Roosendaal,Noord-Brabant,30,Ziekenhuisopname,2,21
2020-04-16,1674,Roosendaal,Noord-Brabant,30,Overleden,,
2020-04-16,1676,Schouwen-Duiveland,Zeeland,29,Totaal,0,27
2020-04-16,1676,Schouwen-Duiveland,Zeeland,29,Ziekenhuisopname,0,10
2020-04-16,1676,Schouwen-Duiveland,Zeeland,29,Overleden,,
2020-04-16,1680,Aa en Hunze,Drenthe,22,Totaal,1,11
2020-04-16,1680,Aa en Hunze,Drenthe,22,Ziekenhuisopname,0,1
2020-04-16,1680,Aa en Hunze,Drenthe,22,Overleden,,
2020-04-16,1681,Borger-Odoorn,Drenthe,22,Totaal,1,5
2020-04-16,1681,Borger-Odoorn,Drenthe,22,Ziekenhuisopname,0,2
2020-04-16,1681,Borger-Odoorn,Drenthe,22,Overleden,,
2020-04-16,1684,Cuijk,Noord-Brabant,30,Totaal,3,44
2020-04-16,1684,Cuijk,Noord-Brabant,30,Ziekenhuisopname,0,9
2020-04-16,1684,Cuijk,Noord-Brabant,30,Overleden,,
2020-04-16,1685,Landerd,Noord-Brabant,30,Totaal,4,105
2020-04-16,1685,Landerd,Noord-Brabant,30,Ziekenhuisopname,0,29
2020-04-16,1685,Landerd,Noord-Brabant,30,Overleden,,
2020-04-16,1690,De Wolden,Drenthe,22,Totaal,3,31
2020-04-16,1690,De Wolden,Drenthe,22,Ziekenhuisopname,1,9
2020-04-16,1690,De Wolden,Drenthe,22,Overleden,,
2020-04-16,1695,Noord-Beveland,Zeeland,29,Totaal,0,5
2020-04-16,1695,Noord-Beveland,Zeeland,29,Ziekenhuisopname,0,1
2020-04-16,1695,Noord-Beveland,Zeeland,29,Overleden,,
2020-04-16,1696,Wijdemeren,Noord-Holland,27,Totaal,2,19
2020-04-16,1696,Wijdemeren,Noord-Holland,27,Ziekenhuisopname,0,7
2020-04-16,1696,Wijdemeren,Noord-Holland,27,Overleden,,
2020-04-16,1699,Noordenveld,Drenthe,22,Totaal,2,15
2020-04-16,1699,Noordenveld,Drenthe,22,Ziekenhuisopname,0,2
2020-04-16,1699,Noordenveld,Drenthe,22,Overleden,,
2020-04-16,1700,Twenterand,Overijssel,23,Totaal,0,42
2020-04-16,1700,Twenterand,Overijssel,23,Ziekenhuisopname,0,10
2020-04-16,1700,Twenterand,Overijssel,23,Overleden,,
2020-04-16,1701,Westerveld,Drenthe,22,Totaal,1,25
2020-04-16,1701,Westerveld,Drenthe,22,Ziekenhuisopname,2,8
2020-04-16,1701,Westerveld,Drenthe,22,Overleden,,
2020-04-16,1702,Sint Anthonis,Noord-Brabant,30,Totaal,1,55
2020-04-16,1702,Sint Anthonis,Noord-Brabant,30,Ziekenhuisopname,1,19
2020-04-16,1702,Sint Anthonis,Noord-Brabant,30,Overleden,,
2020-04-16,1705,Lingewaard,Gelderland,25,Totaal,3,67
2020-04-16,1705,Lingewaard,Gelderland,25,Ziekenhuisopname,2,28
2020-04-16,1705,Lingewaard,Gelderland,25,Overleden,,
2020-04-16,1706,Cranendonck,Noord-Brabant,30,Totaal,3,144
2020-04-16,1706,Cranendonck,Noord-Brabant,30,Ziekenhuisopname,0,58
2020-04-16,1706,Cranendonck,Noord-Brabant,30,Overleden,,
2020-04-16,1708,Steenwijkerland,Overijssel,23,Totaal,7,60
2020-04-16,1708,Steenwijkerland,Overijssel,23,Ziekenhuisopname,0,11
2020-04-16,1708,Steenwijkerland,Overijssel,23,Overleden,,
2020-04-16,1709,Moerdijk,Noord-Brabant,30,Totaal,4,45
2020-04-16,1709,Moerdijk,Noord-Brabant,30,Ziekenhuisopname,4,13
2020-04-16,1709,Moerdijk,Noord-Brabant,30,Overleden,,
2020-04-16,1711,Echt-Susteren,Limburg,31,Totaal,2,67
2020-04-16,1711,Echt-Susteren,Limburg,31,Ziekenhuisopname,0,35
2020-04-16,1711,Echt-Susteren,Limburg,31,Overleden,,
2020-04-16,1714,Sluis,Zeeland,29,Totaal,0,15
2020-04-16,1714,Sluis,Zeeland,29,Ziekenhuisopname,0,7
2020-04-16,1714,Sluis,Zeeland,29,Overleden,,
2020-04-16,1719,Drimmelen,Noord-Brabant,30,Totaal,1,44
2020-04-16,1719,Drimmelen,Noord-Brabant,30,Ziekenhuisopname,0,17
2020-04-16,1719,Drimmelen,Noord-Brabant,30,Overleden,,
2020-04-16,1721,Bernheze,Noord-Brabant,30,Totaal,12,212
2020-04-16,1721,Bernheze,Noord-Brabant,30,Ziekenhuisopname,0,77
2020-04-16,1721,Bernheze,Noord-Brabant,30,Overleden,,
2020-04-16,1723,Alphen-Chaam,Noord-Brabant,30,Totaal,0,40
2020-04-16,1723,Alphen-Chaam,Noord-Brabant,30,Ziekenhuisopname,0,15
2020-04-16,1723,Alphen-Chaam,Noord-Brabant,30,Overleden,,
2020-04-16,1724,Bergeijk,Noord-Brabant,30,Totaal,1,38
2020-04-16,1724,Bergeijk,Noord-Brabant,30,Ziekenhuisopname,0,14
2020-04-16,1724,Bergeijk,Noord-Brabant,30,Overleden,,
2020-04-16,1728,Bladel,Noord-Brabant,30,Totaal,2,44
2020-04-16,1728,Bladel,Noord-Brabant,30,Ziekenhuisopname,1,16
2020-04-16,1728,Bladel,Noord-Brabant,30,Overleden,,
2020-04-16,1729,Gulpen-Wittem,Limburg,31,Totaal,1,43
2020-04-16,1729,Gulpen-Wittem,Limburg,31,Ziekenhuisopname,0,15
2020-04-16,1729,Gulpen-Wittem,Limburg,31,Overleden,,
2020-04-16,1730,Tynaarlo,Drenthe,22,Totaal,1,33
2020-04-16,1730,Tynaarlo,Drenthe,22,Ziekenhuisopname,1,8
2020-04-16,1730,Tynaarlo,Drenthe,22,Overleden,,
2020-04-16,1731,Midden-Drenthe,Drenthe,22,Totaal,0,17
2020-04-16,1731,Midden-Drenthe,Drenthe,22,Ziekenhuisopname,0,6
2020-04-16,1731,Midden-Drenthe,Drenthe,22,Overleden,,
2020-04-16,1734,Overbetuwe,Gelderland,25,Totaal,-1,101
2020-04-16,1734,Overbetuwe,Gelderland,25,Ziekenhuisopname,0,54
2020-04-16,1734,Overbetuwe,Gelderland,25,Overleden,,
2020-04-16,1735,Hof van Twente,Overijssel,23,Totaal,2,53
2020-04-16,1735,Hof van Twente,Overijssel,23,Ziekenhuisopname,0,14
2020-04-16,1735,Hof van Twente,Overijssel,23,Overleden,,
2020-04-16,1740,Neder-Betuwe,Gelderland,25,Totaal,4,69
2020-04-16,1740,Neder-Betuwe,Gelderland,25,Ziekenhuisopname,0,31
2020-04-16,1740,Neder-Betuwe,Gelderland,25,Overleden,,
2020-04-16,1742,Rijssen-Holten,Overijssel,23,Totaal,4,83
2020-04-16,1742,Rijssen-Holten,Overijssel,23,Ziekenhuisopname,0,24
2020-04-16,1742,Rijssen-Holten,Overijssel,23,Overleden,,
2020-04-16,1771,Geldrop-Mierlo,Noord-Brabant,30,Totaal,2,75
2020-04-16,1771,Geldrop-Mierlo,Noord-Brabant,30,Ziekenhuisopname,0,24
2020-04-16,1771,Geldrop-Mierlo,Noord-Brabant,30,Overleden,,
2020-04-16,1773,Olst-Wijhe,Overijssel,23,Totaal,0,34
2020-04-16,1773,Olst-Wijhe,Overijssel,23,Ziekenhuisopname,0,12
2020-04-16,1773,Olst-Wijhe,Overijssel,23,Overleden,,
2020-04-16,1774,Dinkelland,Overijssel,23,Totaal,1,62
2020-04-16,1774,Dinkelland,Overijssel,23,Ziekenhuisopname,0,17
2020-04-16,1774,Dinkelland,Overijssel,23,Overleden,,
2020-04-16,1783,Westland,Zuid-Holland,28,Totaal,14,167
2020-04-16,1783,Westland,Zuid-Holland,28,Ziekenhuisopname,1,44
2020-04-16,1783,Westland,Zuid-Holland,28,Overleden,,
2020-04-16,1842,Midden-Delfland,Zuid-Holland,28,Totaal,0,12
2020-04-16,1842,Midden-Delfland,Zuid-Holland,28,Ziekenhuisopname,0,4
2020-04-16,1842,Midden-Delfland,Zuid-Holland,28,Overleden,,
2020-04-16,1859,Berkelland,Gelderland,25,Totaal,4,38
2020-04-16,1859,Berkelland,Gelderland,25,Ziekenhuisopname,0,5
2020-04-16,1859,Berkelland,Gelderland,25,Overleden,,
2020-04-16,1876,Bronckhorst,Gelderland,25,Totaal,7,37
2020-04-16,1876,Bronckhorst,Gelderland,25,Ziekenhuisopname,0,5
2020-04-16,1876,Bronckhorst,Gelderland,25,Overleden,,
2020-04-16,1883,Sittard-Geleen,Limburg,31,Totaal,16,258
2020-04-16,1883,Sittard-Geleen,Limburg,31,Ziekenhuisopname,0,91
2020-04-16,1883,Sittard-Geleen,Limburg,31,Overleden,,
2020-04-16,1884,Kaag en Braassem,Zuid-Holland,28,Totaal,2,17
2020-04-16,1884,Kaag en Braassem,Zuid-Holland,28,Ziekenhuisopname,0,6
2020-04-16,1884,Kaag en Braassem,Zuid-Holland,28,Overleden,,
2020-04-16,1891,Dantumadiel,Friesland,21,Totaal,0,6
2020-04-16,1891,Dantumadiel,Friesland,21,Ziekenhuisopname,0,2
2020-04-16,1891,Dantumadiel,Friesland,21,Overleden,,
2020-04-16,1892,Zuidplas,Zuid-Holland,28,Totaal,7,72
2020-04-16,1892,Zuidplas,Zuid-Holland,28,Ziekenhuisopname,0,17
2020-04-16,1892,Zuidplas,Zuid-Holland,28,Overleden,,
2020-04-16,1894,Peel en Maas,Limburg,31,Totaal,2,227
2020-04-16,1894,Peel en Maas,Limburg,31,Ziekenhuisopname,1,136
2020-04-16,1894,Peel en Maas,Limburg,31,Overleden,,
2020-04-16,1895,Oldambt,Groningen,20,Totaal,0,6
2020-04-16,1895,Oldambt,Groningen,20,Ziekenhuisopname,0,2
2020-04-16,1895,Oldambt,Groningen,20,Overleden,,
2020-04-16,1896,Zwartewaterland,Overijssel,23,Totaal,1,107
2020-04-16,1896,Zwartewaterland,Overijssel,23,Ziekenhuisopname,0,31
2020-04-16,1896,Zwartewaterland,Overijssel,23,Overleden,,
2020-04-16,1900,Sdwest-Frysln,Friesland,21,Totaal,6,61
2020-04-16,1900,Sdwest-Frysln,Friesland,21,Ziekenhuisopname,0,17
2020-04-16,1900,Sdwest-Frysln,Friesland,21,Overleden,,
2020-04-16,1901,Bodegraven-Reeuwijk,Zuid-Holland,28,Totaal,3,32
2020-04-16,1901,Bodegraven-Reeuwijk,Zuid-Holland,28,Ziekenhuisopname,0,7
2020-04-16,1901,Bodegraven-Reeuwijk,Zuid-Holland,28,Overleden,,
2020-04-16,1903,Eijsden-Margraten,Limburg,31,Totaal,3,117
2020-04-16,1903,Eijsden-Margraten,Limburg,31,Ziekenhuisopname,1,48
2020-04-16,1903,Eijsden-Margraten,Limburg,31,Overleden,,
2020-04-16,1904,Stichtse Vecht,Utrecht,26,Totaal,2,71
2020-04-16,1904,Stichtse Vecht,Utrecht,26,Ziekenhuisopname,1,27
2020-04-16,1904,Stichtse Vecht,Utrecht,26,Overleden,,
2020-04-16,1911,Hollands Kroon,Noord-Holland,27,Totaal,0,50
2020-04-16,1911,Hollands Kroon,Noord-Holland,27,Ziekenhuisopname,0,26
2020-04-16,1911,Hollands Kroon,Noord-Holland,27,Overleden,,
2020-04-16,1916,Leidschendam-Voorburg,Zuid-Holland,28,Totaal,4,64
2020-04-16,1916,Leidschendam-Voorburg,Zuid-Holland,28,Ziekenhuisopname,1,19
2020-04-16,1916,Leidschendam-Voorburg,Zuid-Holland,28,Overleden,,
2020-04-16,1924,Goeree-Overflakkee,Zuid-Holland,28,Totaal,8,225
2020-04-16,1924,Goeree-Overflakkee,Zuid-Holland,28,Ziekenhuisopname,2,50
2020-04-16,1924,Goeree-Overflakkee,Zuid-Holland,28,Overleden,,
2020-04-16,1926,Pijnacker-Nootdorp,Zuid-Holland,28,Totaal,0,65
2020-04-16,1926,Pijnacker-Nootdorp,Zuid-Holland,28,Ziekenhuisopname,1,20
2020-04-16,1926,Pijnacker-Nootdorp,Zuid-Holland,28,Overleden,,
2020-04-16,1930,Nissewaard,Zuid-Holland,28,Totaal,2,111
2020-04-16,1930,Nissewaard,Zuid-Holland,28,Ziekenhuisopname,2,35
2020-04-16,1930,Nissewaard,Zuid-Holland,28,Overleden,,
2020-04-16,1931,Krimpenerwaard,Zuid-Holland,28,Totaal,8,109
2020-04-16,1931,Krimpenerwaard,Zuid-Holland,28,Ziekenhuisopname,0,40
2020-04-16,1931,Krimpenerwaard,Zuid-Holland,28,Overleden,,
2020-04-16,1940,De Fryske Marren,Friesland,21,Totaal,1,49
2020-04-16,1940,De Fryske Marren,Friesland,21,Ziekenhuisopname,0,13
2020-04-16,1940,De Fryske Marren,Friesland,21,Overleden,,
2020-04-16,1942,Gooise Meren,Noord-Holland,27,Totaal,2,77
2020-04-16,1942,Gooise Meren,Noord-Holland,27,Ziekenhuisopname,1,22
2020-04-16,1942,Gooise Meren,Noord-Holland,27,Overleden,,
2020-04-16,1945,Berg en Dal,Gelderland,25,Totaal,5,132
2020-04-16,1945,Berg en Dal,Gelderland,25,Ziekenhuisopname,0,29
2020-04-16,1945,Berg en Dal,Gelderland,25,Overleden,,
2020-04-16,1948,Meierijstad,Noord-Brabant,30,Totaal,15,413
2020-04-16,1948,Meierijstad,Noord-Brabant,30,Ziekenhuisopname,0,166
2020-04-16,1948,Meierijstad,Noord-Brabant,30,Overleden,,
2020-04-16,1949,Waadhoeke,Friesland,21,Totaal,2,62
2020-04-16,1949,Waadhoeke,Friesland,21,Ziekenhuisopname,0,9
2020-04-16,1949,Waadhoeke,Friesland,21,Overleden,,
2020-04-16,1950,Westerwolde,Groningen,20,Totaal,0,5
2020-04-16,1950,Westerwolde,Groningen,20,Ziekenhuisopname,0,5
2020-04-16,1950,Westerwolde,Groningen,20,Overleden,,
2020-04-16,1952,Midden-Groningen,Groningen,20,Totaal,1,25
2020-04-16,1952,Midden-Groningen,Groningen,20,Ziekenhuisopname,0,6
2020-04-16,1952,Midden-Groningen,Groningen,20,Overleden,,
2020-04-16,1954,Beekdaelen,Limburg,31,Totaal,4,81
2020-04-16,1954,Beekdaelen,Limburg,31,Ziekenhuisopname,0,40
2020-04-16,1954,Beekdaelen,Limburg,31,Overleden,,
2020-04-16,1955,Montferland,Gelderland,25,Totaal,4,52
2020-04-16,1955,Montferland,Gelderland,25,Ziekenhuisopname,0,9
2020-04-16,1955,Montferland,Gelderland,25,Overleden,,
2020-04-16,1959,Altena,Noord-Brabant,30,Totaal,3,92
2020-04-16,1959,Altena,Noord-Brabant,30,Ziekenhuisopname,1,29
2020-04-16,1959,Altena,Noord-Brabant,30,Overleden,,
2020-04-16,1960,West Betuwe,Gelderland,25,Totaal,2,113
2020-04-16,1960,West Betuwe,Gelderland,25,Ziekenhuisopname,1,34
2020-04-16,1960,West Betuwe,Gelderland,25,Overleden,,
2020-04-16,1961,Vijfheerenlanden,Utrecht,26,Totaal,4,158
2020-04-16,1961,Vijfheerenlanden,Utrecht,26,Ziekenhuisopname,2,24
2020-04-16,1961,Vijfheerenlanden,Utrecht,26,Overleden,,
2020-04-16,1963,Hoeksche Waard,Zuid-Holland,28,Totaal,2,169
2020-04-16,1963,Hoeksche Waard,Zuid-Holland,28,Ziekenhuisopname,0,65
2020-04-16,1963,Hoeksche Waard,Zuid-Holland,28,Overleden,,
2020-04-16,1966,Het Hogeland,Groningen,20,Totaal,0,23
2020-04-16,1966,Het Hogeland,Groningen,20,Ziekenhuisopname,0,7
2020-04-16,1966,Het Hogeland,Groningen,20,Overleden,,
2020-04-16,1969,Westerkwartier,Groningen,20,Totaal,0,51
2020-04-16,1969,Westerkwartier,Groningen,20,Ziekenhuisopname,0,14
2020-04-16,1969,Westerkwartier,Groningen,20,Overleden,,
2020-04-16,1970,Noardeast-Frysln,Friesland,21,Totaal,0,23
2020-04-16,1970,Noardeast-Frysln,Friesland,21,Ziekenhuisopname,0,6
2020-04-16,1970,Noardeast-Frysln,Friesland,21,Overleden,,
2020-04-16,1978,Molenlanden,Zuid-Holland,28,Totaal,5,82
2020-04-16,1978,Molenlanden,Zuid-Holland,28,Ziekenhuisopname,0,16
2020-04-16,1978,Molenlanden,Zuid-Holland,28,Overleden,,
