Datum,Gemeentecode,Gemeentenaam,Provincienaam,Provinciecode,Type,Aantal,AantalCumulatief
2020-04-25,-1,,,-1,Totaal,6,517
2020-04-25,-1,,,-1,Ziekenhuisopname,-1,79
2020-04-25,-1,,,-1,Overleden,0,39
2020-04-25,3,Appingedam,Groningen,20,Totaal,0,5
2020-04-25,3,Appingedam,Groningen,20,Ziekenhuisopname,0,3
2020-04-25,3,Appingedam,Groningen,20,Overleden,0,0
2020-04-25,10,Delfzijl,Groningen,20,Totaal,0,16
2020-04-25,10,Delfzijl,Groningen,20,Ziekenhuisopname,0,5
2020-04-25,10,Delfzijl,Groningen,20,Overleden,0,0
2020-04-25,14,Groningen,Groningen,20,Totaal,0,156
2020-04-25,14,Groningen,Groningen,20,Ziekenhuisopname,0,17
2020-04-25,14,Groningen,Groningen,20,Overleden,0,3
2020-04-25,24,Loppersum,Groningen,20,Totaal,0,2
2020-04-25,24,Loppersum,Groningen,20,Ziekenhuisopname,0,0
2020-04-25,24,Loppersum,Groningen,20,Overleden,0,0
2020-04-25,34,Almere,Flevoland,24,Totaal,9,286
2020-04-25,34,Almere,Flevoland,24,Ziekenhuisopname,0,109
2020-04-25,34,Almere,Flevoland,24,Overleden,1,7
2020-04-25,37,Stadskanaal,Groningen,20,Totaal,0,5
2020-04-25,37,Stadskanaal,Groningen,20,Ziekenhuisopname,0,2
2020-04-25,37,Stadskanaal,Groningen,20,Overleden,0,1
2020-04-25,47,Veendam,Groningen,20,Totaal,0,9
2020-04-25,47,Veendam,Groningen,20,Ziekenhuisopname,0,2
2020-04-25,47,Veendam,Groningen,20,Overleden,0,0
2020-04-25,50,Zeewolde,Flevoland,24,Totaal,2,34
2020-04-25,50,Zeewolde,Flevoland,24,Ziekenhuisopname,1,11
2020-04-25,50,Zeewolde,Flevoland,24,Overleden,0,3
2020-04-25,59,Achtkarspelen,Friesland,21,Totaal,0,9
2020-04-25,59,Achtkarspelen,Friesland,21,Ziekenhuisopname,0,0
2020-04-25,59,Achtkarspelen,Friesland,21,Overleden,0,0
2020-04-25,60,Ameland,Friesland,21,Totaal,0,0
2020-04-25,60,Ameland,Friesland,21,Ziekenhuisopname,0,0
2020-04-25,60,Ameland,Friesland,21,Overleden,0,0
2020-04-25,72,Harlingen,Friesland,21,Totaal,0,16
2020-04-25,72,Harlingen,Friesland,21,Ziekenhuisopname,0,4
2020-04-25,72,Harlingen,Friesland,21,Overleden,0,1
2020-04-25,74,Heerenveen,Friesland,21,Totaal,0,81
2020-04-25,74,Heerenveen,Friesland,21,Ziekenhuisopname,0,13
2020-04-25,74,Heerenveen,Friesland,21,Overleden,0,17
2020-04-25,80,Leeuwarden,Friesland,21,Totaal,1,53
2020-04-25,80,Leeuwarden,Friesland,21,Ziekenhuisopname,0,33
2020-04-25,80,Leeuwarden,Friesland,21,Overleden,0,6
2020-04-25,85,Ooststellingwerf,Friesland,21,Totaal,0,7
2020-04-25,85,Ooststellingwerf,Friesland,21,Ziekenhuisopname,0,3
2020-04-25,85,Ooststellingwerf,Friesland,21,Overleden,0,0
2020-04-25,86,Opsterland,Friesland,21,Totaal,0,22
2020-04-25,86,Opsterland,Friesland,21,Ziekenhuisopname,0,6
2020-04-25,86,Opsterland,Friesland,21,Overleden,0,0
2020-04-25,88,Schiermonnikoog,Friesland,21,Totaal,0,0
2020-04-25,88,Schiermonnikoog,Friesland,21,Ziekenhuisopname,0,0
2020-04-25,88,Schiermonnikoog,Friesland,21,Overleden,0,0
2020-04-25,90,Smallingerland,Friesland,21,Totaal,1,47
2020-04-25,90,Smallingerland,Friesland,21,Ziekenhuisopname,1,8
2020-04-25,90,Smallingerland,Friesland,21,Overleden,0,4
2020-04-25,93,Terschelling,Friesland,21,Totaal,0,2
2020-04-25,93,Terschelling,Friesland,21,Ziekenhuisopname,0,0
2020-04-25,93,Terschelling,Friesland,21,Overleden,0,0
2020-04-25,96,Vlieland,Friesland,21,Totaal,0,0
2020-04-25,96,Vlieland,Friesland,21,Ziekenhuisopname,0,0
2020-04-25,96,Vlieland,Friesland,21,Overleden,0,0
2020-04-25,98,Weststellingwerf,Friesland,21,Totaal,1,26
2020-04-25,98,Weststellingwerf,Friesland,21,Ziekenhuisopname,0,3
2020-04-25,98,Weststellingwerf,Friesland,21,Overleden,0,3
2020-04-25,106,Assen,Drenthe,22,Totaal,2,38
2020-04-25,106,Assen,Drenthe,22,Ziekenhuisopname,0,12
2020-04-25,106,Assen,Drenthe,22,Overleden,0,2
2020-04-25,109,Coevorden,Drenthe,22,Totaal,3,53
2020-04-25,109,Coevorden,Drenthe,22,Ziekenhuisopname,0,12
2020-04-25,109,Coevorden,Drenthe,22,Overleden,0,1
2020-04-25,114,Emmen,Drenthe,22,Totaal,3,86
2020-04-25,114,Emmen,Drenthe,22,Ziekenhuisopname,1,20
2020-04-25,114,Emmen,Drenthe,22,Overleden,0,10
2020-04-25,118,Hoogeveen,Drenthe,22,Totaal,1,76
2020-04-25,118,Hoogeveen,Drenthe,22,Ziekenhuisopname,0,15
2020-04-25,118,Hoogeveen,Drenthe,22,Overleden,0,5
2020-04-25,119,Meppel,Drenthe,22,Totaal,0,31
2020-04-25,119,Meppel,Drenthe,22,Ziekenhuisopname,0,6
2020-04-25,119,Meppel,Drenthe,22,Overleden,0,3
2020-04-25,141,Almelo,Overijssel,23,Totaal,0,86
2020-04-25,141,Almelo,Overijssel,23,Ziekenhuisopname,0,21
2020-04-25,141,Almelo,Overijssel,23,Overleden,0,6
2020-04-25,147,Borne,Overijssel,23,Totaal,1,45
2020-04-25,147,Borne,Overijssel,23,Ziekenhuisopname,1,14
2020-04-25,147,Borne,Overijssel,23,Overleden,0,6
2020-04-25,148,Dalfsen,Overijssel,23,Totaal,1,73
2020-04-25,148,Dalfsen,Overijssel,23,Ziekenhuisopname,0,15
2020-04-25,148,Dalfsen,Overijssel,23,Overleden,0,6
2020-04-25,150,Deventer,Overijssel,23,Totaal,4,189
2020-04-25,150,Deventer,Overijssel,23,Ziekenhuisopname,0,42
2020-04-25,150,Deventer,Overijssel,23,Overleden,3,28
2020-04-25,153,Enschede,Overijssel,23,Totaal,2,172
2020-04-25,153,Enschede,Overijssel,23,Ziekenhuisopname,0,51
2020-04-25,153,Enschede,Overijssel,23,Overleden,1,15
2020-04-25,158,Haaksbergen,Overijssel,23,Totaal,1,50
2020-04-25,158,Haaksbergen,Overijssel,23,Ziekenhuisopname,0,14
2020-04-25,158,Haaksbergen,Overijssel,23,Overleden,0,4
2020-04-25,160,Hardenberg,Overijssel,23,Totaal,0,162
2020-04-25,160,Hardenberg,Overijssel,23,Ziekenhuisopname,0,23
2020-04-25,160,Hardenberg,Overijssel,23,Overleden,0,7
2020-04-25,163,Hellendoorn,Overijssel,23,Totaal,4,72
2020-04-25,163,Hellendoorn,Overijssel,23,Ziekenhuisopname,0,8
2020-04-25,163,Hellendoorn,Overijssel,23,Overleden,2,4
2020-04-25,164,Hengelo,Overijssel,23,Totaal,0,111
2020-04-25,164,Hengelo,Overijssel,23,Ziekenhuisopname,0,20
2020-04-25,164,Hengelo,Overijssel,23,Overleden,0,15
2020-04-25,166,Kampen,Overijssel,23,Totaal,3,301
2020-04-25,166,Kampen,Overijssel,23,Ziekenhuisopname,0,58
2020-04-25,166,Kampen,Overijssel,23,Overleden,0,26
2020-04-25,168,Losser,Overijssel,23,Totaal,1,22
2020-04-25,168,Losser,Overijssel,23,Ziekenhuisopname,0,7
2020-04-25,168,Losser,Overijssel,23,Overleden,0,0
2020-04-25,171,Noordoostpolder,Flevoland,24,Totaal,2,63
2020-04-25,171,Noordoostpolder,Flevoland,24,Ziekenhuisopname,0,14
2020-04-25,171,Noordoostpolder,Flevoland,24,Overleden,1,4
2020-04-25,173,Oldenzaal,Overijssel,23,Totaal,1,48
2020-04-25,173,Oldenzaal,Overijssel,23,Ziekenhuisopname,0,14
2020-04-25,173,Oldenzaal,Overijssel,23,Overleden,0,5
2020-04-25,175,Ommen,Overijssel,23,Totaal,0,47
2020-04-25,175,Ommen,Overijssel,23,Ziekenhuisopname,0,9
2020-04-25,175,Ommen,Overijssel,23,Overleden,0,2
2020-04-25,177,Raalte,Overijssel,23,Totaal,9,132
2020-04-25,177,Raalte,Overijssel,23,Ziekenhuisopname,0,23
2020-04-25,177,Raalte,Overijssel,23,Overleden,4,14
2020-04-25,180,Staphorst,Overijssel,23,Totaal,1,54
2020-04-25,180,Staphorst,Overijssel,23,Ziekenhuisopname,0,8
2020-04-25,180,Staphorst,Overijssel,23,Overleden,0,4
2020-04-25,183,Tubbergen,Overijssel,23,Totaal,1,74
2020-04-25,183,Tubbergen,Overijssel,23,Ziekenhuisopname,0,11
2020-04-25,183,Tubbergen,Overijssel,23,Overleden,0,3
2020-04-25,184,Urk,Flevoland,24,Totaal,4,65
2020-04-25,184,Urk,Flevoland,24,Ziekenhuisopname,0,20
2020-04-25,184,Urk,Flevoland,24,Overleden,0,4
2020-04-25,189,Wierden,Overijssel,23,Totaal,0,43
2020-04-25,189,Wierden,Overijssel,23,Ziekenhuisopname,0,4
2020-04-25,189,Wierden,Overijssel,23,Overleden,2,5
2020-04-25,193,Zwolle,Overijssel,23,Totaal,4,317
2020-04-25,193,Zwolle,Overijssel,23,Ziekenhuisopname,1,53
2020-04-25,193,Zwolle,Overijssel,23,Overleden,3,44
2020-04-25,197,Aalten,Gelderland,25,Totaal,1,51
2020-04-25,197,Aalten,Gelderland,25,Ziekenhuisopname,0,5
2020-04-25,197,Aalten,Gelderland,25,Overleden,0,3
2020-04-25,200,Apeldoorn,Gelderland,25,Totaal,6,315
2020-04-25,200,Apeldoorn,Gelderland,25,Ziekenhuisopname,4,58
2020-04-25,200,Apeldoorn,Gelderland,25,Overleden,1,37
2020-04-25,202,Arnhem,Gelderland,25,Totaal,5,234
2020-04-25,202,Arnhem,Gelderland,25,Ziekenhuisopname,0,58
2020-04-25,202,Arnhem,Gelderland,25,Overleden,0,21
2020-04-25,203,Barneveld,Gelderland,25,Totaal,2,100
2020-04-25,203,Barneveld,Gelderland,25,Ziekenhuisopname,0,17
2020-04-25,203,Barneveld,Gelderland,25,Overleden,0,6
2020-04-25,209,Beuningen,Gelderland,25,Totaal,1,57
2020-04-25,209,Beuningen,Gelderland,25,Ziekenhuisopname,0,19
2020-04-25,209,Beuningen,Gelderland,25,Overleden,0,4
2020-04-25,213,Brummen,Gelderland,25,Totaal,0,34
2020-04-25,213,Brummen,Gelderland,25,Ziekenhuisopname,0,16
2020-04-25,213,Brummen,Gelderland,25,Overleden,0,6
2020-04-25,214,Buren,Gelderland,25,Totaal,2,37
2020-04-25,214,Buren,Gelderland,25,Ziekenhuisopname,1,14
2020-04-25,214,Buren,Gelderland,25,Overleden,1,6
2020-04-25,216,Culemborg,Gelderland,25,Totaal,0,53
2020-04-25,216,Culemborg,Gelderland,25,Ziekenhuisopname,0,21
2020-04-25,216,Culemborg,Gelderland,25,Overleden,0,7
2020-04-25,221,Doesburg,Gelderland,25,Totaal,2,24
2020-04-25,221,Doesburg,Gelderland,25,Ziekenhuisopname,0,7
2020-04-25,221,Doesburg,Gelderland,25,Overleden,0,6
2020-04-25,222,Doetinchem,Gelderland,25,Totaal,1,85
2020-04-25,222,Doetinchem,Gelderland,25,Ziekenhuisopname,1,16
2020-04-25,222,Doetinchem,Gelderland,25,Overleden,0,13
2020-04-25,225,Druten,Gelderland,25,Totaal,2,106
2020-04-25,225,Druten,Gelderland,25,Ziekenhuisopname,2,23
2020-04-25,225,Druten,Gelderland,25,Overleden,1,7
2020-04-25,226,Duiven,Gelderland,25,Totaal,0,40
2020-04-25,226,Duiven,Gelderland,25,Ziekenhuisopname,0,13
2020-04-25,226,Duiven,Gelderland,25,Overleden,0,4
2020-04-25,228,Ede,Gelderland,25,Totaal,6,180
2020-04-25,228,Ede,Gelderland,25,Ziekenhuisopname,0,53
2020-04-25,228,Ede,Gelderland,25,Overleden,0,18
2020-04-25,230,Elburg,Gelderland,25,Totaal,1,105
2020-04-25,230,Elburg,Gelderland,25,Ziekenhuisopname,0,18
2020-04-25,230,Elburg,Gelderland,25,Overleden,1,6
2020-04-25,232,Epe,Gelderland,25,Totaal,2,118
2020-04-25,232,Epe,Gelderland,25,Ziekenhuisopname,2,33
2020-04-25,232,Epe,Gelderland,25,Overleden,1,18
2020-04-25,233,Ermelo,Gelderland,25,Totaal,2,95
2020-04-25,233,Ermelo,Gelderland,25,Ziekenhuisopname,3,23
2020-04-25,233,Ermelo,Gelderland,25,Overleden,0,13
2020-04-25,243,Harderwijk,Gelderland,25,Totaal,5,110
2020-04-25,243,Harderwijk,Gelderland,25,Ziekenhuisopname,2,27
2020-04-25,243,Harderwijk,Gelderland,25,Overleden,0,12
2020-04-25,244,Hattem,Gelderland,25,Totaal,1,41
2020-04-25,244,Hattem,Gelderland,25,Ziekenhuisopname,0,11
2020-04-25,244,Hattem,Gelderland,25,Overleden,0,5
2020-04-25,246,Heerde,Gelderland,25,Totaal,1,167
2020-04-25,246,Heerde,Gelderland,25,Ziekenhuisopname,0,33
2020-04-25,246,Heerde,Gelderland,25,Overleden,2,24
2020-04-25,252,Heumen,Gelderland,25,Totaal,2,63
2020-04-25,252,Heumen,Gelderland,25,Ziekenhuisopname,0,17
2020-04-25,252,Heumen,Gelderland,25,Overleden,0,5
2020-04-25,262,Lochem,Gelderland,25,Totaal,0,77
2020-04-25,262,Lochem,Gelderland,25,Ziekenhuisopname,0,12
2020-04-25,262,Lochem,Gelderland,25,Overleden,0,10
2020-04-25,263,Maasdriel,Gelderland,25,Totaal,3,38
2020-04-25,263,Maasdriel,Gelderland,25,Ziekenhuisopname,0,15
2020-04-25,263,Maasdriel,Gelderland,25,Overleden,0,4
2020-04-25,267,Nijkerk,Gelderland,25,Totaal,0,49
2020-04-25,267,Nijkerk,Gelderland,25,Ziekenhuisopname,0,21
2020-04-25,267,Nijkerk,Gelderland,25,Overleden,0,2
2020-04-25,268,Nijmegen,Gelderland,25,Totaal,2,499
2020-04-25,268,Nijmegen,Gelderland,25,Ziekenhuisopname,0,118
2020-04-25,268,Nijmegen,Gelderland,25,Overleden,0,47
2020-04-25,269,Oldebroek,Gelderland,25,Totaal,4,130
2020-04-25,269,Oldebroek,Gelderland,25,Ziekenhuisopname,2,29
2020-04-25,269,Oldebroek,Gelderland,25,Overleden,1,15
2020-04-25,273,Putten,Gelderland,25,Totaal,0,18
2020-04-25,273,Putten,Gelderland,25,Ziekenhuisopname,0,3
2020-04-25,273,Putten,Gelderland,25,Overleden,0,0
2020-04-25,274,Renkum,Gelderland,25,Totaal,0,60
2020-04-25,274,Renkum,Gelderland,25,Ziekenhuisopname,0,14
2020-04-25,274,Renkum,Gelderland,25,Overleden,1,4
2020-04-25,275,Rheden,Gelderland,25,Totaal,1,65
2020-04-25,275,Rheden,Gelderland,25,Ziekenhuisopname,0,31
2020-04-25,275,Rheden,Gelderland,25,Overleden,0,14
2020-04-25,277,Rozendaal,Gelderland,25,Totaal,0,3
2020-04-25,277,Rozendaal,Gelderland,25,Ziekenhuisopname,0,1
2020-04-25,277,Rozendaal,Gelderland,25,Overleden,0,0
2020-04-25,279,Scherpenzeel,Gelderland,25,Totaal,1,20
2020-04-25,279,Scherpenzeel,Gelderland,25,Ziekenhuisopname,0,3
2020-04-25,279,Scherpenzeel,Gelderland,25,Overleden,0,2
2020-04-25,281,Tiel,Gelderland,25,Totaal,0,89
2020-04-25,281,Tiel,Gelderland,25,Ziekenhuisopname,0,39
2020-04-25,281,Tiel,Gelderland,25,Overleden,0,16
2020-04-25,285,Voorst,Gelderland,25,Totaal,1,53
2020-04-25,285,Voorst,Gelderland,25,Ziekenhuisopname,0,11
2020-04-25,285,Voorst,Gelderland,25,Overleden,0,8
2020-04-25,289,Wageningen,Gelderland,25,Totaal,0,42
2020-04-25,289,Wageningen,Gelderland,25,Ziekenhuisopname,0,19
2020-04-25,289,Wageningen,Gelderland,25,Overleden,0,9
2020-04-25,293,Westervoort,Gelderland,25,Totaal,0,31
2020-04-25,293,Westervoort,Gelderland,25,Ziekenhuisopname,0,12
2020-04-25,293,Westervoort,Gelderland,25,Overleden,0,4
2020-04-25,294,Winterswijk,Gelderland,25,Totaal,0,33
2020-04-25,294,Winterswijk,Gelderland,25,Ziekenhuisopname,0,3
2020-04-25,294,Winterswijk,Gelderland,25,Overleden,0,2
2020-04-25,296,Wijchen,Gelderland,25,Totaal,0,123
2020-04-25,296,Wijchen,Gelderland,25,Ziekenhuisopname,0,38
2020-04-25,296,Wijchen,Gelderland,25,Overleden,0,10
2020-04-25,297,Zaltbommel,Gelderland,25,Totaal,3,69
2020-04-25,297,Zaltbommel,Gelderland,25,Ziekenhuisopname,0,18
2020-04-25,297,Zaltbommel,Gelderland,25,Overleden,0,7
2020-04-25,299,Zevenaar,Gelderland,25,Totaal,1,80
2020-04-25,299,Zevenaar,Gelderland,25,Ziekenhuisopname,0,42
2020-04-25,299,Zevenaar,Gelderland,25,Overleden,0,13
2020-04-25,301,Zutphen,Gelderland,25,Totaal,3,65
2020-04-25,301,Zutphen,Gelderland,25,Ziekenhuisopname,1,20
2020-04-25,301,Zutphen,Gelderland,25,Overleden,0,8
2020-04-25,302,Nunspeet,Gelderland,25,Totaal,4,177
2020-04-25,302,Nunspeet,Gelderland,25,Ziekenhuisopname,0,35
2020-04-25,302,Nunspeet,Gelderland,25,Overleden,0,17
2020-04-25,303,Dronten,Flevoland,24,Totaal,3,100
2020-04-25,303,Dronten,Flevoland,24,Ziekenhuisopname,1,27
2020-04-25,303,Dronten,Flevoland,24,Overleden,1,7
2020-04-25,307,Amersfoort,Utrecht,26,Totaal,1,154
2020-04-25,307,Amersfoort,Utrecht,26,Ziekenhuisopname,0,56
2020-04-25,307,Amersfoort,Utrecht,26,Overleden,0,19
2020-04-25,308,Baarn,Utrecht,26,Totaal,2,42
2020-04-25,308,Baarn,Utrecht,26,Ziekenhuisopname,0,10
2020-04-25,308,Baarn,Utrecht,26,Overleden,1,5
2020-04-25,310,De Bilt,Utrecht,26,Totaal,2,107
2020-04-25,310,De Bilt,Utrecht,26,Ziekenhuisopname,0,24
2020-04-25,310,De Bilt,Utrecht,26,Overleden,0,9
2020-04-25,312,Bunnik,Utrecht,26,Totaal,2,28
2020-04-25,312,Bunnik,Utrecht,26,Ziekenhuisopname,0,7
2020-04-25,312,Bunnik,Utrecht,26,Overleden,0,1
2020-04-25,313,Bunschoten,Utrecht,26,Totaal,2,53
2020-04-25,313,Bunschoten,Utrecht,26,Ziekenhuisopname,1,7
2020-04-25,313,Bunschoten,Utrecht,26,Overleden,1,6
2020-04-25,317,Eemnes,Utrecht,26,Totaal,0,14
2020-04-25,317,Eemnes,Utrecht,26,Ziekenhuisopname,0,2
2020-04-25,317,Eemnes,Utrecht,26,Overleden,0,1
2020-04-25,321,Houten,Utrecht,26,Totaal,1,103
2020-04-25,321,Houten,Utrecht,26,Ziekenhuisopname,0,24
2020-04-25,321,Houten,Utrecht,26,Overleden,0,11
2020-04-25,327,Leusden,Utrecht,26,Totaal,0,36
2020-04-25,327,Leusden,Utrecht,26,Ziekenhuisopname,0,8
2020-04-25,327,Leusden,Utrecht,26,Overleden,0,4
2020-04-25,331,Lopik,Utrecht,26,Totaal,0,51
2020-04-25,331,Lopik,Utrecht,26,Ziekenhuisopname,0,19
2020-04-25,331,Lopik,Utrecht,26,Overleden,0,7
2020-04-25,335,Montfoort,Utrecht,26,Totaal,0,34
2020-04-25,335,Montfoort,Utrecht,26,Ziekenhuisopname,0,12
2020-04-25,335,Montfoort,Utrecht,26,Overleden,0,4
2020-04-25,339,Renswoude,Utrecht,26,Totaal,1,17
2020-04-25,339,Renswoude,Utrecht,26,Ziekenhuisopname,0,5
2020-04-25,339,Renswoude,Utrecht,26,Overleden,0,5
2020-04-25,340,Rhenen,Utrecht,26,Totaal,1,21
2020-04-25,340,Rhenen,Utrecht,26,Ziekenhuisopname,0,7
2020-04-25,340,Rhenen,Utrecht,26,Overleden,0,4
2020-04-25,342,Soest,Utrecht,26,Totaal,0,71
2020-04-25,342,Soest,Utrecht,26,Ziekenhuisopname,0,22
2020-04-25,342,Soest,Utrecht,26,Overleden,0,10
2020-04-25,344,Utrecht,Utrecht,26,Totaal,13,732
2020-04-25,344,Utrecht,Utrecht,26,Ziekenhuisopname,1,211
2020-04-25,344,Utrecht,Utrecht,26,Overleden,1,73
2020-04-25,345,Veenendaal,Utrecht,26,Totaal,2,132
2020-04-25,345,Veenendaal,Utrecht,26,Ziekenhuisopname,0,40
2020-04-25,345,Veenendaal,Utrecht,26,Overleden,1,10
2020-04-25,351,Woudenberg,Utrecht,26,Totaal,1,26
2020-04-25,351,Woudenberg,Utrecht,26,Ziekenhuisopname,0,9
2020-04-25,351,Woudenberg,Utrecht,26,Overleden,0,1
2020-04-25,352,Wijk bij Duurstede,Utrecht,26,Totaal,1,27
2020-04-25,352,Wijk bij Duurstede,Utrecht,26,Ziekenhuisopname,0,8
2020-04-25,352,Wijk bij Duurstede,Utrecht,26,Overleden,0,1
2020-04-25,353,IJsselstein,Utrecht,26,Totaal,3,109
2020-04-25,353,IJsselstein,Utrecht,26,Ziekenhuisopname,0,33
2020-04-25,353,IJsselstein,Utrecht,26,Overleden,0,27
2020-04-25,355,Zeist,Utrecht,26,Totaal,2,126
2020-04-25,355,Zeist,Utrecht,26,Ziekenhuisopname,-1,34
2020-04-25,355,Zeist,Utrecht,26,Overleden,0,16
2020-04-25,356,Nieuwegein,Utrecht,26,Totaal,2,98
2020-04-25,356,Nieuwegein,Utrecht,26,Ziekenhuisopname,0,38
2020-04-25,356,Nieuwegein,Utrecht,26,Overleden,0,11
2020-04-25,358,Aalsmeer,Noord-Holland,27,Totaal,0,37
2020-04-25,358,Aalsmeer,Noord-Holland,27,Ziekenhuisopname,0,8
2020-04-25,358,Aalsmeer,Noord-Holland,27,Overleden,0,2
2020-04-25,361,Alkmaar,Noord-Holland,27,Totaal,5,212
2020-04-25,361,Alkmaar,Noord-Holland,27,Ziekenhuisopname,1,52
2020-04-25,361,Alkmaar,Noord-Holland,27,Overleden,0,21
2020-04-25,362,Amstelveen,Noord-Holland,27,Totaal,3,282
2020-04-25,362,Amstelveen,Noord-Holland,27,Ziekenhuisopname,1,55
2020-04-25,362,Amstelveen,Noord-Holland,27,Overleden,0,32
2020-04-25,363,Amsterdam,Noord-Holland,27,Totaal,42,1703
2020-04-25,363,Amsterdam,Noord-Holland,27,Ziekenhuisopname,6,518
2020-04-25,363,Amsterdam,Noord-Holland,27,Overleden,8,152
2020-04-25,370,Beemster,Noord-Holland,27,Totaal,0,8
2020-04-25,370,Beemster,Noord-Holland,27,Ziekenhuisopname,0,4
2020-04-25,370,Beemster,Noord-Holland,27,Overleden,0,1
2020-04-25,373,Bergen (NH.),Noord-Holland,27,Totaal,0,50
2020-04-25,373,Bergen (NH.),Noord-Holland,27,Ziekenhuisopname,0,16
2020-04-25,373,Bergen (NH.),Noord-Holland,27,Overleden,0,3
2020-04-25,375,Beverwijk,Noord-Holland,27,Totaal,0,68
2020-04-25,375,Beverwijk,Noord-Holland,27,Ziekenhuisopname,0,15
2020-04-25,375,Beverwijk,Noord-Holland,27,Overleden,0,6
2020-04-25,376,Blaricum,Noord-Holland,27,Totaal,0,23
2020-04-25,376,Blaricum,Noord-Holland,27,Ziekenhuisopname,0,7
2020-04-25,376,Blaricum,Noord-Holland,27,Overleden,0,0
2020-04-25,377,Bloemendaal,Noord-Holland,27,Totaal,0,41
2020-04-25,377,Bloemendaal,Noord-Holland,27,Ziekenhuisopname,0,6
2020-04-25,377,Bloemendaal,Noord-Holland,27,Overleden,0,3
2020-04-25,383,Castricum,Noord-Holland,27,Totaal,0,72
2020-04-25,383,Castricum,Noord-Holland,27,Ziekenhuisopname,0,14
2020-04-25,383,Castricum,Noord-Holland,27,Overleden,0,9
2020-04-25,384,Diemen,Noord-Holland,27,Totaal,4,74
2020-04-25,384,Diemen,Noord-Holland,27,Ziekenhuisopname,0,16
2020-04-25,384,Diemen,Noord-Holland,27,Overleden,0,8
2020-04-25,385,Edam-Volendam,Noord-Holland,27,Totaal,0,75
2020-04-25,385,Edam-Volendam,Noord-Holland,27,Ziekenhuisopname,0,21
2020-04-25,385,Edam-Volendam,Noord-Holland,27,Overleden,0,2
2020-04-25,388,Enkhuizen,Noord-Holland,27,Totaal,1,28
2020-04-25,388,Enkhuizen,Noord-Holland,27,Ziekenhuisopname,0,18
2020-04-25,388,Enkhuizen,Noord-Holland,27,Overleden,0,4
2020-04-25,392,Haarlem,Noord-Holland,27,Totaal,1,235
2020-04-25,392,Haarlem,Noord-Holland,27,Ziekenhuisopname,0,56
2020-04-25,392,Haarlem,Noord-Holland,27,Overleden,0,46
2020-04-25,394,Haarlemmermeer,Noord-Holland,27,Totaal,1,192
2020-04-25,394,Haarlemmermeer,Noord-Holland,27,Ziekenhuisopname,0,57
2020-04-25,394,Haarlemmermeer,Noord-Holland,27,Overleden,1,18
2020-04-25,396,Heemskerk,Noord-Holland,27,Totaal,0,75
2020-04-25,396,Heemskerk,Noord-Holland,27,Ziekenhuisopname,0,25
2020-04-25,396,Heemskerk,Noord-Holland,27,Overleden,0,9
2020-04-25,397,Heemstede,Noord-Holland,27,Totaal,0,87
2020-04-25,397,Heemstede,Noord-Holland,27,Ziekenhuisopname,0,10
2020-04-25,397,Heemstede,Noord-Holland,27,Overleden,0,30
2020-04-25,398,Heerhugowaard,Noord-Holland,27,Totaal,1,130
2020-04-25,398,Heerhugowaard,Noord-Holland,27,Ziekenhuisopname,0,26
2020-04-25,398,Heerhugowaard,Noord-Holland,27,Overleden,0,8
2020-04-25,399,Heiloo,Noord-Holland,27,Totaal,0,43
2020-04-25,399,Heiloo,Noord-Holland,27,Ziekenhuisopname,0,9
2020-04-25,399,Heiloo,Noord-Holland,27,Overleden,0,7
2020-04-25,400,Den Helder,Noord-Holland,27,Totaal,0,30
2020-04-25,400,Den Helder,Noord-Holland,27,Ziekenhuisopname,0,8
2020-04-25,400,Den Helder,Noord-Holland,27,Overleden,0,0
2020-04-25,402,Hilversum,Noord-Holland,27,Totaal,4,137
2020-04-25,402,Hilversum,Noord-Holland,27,Ziekenhuisopname,0,27
2020-04-25,402,Hilversum,Noord-Holland,27,Overleden,0,4
2020-04-25,405,Hoorn,Noord-Holland,27,Totaal,0,75
2020-04-25,405,Hoorn,Noord-Holland,27,Ziekenhuisopname,0,30
2020-04-25,405,Hoorn,Noord-Holland,27,Overleden,0,11
2020-04-25,406,Huizen,Noord-Holland,27,Totaal,2,91
2020-04-25,406,Huizen,Noord-Holland,27,Ziekenhuisopname,0,18
2020-04-25,406,Huizen,Noord-Holland,27,Overleden,0,3
2020-04-25,415,Landsmeer,Noord-Holland,27,Totaal,0,22
2020-04-25,415,Landsmeer,Noord-Holland,27,Ziekenhuisopname,0,3
2020-04-25,415,Landsmeer,Noord-Holland,27,Overleden,0,2
2020-04-25,416,Langedijk,Noord-Holland,27,Totaal,1,43
2020-04-25,416,Langedijk,Noord-Holland,27,Ziekenhuisopname,0,16
2020-04-25,416,Langedijk,Noord-Holland,27,Overleden,0,2
2020-04-25,417,Laren,Noord-Holland,27,Totaal,0,24
2020-04-25,417,Laren,Noord-Holland,27,Ziekenhuisopname,0,8
2020-04-25,417,Laren,Noord-Holland,27,Overleden,0,1
2020-04-25,420,Medemblik,Noord-Holland,27,Totaal,1,66
2020-04-25,420,Medemblik,Noord-Holland,27,Ziekenhuisopname,0,17
2020-04-25,420,Medemblik,Noord-Holland,27,Overleden,0,6
2020-04-25,431,Oostzaan,Noord-Holland,27,Totaal,-1,25
2020-04-25,431,Oostzaan,Noord-Holland,27,Ziekenhuisopname,0,11
2020-04-25,431,Oostzaan,Noord-Holland,27,Overleden,0,1
2020-04-25,432,Opmeer,Noord-Holland,27,Totaal,0,7
2020-04-25,432,Opmeer,Noord-Holland,27,Ziekenhuisopname,0,1
2020-04-25,432,Opmeer,Noord-Holland,27,Overleden,0,1
2020-04-25,437,Ouder-Amstel,Noord-Holland,27,Totaal,0,26
2020-04-25,437,Ouder-Amstel,Noord-Holland,27,Ziekenhuisopname,0,5
2020-04-25,437,Ouder-Amstel,Noord-Holland,27,Overleden,0,0
2020-04-25,439,Purmerend,Noord-Holland,27,Totaal,0,186
2020-04-25,439,Purmerend,Noord-Holland,27,Ziekenhuisopname,2,64
2020-04-25,439,Purmerend,Noord-Holland,27,Overleden,0,21
2020-04-25,441,Schagen,Noord-Holland,27,Totaal,0,67
2020-04-25,441,Schagen,Noord-Holland,27,Ziekenhuisopname,0,19
2020-04-25,441,Schagen,Noord-Holland,27,Overleden,0,7
2020-04-25,448,Texel,Noord-Holland,27,Totaal,0,10
2020-04-25,448,Texel,Noord-Holland,27,Ziekenhuisopname,0,4
2020-04-25,448,Texel,Noord-Holland,27,Overleden,0,1
2020-04-25,450,Uitgeest,Noord-Holland,27,Totaal,0,21
2020-04-25,450,Uitgeest,Noord-Holland,27,Ziekenhuisopname,0,5
2020-04-25,450,Uitgeest,Noord-Holland,27,Overleden,0,1
2020-04-25,451,Uithoorn,Noord-Holland,27,Totaal,0,45
2020-04-25,451,Uithoorn,Noord-Holland,27,Ziekenhuisopname,0,16
2020-04-25,451,Uithoorn,Noord-Holland,27,Overleden,0,2
2020-04-25,453,Velsen,Noord-Holland,27,Totaal,7,240
2020-04-25,453,Velsen,Noord-Holland,27,Ziekenhuisopname,1,29
2020-04-25,453,Velsen,Noord-Holland,27,Overleden,2,30
2020-04-25,457,Weesp,Noord-Holland,27,Totaal,3,51
2020-04-25,457,Weesp,Noord-Holland,27,Ziekenhuisopname,0,9
2020-04-25,457,Weesp,Noord-Holland,27,Overleden,0,1
2020-04-25,473,Zandvoort,Noord-Holland,27,Totaal,0,29
2020-04-25,473,Zandvoort,Noord-Holland,27,Ziekenhuisopname,0,10
2020-04-25,473,Zandvoort,Noord-Holland,27,Overleden,0,7
2020-04-25,479,Zaanstad,Noord-Holland,27,Totaal,-3,310
2020-04-25,479,Zaanstad,Noord-Holland,27,Ziekenhuisopname,0,104
2020-04-25,479,Zaanstad,Noord-Holland,27,Overleden,0,36
2020-04-25,482,Alblasserdam,Zuid-Holland,28,Totaal,0,38
2020-04-25,482,Alblasserdam,Zuid-Holland,28,Ziekenhuisopname,0,9
2020-04-25,482,Alblasserdam,Zuid-Holland,28,Overleden,0,1
2020-04-25,484,Alphen aan den Rijn,Zuid-Holland,28,Totaal,3,152
2020-04-25,484,Alphen aan den Rijn,Zuid-Holland,28,Ziekenhuisopname,1,57
2020-04-25,484,Alphen aan den Rijn,Zuid-Holland,28,Overleden,0,19
2020-04-25,489,Barendrecht,Zuid-Holland,28,Totaal,3,99
2020-04-25,489,Barendrecht,Zuid-Holland,28,Ziekenhuisopname,0,29
2020-04-25,489,Barendrecht,Zuid-Holland,28,Overleden,0,6
2020-04-25,498,Drechterland,Noord-Holland,27,Totaal,0,42
2020-04-25,498,Drechterland,Noord-Holland,27,Ziekenhuisopname,0,4
2020-04-25,498,Drechterland,Noord-Holland,27,Overleden,0,8
2020-04-25,501,Brielle,Zuid-Holland,28,Totaal,0,27
2020-04-25,501,Brielle,Zuid-Holland,28,Ziekenhuisopname,0,11
2020-04-25,501,Brielle,Zuid-Holland,28,Overleden,0,0
2020-04-25,502,Capelle aan den IJssel,Zuid-Holland,28,Totaal,2,238
2020-04-25,502,Capelle aan den IJssel,Zuid-Holland,28,Ziekenhuisopname,3,42
2020-04-25,502,Capelle aan den IJssel,Zuid-Holland,28,Overleden,4,41
2020-04-25,503,Delft,Zuid-Holland,28,Totaal,2,113
2020-04-25,503,Delft,Zuid-Holland,28,Ziekenhuisopname,0,37
2020-04-25,503,Delft,Zuid-Holland,28,Overleden,0,9
2020-04-25,505,Dordrecht,Zuid-Holland,28,Totaal,5,240
2020-04-25,505,Dordrecht,Zuid-Holland,28,Ziekenhuisopname,2,77
2020-04-25,505,Dordrecht,Zuid-Holland,28,Overleden,2,21
2020-04-25,512,Gorinchem,Zuid-Holland,28,Totaal,2,137
2020-04-25,512,Gorinchem,Zuid-Holland,28,Ziekenhuisopname,0,17
2020-04-25,512,Gorinchem,Zuid-Holland,28,Overleden,0,12
2020-04-25,513,Gouda,Zuid-Holland,28,Totaal,3,216
2020-04-25,513,Gouda,Zuid-Holland,28,Ziekenhuisopname,1,33
2020-04-25,513,Gouda,Zuid-Holland,28,Overleden,0,26
2020-04-25,518,'s-Gravenhage,Zuid-Holland,28,Totaal,35,1028
2020-04-25,518,'s-Gravenhage,Zuid-Holland,28,Ziekenhuisopname,3,265
2020-04-25,518,'s-Gravenhage,Zuid-Holland,28,Overleden,5,121
2020-04-25,523,Hardinxveld-Giessendam,Zuid-Holland,28,Totaal,0,28
2020-04-25,523,Hardinxveld-Giessendam,Zuid-Holland,28,Ziekenhuisopname,0,1
2020-04-25,523,Hardinxveld-Giessendam,Zuid-Holland,28,Overleden,0,2
2020-04-25,530,Hellevoetsluis,Zuid-Holland,28,Totaal,1,58
2020-04-25,530,Hellevoetsluis,Zuid-Holland,28,Ziekenhuisopname,0,14
2020-04-25,530,Hellevoetsluis,Zuid-Holland,28,Overleden,0,1
2020-04-25,531,Hendrik-Ido-Ambacht,Zuid-Holland,28,Totaal,0,29
2020-04-25,531,Hendrik-Ido-Ambacht,Zuid-Holland,28,Ziekenhuisopname,0,6
2020-04-25,531,Hendrik-Ido-Ambacht,Zuid-Holland,28,Overleden,0,3
2020-04-25,532,Stede Broec,Noord-Holland,27,Totaal,0,47
2020-04-25,532,Stede Broec,Noord-Holland,27,Ziekenhuisopname,0,19
2020-04-25,532,Stede Broec,Noord-Holland,27,Overleden,0,5
2020-04-25,534,Hillegom,Zuid-Holland,28,Totaal,0,28
2020-04-25,534,Hillegom,Zuid-Holland,28,Ziekenhuisopname,0,7
2020-04-25,534,Hillegom,Zuid-Holland,28,Overleden,1,2
2020-04-25,537,Katwijk,Zuid-Holland,28,Totaal,1,159
2020-04-25,537,Katwijk,Zuid-Holland,28,Ziekenhuisopname,1,25
2020-04-25,537,Katwijk,Zuid-Holland,28,Overleden,0,11
2020-04-25,542,Krimpen aan den IJssel,Zuid-Holland,28,Totaal,2,60
2020-04-25,542,Krimpen aan den IJssel,Zuid-Holland,28,Ziekenhuisopname,0,9
2020-04-25,542,Krimpen aan den IJssel,Zuid-Holland,28,Overleden,0,5
2020-04-25,546,Leiden,Zuid-Holland,28,Totaal,3,120
2020-04-25,546,Leiden,Zuid-Holland,28,Ziekenhuisopname,1,37
2020-04-25,546,Leiden,Zuid-Holland,28,Overleden,0,15
2020-04-25,547,Leiderdorp,Zuid-Holland,28,Totaal,1,26
2020-04-25,547,Leiderdorp,Zuid-Holland,28,Ziekenhuisopname,0,10
2020-04-25,547,Leiderdorp,Zuid-Holland,28,Overleden,1,5
2020-04-25,553,Lisse,Zuid-Holland,28,Totaal,0,20
2020-04-25,553,Lisse,Zuid-Holland,28,Ziekenhuisopname,0,6
2020-04-25,553,Lisse,Zuid-Holland,28,Overleden,0,2
2020-04-25,556,Maassluis,Zuid-Holland,28,Totaal,1,48
2020-04-25,556,Maassluis,Zuid-Holland,28,Ziekenhuisopname,0,17
2020-04-25,556,Maassluis,Zuid-Holland,28,Overleden,0,3
2020-04-25,569,Nieuwkoop,Zuid-Holland,28,Totaal,0,45
2020-04-25,569,Nieuwkoop,Zuid-Holland,28,Ziekenhuisopname,0,8
2020-04-25,569,Nieuwkoop,Zuid-Holland,28,Overleden,0,4
2020-04-25,575,Noordwijk,Zuid-Holland,28,Totaal,0,38
2020-04-25,575,Noordwijk,Zuid-Holland,28,Ziekenhuisopname,0,15
2020-04-25,575,Noordwijk,Zuid-Holland,28,Overleden,0,1
2020-04-25,579,Oegstgeest,Zuid-Holland,28,Totaal,0,36
2020-04-25,579,Oegstgeest,Zuid-Holland,28,Ziekenhuisopname,0,8
2020-04-25,579,Oegstgeest,Zuid-Holland,28,Overleden,0,3
2020-04-25,589,Oudewater,Utrecht,26,Totaal,1,49
2020-04-25,589,Oudewater,Utrecht,26,Ziekenhuisopname,0,25
2020-04-25,589,Oudewater,Utrecht,26,Overleden,0,7
2020-04-25,590,Papendrecht,Zuid-Holland,28,Totaal,0,47
2020-04-25,590,Papendrecht,Zuid-Holland,28,Ziekenhuisopname,0,7
2020-04-25,590,Papendrecht,Zuid-Holland,28,Overleden,0,6
2020-04-25,597,Ridderkerk,Zuid-Holland,28,Totaal,3,93
2020-04-25,597,Ridderkerk,Zuid-Holland,28,Ziekenhuisopname,0,32
2020-04-25,597,Ridderkerk,Zuid-Holland,28,Overleden,0,10
2020-04-25,599,Rotterdam,Zuid-Holland,28,Totaal,42,1788
2020-04-25,599,Rotterdam,Zuid-Holland,28,Ziekenhuisopname,5,385
2020-04-25,599,Rotterdam,Zuid-Holland,28,Overleden,5,173
2020-04-25,603,Rijswijk,Zuid-Holland,28,Totaal,3,95
2020-04-25,603,Rijswijk,Zuid-Holland,28,Ziekenhuisopname,1,28
2020-04-25,603,Rijswijk,Zuid-Holland,28,Overleden,3,16
2020-04-25,606,Schiedam,Zuid-Holland,28,Totaal,7,169
2020-04-25,606,Schiedam,Zuid-Holland,28,Ziekenhuisopname,0,37
2020-04-25,606,Schiedam,Zuid-Holland,28,Overleden,1,9
2020-04-25,610,Sliedrecht,Zuid-Holland,28,Totaal,1,42
2020-04-25,610,Sliedrecht,Zuid-Holland,28,Ziekenhuisopname,0,8
2020-04-25,610,Sliedrecht,Zuid-Holland,28,Overleden,0,3
2020-04-25,613,Albrandswaard,Zuid-Holland,28,Totaal,2,80
2020-04-25,613,Albrandswaard,Zuid-Holland,28,Ziekenhuisopname,0,9
2020-04-25,613,Albrandswaard,Zuid-Holland,28,Overleden,0,6
2020-04-25,614,Westvoorne,Zuid-Holland,28,Totaal,1,23
2020-04-25,614,Westvoorne,Zuid-Holland,28,Ziekenhuisopname,0,6
2020-04-25,614,Westvoorne,Zuid-Holland,28,Overleden,0,0
2020-04-25,622,Vlaardingen,Zuid-Holland,28,Totaal,21,214
2020-04-25,622,Vlaardingen,Zuid-Holland,28,Ziekenhuisopname,0,32
2020-04-25,622,Vlaardingen,Zuid-Holland,28,Overleden,0,16
2020-04-25,626,Voorschoten,Zuid-Holland,28,Totaal,0,35
2020-04-25,626,Voorschoten,Zuid-Holland,28,Ziekenhuisopname,0,9
2020-04-25,626,Voorschoten,Zuid-Holland,28,Overleden,0,5
2020-04-25,627,Waddinxveen,Zuid-Holland,28,Totaal,2,48
2020-04-25,627,Waddinxveen,Zuid-Holland,28,Ziekenhuisopname,0,16
2020-04-25,627,Waddinxveen,Zuid-Holland,28,Overleden,0,5
2020-04-25,629,Wassenaar,Zuid-Holland,28,Totaal,2,43
2020-04-25,629,Wassenaar,Zuid-Holland,28,Ziekenhuisopname,0,8
2020-04-25,629,Wassenaar,Zuid-Holland,28,Overleden,0,9
2020-04-25,632,Woerden,Utrecht,26,Totaal,2,134
2020-04-25,632,Woerden,Utrecht,26,Ziekenhuisopname,0,45
2020-04-25,632,Woerden,Utrecht,26,Overleden,0,16
2020-04-25,637,Zoetermeer,Zuid-Holland,28,Totaal,4,160
2020-04-25,637,Zoetermeer,Zuid-Holland,28,Ziekenhuisopname,0,45
2020-04-25,637,Zoetermeer,Zuid-Holland,28,Overleden,0,10
2020-04-25,638,Zoeterwoude,Zuid-Holland,28,Totaal,0,7
2020-04-25,638,Zoeterwoude,Zuid-Holland,28,Ziekenhuisopname,0,2
2020-04-25,638,Zoeterwoude,Zuid-Holland,28,Overleden,0,0
2020-04-25,642,Zwijndrecht,Zuid-Holland,28,Totaal,1,110
2020-04-25,642,Zwijndrecht,Zuid-Holland,28,Ziekenhuisopname,0,16
2020-04-25,642,Zwijndrecht,Zuid-Holland,28,Overleden,2,9
2020-04-25,654,Borsele,Zeeland,29,Totaal,0,22
2020-04-25,654,Borsele,Zeeland,29,Ziekenhuisopname,0,5
2020-04-25,654,Borsele,Zeeland,29,Overleden,0,0
2020-04-25,664,Goes,Zeeland,29,Totaal,0,67
2020-04-25,664,Goes,Zeeland,29,Ziekenhuisopname,0,11
2020-04-25,664,Goes,Zeeland,29,Overleden,0,9
2020-04-25,668,West Maas en Waal,Gelderland,25,Totaal,3,72
2020-04-25,668,West Maas en Waal,Gelderland,25,Ziekenhuisopname,0,16
2020-04-25,668,West Maas en Waal,Gelderland,25,Overleden,0,7
2020-04-25,677,Hulst,Zeeland,29,Totaal,0,26
2020-04-25,677,Hulst,Zeeland,29,Ziekenhuisopname,0,8
2020-04-25,677,Hulst,Zeeland,29,Overleden,0,4
2020-04-25,678,Kapelle,Zeeland,29,Totaal,0,21
2020-04-25,678,Kapelle,Zeeland,29,Ziekenhuisopname,0,3
2020-04-25,678,Kapelle,Zeeland,29,Overleden,0,1
2020-04-25,687,Middelburg,Zeeland,29,Totaal,1,44
2020-04-25,687,Middelburg,Zeeland,29,Ziekenhuisopname,1,15
2020-04-25,687,Middelburg,Zeeland,29,Overleden,0,7
2020-04-25,703,Reimerswaal,Zeeland,29,Totaal,0,28
2020-04-25,703,Reimerswaal,Zeeland,29,Ziekenhuisopname,0,4
2020-04-25,703,Reimerswaal,Zeeland,29,Overleden,0,2
2020-04-25,715,Terneuzen,Zeeland,29,Totaal,0,97
2020-04-25,715,Terneuzen,Zeeland,29,Ziekenhuisopname,0,24
2020-04-25,715,Terneuzen,Zeeland,29,Overleden,0,2
2020-04-25,716,Tholen,Zeeland,29,Totaal,1,130
2020-04-25,716,Tholen,Zeeland,29,Ziekenhuisopname,0,38
2020-04-25,716,Tholen,Zeeland,29,Overleden,0,14
2020-04-25,717,Veere,Zeeland,29,Totaal,0,24
2020-04-25,717,Veere,Zeeland,29,Ziekenhuisopname,0,6
2020-04-25,717,Veere,Zeeland,29,Overleden,0,2
2020-04-25,718,Vlissingen,Zeeland,29,Totaal,0,47
2020-04-25,718,Vlissingen,Zeeland,29,Ziekenhuisopname,0,9
2020-04-25,718,Vlissingen,Zeeland,29,Overleden,0,5
2020-04-25,736,De Ronde Venen,Utrecht,26,Totaal,0,78
2020-04-25,736,De Ronde Venen,Utrecht,26,Ziekenhuisopname,1,38
2020-04-25,736,De Ronde Venen,Utrecht,26,Overleden,1,10
2020-04-25,737,Tytsjerksteradiel,Friesland,21,Totaal,0,15
2020-04-25,737,Tytsjerksteradiel,Friesland,21,Ziekenhuisopname,0,4
2020-04-25,737,Tytsjerksteradiel,Friesland,21,Overleden,0,1
2020-04-25,743,Asten,Noord-Brabant,30,Totaal,2,67
2020-04-25,743,Asten,Noord-Brabant,30,Ziekenhuisopname,0,14
2020-04-25,743,Asten,Noord-Brabant,30,Overleden,0,8
2020-04-25,744,Baarle-Nassau,Noord-Brabant,30,Totaal,0,5
2020-04-25,744,Baarle-Nassau,Noord-Brabant,30,Ziekenhuisopname,0,1
2020-04-25,744,Baarle-Nassau,Noord-Brabant,30,Overleden,0,0
2020-04-25,748,Bergen op Zoom,Noord-Brabant,30,Totaal,1,94
2020-04-25,748,Bergen op Zoom,Noord-Brabant,30,Ziekenhuisopname,0,21
2020-04-25,748,Bergen op Zoom,Noord-Brabant,30,Overleden,1,8
2020-04-25,753,Best,Noord-Brabant,30,Totaal,1,55
2020-04-25,753,Best,Noord-Brabant,30,Ziekenhuisopname,0,31
2020-04-25,753,Best,Noord-Brabant,30,Overleden,0,10
2020-04-25,755,Boekel,Noord-Brabant,30,Totaal,0,86
2020-04-25,755,Boekel,Noord-Brabant,30,Ziekenhuisopname,0,35
2020-04-25,755,Boekel,Noord-Brabant,30,Overleden,0,21
2020-04-25,756,Boxmeer,Noord-Brabant,30,Totaal,0,97
2020-04-25,756,Boxmeer,Noord-Brabant,30,Ziekenhuisopname,0,18
2020-04-25,756,Boxmeer,Noord-Brabant,30,Overleden,1,18
2020-04-25,757,Boxtel,Noord-Brabant,30,Totaal,0,56
2020-04-25,757,Boxtel,Noord-Brabant,30,Ziekenhuisopname,0,22
2020-04-25,757,Boxtel,Noord-Brabant,30,Overleden,0,12
2020-04-25,758,Breda,Noord-Brabant,30,Totaal,5,422
2020-04-25,758,Breda,Noord-Brabant,30,Ziekenhuisopname,0,141
2020-04-25,758,Breda,Noord-Brabant,30,Overleden,1,54
2020-04-25,762,Deurne,Noord-Brabant,30,Totaal,0,131
2020-04-25,762,Deurne,Noord-Brabant,30,Ziekenhuisopname,1,51
2020-04-25,762,Deurne,Noord-Brabant,30,Overleden,1,17
2020-04-25,765,Pekela,Groningen,20,Totaal,0,5
2020-04-25,765,Pekela,Groningen,20,Ziekenhuisopname,0,4
2020-04-25,765,Pekela,Groningen,20,Overleden,0,0
2020-04-25,766,Dongen,Noord-Brabant,30,Totaal,3,66
2020-04-25,766,Dongen,Noord-Brabant,30,Ziekenhuisopname,1,17
2020-04-25,766,Dongen,Noord-Brabant,30,Overleden,0,10
2020-04-25,770,Eersel,Noord-Brabant,30,Totaal,0,58
2020-04-25,770,Eersel,Noord-Brabant,30,Ziekenhuisopname,0,22
2020-04-25,770,Eersel,Noord-Brabant,30,Overleden,0,9
2020-04-25,772,Eindhoven,Noord-Brabant,30,Totaal,4,406
2020-04-25,772,Eindhoven,Noord-Brabant,30,Ziekenhuisopname,0,149
2020-04-25,772,Eindhoven,Noord-Brabant,30,Overleden,2,69
2020-04-25,777,Etten-Leur,Noord-Brabant,30,Totaal,0,149
2020-04-25,777,Etten-Leur,Noord-Brabant,30,Ziekenhuisopname,0,40
2020-04-25,777,Etten-Leur,Noord-Brabant,30,Overleden,0,25
2020-04-25,779,Geertruidenberg,Noord-Brabant,30,Totaal,3,39
2020-04-25,779,Geertruidenberg,Noord-Brabant,30,Ziekenhuisopname,0,11
2020-04-25,779,Geertruidenberg,Noord-Brabant,30,Overleden,1,6
2020-04-25,784,Gilze en Rijen,Noord-Brabant,30,Totaal,4,70
2020-04-25,784,Gilze en Rijen,Noord-Brabant,30,Ziekenhuisopname,0,17
2020-04-25,784,Gilze en Rijen,Noord-Brabant,30,Overleden,0,12
2020-04-25,785,Goirle,Noord-Brabant,30,Totaal,0,65
2020-04-25,785,Goirle,Noord-Brabant,30,Ziekenhuisopname,0,26
2020-04-25,785,Goirle,Noord-Brabant,30,Overleden,0,16
2020-04-25,786,Grave,Noord-Brabant,30,Totaal,0,55
2020-04-25,786,Grave,Noord-Brabant,30,Ziekenhuisopname,0,19
2020-04-25,786,Grave,Noord-Brabant,30,Overleden,0,7
2020-04-25,788,Haaren,Noord-Brabant,30,Totaal,0,39
2020-04-25,788,Haaren,Noord-Brabant,30,Ziekenhuisopname,0,17
2020-04-25,788,Haaren,Noord-Brabant,30,Overleden,0,7
2020-04-25,794,Helmond,Noord-Brabant,30,Totaal,6,286
2020-04-25,794,Helmond,Noord-Brabant,30,Ziekenhuisopname,0,92
2020-04-25,794,Helmond,Noord-Brabant,30,Overleden,0,32
2020-04-25,796,'s-Hertogenbosch,Noord-Brabant,30,Totaal,11,408
2020-04-25,796,'s-Hertogenbosch,Noord-Brabant,30,Ziekenhuisopname,2,122
2020-04-25,796,'s-Hertogenbosch,Noord-Brabant,30,Overleden,1,64
2020-04-25,797,Heusden,Noord-Brabant,30,Totaal,4,123
2020-04-25,797,Heusden,Noord-Brabant,30,Ziekenhuisopname,0,43
2020-04-25,797,Heusden,Noord-Brabant,30,Overleden,1,16
2020-04-25,798,Hilvarenbeek,Noord-Brabant,30,Totaal,0,33
2020-04-25,798,Hilvarenbeek,Noord-Brabant,30,Ziekenhuisopname,0,7
2020-04-25,798,Hilvarenbeek,Noord-Brabant,30,Overleden,0,4
2020-04-25,809,Loon op Zand,Noord-Brabant,30,Totaal,1,51
2020-04-25,809,Loon op Zand,Noord-Brabant,30,Ziekenhuisopname,0,20
2020-04-25,809,Loon op Zand,Noord-Brabant,30,Overleden,0,6
2020-04-25,815,Mill en Sint Hubert,Noord-Brabant,30,Totaal,1,30
2020-04-25,815,Mill en Sint Hubert,Noord-Brabant,30,Ziekenhuisopname,0,9
2020-04-25,815,Mill en Sint Hubert,Noord-Brabant,30,Overleden,0,4
2020-04-25,820,"Nuenen, Gerwen en Nederwetten",Noord-Brabant,30,Totaal,1,43
2020-04-25,820,"Nuenen, Gerwen en Nederwetten",Noord-Brabant,30,Ziekenhuisopname,0,16
2020-04-25,820,"Nuenen, Gerwen en Nederwetten",Noord-Brabant,30,Overleden,0,8
2020-04-25,823,Oirschot,Noord-Brabant,30,Totaal,1,53
2020-04-25,823,Oirschot,Noord-Brabant,30,Ziekenhuisopname,0,12
2020-04-25,823,Oirschot,Noord-Brabant,30,Overleden,0,6
2020-04-25,824,Oisterwijk,Noord-Brabant,30,Totaal,1,57
2020-04-25,824,Oisterwijk,Noord-Brabant,30,Ziekenhuisopname,0,16
2020-04-25,824,Oisterwijk,Noord-Brabant,30,Overleden,0,9
2020-04-25,826,Oosterhout,Noord-Brabant,30,Totaal,0,88
2020-04-25,826,Oosterhout,Noord-Brabant,30,Ziekenhuisopname,0,40
2020-04-25,826,Oosterhout,Noord-Brabant,30,Overleden,0,12
2020-04-25,828,Oss,Noord-Brabant,30,Totaal,8,418
2020-04-25,828,Oss,Noord-Brabant,30,Ziekenhuisopname,14,160
2020-04-25,828,Oss,Noord-Brabant,30,Overleden,1,78
2020-04-25,840,Rucphen,Noord-Brabant,30,Totaal,0,48
2020-04-25,840,Rucphen,Noord-Brabant,30,Ziekenhuisopname,0,8
2020-04-25,840,Rucphen,Noord-Brabant,30,Overleden,0,7
2020-04-25,845,Sint-Michielsgestel,Noord-Brabant,30,Totaal,2,84
2020-04-25,845,Sint-Michielsgestel,Noord-Brabant,30,Ziekenhuisopname,0,34
2020-04-25,845,Sint-Michielsgestel,Noord-Brabant,30,Overleden,0,13
2020-04-25,847,Someren,Noord-Brabant,30,Totaal,3,89
2020-04-25,847,Someren,Noord-Brabant,30,Ziekenhuisopname,0,29
2020-04-25,847,Someren,Noord-Brabant,30,Overleden,0,6
2020-04-25,848,Son en Breugel,Noord-Brabant,30,Totaal,0,66
2020-04-25,848,Son en Breugel,Noord-Brabant,30,Ziekenhuisopname,0,27
2020-04-25,848,Son en Breugel,Noord-Brabant,30,Overleden,0,13
2020-04-25,851,Steenbergen,Noord-Brabant,30,Totaal,0,67
2020-04-25,851,Steenbergen,Noord-Brabant,30,Ziekenhuisopname,0,12
2020-04-25,851,Steenbergen,Noord-Brabant,30,Overleden,4,11
2020-04-25,852,Waterland,Noord-Holland,27,Totaal,-1,28
2020-04-25,852,Waterland,Noord-Holland,27,Ziekenhuisopname,0,14
2020-04-25,852,Waterland,Noord-Holland,27,Overleden,0,3
2020-04-25,855,Tilburg,Noord-Brabant,30,Totaal,11,625
2020-04-25,855,Tilburg,Noord-Brabant,30,Ziekenhuisopname,1,168
2020-04-25,855,Tilburg,Noord-Brabant,30,Overleden,5,136
2020-04-25,856,Uden,Noord-Brabant,30,Totaal,1,238
2020-04-25,856,Uden,Noord-Brabant,30,Ziekenhuisopname,1,112
2020-04-25,856,Uden,Noord-Brabant,30,Overleden,1,60
2020-04-25,858,Valkenswaard,Noord-Brabant,30,Totaal,10,140
2020-04-25,858,Valkenswaard,Noord-Brabant,30,Ziekenhuisopname,0,15
2020-04-25,858,Valkenswaard,Noord-Brabant,30,Overleden,0,30
2020-04-25,861,Veldhoven,Noord-Brabant,30,Totaal,1,112
2020-04-25,861,Veldhoven,Noord-Brabant,30,Ziekenhuisopname,0,26
2020-04-25,861,Veldhoven,Noord-Brabant,30,Overleden,0,16
2020-04-25,865,Vught,Noord-Brabant,30,Totaal,1,94
2020-04-25,865,Vught,Noord-Brabant,30,Ziekenhuisopname,0,37
2020-04-25,865,Vught,Noord-Brabant,30,Overleden,0,15
2020-04-25,866,Waalre,Noord-Brabant,30,Totaal,0,27
2020-04-25,866,Waalre,Noord-Brabant,30,Ziekenhuisopname,0,6
2020-04-25,866,Waalre,Noord-Brabant,30,Overleden,0,4
2020-04-25,867,Waalwijk,Noord-Brabant,30,Totaal,1,126
2020-04-25,867,Waalwijk,Noord-Brabant,30,Ziekenhuisopname,0,23
2020-04-25,867,Waalwijk,Noord-Brabant,30,Overleden,1,29
2020-04-25,873,Woensdrecht,Noord-Brabant,30,Totaal,0,58
2020-04-25,873,Woensdrecht,Noord-Brabant,30,Ziekenhuisopname,0,5
2020-04-25,873,Woensdrecht,Noord-Brabant,30,Overleden,1,6
2020-04-25,879,Zundert,Noord-Brabant,30,Totaal,2,63
2020-04-25,879,Zundert,Noord-Brabant,30,Ziekenhuisopname,0,19
2020-04-25,879,Zundert,Noord-Brabant,30,Overleden,0,9
2020-04-25,880,Wormerland,Noord-Holland,27,Totaal,0,40
2020-04-25,880,Wormerland,Noord-Holland,27,Ziekenhuisopname,0,18
2020-04-25,880,Wormerland,Noord-Holland,27,Overleden,0,6
2020-04-25,882,Landgraaf,Limburg,31,Totaal,1,119
2020-04-25,882,Landgraaf,Limburg,31,Ziekenhuisopname,0,49
2020-04-25,882,Landgraaf,Limburg,31,Overleden,0,12
2020-04-25,888,Beek,Limburg,31,Totaal,0,40
2020-04-25,888,Beek,Limburg,31,Ziekenhuisopname,0,15
2020-04-25,888,Beek,Limburg,31,Overleden,0,3
2020-04-25,889,Beesel,Limburg,31,Totaal,1,41
2020-04-25,889,Beesel,Limburg,31,Ziekenhuisopname,0,20
2020-04-25,889,Beesel,Limburg,31,Overleden,0,8
2020-04-25,893,Bergen (L.),Limburg,31,Totaal,0,19
2020-04-25,893,Bergen (L.),Limburg,31,Ziekenhuisopname,0,7
2020-04-25,893,Bergen (L.),Limburg,31,Overleden,0,2
2020-04-25,899,Brunssum,Limburg,31,Totaal,1,77
2020-04-25,899,Brunssum,Limburg,31,Ziekenhuisopname,0,37
2020-04-25,899,Brunssum,Limburg,31,Overleden,1,13
2020-04-25,907,Gennep,Limburg,31,Totaal,0,49
2020-04-25,907,Gennep,Limburg,31,Ziekenhuisopname,0,15
2020-04-25,907,Gennep,Limburg,31,Overleden,0,10
2020-04-25,917,Heerlen,Limburg,31,Totaal,1,294
2020-04-25,917,Heerlen,Limburg,31,Ziekenhuisopname,0,110
2020-04-25,917,Heerlen,Limburg,31,Overleden,2,43
2020-04-25,928,Kerkrade,Limburg,31,Totaal,3,153
2020-04-25,928,Kerkrade,Limburg,31,Ziekenhuisopname,1,55
2020-04-25,928,Kerkrade,Limburg,31,Overleden,1,24
2020-04-25,935,Maastricht,Limburg,31,Totaal,12,598
2020-04-25,935,Maastricht,Limburg,31,Ziekenhuisopname,0,160
2020-04-25,935,Maastricht,Limburg,31,Overleden,3,84
2020-04-25,938,Meerssen,Limburg,31,Totaal,0,81
2020-04-25,938,Meerssen,Limburg,31,Ziekenhuisopname,0,20
2020-04-25,938,Meerssen,Limburg,31,Overleden,1,10
2020-04-25,944,Mook en Middelaar,Limburg,31,Totaal,0,32
2020-04-25,944,Mook en Middelaar,Limburg,31,Ziekenhuisopname,0,6
2020-04-25,944,Mook en Middelaar,Limburg,31,Overleden,0,4
2020-04-25,946,Nederweert,Limburg,31,Totaal,1,48
2020-04-25,946,Nederweert,Limburg,31,Ziekenhuisopname,0,30
2020-04-25,946,Nederweert,Limburg,31,Overleden,0,7
2020-04-25,957,Roermond,Limburg,31,Totaal,0,116
2020-04-25,957,Roermond,Limburg,31,Ziekenhuisopname,0,54
2020-04-25,957,Roermond,Limburg,31,Overleden,0,20
2020-04-25,965,Simpelveld,Limburg,31,Totaal,0,39
2020-04-25,965,Simpelveld,Limburg,31,Ziekenhuisopname,0,17
2020-04-25,965,Simpelveld,Limburg,31,Overleden,0,3
2020-04-25,971,Stein,Limburg,31,Totaal,0,99
2020-04-25,971,Stein,Limburg,31,Ziekenhuisopname,0,39
2020-04-25,971,Stein,Limburg,31,Overleden,0,15
2020-04-25,981,Vaals,Limburg,31,Totaal,0,28
2020-04-25,981,Vaals,Limburg,31,Ziekenhuisopname,0,10
2020-04-25,981,Vaals,Limburg,31,Overleden,0,1
2020-04-25,983,Venlo,Limburg,31,Totaal,5,278
2020-04-25,983,Venlo,Limburg,31,Ziekenhuisopname,1,123
2020-04-25,983,Venlo,Limburg,31,Overleden,1,52
2020-04-25,984,Venray,Limburg,31,Totaal,2,98
2020-04-25,984,Venray,Limburg,31,Ziekenhuisopname,0,36
2020-04-25,984,Venray,Limburg,31,Overleden,0,16
2020-04-25,986,Voerendaal,Limburg,31,Totaal,0,41
2020-04-25,986,Voerendaal,Limburg,31,Ziekenhuisopname,0,16
2020-04-25,986,Voerendaal,Limburg,31,Overleden,0,7
2020-04-25,988,Weert,Limburg,31,Totaal,2,117
2020-04-25,988,Weert,Limburg,31,Ziekenhuisopname,0,63
2020-04-25,988,Weert,Limburg,31,Overleden,1,11
2020-04-25,994,Valkenburg aan de Geul,Limburg,31,Totaal,0,63
2020-04-25,994,Valkenburg aan de Geul,Limburg,31,Ziekenhuisopname,0,16
2020-04-25,994,Valkenburg aan de Geul,Limburg,31,Overleden,0,6
2020-04-25,995,Lelystad,Flevoland,24,Totaal,5,136
2020-04-25,995,Lelystad,Flevoland,24,Ziekenhuisopname,5,56
2020-04-25,995,Lelystad,Flevoland,24,Overleden,0,10
2020-04-25,1507,Horst aan de Maas,Limburg,31,Totaal,3,113
2020-04-25,1507,Horst aan de Maas,Limburg,31,Ziekenhuisopname,0,40
2020-04-25,1507,Horst aan de Maas,Limburg,31,Overleden,4,23
2020-04-25,1509,Oude IJsselstreek,Gelderland,25,Totaal,2,62
2020-04-25,1509,Oude IJsselstreek,Gelderland,25,Ziekenhuisopname,1,15
2020-04-25,1509,Oude IJsselstreek,Gelderland,25,Overleden,1,7
2020-04-25,1525,Teylingen,Zuid-Holland,28,Totaal,3,44
2020-04-25,1525,Teylingen,Zuid-Holland,28,Ziekenhuisopname,0,12
2020-04-25,1525,Teylingen,Zuid-Holland,28,Overleden,1,1
2020-04-25,1581,Utrechtse Heuvelrug,Utrecht,26,Totaal,0,87
2020-04-25,1581,Utrechtse Heuvelrug,Utrecht,26,Ziekenhuisopname,0,28
2020-04-25,1581,Utrechtse Heuvelrug,Utrecht,26,Overleden,1,8
2020-04-25,1586,Oost Gelre,Gelderland,25,Totaal,0,48
2020-04-25,1586,Oost Gelre,Gelderland,25,Ziekenhuisopname,0,9
2020-04-25,1586,Oost Gelre,Gelderland,25,Overleden,0,5
2020-04-25,1598,Koggenland,Noord-Holland,27,Totaal,1,31
2020-04-25,1598,Koggenland,Noord-Holland,27,Ziekenhuisopname,0,6
2020-04-25,1598,Koggenland,Noord-Holland,27,Overleden,0,6
2020-04-25,1621,Lansingerland,Zuid-Holland,28,Totaal,2,159
2020-04-25,1621,Lansingerland,Zuid-Holland,28,Ziekenhuisopname,0,36
2020-04-25,1621,Lansingerland,Zuid-Holland,28,Overleden,0,17
2020-04-25,1640,Leudal,Limburg,31,Totaal,3,169
2020-04-25,1640,Leudal,Limburg,31,Ziekenhuisopname,0,53
2020-04-25,1640,Leudal,Limburg,31,Overleden,0,22
2020-04-25,1641,Maasgouw,Limburg,31,Totaal,3,87
2020-04-25,1641,Maasgouw,Limburg,31,Ziekenhuisopname,0,27
2020-04-25,1641,Maasgouw,Limburg,31,Overleden,0,10
2020-04-25,1652,Gemert-Bakel,Noord-Brabant,30,Totaal,2,162
2020-04-25,1652,Gemert-Bakel,Noord-Brabant,30,Ziekenhuisopname,1,72
2020-04-25,1652,Gemert-Bakel,Noord-Brabant,30,Overleden,0,29
2020-04-25,1655,Halderberge,Noord-Brabant,30,Totaal,0,52
2020-04-25,1655,Halderberge,Noord-Brabant,30,Ziekenhuisopname,0,13
2020-04-25,1655,Halderberge,Noord-Brabant,30,Overleden,0,6
2020-04-25,1658,Heeze-Leende,Noord-Brabant,30,Totaal,1,55
2020-04-25,1658,Heeze-Leende,Noord-Brabant,30,Ziekenhuisopname,0,13
2020-04-25,1658,Heeze-Leende,Noord-Brabant,30,Overleden,0,8
2020-04-25,1659,Laarbeek,Noord-Brabant,30,Totaal,2,96
2020-04-25,1659,Laarbeek,Noord-Brabant,30,Ziekenhuisopname,1,36
2020-04-25,1659,Laarbeek,Noord-Brabant,30,Overleden,0,26
2020-04-25,1667,Reusel-De Mierden,Noord-Brabant,30,Totaal,0,21
2020-04-25,1667,Reusel-De Mierden,Noord-Brabant,30,Ziekenhuisopname,0,10
2020-04-25,1667,Reusel-De Mierden,Noord-Brabant,30,Overleden,0,2
2020-04-25,1669,Roerdalen,Limburg,31,Totaal,0,44
2020-04-25,1669,Roerdalen,Limburg,31,Ziekenhuisopname,0,26
2020-04-25,1669,Roerdalen,Limburg,31,Overleden,0,7
2020-04-25,1674,Roosendaal,Noord-Brabant,30,Totaal,1,184
2020-04-25,1674,Roosendaal,Noord-Brabant,30,Ziekenhuisopname,0,25
2020-04-25,1674,Roosendaal,Noord-Brabant,30,Overleden,1,16
2020-04-25,1676,Schouwen-Duiveland,Zeeland,29,Totaal,1,31
2020-04-25,1676,Schouwen-Duiveland,Zeeland,29,Ziekenhuisopname,0,11
2020-04-25,1676,Schouwen-Duiveland,Zeeland,29,Overleden,0,0
2020-04-25,1680,Aa en Hunze,Drenthe,22,Totaal,0,13
2020-04-25,1680,Aa en Hunze,Drenthe,22,Ziekenhuisopname,0,1
2020-04-25,1680,Aa en Hunze,Drenthe,22,Overleden,0,0
2020-04-25,1681,Borger-Odoorn,Drenthe,22,Totaal,0,8
2020-04-25,1681,Borger-Odoorn,Drenthe,22,Ziekenhuisopname,1,3
2020-04-25,1681,Borger-Odoorn,Drenthe,22,Overleden,0,3
2020-04-25,1684,Cuijk,Noord-Brabant,30,Totaal,2,53
2020-04-25,1684,Cuijk,Noord-Brabant,30,Ziekenhuisopname,0,11
2020-04-25,1684,Cuijk,Noord-Brabant,30,Overleden,0,9
2020-04-25,1685,Landerd,Noord-Brabant,30,Totaal,2,119
2020-04-25,1685,Landerd,Noord-Brabant,30,Ziekenhuisopname,1,39
2020-04-25,1685,Landerd,Noord-Brabant,30,Overleden,0,18
2020-04-25,1690,De Wolden,Drenthe,22,Totaal,1,38
2020-04-25,1690,De Wolden,Drenthe,22,Ziekenhuisopname,1,11
2020-04-25,1690,De Wolden,Drenthe,22,Overleden,0,0
2020-04-25,1695,Noord-Beveland,Zeeland,29,Totaal,0,6
2020-04-25,1695,Noord-Beveland,Zeeland,29,Ziekenhuisopname,0,1
2020-04-25,1695,Noord-Beveland,Zeeland,29,Overleden,0,0
2020-04-25,1696,Wijdemeren,Noord-Holland,27,Totaal,0,23
2020-04-25,1696,Wijdemeren,Noord-Holland,27,Ziekenhuisopname,0,7
2020-04-25,1696,Wijdemeren,Noord-Holland,27,Overleden,0,0
2020-04-25,1699,Noordenveld,Drenthe,22,Totaal,1,18
2020-04-25,1699,Noordenveld,Drenthe,22,Ziekenhuisopname,0,3
2020-04-25,1699,Noordenveld,Drenthe,22,Overleden,0,1
2020-04-25,1700,Twenterand,Overijssel,23,Totaal,1,54
2020-04-25,1700,Twenterand,Overijssel,23,Ziekenhuisopname,1,12
2020-04-25,1700,Twenterand,Overijssel,23,Overleden,0,2
2020-04-25,1701,Westerveld,Drenthe,22,Totaal,0,32
2020-04-25,1701,Westerveld,Drenthe,22,Ziekenhuisopname,0,8
2020-04-25,1701,Westerveld,Drenthe,22,Overleden,0,3
2020-04-25,1702,Sint Anthonis,Noord-Brabant,30,Totaal,0,59
2020-04-25,1702,Sint Anthonis,Noord-Brabant,30,Ziekenhuisopname,0,19
2020-04-25,1702,Sint Anthonis,Noord-Brabant,30,Overleden,0,10
2020-04-25,1705,Lingewaard,Gelderland,25,Totaal,4,92
2020-04-25,1705,Lingewaard,Gelderland,25,Ziekenhuisopname,1,29
2020-04-25,1705,Lingewaard,Gelderland,25,Overleden,1,8
2020-04-25,1706,Cranendonck,Noord-Brabant,30,Totaal,0,157
2020-04-25,1706,Cranendonck,Noord-Brabant,30,Ziekenhuisopname,0,59
2020-04-25,1706,Cranendonck,Noord-Brabant,30,Overleden,0,28
2020-04-25,1708,Steenwijkerland,Overijssel,23,Totaal,0,79
2020-04-25,1708,Steenwijkerland,Overijssel,23,Ziekenhuisopname,0,14
2020-04-25,1708,Steenwijkerland,Overijssel,23,Overleden,0,5
2020-04-25,1709,Moerdijk,Noord-Brabant,30,Totaal,1,58
2020-04-25,1709,Moerdijk,Noord-Brabant,30,Ziekenhuisopname,0,13
2020-04-25,1709,Moerdijk,Noord-Brabant,30,Overleden,1,8
2020-04-25,1711,Echt-Susteren,Limburg,31,Totaal,2,81
2020-04-25,1711,Echt-Susteren,Limburg,31,Ziekenhuisopname,0,37
2020-04-25,1711,Echt-Susteren,Limburg,31,Overleden,1,15
2020-04-25,1714,Sluis,Zeeland,29,Totaal,0,16
2020-04-25,1714,Sluis,Zeeland,29,Ziekenhuisopname,0,7
2020-04-25,1714,Sluis,Zeeland,29,Overleden,0,4
2020-04-25,1719,Drimmelen,Noord-Brabant,30,Totaal,3,58
2020-04-25,1719,Drimmelen,Noord-Brabant,30,Ziekenhuisopname,0,18
2020-04-25,1719,Drimmelen,Noord-Brabant,30,Overleden,0,4
2020-04-25,1721,Bernheze,Noord-Brabant,30,Totaal,5,246
2020-04-25,1721,Bernheze,Noord-Brabant,30,Ziekenhuisopname,2,93
2020-04-25,1721,Bernheze,Noord-Brabant,30,Overleden,0,55
2020-04-25,1723,Alphen-Chaam,Noord-Brabant,30,Totaal,0,45
2020-04-25,1723,Alphen-Chaam,Noord-Brabant,30,Ziekenhuisopname,0,17
2020-04-25,1723,Alphen-Chaam,Noord-Brabant,30,Overleden,0,5
2020-04-25,1724,Bergeijk,Noord-Brabant,30,Totaal,1,48
2020-04-25,1724,Bergeijk,Noord-Brabant,30,Ziekenhuisopname,0,14
2020-04-25,1724,Bergeijk,Noord-Brabant,30,Overleden,0,4
2020-04-25,1728,Bladel,Noord-Brabant,30,Totaal,0,50
2020-04-25,1728,Bladel,Noord-Brabant,30,Ziekenhuisopname,0,18
2020-04-25,1728,Bladel,Noord-Brabant,30,Overleden,0,7
2020-04-25,1729,Gulpen-Wittem,Limburg,31,Totaal,0,65
2020-04-25,1729,Gulpen-Wittem,Limburg,31,Ziekenhuisopname,0,18
2020-04-25,1729,Gulpen-Wittem,Limburg,31,Overleden,0,8
2020-04-25,1730,Tynaarlo,Drenthe,22,Totaal,1,37
2020-04-25,1730,Tynaarlo,Drenthe,22,Ziekenhuisopname,1,9
2020-04-25,1730,Tynaarlo,Drenthe,22,Overleden,0,0
2020-04-25,1731,Midden-Drenthe,Drenthe,22,Totaal,0,19
2020-04-25,1731,Midden-Drenthe,Drenthe,22,Ziekenhuisopname,0,6
2020-04-25,1731,Midden-Drenthe,Drenthe,22,Overleden,0,0
2020-04-25,1734,Overbetuwe,Gelderland,25,Totaal,1,111
2020-04-25,1734,Overbetuwe,Gelderland,25,Ziekenhuisopname,0,56
2020-04-25,1734,Overbetuwe,Gelderland,25,Overleden,0,13
2020-04-25,1735,Hof van Twente,Overijssel,23,Totaal,0,58
2020-04-25,1735,Hof van Twente,Overijssel,23,Ziekenhuisopname,0,15
2020-04-25,1735,Hof van Twente,Overijssel,23,Overleden,0,2
2020-04-25,1740,Neder-Betuwe,Gelderland,25,Totaal,4,97
2020-04-25,1740,Neder-Betuwe,Gelderland,25,Ziekenhuisopname,0,31
2020-04-25,1740,Neder-Betuwe,Gelderland,25,Overleden,1,17
2020-04-25,1742,Rijssen-Holten,Overijssel,23,Totaal,2,122
2020-04-25,1742,Rijssen-Holten,Overijssel,23,Ziekenhuisopname,0,27
2020-04-25,1742,Rijssen-Holten,Overijssel,23,Overleden,0,8
2020-04-25,1771,Geldrop-Mierlo,Noord-Brabant,30,Totaal,1,92
2020-04-25,1771,Geldrop-Mierlo,Noord-Brabant,30,Ziekenhuisopname,0,26
2020-04-25,1771,Geldrop-Mierlo,Noord-Brabant,30,Overleden,0,14
2020-04-25,1773,Olst-Wijhe,Overijssel,23,Totaal,1,42
2020-04-25,1773,Olst-Wijhe,Overijssel,23,Ziekenhuisopname,0,12
2020-04-25,1773,Olst-Wijhe,Overijssel,23,Overleden,0,7
2020-04-25,1774,Dinkelland,Overijssel,23,Totaal,0,69
2020-04-25,1774,Dinkelland,Overijssel,23,Ziekenhuisopname,0,17
2020-04-25,1774,Dinkelland,Overijssel,23,Overleden,0,7
2020-04-25,1783,Westland,Zuid-Holland,28,Totaal,6,228
2020-04-25,1783,Westland,Zuid-Holland,28,Ziekenhuisopname,1,50
2020-04-25,1783,Westland,Zuid-Holland,28,Overleden,0,24
2020-04-25,1842,Midden-Delfland,Zuid-Holland,28,Totaal,1,15
2020-04-25,1842,Midden-Delfland,Zuid-Holland,28,Ziekenhuisopname,0,4
2020-04-25,1842,Midden-Delfland,Zuid-Holland,28,Overleden,0,0
2020-04-25,1859,Berkelland,Gelderland,25,Totaal,3,64
2020-04-25,1859,Berkelland,Gelderland,25,Ziekenhuisopname,0,6
2020-04-25,1859,Berkelland,Gelderland,25,Overleden,0,5
2020-04-25,1876,Bronckhorst,Gelderland,25,Totaal,7,61
2020-04-25,1876,Bronckhorst,Gelderland,25,Ziekenhuisopname,2,13
2020-04-25,1876,Bronckhorst,Gelderland,25,Overleden,0,5
2020-04-25,1883,Sittard-Geleen,Limburg,31,Totaal,2,331
2020-04-25,1883,Sittard-Geleen,Limburg,31,Ziekenhuisopname,0,104
2020-04-25,1883,Sittard-Geleen,Limburg,31,Overleden,0,46
2020-04-25,1884,Kaag en Braassem,Zuid-Holland,28,Totaal,0,26
2020-04-25,1884,Kaag en Braassem,Zuid-Holland,28,Ziekenhuisopname,0,6
2020-04-25,1884,Kaag en Braassem,Zuid-Holland,28,Overleden,0,2
2020-04-25,1891,Dantumadiel,Friesland,21,Totaal,0,6
2020-04-25,1891,Dantumadiel,Friesland,21,Ziekenhuisopname,0,2
2020-04-25,1891,Dantumadiel,Friesland,21,Overleden,0,0
2020-04-25,1892,Zuidplas,Zuid-Holland,28,Totaal,2,114
2020-04-25,1892,Zuidplas,Zuid-Holland,28,Ziekenhuisopname,1,22
2020-04-25,1892,Zuidplas,Zuid-Holland,28,Overleden,2,12
2020-04-25,1894,Peel en Maas,Limburg,31,Totaal,3,251
2020-04-25,1894,Peel en Maas,Limburg,31,Ziekenhuisopname,0,140
2020-04-25,1894,Peel en Maas,Limburg,31,Overleden,1,57
2020-04-25,1895,Oldambt,Groningen,20,Totaal,0,12
2020-04-25,1895,Oldambt,Groningen,20,Ziekenhuisopname,0,6
2020-04-25,1895,Oldambt,Groningen,20,Overleden,0,0
2020-04-25,1896,Zwartewaterland,Overijssel,23,Totaal,1,129
2020-04-25,1896,Zwartewaterland,Overijssel,23,Ziekenhuisopname,0,32
2020-04-25,1896,Zwartewaterland,Overijssel,23,Overleden,0,13
2020-04-25,1900,Sdwest-Frysln,Friesland,21,Totaal,0,69
2020-04-25,1900,Sdwest-Frysln,Friesland,21,Ziekenhuisopname,0,17
2020-04-25,1900,Sdwest-Frysln,Friesland,21,Overleden,1,3
2020-04-25,1901,Bodegraven-Reeuwijk,Zuid-Holland,28,Totaal,4,42
2020-04-25,1901,Bodegraven-Reeuwijk,Zuid-Holland,28,Ziekenhuisopname,0,7
2020-04-25,1901,Bodegraven-Reeuwijk,Zuid-Holland,28,Overleden,0,2
2020-04-25,1903,Eijsden-Margraten,Limburg,31,Totaal,1,137
2020-04-25,1903,Eijsden-Margraten,Limburg,31,Ziekenhuisopname,0,51
2020-04-25,1903,Eijsden-Margraten,Limburg,31,Overleden,1,21
2020-04-25,1904,Stichtse Vecht,Utrecht,26,Totaal,2,87
2020-04-25,1904,Stichtse Vecht,Utrecht,26,Ziekenhuisopname,0,30
2020-04-25,1904,Stichtse Vecht,Utrecht,26,Overleden,0,6
2020-04-25,1911,Hollands Kroon,Noord-Holland,27,Totaal,1,57
2020-04-25,1911,Hollands Kroon,Noord-Holland,27,Ziekenhuisopname,0,26
2020-04-25,1911,Hollands Kroon,Noord-Holland,27,Overleden,0,6
2020-04-25,1916,Leidschendam-Voorburg,Zuid-Holland,28,Totaal,4,90
2020-04-25,1916,Leidschendam-Voorburg,Zuid-Holland,28,Ziekenhuisopname,0,19
2020-04-25,1916,Leidschendam-Voorburg,Zuid-Holland,28,Overleden,0,7
2020-04-25,1924,Goeree-Overflakkee,Zuid-Holland,28,Totaal,0,240
2020-04-25,1924,Goeree-Overflakkee,Zuid-Holland,28,Ziekenhuisopname,0,53
2020-04-25,1924,Goeree-Overflakkee,Zuid-Holland,28,Overleden,0,28
2020-04-25,1926,Pijnacker-Nootdorp,Zuid-Holland,28,Totaal,4,95
2020-04-25,1926,Pijnacker-Nootdorp,Zuid-Holland,28,Ziekenhuisopname,0,21
2020-04-25,1926,Pijnacker-Nootdorp,Zuid-Holland,28,Overleden,1,9
2020-04-25,1930,Nissewaard,Zuid-Holland,28,Totaal,4,135
2020-04-25,1930,Nissewaard,Zuid-Holland,28,Ziekenhuisopname,0,39
2020-04-25,1930,Nissewaard,Zuid-Holland,28,Overleden,1,10
2020-04-25,1931,Krimpenerwaard,Zuid-Holland,28,Totaal,0,126
2020-04-25,1931,Krimpenerwaard,Zuid-Holland,28,Ziekenhuisopname,1,42
2020-04-25,1931,Krimpenerwaard,Zuid-Holland,28,Overleden,0,19
2020-04-25,1940,De Fryske Marren,Friesland,21,Totaal,1,54
2020-04-25,1940,De Fryske Marren,Friesland,21,Ziekenhuisopname,0,14
2020-04-25,1940,De Fryske Marren,Friesland,21,Overleden,0,5
2020-04-25,1942,Gooise Meren,Noord-Holland,27,Totaal,0,90
2020-04-25,1942,Gooise Meren,Noord-Holland,27,Ziekenhuisopname,0,23
2020-04-25,1942,Gooise Meren,Noord-Holland,27,Overleden,0,2
2020-04-25,1945,Berg en Dal,Gelderland,25,Totaal,0,161
2020-04-25,1945,Berg en Dal,Gelderland,25,Ziekenhuisopname,0,32
2020-04-25,1945,Berg en Dal,Gelderland,25,Overleden,0,15
2020-04-25,1948,Meierijstad,Noord-Brabant,30,Totaal,9,473
2020-04-25,1948,Meierijstad,Noord-Brabant,30,Ziekenhuisopname,2,197
2020-04-25,1948,Meierijstad,Noord-Brabant,30,Overleden,0,116
2020-04-25,1949,Waadhoeke,Friesland,21,Totaal,0,84
2020-04-25,1949,Waadhoeke,Friesland,21,Ziekenhuisopname,0,11
2020-04-25,1949,Waadhoeke,Friesland,21,Overleden,0,8
2020-04-25,1950,Westerwolde,Groningen,20,Totaal,0,6
2020-04-25,1950,Westerwolde,Groningen,20,Ziekenhuisopname,0,5
2020-04-25,1950,Westerwolde,Groningen,20,Overleden,0,0
2020-04-25,1952,Midden-Groningen,Groningen,20,Totaal,2,29
2020-04-25,1952,Midden-Groningen,Groningen,20,Ziekenhuisopname,0,6
2020-04-25,1952,Midden-Groningen,Groningen,20,Overleden,0,2
2020-04-25,1954,Beekdaelen,Limburg,31,Totaal,1,132
2020-04-25,1954,Beekdaelen,Limburg,31,Ziekenhuisopname,0,44
2020-04-25,1954,Beekdaelen,Limburg,31,Overleden,0,19
2020-04-25,1955,Montferland,Gelderland,25,Totaal,2,78
2020-04-25,1955,Montferland,Gelderland,25,Ziekenhuisopname,0,12
2020-04-25,1955,Montferland,Gelderland,25,Overleden,0,4
2020-04-25,1959,Altena,Noord-Brabant,30,Totaal,1,110
2020-04-25,1959,Altena,Noord-Brabant,30,Ziekenhuisopname,0,30
2020-04-25,1959,Altena,Noord-Brabant,30,Overleden,0,11
2020-04-25,1960,West Betuwe,Gelderland,25,Totaal,3,153
2020-04-25,1960,West Betuwe,Gelderland,25,Ziekenhuisopname,0,40
2020-04-25,1960,West Betuwe,Gelderland,25,Overleden,1,19
2020-04-25,1961,Vijfheerenlanden,Utrecht,26,Totaal,2,197
2020-04-25,1961,Vijfheerenlanden,Utrecht,26,Ziekenhuisopname,0,27
2020-04-25,1961,Vijfheerenlanden,Utrecht,26,Overleden,0,33
2020-04-25,1963,Hoeksche Waard,Zuid-Holland,28,Totaal,5,231
2020-04-25,1963,Hoeksche Waard,Zuid-Holland,28,Ziekenhuisopname,0,70
2020-04-25,1963,Hoeksche Waard,Zuid-Holland,28,Overleden,1,14
2020-04-25,1966,Het Hogeland,Groningen,20,Totaal,0,26
2020-04-25,1966,Het Hogeland,Groningen,20,Ziekenhuisopname,0,7
2020-04-25,1966,Het Hogeland,Groningen,20,Overleden,0,2
2020-04-25,1969,Westerkwartier,Groningen,20,Totaal,1,55
2020-04-25,1969,Westerkwartier,Groningen,20,Ziekenhuisopname,0,14
2020-04-25,1969,Westerkwartier,Groningen,20,Overleden,0,4
2020-04-25,1970,Noardeast-Frysln,Friesland,21,Totaal,0,23
2020-04-25,1970,Noardeast-Frysln,Friesland,21,Ziekenhuisopname,0,6
2020-04-25,1970,Noardeast-Frysln,Friesland,21,Overleden,0,4
2020-04-25,1978,Molenlanden,Zuid-Holland,28,Totaal,-1,97
2020-04-25,1978,Molenlanden,Zuid-Holland,28,Ziekenhuisopname,0,18
2020-04-25,1978,Molenlanden,Zuid-Holland,28,Overleden,0,5
