Datum,Gemeentecode,Gemeentenaam,Provincienaam,Provinciecode,Type,Aantal,AantalCumulatief
2020-10-24,-1,,,-1,Totaal,54,2022
2020-10-24,-1,,,-1,Ziekenhuisopname,-1,84
2020-10-24,-1,,,-1,Overleden,0,23
2020-10-24,3,Appingedam,Groningen,20,Totaal,0,45
2020-10-24,3,Appingedam,Groningen,20,Ziekenhuisopname,0,7
2020-10-24,3,Appingedam,Groningen,20,Overleden,0,0
2020-10-24,10,Delfzijl,Groningen,20,Totaal,5,119
2020-10-24,10,Delfzijl,Groningen,20,Ziekenhuisopname,0,7
2020-10-24,10,Delfzijl,Groningen,20,Overleden,0,0
2020-10-24,14,Groningen,Groningen,20,Totaal,39,3117
2020-10-24,14,Groningen,Groningen,20,Ziekenhuisopname,1,32
2020-10-24,14,Groningen,Groningen,20,Overleden,0,4
2020-10-24,24,Loppersum,Groningen,20,Totaal,4,36
2020-10-24,24,Loppersum,Groningen,20,Ziekenhuisopname,0,0
2020-10-24,24,Loppersum,Groningen,20,Overleden,0,0
2020-10-24,34,Almere,Flevoland,24,Totaal,125,3154
2020-10-24,34,Almere,Flevoland,24,Ziekenhuisopname,2,165
2020-10-24,34,Almere,Flevoland,24,Overleden,0,39
2020-10-24,37,Stadskanaal,Groningen,20,Totaal,7,199
2020-10-24,37,Stadskanaal,Groningen,20,Ziekenhuisopname,0,5
2020-10-24,37,Stadskanaal,Groningen,20,Overleden,0,2
2020-10-24,47,Veendam,Groningen,20,Totaal,3,155
2020-10-24,47,Veendam,Groningen,20,Ziekenhuisopname,0,2
2020-10-24,47,Veendam,Groningen,20,Overleden,0,1
2020-10-24,50,Zeewolde,Flevoland,24,Totaal,8,223
2020-10-24,50,Zeewolde,Flevoland,24,Ziekenhuisopname,0,13
2020-10-24,50,Zeewolde,Flevoland,24,Overleden,0,6
2020-10-24,59,Achtkarspelen,Friesland,21,Totaal,8,165
2020-10-24,59,Achtkarspelen,Friesland,21,Ziekenhuisopname,0,0
2020-10-24,59,Achtkarspelen,Friesland,21,Overleden,0,0
2020-10-24,60,Ameland,Friesland,21,Totaal,1,33
2020-10-24,60,Ameland,Friesland,21,Ziekenhuisopname,0,0
2020-10-24,60,Ameland,Friesland,21,Overleden,0,0
2020-10-24,72,Harlingen,Friesland,21,Totaal,2,80
2020-10-24,72,Harlingen,Friesland,21,Ziekenhuisopname,0,4
2020-10-24,72,Harlingen,Friesland,21,Overleden,0,1
2020-10-24,74,Heerenveen,Friesland,21,Totaal,11,358
2020-10-24,74,Heerenveen,Friesland,21,Ziekenhuisopname,0,16
2020-10-24,74,Heerenveen,Friesland,21,Overleden,0,22
2020-10-24,80,Leeuwarden,Friesland,21,Totaal,31,1260
2020-10-24,80,Leeuwarden,Friesland,21,Ziekenhuisopname,0,45
2020-10-24,80,Leeuwarden,Friesland,21,Overleden,0,8
2020-10-24,85,Ooststellingwerf,Friesland,21,Totaal,6,133
2020-10-24,85,Ooststellingwerf,Friesland,21,Ziekenhuisopname,0,5
2020-10-24,85,Ooststellingwerf,Friesland,21,Overleden,0,1
2020-10-24,86,Opsterland,Friesland,21,Totaal,5,161
2020-10-24,86,Opsterland,Friesland,21,Ziekenhuisopname,0,8
2020-10-24,86,Opsterland,Friesland,21,Overleden,0,0
2020-10-24,88,Schiermonnikoog,Friesland,21,Totaal,0,2
2020-10-24,88,Schiermonnikoog,Friesland,21,Ziekenhuisopname,0,1
2020-10-24,88,Schiermonnikoog,Friesland,21,Overleden,0,0
2020-10-24,90,Smallingerland,Friesland,21,Totaal,22,341
2020-10-24,90,Smallingerland,Friesland,21,Ziekenhuisopname,0,12
2020-10-24,90,Smallingerland,Friesland,21,Overleden,0,7
2020-10-24,93,Terschelling,Friesland,21,Totaal,1,55
2020-10-24,93,Terschelling,Friesland,21,Ziekenhuisopname,0,1
2020-10-24,93,Terschelling,Friesland,21,Overleden,0,0
2020-10-24,96,Vlieland,Friesland,21,Totaal,1,16
2020-10-24,96,Vlieland,Friesland,21,Ziekenhuisopname,0,0
2020-10-24,96,Vlieland,Friesland,21,Overleden,0,0
2020-10-24,98,Weststellingwerf,Friesland,21,Totaal,7,178
2020-10-24,98,Weststellingwerf,Friesland,21,Ziekenhuisopname,0,3
2020-10-24,98,Weststellingwerf,Friesland,21,Overleden,1,5
2020-10-24,106,Assen,Drenthe,22,Totaal,18,524
2020-10-24,106,Assen,Drenthe,22,Ziekenhuisopname,0,14
2020-10-24,106,Assen,Drenthe,22,Overleden,0,3
2020-10-24,109,Coevorden,Drenthe,22,Totaal,9,277
2020-10-24,109,Coevorden,Drenthe,22,Ziekenhuisopname,0,14
2020-10-24,109,Coevorden,Drenthe,22,Overleden,0,2
2020-10-24,114,Emmen,Drenthe,22,Totaal,30,1253
2020-10-24,114,Emmen,Drenthe,22,Ziekenhuisopname,0,46
2020-10-24,114,Emmen,Drenthe,22,Overleden,1,21
2020-10-24,118,Hoogeveen,Drenthe,22,Totaal,23,511
2020-10-24,118,Hoogeveen,Drenthe,22,Ziekenhuisopname,0,27
2020-10-24,118,Hoogeveen,Drenthe,22,Overleden,0,12
2020-10-24,119,Meppel,Drenthe,22,Totaal,8,236
2020-10-24,119,Meppel,Drenthe,22,Ziekenhuisopname,0,11
2020-10-24,119,Meppel,Drenthe,22,Overleden,0,5
2020-10-24,141,Almelo,Overijssel,23,Totaal,69,918
2020-10-24,141,Almelo,Overijssel,23,Ziekenhuisopname,0,32
2020-10-24,141,Almelo,Overijssel,23,Overleden,0,14
2020-10-24,147,Borne,Overijssel,23,Totaal,22,309
2020-10-24,147,Borne,Overijssel,23,Ziekenhuisopname,0,15
2020-10-24,147,Borne,Overijssel,23,Overleden,0,6
2020-10-24,148,Dalfsen,Overijssel,23,Totaal,8,369
2020-10-24,148,Dalfsen,Overijssel,23,Ziekenhuisopname,0,17
2020-10-24,148,Dalfsen,Overijssel,23,Overleden,0,7
2020-10-24,150,Deventer,Overijssel,23,Totaal,32,1184
2020-10-24,150,Deventer,Overijssel,23,Ziekenhuisopname,0,50
2020-10-24,150,Deventer,Overijssel,23,Overleden,0,38
2020-10-24,153,Enschede,Overijssel,23,Totaal,164,2060
2020-10-24,153,Enschede,Overijssel,23,Ziekenhuisopname,0,68
2020-10-24,153,Enschede,Overijssel,23,Overleden,0,33
2020-10-24,158,Haaksbergen,Overijssel,23,Totaal,23,427
2020-10-24,158,Haaksbergen,Overijssel,23,Ziekenhuisopname,0,17
2020-10-24,158,Haaksbergen,Overijssel,23,Overleden,0,10
2020-10-24,160,Hardenberg,Overijssel,23,Totaal,23,553
2020-10-24,160,Hardenberg,Overijssel,23,Ziekenhuisopname,0,24
2020-10-24,160,Hardenberg,Overijssel,23,Overleden,0,10
2020-10-24,163,Hellendoorn,Overijssel,23,Totaal,32,390
2020-10-24,163,Hellendoorn,Overijssel,23,Ziekenhuisopname,0,13
2020-10-24,163,Hellendoorn,Overijssel,23,Overleden,0,13
2020-10-24,164,Hengelo,Overijssel,23,Totaal,65,1197
2020-10-24,164,Hengelo,Overijssel,23,Ziekenhuisopname,0,38
2020-10-24,164,Hengelo,Overijssel,23,Overleden,0,24
2020-10-24,166,Kampen,Overijssel,23,Totaal,8,620
2020-10-24,166,Kampen,Overijssel,23,Ziekenhuisopname,0,60
2020-10-24,166,Kampen,Overijssel,23,Overleden,0,37
2020-10-24,168,Losser,Overijssel,23,Totaal,23,305
2020-10-24,168,Losser,Overijssel,23,Ziekenhuisopname,0,11
2020-10-24,168,Losser,Overijssel,23,Overleden,0,2
2020-10-24,171,Noordoostpolder,Flevoland,24,Totaal,17,378
2020-10-24,171,Noordoostpolder,Flevoland,24,Ziekenhuisopname,0,19
2020-10-24,171,Noordoostpolder,Flevoland,24,Overleden,0,11
2020-10-24,173,Oldenzaal,Overijssel,23,Totaal,38,549
2020-10-24,173,Oldenzaal,Overijssel,23,Ziekenhuisopname,0,16
2020-10-24,173,Oldenzaal,Overijssel,23,Overleden,0,14
2020-10-24,175,Ommen,Overijssel,23,Totaal,3,158
2020-10-24,175,Ommen,Overijssel,23,Ziekenhuisopname,0,9
2020-10-24,175,Ommen,Overijssel,23,Overleden,0,4
2020-10-24,177,Raalte,Overijssel,23,Totaal,10,463
2020-10-24,177,Raalte,Overijssel,23,Ziekenhuisopname,0,25
2020-10-24,177,Raalte,Overijssel,23,Overleden,0,23
2020-10-24,180,Staphorst,Overijssel,23,Totaal,7,264
2020-10-24,180,Staphorst,Overijssel,23,Ziekenhuisopname,0,8
2020-10-24,180,Staphorst,Overijssel,23,Overleden,0,4
2020-10-24,183,Tubbergen,Overijssel,23,Totaal,43,555
2020-10-24,183,Tubbergen,Overijssel,23,Ziekenhuisopname,0,12
2020-10-24,183,Tubbergen,Overijssel,23,Overleden,0,6
2020-10-24,184,Urk,Flevoland,24,Totaal,7,133
2020-10-24,184,Urk,Flevoland,24,Ziekenhuisopname,0,23
2020-10-24,184,Urk,Flevoland,24,Overleden,0,4
2020-10-24,189,Wierden,Overijssel,23,Totaal,32,404
2020-10-24,189,Wierden,Overijssel,23,Ziekenhuisopname,0,7
2020-10-24,189,Wierden,Overijssel,23,Overleden,0,6
2020-10-24,193,Zwolle,Overijssel,23,Totaal,38,1254
2020-10-24,193,Zwolle,Overijssel,23,Ziekenhuisopname,0,54
2020-10-24,193,Zwolle,Overijssel,23,Overleden,0,50
2020-10-24,197,Aalten,Gelderland,25,Totaal,4,319
2020-10-24,197,Aalten,Gelderland,25,Ziekenhuisopname,0,13
2020-10-24,197,Aalten,Gelderland,25,Overleden,0,7
2020-10-24,200,Apeldoorn,Gelderland,25,Totaal,44,1583
2020-10-24,200,Apeldoorn,Gelderland,25,Ziekenhuisopname,1,113
2020-10-24,200,Apeldoorn,Gelderland,25,Overleden,0,54
2020-10-24,202,Arnhem,Gelderland,25,Totaal,62,1978
2020-10-24,202,Arnhem,Gelderland,25,Ziekenhuisopname,0,83
2020-10-24,202,Arnhem,Gelderland,25,Overleden,1,35
2020-10-24,203,Barneveld,Gelderland,25,Totaal,32,684
2020-10-24,203,Barneveld,Gelderland,25,Ziekenhuisopname,0,24
2020-10-24,203,Barneveld,Gelderland,25,Overleden,0,11
2020-10-24,209,Beuningen,Gelderland,25,Totaal,7,322
2020-10-24,209,Beuningen,Gelderland,25,Ziekenhuisopname,0,20
2020-10-24,209,Beuningen,Gelderland,25,Overleden,0,6
2020-10-24,213,Brummen,Gelderland,25,Totaal,5,156
2020-10-24,213,Brummen,Gelderland,25,Ziekenhuisopname,0,19
2020-10-24,213,Brummen,Gelderland,25,Overleden,0,6
2020-10-24,214,Buren,Gelderland,25,Totaal,10,298
2020-10-24,214,Buren,Gelderland,25,Ziekenhuisopname,0,23
2020-10-24,214,Buren,Gelderland,25,Overleden,0,8
2020-10-24,216,Culemborg,Gelderland,25,Totaal,13,475
2020-10-24,216,Culemborg,Gelderland,25,Ziekenhuisopname,0,25
2020-10-24,216,Culemborg,Gelderland,25,Overleden,0,9
2020-10-24,221,Doesburg,Gelderland,25,Totaal,3,157
2020-10-24,221,Doesburg,Gelderland,25,Ziekenhuisopname,0,11
2020-10-24,221,Doesburg,Gelderland,25,Overleden,0,7
2020-10-24,222,Doetinchem,Gelderland,25,Totaal,17,640
2020-10-24,222,Doetinchem,Gelderland,25,Ziekenhuisopname,1,31
2020-10-24,222,Doetinchem,Gelderland,25,Overleden,0,16
2020-10-24,225,Druten,Gelderland,25,Totaal,7,261
2020-10-24,225,Druten,Gelderland,25,Ziekenhuisopname,0,28
2020-10-24,225,Druten,Gelderland,25,Overleden,0,9
2020-10-24,226,Duiven,Gelderland,25,Totaal,6,298
2020-10-24,226,Duiven,Gelderland,25,Ziekenhuisopname,0,16
2020-10-24,226,Duiven,Gelderland,25,Overleden,0,6
2020-10-24,228,Ede,Gelderland,25,Totaal,52,1589
2020-10-24,228,Ede,Gelderland,25,Ziekenhuisopname,1,72
2020-10-24,228,Ede,Gelderland,25,Overleden,1,28
2020-10-24,230,Elburg,Gelderland,25,Totaal,8,275
2020-10-24,230,Elburg,Gelderland,25,Ziekenhuisopname,0,28
2020-10-24,230,Elburg,Gelderland,25,Overleden,0,8
2020-10-24,232,Epe,Gelderland,25,Totaal,19,359
2020-10-24,232,Epe,Gelderland,25,Ziekenhuisopname,0,52
2020-10-24,232,Epe,Gelderland,25,Overleden,0,23
2020-10-24,233,Ermelo,Gelderland,25,Totaal,5,318
2020-10-24,233,Ermelo,Gelderland,25,Ziekenhuisopname,0,33
2020-10-24,233,Ermelo,Gelderland,25,Overleden,0,23
2020-10-24,243,Harderwijk,Gelderland,25,Totaal,6,609
2020-10-24,243,Harderwijk,Gelderland,25,Ziekenhuisopname,0,47
2020-10-24,243,Harderwijk,Gelderland,25,Overleden,0,21
2020-10-24,244,Hattem,Gelderland,25,Totaal,3,125
2020-10-24,244,Hattem,Gelderland,25,Ziekenhuisopname,0,18
2020-10-24,244,Hattem,Gelderland,25,Overleden,0,5
2020-10-24,246,Heerde,Gelderland,25,Totaal,2,294
2020-10-24,246,Heerde,Gelderland,25,Ziekenhuisopname,0,55
2020-10-24,246,Heerde,Gelderland,25,Overleden,0,28
2020-10-24,252,Heumen,Gelderland,25,Totaal,2,319
2020-10-24,252,Heumen,Gelderland,25,Ziekenhuisopname,0,19
2020-10-24,252,Heumen,Gelderland,25,Overleden,0,13
2020-10-24,262,Lochem,Gelderland,25,Totaal,4,356
2020-10-24,262,Lochem,Gelderland,25,Ziekenhuisopname,1,17
2020-10-24,262,Lochem,Gelderland,25,Overleden,0,15
2020-10-24,263,Maasdriel,Gelderland,25,Totaal,10,305
2020-10-24,263,Maasdriel,Gelderland,25,Ziekenhuisopname,0,17
2020-10-24,263,Maasdriel,Gelderland,25,Overleden,0,8
2020-10-24,267,Nijkerk,Gelderland,25,Totaal,13,636
2020-10-24,267,Nijkerk,Gelderland,25,Ziekenhuisopname,0,26
2020-10-24,267,Nijkerk,Gelderland,25,Overleden,0,4
2020-10-24,268,Nijmegen,Gelderland,25,Totaal,91,3215
2020-10-24,268,Nijmegen,Gelderland,25,Ziekenhuisopname,2,172
2020-10-24,268,Nijmegen,Gelderland,25,Overleden,0,78
2020-10-24,269,Oldebroek,Gelderland,25,Totaal,4,266
2020-10-24,269,Oldebroek,Gelderland,25,Ziekenhuisopname,0,40
2020-10-24,269,Oldebroek,Gelderland,25,Overleden,0,19
2020-10-24,273,Putten,Gelderland,25,Totaal,4,212
2020-10-24,273,Putten,Gelderland,25,Ziekenhuisopname,0,11
2020-10-24,273,Putten,Gelderland,25,Overleden,0,1
2020-10-24,274,Renkum,Gelderland,25,Totaal,12,420
2020-10-24,274,Renkum,Gelderland,25,Ziekenhuisopname,0,16
2020-10-24,274,Renkum,Gelderland,25,Overleden,0,10
2020-10-24,275,Rheden,Gelderland,25,Totaal,16,439
2020-10-24,275,Rheden,Gelderland,25,Ziekenhuisopname,0,35
2020-10-24,275,Rheden,Gelderland,25,Overleden,0,15
2020-10-24,277,Rozendaal,Gelderland,25,Totaal,0,11
2020-10-24,277,Rozendaal,Gelderland,25,Ziekenhuisopname,0,1
2020-10-24,277,Rozendaal,Gelderland,25,Overleden,0,0
2020-10-24,279,Scherpenzeel,Gelderland,25,Totaal,3,129
2020-10-24,279,Scherpenzeel,Gelderland,25,Ziekenhuisopname,0,5
2020-10-24,279,Scherpenzeel,Gelderland,25,Overleden,0,2
2020-10-24,281,Tiel,Gelderland,25,Totaal,19,646
2020-10-24,281,Tiel,Gelderland,25,Ziekenhuisopname,2,48
2020-10-24,281,Tiel,Gelderland,25,Overleden,0,22
2020-10-24,285,Voorst,Gelderland,25,Totaal,1,230
2020-10-24,285,Voorst,Gelderland,25,Ziekenhuisopname,0,17
2020-10-24,285,Voorst,Gelderland,25,Overleden,0,11
2020-10-24,289,Wageningen,Gelderland,25,Totaal,13,549
2020-10-24,289,Wageningen,Gelderland,25,Ziekenhuisopname,0,22
2020-10-24,289,Wageningen,Gelderland,25,Overleden,0,19
2020-10-24,293,Westervoort,Gelderland,25,Totaal,6,138
2020-10-24,293,Westervoort,Gelderland,25,Ziekenhuisopname,0,12
2020-10-24,293,Westervoort,Gelderland,25,Overleden,0,6
2020-10-24,294,Winterswijk,Gelderland,25,Totaal,12,225
2020-10-24,294,Winterswijk,Gelderland,25,Ziekenhuisopname,0,8
2020-10-24,294,Winterswijk,Gelderland,25,Overleden,0,4
2020-10-24,296,Wijchen,Gelderland,25,Totaal,16,570
2020-10-24,296,Wijchen,Gelderland,25,Ziekenhuisopname,0,50
2020-10-24,296,Wijchen,Gelderland,25,Overleden,0,15
2020-10-24,297,Zaltbommel,Gelderland,25,Totaal,9,370
2020-10-24,297,Zaltbommel,Gelderland,25,Ziekenhuisopname,0,23
2020-10-24,297,Zaltbommel,Gelderland,25,Overleden,0,10
2020-10-24,299,Zevenaar,Gelderland,25,Totaal,5,447
2020-10-24,299,Zevenaar,Gelderland,25,Ziekenhuisopname,0,54
2020-10-24,299,Zevenaar,Gelderland,25,Overleden,0,17
2020-10-24,301,Zutphen,Gelderland,25,Totaal,18,404
2020-10-24,301,Zutphen,Gelderland,25,Ziekenhuisopname,0,33
2020-10-24,301,Zutphen,Gelderland,25,Overleden,0,13
2020-10-24,302,Nunspeet,Gelderland,25,Totaal,7,392
2020-10-24,302,Nunspeet,Gelderland,25,Ziekenhuisopname,0,61
2020-10-24,302,Nunspeet,Gelderland,25,Overleden,1,22
2020-10-24,303,Dronten,Flevoland,24,Totaal,8,320
2020-10-24,303,Dronten,Flevoland,24,Ziekenhuisopname,0,39
2020-10-24,303,Dronten,Flevoland,24,Overleden,0,14
2020-10-24,307,Amersfoort,Utrecht,26,Totaal,107,2297
2020-10-24,307,Amersfoort,Utrecht,26,Ziekenhuisopname,0,90
2020-10-24,307,Amersfoort,Utrecht,26,Overleden,0,28
2020-10-24,308,Baarn,Utrecht,26,Totaal,9,346
2020-10-24,308,Baarn,Utrecht,26,Ziekenhuisopname,0,15
2020-10-24,308,Baarn,Utrecht,26,Overleden,0,9
2020-10-24,310,De Bilt,Utrecht,26,Totaal,26,801
2020-10-24,310,De Bilt,Utrecht,26,Ziekenhuisopname,1,32
2020-10-24,310,De Bilt,Utrecht,26,Overleden,0,24
2020-10-24,312,Bunnik,Utrecht,26,Totaal,9,204
2020-10-24,312,Bunnik,Utrecht,26,Ziekenhuisopname,0,12
2020-10-24,312,Bunnik,Utrecht,26,Overleden,0,1
2020-10-24,313,Bunschoten,Utrecht,26,Totaal,34,441
2020-10-24,313,Bunschoten,Utrecht,26,Ziekenhuisopname,0,15
2020-10-24,313,Bunschoten,Utrecht,26,Overleden,1,8
2020-10-24,317,Eemnes,Utrecht,26,Totaal,4,109
2020-10-24,317,Eemnes,Utrecht,26,Ziekenhuisopname,0,2
2020-10-24,317,Eemnes,Utrecht,26,Overleden,0,1
2020-10-24,321,Houten,Utrecht,26,Totaal,35,732
2020-10-24,321,Houten,Utrecht,26,Ziekenhuisopname,0,33
2020-10-24,321,Houten,Utrecht,26,Overleden,0,17
2020-10-24,327,Leusden,Utrecht,26,Totaal,13,395
2020-10-24,327,Leusden,Utrecht,26,Ziekenhuisopname,0,11
2020-10-24,327,Leusden,Utrecht,26,Overleden,0,9
2020-10-24,331,Lopik,Utrecht,26,Totaal,4,260
2020-10-24,331,Lopik,Utrecht,26,Ziekenhuisopname,0,22
2020-10-24,331,Lopik,Utrecht,26,Overleden,0,8
2020-10-24,335,Montfoort,Utrecht,26,Totaal,2,204
2020-10-24,335,Montfoort,Utrecht,26,Ziekenhuisopname,0,15
2020-10-24,335,Montfoort,Utrecht,26,Overleden,0,7
2020-10-24,339,Renswoude,Utrecht,26,Totaal,5,61
2020-10-24,339,Renswoude,Utrecht,26,Ziekenhuisopname,0,5
2020-10-24,339,Renswoude,Utrecht,26,Overleden,0,5
2020-10-24,340,Rhenen,Utrecht,26,Totaal,13,287
2020-10-24,340,Rhenen,Utrecht,26,Ziekenhuisopname,1,13
2020-10-24,340,Rhenen,Utrecht,26,Overleden,0,6
2020-10-24,342,Soest,Utrecht,26,Totaal,34,862
2020-10-24,342,Soest,Utrecht,26,Ziekenhuisopname,0,33
2020-10-24,342,Soest,Utrecht,26,Overleden,1,15
2020-10-24,344,Utrecht,Utrecht,26,Totaal,246,8659
2020-10-24,344,Utrecht,Utrecht,26,Ziekenhuisopname,1,348
2020-10-24,344,Utrecht,Utrecht,26,Overleden,0,124
2020-10-24,345,Veenendaal,Utrecht,26,Totaal,54,1204
2020-10-24,345,Veenendaal,Utrecht,26,Ziekenhuisopname,0,53
2020-10-24,345,Veenendaal,Utrecht,26,Overleden,0,16
2020-10-24,351,Woudenberg,Utrecht,26,Totaal,8,172
2020-10-24,351,Woudenberg,Utrecht,26,Ziekenhuisopname,0,9
2020-10-24,351,Woudenberg,Utrecht,26,Overleden,0,2
2020-10-24,352,Wijk bij Duurstede,Utrecht,26,Totaal,14,285
2020-10-24,352,Wijk bij Duurstede,Utrecht,26,Ziekenhuisopname,1,13
2020-10-24,352,Wijk bij Duurstede,Utrecht,26,Overleden,1,4
2020-10-24,353,IJsselstein,Utrecht,26,Totaal,9,602
2020-10-24,353,IJsselstein,Utrecht,26,Ziekenhuisopname,0,41
2020-10-24,353,IJsselstein,Utrecht,26,Overleden,0,35
2020-10-24,355,Zeist,Utrecht,26,Totaal,27,1084
2020-10-24,355,Zeist,Utrecht,26,Ziekenhuisopname,1,43
2020-10-24,355,Zeist,Utrecht,26,Overleden,0,27
2020-10-24,356,Nieuwegein,Utrecht,26,Totaal,33,941
2020-10-24,356,Nieuwegein,Utrecht,26,Ziekenhuisopname,0,54
2020-10-24,356,Nieuwegein,Utrecht,26,Overleden,0,14
2020-10-24,358,Aalsmeer,Noord-Holland,27,Totaal,17,517
2020-10-24,358,Aalsmeer,Noord-Holland,27,Ziekenhuisopname,0,11
2020-10-24,358,Aalsmeer,Noord-Holland,27,Overleden,0,6
2020-10-24,361,Alkmaar,Noord-Holland,27,Totaal,44,1200
2020-10-24,361,Alkmaar,Noord-Holland,27,Ziekenhuisopname,2,64
2020-10-24,361,Alkmaar,Noord-Holland,27,Overleden,0,31
2020-10-24,362,Amstelveen,Noord-Holland,27,Totaal,54,1906
2020-10-24,362,Amstelveen,Noord-Holland,27,Ziekenhuisopname,0,74
2020-10-24,362,Amstelveen,Noord-Holland,27,Overleden,1,45
2020-10-24,363,Amsterdam,Noord-Holland,27,Totaal,506,26442
2020-10-24,363,Amsterdam,Noord-Holland,27,Ziekenhuisopname,13,966
2020-10-24,363,Amsterdam,Noord-Holland,27,Overleden,5,319
2020-10-24,370,Beemster,Noord-Holland,27,Totaal,0,104
2020-10-24,370,Beemster,Noord-Holland,27,Ziekenhuisopname,0,4
2020-10-24,370,Beemster,Noord-Holland,27,Overleden,0,1
2020-10-24,373,Bergen (NH.),Noord-Holland,27,Totaal,15,480
2020-10-24,373,Bergen (NH.),Noord-Holland,27,Ziekenhuisopname,0,22
2020-10-24,373,Bergen (NH.),Noord-Holland,27,Overleden,0,10
2020-10-24,375,Beverwijk,Noord-Holland,27,Totaal,25,601
2020-10-24,375,Beverwijk,Noord-Holland,27,Ziekenhuisopname,0,20
2020-10-24,375,Beverwijk,Noord-Holland,27,Overleden,0,13
2020-10-24,376,Blaricum,Noord-Holland,27,Totaal,8,163
2020-10-24,376,Blaricum,Noord-Holland,27,Ziekenhuisopname,0,8
2020-10-24,376,Blaricum,Noord-Holland,27,Overleden,0,2
2020-10-24,377,Bloemendaal,Noord-Holland,27,Totaal,10,335
2020-10-24,377,Bloemendaal,Noord-Holland,27,Ziekenhuisopname,1,10
2020-10-24,377,Bloemendaal,Noord-Holland,27,Overleden,0,6
2020-10-24,383,Castricum,Noord-Holland,27,Totaal,16,358
2020-10-24,383,Castricum,Noord-Holland,27,Ziekenhuisopname,0,18
2020-10-24,383,Castricum,Noord-Holland,27,Overleden,0,10
2020-10-24,384,Diemen,Noord-Holland,27,Totaal,19,894
2020-10-24,384,Diemen,Noord-Holland,27,Ziekenhuisopname,0,23
2020-10-24,384,Diemen,Noord-Holland,27,Overleden,0,14
2020-10-24,385,Edam-Volendam,Noord-Holland,27,Totaal,21,807
2020-10-24,385,Edam-Volendam,Noord-Holland,27,Ziekenhuisopname,2,38
2020-10-24,385,Edam-Volendam,Noord-Holland,27,Overleden,0,4
2020-10-24,388,Enkhuizen,Noord-Holland,27,Totaal,14,145
2020-10-24,388,Enkhuizen,Noord-Holland,27,Ziekenhuisopname,0,20
2020-10-24,388,Enkhuizen,Noord-Holland,27,Overleden,0,4
2020-10-24,392,Haarlem,Noord-Holland,27,Totaal,79,2433
2020-10-24,392,Haarlem,Noord-Holland,27,Ziekenhuisopname,1,100
2020-10-24,392,Haarlem,Noord-Holland,27,Overleden,2,74
2020-10-24,394,Haarlemmermeer,Noord-Holland,27,Totaal,71,2654
2020-10-24,394,Haarlemmermeer,Noord-Holland,27,Ziekenhuisopname,2,94
2020-10-24,394,Haarlemmermeer,Noord-Holland,27,Overleden,0,38
2020-10-24,396,Heemskerk,Noord-Holland,27,Totaal,16,538
2020-10-24,396,Heemskerk,Noord-Holland,27,Ziekenhuisopname,0,34
2020-10-24,396,Heemskerk,Noord-Holland,27,Overleden,0,14
2020-10-24,397,Heemstede,Noord-Holland,27,Totaal,11,388
2020-10-24,397,Heemstede,Noord-Holland,27,Ziekenhuisopname,0,15
2020-10-24,397,Heemstede,Noord-Holland,27,Overleden,0,35
2020-10-24,398,Heerhugowaard,Noord-Holland,27,Totaal,29,602
2020-10-24,398,Heerhugowaard,Noord-Holland,27,Ziekenhuisopname,0,29
2020-10-24,398,Heerhugowaard,Noord-Holland,27,Overleden,0,9
2020-10-24,399,Heiloo,Noord-Holland,27,Totaal,13,226
2020-10-24,399,Heiloo,Noord-Holland,27,Ziekenhuisopname,0,12
2020-10-24,399,Heiloo,Noord-Holland,27,Overleden,0,9
2020-10-24,400,Den Helder,Noord-Holland,27,Totaal,15,318
2020-10-24,400,Den Helder,Noord-Holland,27,Ziekenhuisopname,0,15
2020-10-24,400,Den Helder,Noord-Holland,27,Overleden,0,2
2020-10-24,402,Hilversum,Noord-Holland,27,Totaal,39,1324
2020-10-24,402,Hilversum,Noord-Holland,27,Ziekenhuisopname,1,39
2020-10-24,402,Hilversum,Noord-Holland,27,Overleden,0,26
2020-10-24,405,Hoorn,Noord-Holland,27,Totaal,28,772
2020-10-24,405,Hoorn,Noord-Holland,27,Ziekenhuisopname,0,38
2020-10-24,405,Hoorn,Noord-Holland,27,Overleden,0,13
2020-10-24,406,Huizen,Noord-Holland,27,Totaal,16,730
2020-10-24,406,Huizen,Noord-Holland,27,Ziekenhuisopname,0,27
2020-10-24,406,Huizen,Noord-Holland,27,Overleden,0,10
2020-10-24,415,Landsmeer,Noord-Holland,27,Totaal,3,190
2020-10-24,415,Landsmeer,Noord-Holland,27,Ziekenhuisopname,0,5
2020-10-24,415,Landsmeer,Noord-Holland,27,Overleden,0,3
2020-10-24,416,Langedijk,Noord-Holland,27,Totaal,20,332
2020-10-24,416,Langedijk,Noord-Holland,27,Ziekenhuisopname,0,21
2020-10-24,416,Langedijk,Noord-Holland,27,Overleden,0,7
2020-10-24,417,Laren,Noord-Holland,27,Totaal,4,171
2020-10-24,417,Laren,Noord-Holland,27,Ziekenhuisopname,0,9
2020-10-24,417,Laren,Noord-Holland,27,Overleden,0,3
2020-10-24,420,Medemblik,Noord-Holland,27,Totaal,20,378
2020-10-24,420,Medemblik,Noord-Holland,27,Ziekenhuisopname,0,19
2020-10-24,420,Medemblik,Noord-Holland,27,Overleden,0,6
2020-10-24,431,Oostzaan,Noord-Holland,27,Totaal,2,218
2020-10-24,431,Oostzaan,Noord-Holland,27,Ziekenhuisopname,0,12
2020-10-24,431,Oostzaan,Noord-Holland,27,Overleden,0,2
2020-10-24,432,Opmeer,Noord-Holland,27,Totaal,5,80
2020-10-24,432,Opmeer,Noord-Holland,27,Ziekenhuisopname,0,1
2020-10-24,432,Opmeer,Noord-Holland,27,Overleden,0,1
2020-10-24,437,Ouder-Amstel,Noord-Holland,27,Totaal,5,345
2020-10-24,437,Ouder-Amstel,Noord-Holland,27,Ziekenhuisopname,1,8
2020-10-24,437,Ouder-Amstel,Noord-Holland,27,Overleden,0,0
2020-10-24,439,Purmerend,Noord-Holland,27,Totaal,28,1128
2020-10-24,439,Purmerend,Noord-Holland,27,Ziekenhuisopname,1,81
2020-10-24,439,Purmerend,Noord-Holland,27,Overleden,0,38
2020-10-24,441,Schagen,Noord-Holland,27,Totaal,22,423
2020-10-24,441,Schagen,Noord-Holland,27,Ziekenhuisopname,0,20
2020-10-24,441,Schagen,Noord-Holland,27,Overleden,0,10
2020-10-24,448,Texel,Noord-Holland,27,Totaal,0,69
2020-10-24,448,Texel,Noord-Holland,27,Ziekenhuisopname,0,6
2020-10-24,448,Texel,Noord-Holland,27,Overleden,0,2
2020-10-24,450,Uitgeest,Noord-Holland,27,Totaal,6,185
2020-10-24,450,Uitgeest,Noord-Holland,27,Ziekenhuisopname,0,6
2020-10-24,450,Uitgeest,Noord-Holland,27,Overleden,0,1
2020-10-24,451,Uithoorn,Noord-Holland,27,Totaal,19,505
2020-10-24,451,Uithoorn,Noord-Holland,27,Ziekenhuisopname,0,21
2020-10-24,451,Uithoorn,Noord-Holland,27,Overleden,1,3
2020-10-24,453,Velsen,Noord-Holland,27,Totaal,41,1032
2020-10-24,453,Velsen,Noord-Holland,27,Ziekenhuisopname,0,46
2020-10-24,453,Velsen,Noord-Holland,27,Overleden,0,44
2020-10-24,457,Weesp,Noord-Holland,27,Totaal,19,494
2020-10-24,457,Weesp,Noord-Holland,27,Ziekenhuisopname,0,10
2020-10-24,457,Weesp,Noord-Holland,27,Overleden,0,14
2020-10-24,473,Zandvoort,Noord-Holland,27,Totaal,0,218
2020-10-24,473,Zandvoort,Noord-Holland,27,Ziekenhuisopname,0,12
2020-10-24,473,Zandvoort,Noord-Holland,27,Overleden,0,9
2020-10-24,479,Zaanstad,Noord-Holland,27,Totaal,41,2825
2020-10-24,479,Zaanstad,Noord-Holland,27,Ziekenhuisopname,1,152
2020-10-24,479,Zaanstad,Noord-Holland,27,Overleden,1,59
2020-10-24,482,Alblasserdam,Zuid-Holland,28,Totaal,30,468
2020-10-24,482,Alblasserdam,Zuid-Holland,28,Ziekenhuisopname,0,11
2020-10-24,482,Alblasserdam,Zuid-Holland,28,Overleden,1,7
2020-10-24,484,Alphen aan den Rijn,Zuid-Holland,28,Totaal,91,1880
2020-10-24,484,Alphen aan den Rijn,Zuid-Holland,28,Ziekenhuisopname,0,79
2020-10-24,484,Alphen aan den Rijn,Zuid-Holland,28,Overleden,0,32
2020-10-24,489,Barendrecht,Zuid-Holland,28,Totaal,29,1214
2020-10-24,489,Barendrecht,Zuid-Holland,28,Ziekenhuisopname,1,47
2020-10-24,489,Barendrecht,Zuid-Holland,28,Overleden,1,16
2020-10-24,498,Drechterland,Noord-Holland,27,Totaal,12,230
2020-10-24,498,Drechterland,Noord-Holland,27,Ziekenhuisopname,0,5
2020-10-24,498,Drechterland,Noord-Holland,27,Overleden,0,8
2020-10-24,501,Brielle,Zuid-Holland,28,Totaal,8,283
2020-10-24,501,Brielle,Zuid-Holland,28,Ziekenhuisopname,0,15
2020-10-24,501,Brielle,Zuid-Holland,28,Overleden,0,0
2020-10-24,502,Capelle aan den IJssel,Zuid-Holland,28,Totaal,25,1596
2020-10-24,502,Capelle aan den IJssel,Zuid-Holland,28,Ziekenhuisopname,0,67
2020-10-24,502,Capelle aan den IJssel,Zuid-Holland,28,Overleden,0,65
2020-10-24,503,Delft,Zuid-Holland,28,Totaal,83,2252
2020-10-24,503,Delft,Zuid-Holland,28,Ziekenhuisopname,1,46
2020-10-24,503,Delft,Zuid-Holland,28,Overleden,0,15
2020-10-24,505,Dordrecht,Zuid-Holland,28,Totaal,93,2424
2020-10-24,505,Dordrecht,Zuid-Holland,28,Ziekenhuisopname,0,97
2020-10-24,505,Dordrecht,Zuid-Holland,28,Overleden,0,76
2020-10-24,512,Gorinchem,Zuid-Holland,28,Totaal,20,657
2020-10-24,512,Gorinchem,Zuid-Holland,28,Ziekenhuisopname,0,19
2020-10-24,512,Gorinchem,Zuid-Holland,28,Overleden,0,16
2020-10-24,513,Gouda,Zuid-Holland,28,Totaal,45,1613
2020-10-24,513,Gouda,Zuid-Holland,28,Ziekenhuisopname,1,57
2020-10-24,513,Gouda,Zuid-Holland,28,Overleden,0,46
2020-10-24,518,'s-Gravenhage,Zuid-Holland,28,Totaal,408,14389
2020-10-24,518,'s-Gravenhage,Zuid-Holland,28,Ziekenhuisopname,5,552
2020-10-24,518,'s-Gravenhage,Zuid-Holland,28,Overleden,4,318
2020-10-24,523,Hardinxveld-Giessendam,Zuid-Holland,28,Totaal,14,269
2020-10-24,523,Hardinxveld-Giessendam,Zuid-Holland,28,Ziekenhuisopname,0,2
2020-10-24,523,Hardinxveld-Giessendam,Zuid-Holland,28,Overleden,0,2
2020-10-24,530,Hellevoetsluis,Zuid-Holland,28,Totaal,21,577
2020-10-24,530,Hellevoetsluis,Zuid-Holland,28,Ziekenhuisopname,0,21
2020-10-24,530,Hellevoetsluis,Zuid-Holland,28,Overleden,0,6
2020-10-24,531,Hendrik-Ido-Ambacht,Zuid-Holland,28,Totaal,23,631
2020-10-24,531,Hendrik-Ido-Ambacht,Zuid-Holland,28,Ziekenhuisopname,0,13
2020-10-24,531,Hendrik-Ido-Ambacht,Zuid-Holland,28,Overleden,0,6
2020-10-24,532,Stede Broec,Noord-Holland,27,Totaal,12,189
2020-10-24,532,Stede Broec,Noord-Holland,27,Ziekenhuisopname,0,19
2020-10-24,532,Stede Broec,Noord-Holland,27,Overleden,0,5
2020-10-24,534,Hillegom,Zuid-Holland,28,Totaal,9,328
2020-10-24,534,Hillegom,Zuid-Holland,28,Ziekenhuisopname,0,8
2020-10-24,534,Hillegom,Zuid-Holland,28,Overleden,0,2
2020-10-24,537,Katwijk,Zuid-Holland,28,Totaal,52,1330
2020-10-24,537,Katwijk,Zuid-Holland,28,Ziekenhuisopname,1,42
2020-10-24,537,Katwijk,Zuid-Holland,28,Overleden,0,18
2020-10-24,542,Krimpen aan den IJssel,Zuid-Holland,28,Totaal,22,667
2020-10-24,542,Krimpen aan den IJssel,Zuid-Holland,28,Ziekenhuisopname,0,18
2020-10-24,542,Krimpen aan den IJssel,Zuid-Holland,28,Overleden,0,10
2020-10-24,546,Leiden,Zuid-Holland,28,Totaal,102,2410
2020-10-24,546,Leiden,Zuid-Holland,28,Ziekenhuisopname,2,59
2020-10-24,546,Leiden,Zuid-Holland,28,Overleden,0,25
2020-10-24,547,Leiderdorp,Zuid-Holland,28,Totaal,7,450
2020-10-24,547,Leiderdorp,Zuid-Holland,28,Ziekenhuisopname,1,22
2020-10-24,547,Leiderdorp,Zuid-Holland,28,Overleden,0,7
2020-10-24,553,Lisse,Zuid-Holland,28,Totaal,17,287
2020-10-24,553,Lisse,Zuid-Holland,28,Ziekenhuisopname,0,11
2020-10-24,553,Lisse,Zuid-Holland,28,Overleden,1,4
2020-10-24,556,Maassluis,Zuid-Holland,28,Totaal,34,765
2020-10-24,556,Maassluis,Zuid-Holland,28,Ziekenhuisopname,0,28
2020-10-24,556,Maassluis,Zuid-Holland,28,Overleden,1,10
2020-10-24,569,Nieuwkoop,Zuid-Holland,28,Totaal,9,367
2020-10-24,569,Nieuwkoop,Zuid-Holland,28,Ziekenhuisopname,0,12
2020-10-24,569,Nieuwkoop,Zuid-Holland,28,Overleden,0,6
2020-10-24,575,Noordwijk,Zuid-Holland,28,Totaal,27,658
2020-10-24,575,Noordwijk,Zuid-Holland,28,Ziekenhuisopname,1,28
2020-10-24,575,Noordwijk,Zuid-Holland,28,Overleden,0,4
2020-10-24,579,Oegstgeest,Zuid-Holland,28,Totaal,12,376
2020-10-24,579,Oegstgeest,Zuid-Holland,28,Ziekenhuisopname,0,11
2020-10-24,579,Oegstgeest,Zuid-Holland,28,Overleden,0,3
2020-10-24,589,Oudewater,Utrecht,26,Totaal,2,184
2020-10-24,589,Oudewater,Utrecht,26,Ziekenhuisopname,1,29
2020-10-24,589,Oudewater,Utrecht,26,Overleden,0,10
2020-10-24,590,Papendrecht,Zuid-Holland,28,Totaal,26,501
2020-10-24,590,Papendrecht,Zuid-Holland,28,Ziekenhuisopname,0,9
2020-10-24,590,Papendrecht,Zuid-Holland,28,Overleden,0,9
2020-10-24,597,Ridderkerk,Zuid-Holland,28,Totaal,29,1008
2020-10-24,597,Ridderkerk,Zuid-Holland,28,Ziekenhuisopname,0,43
2020-10-24,597,Ridderkerk,Zuid-Holland,28,Overleden,0,19
2020-10-24,599,Rotterdam,Zuid-Holland,28,Totaal,471,20083
2020-10-24,599,Rotterdam,Zuid-Holland,28,Ziekenhuisopname,4,781
2020-10-24,599,Rotterdam,Zuid-Holland,28,Overleden,7,417
2020-10-24,603,Rijswijk,Zuid-Holland,28,Totaal,56,1188
2020-10-24,603,Rijswijk,Zuid-Holland,28,Ziekenhuisopname,1,60
2020-10-24,603,Rijswijk,Zuid-Holland,28,Overleden,1,35
2020-10-24,606,Schiedam,Zuid-Holland,28,Totaal,54,2049
2020-10-24,606,Schiedam,Zuid-Holland,28,Ziekenhuisopname,0,73
2020-10-24,606,Schiedam,Zuid-Holland,28,Overleden,0,25
2020-10-24,610,Sliedrecht,Zuid-Holland,28,Totaal,22,359
2020-10-24,610,Sliedrecht,Zuid-Holland,28,Ziekenhuisopname,0,9
2020-10-24,610,Sliedrecht,Zuid-Holland,28,Overleden,0,5
2020-10-24,613,Albrandswaard,Zuid-Holland,28,Totaal,28,635
2020-10-24,613,Albrandswaard,Zuid-Holland,28,Ziekenhuisopname,0,17
2020-10-24,613,Albrandswaard,Zuid-Holland,28,Overleden,1,9
2020-10-24,614,Westvoorne,Zuid-Holland,28,Totaal,4,254
2020-10-24,614,Westvoorne,Zuid-Holland,28,Ziekenhuisopname,0,6
2020-10-24,614,Westvoorne,Zuid-Holland,28,Overleden,0,0
2020-10-24,622,Vlaardingen,Zuid-Holland,28,Totaal,78,1889
2020-10-24,622,Vlaardingen,Zuid-Holland,28,Ziekenhuisopname,0,55
2020-10-24,622,Vlaardingen,Zuid-Holland,28,Overleden,0,32
2020-10-24,626,Voorschoten,Zuid-Holland,28,Totaal,2,344
2020-10-24,626,Voorschoten,Zuid-Holland,28,Ziekenhuisopname,0,11
2020-10-24,626,Voorschoten,Zuid-Holland,28,Overleden,0,11
2020-10-24,627,Waddinxveen,Zuid-Holland,28,Totaal,22,530
2020-10-24,627,Waddinxveen,Zuid-Holland,28,Ziekenhuisopname,0,25
2020-10-24,627,Waddinxveen,Zuid-Holland,28,Overleden,0,7
2020-10-24,629,Wassenaar,Zuid-Holland,28,Totaal,6,416
2020-10-24,629,Wassenaar,Zuid-Holland,28,Ziekenhuisopname,0,10
2020-10-24,629,Wassenaar,Zuid-Holland,28,Overleden,0,13
2020-10-24,632,Woerden,Utrecht,26,Totaal,13,791
2020-10-24,632,Woerden,Utrecht,26,Ziekenhuisopname,0,61
2020-10-24,632,Woerden,Utrecht,26,Overleden,0,22
2020-10-24,637,Zoetermeer,Zuid-Holland,28,Totaal,77,2217
2020-10-24,637,Zoetermeer,Zuid-Holland,28,Ziekenhuisopname,0,66
2020-10-24,637,Zoetermeer,Zuid-Holland,28,Overleden,0,18
2020-10-24,638,Zoeterwoude,Zuid-Holland,28,Totaal,7,121
2020-10-24,638,Zoeterwoude,Zuid-Holland,28,Ziekenhuisopname,0,4
2020-10-24,638,Zoeterwoude,Zuid-Holland,28,Overleden,0,1
2020-10-24,642,Zwijndrecht,Zuid-Holland,28,Totaal,40,982
2020-10-24,642,Zwijndrecht,Zuid-Holland,28,Ziekenhuisopname,0,29
2020-10-24,642,Zwijndrecht,Zuid-Holland,28,Overleden,0,30
2020-10-24,654,Borsele,Zeeland,29,Totaal,0,126
2020-10-24,654,Borsele,Zeeland,29,Ziekenhuisopname,0,5
2020-10-24,654,Borsele,Zeeland,29,Overleden,0,1
2020-10-24,664,Goes,Zeeland,29,Totaal,4,349
2020-10-24,664,Goes,Zeeland,29,Ziekenhuisopname,1,14
2020-10-24,664,Goes,Zeeland,29,Overleden,0,13
2020-10-24,668,West Maas en Waal,Gelderland,25,Totaal,8,245
2020-10-24,668,West Maas en Waal,Gelderland,25,Ziekenhuisopname,0,23
2020-10-24,668,West Maas en Waal,Gelderland,25,Overleden,0,10
2020-10-24,677,Hulst,Zeeland,29,Totaal,2,197
2020-10-24,677,Hulst,Zeeland,29,Ziekenhuisopname,0,10
2020-10-24,677,Hulst,Zeeland,29,Overleden,0,5
2020-10-24,678,Kapelle,Zeeland,29,Totaal,0,76
2020-10-24,678,Kapelle,Zeeland,29,Ziekenhuisopname,0,3
2020-10-24,678,Kapelle,Zeeland,29,Overleden,0,1
2020-10-24,687,Middelburg,Zeeland,29,Totaal,5,277
2020-10-24,687,Middelburg,Zeeland,29,Ziekenhuisopname,1,20
2020-10-24,687,Middelburg,Zeeland,29,Overleden,0,10
2020-10-24,703,Reimerswaal,Zeeland,29,Totaal,2,171
2020-10-24,703,Reimerswaal,Zeeland,29,Ziekenhuisopname,0,6
2020-10-24,703,Reimerswaal,Zeeland,29,Overleden,0,2
2020-10-24,715,Terneuzen,Zeeland,29,Totaal,4,372
2020-10-24,715,Terneuzen,Zeeland,29,Ziekenhuisopname,0,25
2020-10-24,715,Terneuzen,Zeeland,29,Overleden,0,4
2020-10-24,716,Tholen,Zeeland,29,Totaal,12,347
2020-10-24,716,Tholen,Zeeland,29,Ziekenhuisopname,0,43
2020-10-24,716,Tholen,Zeeland,29,Overleden,0,18
2020-10-24,717,Veere,Zeeland,29,Totaal,2,108
2020-10-24,717,Veere,Zeeland,29,Ziekenhuisopname,0,8
2020-10-24,717,Veere,Zeeland,29,Overleden,0,2
2020-10-24,718,Vlissingen,Zeeland,29,Totaal,7,262
2020-10-24,718,Vlissingen,Zeeland,29,Ziekenhuisopname,1,10
2020-10-24,718,Vlissingen,Zeeland,29,Overleden,0,5
2020-10-24,736,De Ronde Venen,Utrecht,26,Totaal,29,737
2020-10-24,736,De Ronde Venen,Utrecht,26,Ziekenhuisopname,2,47
2020-10-24,736,De Ronde Venen,Utrecht,26,Overleden,0,14
2020-10-24,737,Tytsjerksteradiel,Friesland,21,Totaal,7,206
2020-10-24,737,Tytsjerksteradiel,Friesland,21,Ziekenhuisopname,0,7
2020-10-24,737,Tytsjerksteradiel,Friesland,21,Overleden,1,2
2020-10-24,743,Asten,Noord-Brabant,30,Totaal,3,218
2020-10-24,743,Asten,Noord-Brabant,30,Ziekenhuisopname,0,18
2020-10-24,743,Asten,Noord-Brabant,30,Overleden,0,12
2020-10-24,744,Baarle-Nassau,Noord-Brabant,30,Totaal,6,82
2020-10-24,744,Baarle-Nassau,Noord-Brabant,30,Ziekenhuisopname,0,9
2020-10-24,744,Baarle-Nassau,Noord-Brabant,30,Overleden,0,2
2020-10-24,748,Bergen op Zoom,Noord-Brabant,30,Totaal,43,1414
2020-10-24,748,Bergen op Zoom,Noord-Brabant,30,Ziekenhuisopname,0,42
2020-10-24,748,Bergen op Zoom,Noord-Brabant,30,Overleden,0,15
2020-10-24,753,Best,Noord-Brabant,30,Totaal,16,380
2020-10-24,753,Best,Noord-Brabant,30,Ziekenhuisopname,0,33
2020-10-24,753,Best,Noord-Brabant,30,Overleden,0,12
2020-10-24,755,Boekel,Noord-Brabant,30,Totaal,4,167
2020-10-24,755,Boekel,Noord-Brabant,30,Ziekenhuisopname,0,36
2020-10-24,755,Boekel,Noord-Brabant,30,Overleden,0,20
2020-10-24,756,Boxmeer,Noord-Brabant,30,Totaal,9,413
2020-10-24,756,Boxmeer,Noord-Brabant,30,Ziekenhuisopname,0,20
2020-10-24,756,Boxmeer,Noord-Brabant,30,Overleden,0,28
2020-10-24,757,Boxtel,Noord-Brabant,30,Totaal,17,395
2020-10-24,757,Boxtel,Noord-Brabant,30,Ziekenhuisopname,0,24
2020-10-24,757,Boxtel,Noord-Brabant,30,Overleden,0,26
2020-10-24,758,Breda,Noord-Brabant,30,Totaal,95,2998
2020-10-24,758,Breda,Noord-Brabant,30,Ziekenhuisopname,2,172
2020-10-24,758,Breda,Noord-Brabant,30,Overleden,0,74
2020-10-24,762,Deurne,Noord-Brabant,30,Totaal,15,579
2020-10-24,762,Deurne,Noord-Brabant,30,Ziekenhuisopname,0,58
2020-10-24,762,Deurne,Noord-Brabant,30,Overleden,0,26
2020-10-24,765,Pekela,Groningen,20,Totaal,3,61
2020-10-24,765,Pekela,Groningen,20,Ziekenhuisopname,0,5
2020-10-24,765,Pekela,Groningen,20,Overleden,0,0
2020-10-24,766,Dongen,Noord-Brabant,30,Totaal,6,355
2020-10-24,766,Dongen,Noord-Brabant,30,Ziekenhuisopname,0,24
2020-10-24,766,Dongen,Noord-Brabant,30,Overleden,0,13
2020-10-24,770,Eersel,Noord-Brabant,30,Totaal,7,394
2020-10-24,770,Eersel,Noord-Brabant,30,Ziekenhuisopname,0,29
2020-10-24,770,Eersel,Noord-Brabant,30,Overleden,0,10
2020-10-24,772,Eindhoven,Noord-Brabant,30,Totaal,94,3324
2020-10-24,772,Eindhoven,Noord-Brabant,30,Ziekenhuisopname,7,205
2020-10-24,772,Eindhoven,Noord-Brabant,30,Overleden,0,99
2020-10-24,777,Etten-Leur,Noord-Brabant,30,Totaal,26,768
2020-10-24,777,Etten-Leur,Noord-Brabant,30,Ziekenhuisopname,0,47
2020-10-24,777,Etten-Leur,Noord-Brabant,30,Overleden,0,30
2020-10-24,779,Geertruidenberg,Noord-Brabant,30,Totaal,16,254
2020-10-24,779,Geertruidenberg,Noord-Brabant,30,Ziekenhuisopname,0,13
2020-10-24,779,Geertruidenberg,Noord-Brabant,30,Overleden,0,6
2020-10-24,784,Gilze en Rijen,Noord-Brabant,30,Totaal,9,377
2020-10-24,784,Gilze en Rijen,Noord-Brabant,30,Ziekenhuisopname,0,21
2020-10-24,784,Gilze en Rijen,Noord-Brabant,30,Overleden,1,16
2020-10-24,785,Goirle,Noord-Brabant,30,Totaal,6,373
2020-10-24,785,Goirle,Noord-Brabant,30,Ziekenhuisopname,1,33
2020-10-24,785,Goirle,Noord-Brabant,30,Overleden,0,20
2020-10-24,786,Grave,Noord-Brabant,30,Totaal,6,219
2020-10-24,786,Grave,Noord-Brabant,30,Ziekenhuisopname,0,21
2020-10-24,786,Grave,Noord-Brabant,30,Overleden,0,11
2020-10-24,788,Haaren,Noord-Brabant,30,Totaal,8,204
2020-10-24,788,Haaren,Noord-Brabant,30,Ziekenhuisopname,0,20
2020-10-24,788,Haaren,Noord-Brabant,30,Overleden,0,8
2020-10-24,794,Helmond,Noord-Brabant,30,Totaal,62,1858
2020-10-24,794,Helmond,Noord-Brabant,30,Ziekenhuisopname,1,124
2020-10-24,794,Helmond,Noord-Brabant,30,Overleden,0,46
2020-10-24,796,'s-Hertogenbosch,Noord-Brabant,30,Totaal,60,2303
2020-10-24,796,'s-Hertogenbosch,Noord-Brabant,30,Ziekenhuisopname,1,145
2020-10-24,796,'s-Hertogenbosch,Noord-Brabant,30,Overleden,0,85
2020-10-24,797,Heusden,Noord-Brabant,30,Totaal,22,675
2020-10-24,797,Heusden,Noord-Brabant,30,Ziekenhuisopname,1,49
2020-10-24,797,Heusden,Noord-Brabant,30,Overleden,0,26
2020-10-24,798,Hilvarenbeek,Noord-Brabant,30,Totaal,10,244
2020-10-24,798,Hilvarenbeek,Noord-Brabant,30,Ziekenhuisopname,0,12
2020-10-24,798,Hilvarenbeek,Noord-Brabant,30,Overleden,0,8
2020-10-24,809,Loon op Zand,Noord-Brabant,30,Totaal,15,342
2020-10-24,809,Loon op Zand,Noord-Brabant,30,Ziekenhuisopname,0,29
2020-10-24,809,Loon op Zand,Noord-Brabant,30,Overleden,0,16
2020-10-24,815,Mill en Sint Hubert,Noord-Brabant,30,Totaal,7,198
2020-10-24,815,Mill en Sint Hubert,Noord-Brabant,30,Ziekenhuisopname,0,9
2020-10-24,815,Mill en Sint Hubert,Noord-Brabant,30,Overleden,0,5
2020-10-24,820,"Nuenen, Gerwen en Nederwetten",Noord-Brabant,30,Totaal,12,321
2020-10-24,820,"Nuenen, Gerwen en Nederwetten",Noord-Brabant,30,Ziekenhuisopname,0,19
2020-10-24,820,"Nuenen, Gerwen en Nederwetten",Noord-Brabant,30,Overleden,0,10
2020-10-24,823,Oirschot,Noord-Brabant,30,Totaal,11,345
2020-10-24,823,Oirschot,Noord-Brabant,30,Ziekenhuisopname,0,17
2020-10-24,823,Oirschot,Noord-Brabant,30,Overleden,0,9
2020-10-24,824,Oisterwijk,Noord-Brabant,30,Totaal,16,328
2020-10-24,824,Oisterwijk,Noord-Brabant,30,Ziekenhuisopname,0,27
2020-10-24,824,Oisterwijk,Noord-Brabant,30,Overleden,0,12
2020-10-24,826,Oosterhout,Noord-Brabant,30,Totaal,30,782
2020-10-24,826,Oosterhout,Noord-Brabant,30,Ziekenhuisopname,0,52
2020-10-24,826,Oosterhout,Noord-Brabant,30,Overleden,0,17
2020-10-24,828,Oss,Noord-Brabant,30,Totaal,53,1828
2020-10-24,828,Oss,Noord-Brabant,30,Ziekenhuisopname,0,175
2020-10-24,828,Oss,Noord-Brabant,30,Overleden,0,93
2020-10-24,840,Rucphen,Noord-Brabant,30,Totaal,5,401
2020-10-24,840,Rucphen,Noord-Brabant,30,Ziekenhuisopname,0,14
2020-10-24,840,Rucphen,Noord-Brabant,30,Overleden,0,10
2020-10-24,845,Sint-Michielsgestel,Noord-Brabant,30,Totaal,19,486
2020-10-24,845,Sint-Michielsgestel,Noord-Brabant,30,Ziekenhuisopname,0,37
2020-10-24,845,Sint-Michielsgestel,Noord-Brabant,30,Overleden,0,19
2020-10-24,847,Someren,Noord-Brabant,30,Totaal,7,237
2020-10-24,847,Someren,Noord-Brabant,30,Ziekenhuisopname,0,34
2020-10-24,847,Someren,Noord-Brabant,30,Overleden,0,8
2020-10-24,848,Son en Breugel,Noord-Brabant,30,Totaal,4,234
2020-10-24,848,Son en Breugel,Noord-Brabant,30,Ziekenhuisopname,0,31
2020-10-24,848,Son en Breugel,Noord-Brabant,30,Overleden,0,14
2020-10-24,851,Steenbergen,Noord-Brabant,30,Totaal,16,397
2020-10-24,851,Steenbergen,Noord-Brabant,30,Ziekenhuisopname,0,18
2020-10-24,851,Steenbergen,Noord-Brabant,30,Overleden,0,13
2020-10-24,852,Waterland,Noord-Holland,27,Totaal,5,305
2020-10-24,852,Waterland,Noord-Holland,27,Ziekenhuisopname,1,20
2020-10-24,852,Waterland,Noord-Holland,27,Overleden,0,6
2020-10-24,855,Tilburg,Noord-Brabant,30,Totaal,103,3506
2020-10-24,855,Tilburg,Noord-Brabant,30,Ziekenhuisopname,1,265
2020-10-24,855,Tilburg,Noord-Brabant,30,Overleden,0,172
2020-10-24,856,Uden,Noord-Brabant,30,Totaal,15,580
2020-10-24,856,Uden,Noord-Brabant,30,Ziekenhuisopname,0,115
2020-10-24,856,Uden,Noord-Brabant,30,Overleden,0,63
2020-10-24,858,Valkenswaard,Noord-Brabant,30,Totaal,14,562
2020-10-24,858,Valkenswaard,Noord-Brabant,30,Ziekenhuisopname,1,23
2020-10-24,858,Valkenswaard,Noord-Brabant,30,Overleden,0,37
2020-10-24,861,Veldhoven,Noord-Brabant,30,Totaal,23,720
2020-10-24,861,Veldhoven,Noord-Brabant,30,Ziekenhuisopname,0,36
2020-10-24,861,Veldhoven,Noord-Brabant,30,Overleden,1,19
2020-10-24,865,Vught,Noord-Brabant,30,Totaal,9,384
2020-10-24,865,Vught,Noord-Brabant,30,Ziekenhuisopname,0,43
2020-10-24,865,Vught,Noord-Brabant,30,Overleden,0,17
2020-10-24,866,Waalre,Noord-Brabant,30,Totaal,6,238
2020-10-24,866,Waalre,Noord-Brabant,30,Ziekenhuisopname,0,8
2020-10-24,866,Waalre,Noord-Brabant,30,Overleden,3,8
2020-10-24,867,Waalwijk,Noord-Brabant,30,Totaal,31,737
2020-10-24,867,Waalwijk,Noord-Brabant,30,Ziekenhuisopname,0,42
2020-10-24,867,Waalwijk,Noord-Brabant,30,Overleden,0,39
2020-10-24,873,Woensdrecht,Noord-Brabant,30,Totaal,17,342
2020-10-24,873,Woensdrecht,Noord-Brabant,30,Ziekenhuisopname,0,8
2020-10-24,873,Woensdrecht,Noord-Brabant,30,Overleden,0,9
2020-10-24,879,Zundert,Noord-Brabant,30,Totaal,16,363
2020-10-24,879,Zundert,Noord-Brabant,30,Ziekenhuisopname,0,24
2020-10-24,879,Zundert,Noord-Brabant,30,Overleden,0,11
2020-10-24,880,Wormerland,Noord-Holland,27,Totaal,6,243
2020-10-24,880,Wormerland,Noord-Holland,27,Ziekenhuisopname,0,21
2020-10-24,880,Wormerland,Noord-Holland,27,Overleden,0,12
2020-10-24,882,Landgraaf,Limburg,31,Totaal,11,290
2020-10-24,882,Landgraaf,Limburg,31,Ziekenhuisopname,0,54
2020-10-24,882,Landgraaf,Limburg,31,Overleden,0,14
2020-10-24,888,Beek,Limburg,31,Totaal,4,136
2020-10-24,888,Beek,Limburg,31,Ziekenhuisopname,0,17
2020-10-24,888,Beek,Limburg,31,Overleden,0,7
2020-10-24,889,Beesel,Limburg,31,Totaal,8,155
2020-10-24,889,Beesel,Limburg,31,Ziekenhuisopname,0,20
2020-10-24,889,Beesel,Limburg,31,Overleden,0,8
2020-10-24,893,Bergen (L.),Limburg,31,Totaal,9,140
2020-10-24,893,Bergen (L.),Limburg,31,Ziekenhuisopname,0,9
2020-10-24,893,Bergen (L.),Limburg,31,Overleden,0,2
2020-10-24,899,Brunssum,Limburg,31,Totaal,6,283
2020-10-24,899,Brunssum,Limburg,31,Ziekenhuisopname,0,50
2020-10-24,899,Brunssum,Limburg,31,Overleden,2,21
2020-10-24,907,Gennep,Limburg,31,Totaal,3,182
2020-10-24,907,Gennep,Limburg,31,Ziekenhuisopname,0,17
2020-10-24,907,Gennep,Limburg,31,Overleden,0,10
2020-10-24,917,Heerlen,Limburg,31,Totaal,15,804
2020-10-24,917,Heerlen,Limburg,31,Ziekenhuisopname,1,129
2020-10-24,917,Heerlen,Limburg,31,Overleden,1,55
2020-10-24,928,Kerkrade,Limburg,31,Totaal,17,457
2020-10-24,928,Kerkrade,Limburg,31,Ziekenhuisopname,2,68
2020-10-24,928,Kerkrade,Limburg,31,Overleden,1,37
2020-10-24,935,Maastricht,Limburg,31,Totaal,33,1748
2020-10-24,935,Maastricht,Limburg,31,Ziekenhuisopname,1,198
2020-10-24,935,Maastricht,Limburg,31,Overleden,0,140
2020-10-24,938,Meerssen,Limburg,31,Totaal,2,204
2020-10-24,938,Meerssen,Limburg,31,Ziekenhuisopname,0,23
2020-10-24,938,Meerssen,Limburg,31,Overleden,0,13
2020-10-24,944,Mook en Middelaar,Limburg,31,Totaal,1,138
2020-10-24,944,Mook en Middelaar,Limburg,31,Ziekenhuisopname,0,7
2020-10-24,944,Mook en Middelaar,Limburg,31,Overleden,0,5
2020-10-24,946,Nederweert,Limburg,31,Totaal,6,196
2020-10-24,946,Nederweert,Limburg,31,Ziekenhuisopname,0,33
2020-10-24,946,Nederweert,Limburg,31,Overleden,0,7
2020-10-24,957,Roermond,Limburg,31,Totaal,11,526
2020-10-24,957,Roermond,Limburg,31,Ziekenhuisopname,0,65
2020-10-24,957,Roermond,Limburg,31,Overleden,0,24
2020-10-24,965,Simpelveld,Limburg,31,Totaal,3,81
2020-10-24,965,Simpelveld,Limburg,31,Ziekenhuisopname,0,19
2020-10-24,965,Simpelveld,Limburg,31,Overleden,0,5
2020-10-24,971,Stein,Limburg,31,Totaal,3,222
2020-10-24,971,Stein,Limburg,31,Ziekenhuisopname,0,46
2020-10-24,971,Stein,Limburg,31,Overleden,0,15
2020-10-24,981,Vaals,Limburg,31,Totaal,0,59
2020-10-24,981,Vaals,Limburg,31,Ziekenhuisopname,0,10
2020-10-24,981,Vaals,Limburg,31,Overleden,0,2
2020-10-24,983,Venlo,Limburg,31,Totaal,43,1490
2020-10-24,983,Venlo,Limburg,31,Ziekenhuisopname,0,139
2020-10-24,983,Venlo,Limburg,31,Overleden,0,69
2020-10-24,984,Venray,Limburg,31,Totaal,41,651
2020-10-24,984,Venray,Limburg,31,Ziekenhuisopname,0,38
2020-10-24,984,Venray,Limburg,31,Overleden,1,20
2020-10-24,986,Voerendaal,Limburg,31,Totaal,3,100
2020-10-24,986,Voerendaal,Limburg,31,Ziekenhuisopname,0,17
2020-10-24,986,Voerendaal,Limburg,31,Overleden,0,8
2020-10-24,988,Weert,Limburg,31,Totaal,11,572
2020-10-24,988,Weert,Limburg,31,Ziekenhuisopname,0,69
2020-10-24,988,Weert,Limburg,31,Overleden,0,16
2020-10-24,994,Valkenburg aan de Geul,Limburg,31,Totaal,4,190
2020-10-24,994,Valkenburg aan de Geul,Limburg,31,Ziekenhuisopname,0,20
2020-10-24,994,Valkenburg aan de Geul,Limburg,31,Overleden,1,8
2020-10-24,995,Lelystad,Flevoland,24,Totaal,32,870
2020-10-24,995,Lelystad,Flevoland,24,Ziekenhuisopname,0,80
2020-10-24,995,Lelystad,Flevoland,24,Overleden,0,32
2020-10-24,1507,Horst aan de Maas,Limburg,31,Totaal,31,554
2020-10-24,1507,Horst aan de Maas,Limburg,31,Ziekenhuisopname,0,41
2020-10-24,1507,Horst aan de Maas,Limburg,31,Overleden,0,28
2020-10-24,1509,Oude IJsselstreek,Gelderland,25,Totaal,10,353
2020-10-24,1509,Oude IJsselstreek,Gelderland,25,Ziekenhuisopname,0,23
2020-10-24,1509,Oude IJsselstreek,Gelderland,25,Overleden,0,9
2020-10-24,1525,Teylingen,Zuid-Holland,28,Totaal,26,584
2020-10-24,1525,Teylingen,Zuid-Holland,28,Ziekenhuisopname,0,18
2020-10-24,1525,Teylingen,Zuid-Holland,28,Overleden,0,4
2020-10-24,1581,Utrechtse Heuvelrug,Utrecht,26,Totaal,28,800
2020-10-24,1581,Utrechtse Heuvelrug,Utrecht,26,Ziekenhuisopname,0,31
2020-10-24,1581,Utrechtse Heuvelrug,Utrecht,26,Overleden,0,17
2020-10-24,1586,Oost Gelre,Gelderland,25,Totaal,11,419
2020-10-24,1586,Oost Gelre,Gelderland,25,Ziekenhuisopname,0,21
2020-10-24,1586,Oost Gelre,Gelderland,25,Overleden,0,11
2020-10-24,1598,Koggenland,Noord-Holland,27,Totaal,6,232
2020-10-24,1598,Koggenland,Noord-Holland,27,Ziekenhuisopname,0,8
2020-10-24,1598,Koggenland,Noord-Holland,27,Overleden,0,8
2020-10-24,1621,Lansingerland,Zuid-Holland,28,Totaal,44,1349
2020-10-24,1621,Lansingerland,Zuid-Holland,28,Ziekenhuisopname,0,49
2020-10-24,1621,Lansingerland,Zuid-Holland,28,Overleden,0,32
2020-10-24,1640,Leudal,Limburg,31,Totaal,6,377
2020-10-24,1640,Leudal,Limburg,31,Ziekenhuisopname,0,54
2020-10-24,1640,Leudal,Limburg,31,Overleden,0,33
2020-10-24,1641,Maasgouw,Limburg,31,Totaal,5,220
2020-10-24,1641,Maasgouw,Limburg,31,Ziekenhuisopname,0,28
2020-10-24,1641,Maasgouw,Limburg,31,Overleden,0,15
2020-10-24,1652,Gemert-Bakel,Noord-Brabant,30,Totaal,12,470
2020-10-24,1652,Gemert-Bakel,Noord-Brabant,30,Ziekenhuisopname,0,79
2020-10-24,1652,Gemert-Bakel,Noord-Brabant,30,Overleden,0,32
2020-10-24,1655,Halderberge,Noord-Brabant,30,Totaal,14,484
2020-10-24,1655,Halderberge,Noord-Brabant,30,Ziekenhuisopname,0,23
2020-10-24,1655,Halderberge,Noord-Brabant,30,Overleden,0,12
2020-10-24,1658,Heeze-Leende,Noord-Brabant,30,Totaal,8,261
2020-10-24,1658,Heeze-Leende,Noord-Brabant,30,Ziekenhuisopname,0,17
2020-10-24,1658,Heeze-Leende,Noord-Brabant,30,Overleden,0,8
2020-10-24,1659,Laarbeek,Noord-Brabant,30,Totaal,7,346
2020-10-24,1659,Laarbeek,Noord-Brabant,30,Ziekenhuisopname,1,42
2020-10-24,1659,Laarbeek,Noord-Brabant,30,Overleden,0,26
2020-10-24,1667,Reusel-De Mierden,Noord-Brabant,30,Totaal,5,341
2020-10-24,1667,Reusel-De Mierden,Noord-Brabant,30,Ziekenhuisopname,0,15
2020-10-24,1667,Reusel-De Mierden,Noord-Brabant,30,Overleden,0,2
2020-10-24,1669,Roerdalen,Limburg,31,Totaal,4,126
2020-10-24,1669,Roerdalen,Limburg,31,Ziekenhuisopname,0,27
2020-10-24,1669,Roerdalen,Limburg,31,Overleden,0,8
2020-10-24,1674,Roosendaal,Noord-Brabant,30,Totaal,49,1331
2020-10-24,1674,Roosendaal,Noord-Brabant,30,Ziekenhuisopname,1,45
2020-10-24,1674,Roosendaal,Noord-Brabant,30,Overleden,0,26
2020-10-24,1676,Schouwen-Duiveland,Zeeland,29,Totaal,5,293
2020-10-24,1676,Schouwen-Duiveland,Zeeland,29,Ziekenhuisopname,0,12
2020-10-24,1676,Schouwen-Duiveland,Zeeland,29,Overleden,0,13
2020-10-24,1680,Aa en Hunze,Drenthe,22,Totaal,5,201
2020-10-24,1680,Aa en Hunze,Drenthe,22,Ziekenhuisopname,0,1
2020-10-24,1680,Aa en Hunze,Drenthe,22,Overleden,0,1
2020-10-24,1681,Borger-Odoorn,Drenthe,22,Totaal,6,232
2020-10-24,1681,Borger-Odoorn,Drenthe,22,Ziekenhuisopname,0,8
2020-10-24,1681,Borger-Odoorn,Drenthe,22,Overleden,0,5
2020-10-24,1684,Cuijk,Noord-Brabant,30,Totaal,17,342
2020-10-24,1684,Cuijk,Noord-Brabant,30,Ziekenhuisopname,0,13
2020-10-24,1684,Cuijk,Noord-Brabant,30,Overleden,0,10
2020-10-24,1685,Landerd,Noord-Brabant,30,Totaal,9,362
2020-10-24,1685,Landerd,Noord-Brabant,30,Ziekenhuisopname,0,42
2020-10-24,1685,Landerd,Noord-Brabant,30,Overleden,0,21
2020-10-24,1690,De Wolden,Drenthe,22,Totaal,3,198
2020-10-24,1690,De Wolden,Drenthe,22,Ziekenhuisopname,0,14
2020-10-24,1690,De Wolden,Drenthe,22,Overleden,0,5
2020-10-24,1695,Noord-Beveland,Zeeland,29,Totaal,1,51
2020-10-24,1695,Noord-Beveland,Zeeland,29,Ziekenhuisopname,0,1
2020-10-24,1695,Noord-Beveland,Zeeland,29,Overleden,0,0
2020-10-24,1696,Wijdemeren,Noord-Holland,27,Totaal,16,373
2020-10-24,1696,Wijdemeren,Noord-Holland,27,Ziekenhuisopname,0,11
2020-10-24,1696,Wijdemeren,Noord-Holland,27,Overleden,0,1
2020-10-24,1699,Noordenveld,Drenthe,22,Totaal,6,227
2020-10-24,1699,Noordenveld,Drenthe,22,Ziekenhuisopname,0,6
2020-10-24,1699,Noordenveld,Drenthe,22,Overleden,0,14
2020-10-24,1700,Twenterand,Overijssel,23,Totaal,27,330
2020-10-24,1700,Twenterand,Overijssel,23,Ziekenhuisopname,0,12
2020-10-24,1700,Twenterand,Overijssel,23,Overleden,0,2
2020-10-24,1701,Westerveld,Drenthe,22,Totaal,1,99
2020-10-24,1701,Westerveld,Drenthe,22,Ziekenhuisopname,0,9
2020-10-24,1701,Westerveld,Drenthe,22,Overleden,0,4
2020-10-24,1702,Sint Anthonis,Noord-Brabant,30,Totaal,4,187
2020-10-24,1702,Sint Anthonis,Noord-Brabant,30,Ziekenhuisopname,0,21
2020-10-24,1702,Sint Anthonis,Noord-Brabant,30,Overleden,0,11
2020-10-24,1705,Lingewaard,Gelderland,25,Totaal,19,635
2020-10-24,1705,Lingewaard,Gelderland,25,Ziekenhuisopname,0,38
2020-10-24,1705,Lingewaard,Gelderland,25,Overleden,0,12
2020-10-24,1706,Cranendonck,Noord-Brabant,30,Totaal,7,416
2020-10-24,1706,Cranendonck,Noord-Brabant,30,Ziekenhuisopname,0,63
2020-10-24,1706,Cranendonck,Noord-Brabant,30,Overleden,0,36
2020-10-24,1708,Steenwijkerland,Overijssel,23,Totaal,3,344
2020-10-24,1708,Steenwijkerland,Overijssel,23,Ziekenhuisopname,0,15
2020-10-24,1708,Steenwijkerland,Overijssel,23,Overleden,0,8
2020-10-24,1709,Moerdijk,Noord-Brabant,30,Totaal,20,530
2020-10-24,1709,Moerdijk,Noord-Brabant,30,Ziekenhuisopname,0,19
2020-10-24,1709,Moerdijk,Noord-Brabant,30,Overleden,0,10
2020-10-24,1711,Echt-Susteren,Limburg,31,Totaal,10,224
2020-10-24,1711,Echt-Susteren,Limburg,31,Ziekenhuisopname,0,43
2020-10-24,1711,Echt-Susteren,Limburg,31,Overleden,0,19
2020-10-24,1714,Sluis,Zeeland,29,Totaal,7,70
2020-10-24,1714,Sluis,Zeeland,29,Ziekenhuisopname,0,9
2020-10-24,1714,Sluis,Zeeland,29,Overleden,0,4
2020-10-24,1719,Drimmelen,Noord-Brabant,30,Totaal,9,314
2020-10-24,1719,Drimmelen,Noord-Brabant,30,Ziekenhuisopname,0,21
2020-10-24,1719,Drimmelen,Noord-Brabant,30,Overleden,0,9
2020-10-24,1721,Bernheze,Noord-Brabant,30,Totaal,20,619
2020-10-24,1721,Bernheze,Noord-Brabant,30,Ziekenhuisopname,0,96
2020-10-24,1721,Bernheze,Noord-Brabant,30,Overleden,0,66
2020-10-24,1723,Alphen-Chaam,Noord-Brabant,30,Totaal,9,150
2020-10-24,1723,Alphen-Chaam,Noord-Brabant,30,Ziekenhuisopname,0,18
2020-10-24,1723,Alphen-Chaam,Noord-Brabant,30,Overleden,0,5
2020-10-24,1724,Bergeijk,Noord-Brabant,30,Totaal,9,352
2020-10-24,1724,Bergeijk,Noord-Brabant,30,Ziekenhuisopname,0,19
2020-10-24,1724,Bergeijk,Noord-Brabant,30,Overleden,0,5
2020-10-24,1728,Bladel,Noord-Brabant,30,Totaal,9,597
2020-10-24,1728,Bladel,Noord-Brabant,30,Ziekenhuisopname,0,23
2020-10-24,1728,Bladel,Noord-Brabant,30,Overleden,0,9
2020-10-24,1729,Gulpen-Wittem,Limburg,31,Totaal,8,209
2020-10-24,1729,Gulpen-Wittem,Limburg,31,Ziekenhuisopname,1,24
2020-10-24,1729,Gulpen-Wittem,Limburg,31,Overleden,0,15
2020-10-24,1730,Tynaarlo,Drenthe,22,Totaal,3,243
2020-10-24,1730,Tynaarlo,Drenthe,22,Ziekenhuisopname,0,11
2020-10-24,1730,Tynaarlo,Drenthe,22,Overleden,0,0
2020-10-24,1731,Midden-Drenthe,Drenthe,22,Totaal,9,240
2020-10-24,1731,Midden-Drenthe,Drenthe,22,Ziekenhuisopname,0,6
2020-10-24,1731,Midden-Drenthe,Drenthe,22,Overleden,0,0
2020-10-24,1734,Overbetuwe,Gelderland,25,Totaal,10,583
2020-10-24,1734,Overbetuwe,Gelderland,25,Ziekenhuisopname,0,60
2020-10-24,1734,Overbetuwe,Gelderland,25,Overleden,0,17
2020-10-24,1735,Hof van Twente,Overijssel,23,Totaal,29,457
2020-10-24,1735,Hof van Twente,Overijssel,23,Ziekenhuisopname,0,18
2020-10-24,1735,Hof van Twente,Overijssel,23,Overleden,0,6
2020-10-24,1740,Neder-Betuwe,Gelderland,25,Totaal,13,381
2020-10-24,1740,Neder-Betuwe,Gelderland,25,Ziekenhuisopname,0,42
2020-10-24,1740,Neder-Betuwe,Gelderland,25,Overleden,0,22
2020-10-24,1742,Rijssen-Holten,Overijssel,23,Totaal,34,518
2020-10-24,1742,Rijssen-Holten,Overijssel,23,Ziekenhuisopname,0,30
2020-10-24,1742,Rijssen-Holten,Overijssel,23,Overleden,0,26
2020-10-24,1771,Geldrop-Mierlo,Noord-Brabant,30,Totaal,21,506
2020-10-24,1771,Geldrop-Mierlo,Noord-Brabant,30,Ziekenhuisopname,0,35
2020-10-24,1771,Geldrop-Mierlo,Noord-Brabant,30,Overleden,0,16
2020-10-24,1773,Olst-Wijhe,Overijssel,23,Totaal,1,173
2020-10-24,1773,Olst-Wijhe,Overijssel,23,Ziekenhuisopname,0,12
2020-10-24,1773,Olst-Wijhe,Overijssel,23,Overleden,0,8
2020-10-24,1774,Dinkelland,Overijssel,23,Totaal,32,493
2020-10-24,1774,Dinkelland,Overijssel,23,Ziekenhuisopname,0,21
2020-10-24,1774,Dinkelland,Overijssel,23,Overleden,0,10
2020-10-24,1783,Westland,Zuid-Holland,28,Totaal,102,2034
2020-10-24,1783,Westland,Zuid-Holland,28,Ziekenhuisopname,0,69
2020-10-24,1783,Westland,Zuid-Holland,28,Overleden,0,30
2020-10-24,1842,Midden-Delfland,Zuid-Holland,28,Totaal,20,332
2020-10-24,1842,Midden-Delfland,Zuid-Holland,28,Ziekenhuisopname,0,5
2020-10-24,1842,Midden-Delfland,Zuid-Holland,28,Overleden,1,1
2020-10-24,1859,Berkelland,Gelderland,25,Totaal,25,513
2020-10-24,1859,Berkelland,Gelderland,25,Ziekenhuisopname,0,18
2020-10-24,1859,Berkelland,Gelderland,25,Overleden,0,9
2020-10-24,1876,Bronckhorst,Gelderland,25,Totaal,17,440
2020-10-24,1876,Bronckhorst,Gelderland,25,Ziekenhuisopname,0,18
2020-10-24,1876,Bronckhorst,Gelderland,25,Overleden,0,7
2020-10-24,1883,Sittard-Geleen,Limburg,31,Totaal,17,864
2020-10-24,1883,Sittard-Geleen,Limburg,31,Ziekenhuisopname,0,124
2020-10-24,1883,Sittard-Geleen,Limburg,31,Overleden,0,65
2020-10-24,1884,Kaag en Braassem,Zuid-Holland,28,Totaal,24,381
2020-10-24,1884,Kaag en Braassem,Zuid-Holland,28,Ziekenhuisopname,0,8
2020-10-24,1884,Kaag en Braassem,Zuid-Holland,28,Overleden,0,3
2020-10-24,1891,Dantumadiel,Friesland,21,Totaal,2,111
2020-10-24,1891,Dantumadiel,Friesland,21,Ziekenhuisopname,0,2
2020-10-24,1891,Dantumadiel,Friesland,21,Overleden,0,0
2020-10-24,1892,Zuidplas,Zuid-Holland,28,Totaal,17,922
2020-10-24,1892,Zuidplas,Zuid-Holland,28,Ziekenhuisopname,0,31
2020-10-24,1892,Zuidplas,Zuid-Holland,28,Overleden,0,23
2020-10-24,1894,Peel en Maas,Limburg,31,Totaal,18,674
2020-10-24,1894,Peel en Maas,Limburg,31,Ziekenhuisopname,0,145
2020-10-24,1894,Peel en Maas,Limburg,31,Overleden,0,65
2020-10-24,1895,Oldambt,Groningen,20,Totaal,2,194
2020-10-24,1895,Oldambt,Groningen,20,Ziekenhuisopname,0,10
2020-10-24,1895,Oldambt,Groningen,20,Overleden,0,4
2020-10-24,1896,Zwartewaterland,Overijssel,23,Totaal,8,311
2020-10-24,1896,Zwartewaterland,Overijssel,23,Ziekenhuisopname,0,35
2020-10-24,1896,Zwartewaterland,Overijssel,23,Overleden,0,22
2020-10-24,1900,Sdwest-Frysln,Friesland,21,Totaal,19,730
2020-10-24,1900,Sdwest-Frysln,Friesland,21,Ziekenhuisopname,0,21
2020-10-24,1900,Sdwest-Frysln,Friesland,21,Overleden,0,6
2020-10-24,1901,Bodegraven-Reeuwijk,Zuid-Holland,28,Totaal,15,556
2020-10-24,1901,Bodegraven-Reeuwijk,Zuid-Holland,28,Ziekenhuisopname,1,12
2020-10-24,1901,Bodegraven-Reeuwijk,Zuid-Holland,28,Overleden,0,9
2020-10-24,1903,Eijsden-Margraten,Limburg,31,Totaal,7,370
2020-10-24,1903,Eijsden-Margraten,Limburg,31,Ziekenhuisopname,0,57
2020-10-24,1903,Eijsden-Margraten,Limburg,31,Overleden,0,28
2020-10-24,1904,Stichtse Vecht,Utrecht,26,Totaal,31,1026
2020-10-24,1904,Stichtse Vecht,Utrecht,26,Ziekenhuisopname,0,46
2020-10-24,1904,Stichtse Vecht,Utrecht,26,Overleden,0,14
2020-10-24,1911,Hollands Kroon,Noord-Holland,27,Totaal,13,333
2020-10-24,1911,Hollands Kroon,Noord-Holland,27,Ziekenhuisopname,0,26
2020-10-24,1911,Hollands Kroon,Noord-Holland,27,Overleden,0,6
2020-10-24,1916,Leidschendam-Voorburg,Zuid-Holland,28,Totaal,46,1348
2020-10-24,1916,Leidschendam-Voorburg,Zuid-Holland,28,Ziekenhuisopname,0,36
2020-10-24,1916,Leidschendam-Voorburg,Zuid-Holland,28,Overleden,0,28
2020-10-24,1924,Goeree-Overflakkee,Zuid-Holland,28,Totaal,29,788
2020-10-24,1924,Goeree-Overflakkee,Zuid-Holland,28,Ziekenhuisopname,1,58
2020-10-24,1924,Goeree-Overflakkee,Zuid-Holland,28,Overleden,0,35
2020-10-24,1926,Pijnacker-Nootdorp,Zuid-Holland,28,Totaal,46,1076
2020-10-24,1926,Pijnacker-Nootdorp,Zuid-Holland,28,Ziekenhuisopname,0,31
2020-10-24,1926,Pijnacker-Nootdorp,Zuid-Holland,28,Overleden,0,18
2020-10-24,1930,Nissewaard,Zuid-Holland,28,Totaal,53,1531
2020-10-24,1930,Nissewaard,Zuid-Holland,28,Ziekenhuisopname,1,69
2020-10-24,1930,Nissewaard,Zuid-Holland,28,Overleden,1,24
2020-10-24,1931,Krimpenerwaard,Zuid-Holland,28,Totaal,30,1060
2020-10-24,1931,Krimpenerwaard,Zuid-Holland,28,Ziekenhuisopname,0,52
2020-10-24,1931,Krimpenerwaard,Zuid-Holland,28,Overleden,0,37
2020-10-24,1940,De Fryske Marren,Friesland,21,Totaal,14,421
2020-10-24,1940,De Fryske Marren,Friesland,21,Ziekenhuisopname,0,22
2020-10-24,1940,De Fryske Marren,Friesland,21,Overleden,1,8
2020-10-24,1942,Gooise Meren,Noord-Holland,27,Totaal,21,908
2020-10-24,1942,Gooise Meren,Noord-Holland,27,Ziekenhuisopname,0,27
2020-10-24,1942,Gooise Meren,Noord-Holland,27,Overleden,0,15
2020-10-24,1945,Berg en Dal,Gelderland,25,Totaal,20,644
2020-10-24,1945,Berg en Dal,Gelderland,25,Ziekenhuisopname,0,36
2020-10-24,1945,Berg en Dal,Gelderland,25,Overleden,0,22
2020-10-24,1948,Meierijstad,Noord-Brabant,30,Totaal,68,1358
2020-10-24,1948,Meierijstad,Noord-Brabant,30,Ziekenhuisopname,0,213
2020-10-24,1948,Meierijstad,Noord-Brabant,30,Overleden,0,134
2020-10-24,1949,Waadhoeke,Friesland,21,Totaal,9,373
2020-10-24,1949,Waadhoeke,Friesland,21,Ziekenhuisopname,0,14
2020-10-24,1949,Waadhoeke,Friesland,21,Overleden,1,17
2020-10-24,1950,Westerwolde,Groningen,20,Totaal,4,160
2020-10-24,1950,Westerwolde,Groningen,20,Ziekenhuisopname,0,11
2020-10-24,1950,Westerwolde,Groningen,20,Overleden,0,2
2020-10-24,1952,Midden-Groningen,Groningen,20,Totaal,6,325
2020-10-24,1952,Midden-Groningen,Groningen,20,Ziekenhuisopname,0,10
2020-10-24,1952,Midden-Groningen,Groningen,20,Overleden,0,5
2020-10-24,1954,Beekdaelen,Limburg,31,Totaal,7,354
2020-10-24,1954,Beekdaelen,Limburg,31,Ziekenhuisopname,0,52
2020-10-24,1954,Beekdaelen,Limburg,31,Overleden,0,25
2020-10-24,1955,Montferland,Gelderland,25,Totaal,12,366
2020-10-24,1955,Montferland,Gelderland,25,Ziekenhuisopname,1,25
2020-10-24,1955,Montferland,Gelderland,25,Overleden,0,9
2020-10-24,1959,Altena,Noord-Brabant,30,Totaal,20,737
2020-10-24,1959,Altena,Noord-Brabant,30,Ziekenhuisopname,0,38
2020-10-24,1959,Altena,Noord-Brabant,30,Overleden,0,12
2020-10-24,1960,West Betuwe,Gelderland,25,Totaal,19,673
2020-10-24,1960,West Betuwe,Gelderland,25,Ziekenhuisopname,0,49
2020-10-24,1960,West Betuwe,Gelderland,25,Overleden,0,30
2020-10-24,1961,Vijfheerenlanden,Utrecht,26,Totaal,38,1046
2020-10-24,1961,Vijfheerenlanden,Utrecht,26,Ziekenhuisopname,1,46
2020-10-24,1961,Vijfheerenlanden,Utrecht,26,Overleden,1,44
2020-10-24,1963,Hoeksche Waard,Zuid-Holland,28,Totaal,45,1611
2020-10-24,1963,Hoeksche Waard,Zuid-Holland,28,Ziekenhuisopname,0,82
2020-10-24,1963,Hoeksche Waard,Zuid-Holland,28,Overleden,3,28
2020-10-24,1966,Het Hogeland,Groningen,20,Totaal,6,330
2020-10-24,1966,Het Hogeland,Groningen,20,Ziekenhuisopname,0,7
2020-10-24,1966,Het Hogeland,Groningen,20,Overleden,0,5
2020-10-24,1969,Westerkwartier,Groningen,20,Totaal,3,372
2020-10-24,1969,Westerkwartier,Groningen,20,Ziekenhuisopname,0,19
2020-10-24,1969,Westerkwartier,Groningen,20,Overleden,0,4
2020-10-24,1970,Noardeast-Frysln,Friesland,21,Totaal,10,243
2020-10-24,1970,Noardeast-Frysln,Friesland,21,Ziekenhuisopname,0,7
2020-10-24,1970,Noardeast-Frysln,Friesland,21,Overleden,0,4
2020-10-24,1978,Molenlanden,Zuid-Holland,28,Totaal,30,621
2020-10-24,1978,Molenlanden,Zuid-Holland,28,Ziekenhuisopname,0,20
2020-10-24,1978,Molenlanden,Zuid-Holland,28,Overleden,0,10
