Datum,Gemeentecode,Gemeentenaam,Provincienaam,Provinciecode,Type,Aantal,AantalCumulatief
2020-04-06,-1,,,-1,Totaal,-2,214
2020-04-06,-1,,,-1,Ziekenhuisopname,1,38
2020-04-06,-1,,,-1,Overleden,1,6
2020-04-06,3,Appingedam,Groningen,20,Totaal,0,2
2020-04-06,3,Appingedam,Groningen,20,Ziekenhuisopname,0,2
2020-04-06,3,Appingedam,Groningen,20,Overleden,0,0
2020-04-06,10,Delfzijl,Groningen,20,Totaal,1,12
2020-04-06,10,Delfzijl,Groningen,20,Ziekenhuisopname,0,5
2020-04-06,10,Delfzijl,Groningen,20,Overleden,0,0
2020-04-06,14,Groningen,Groningen,20,Totaal,0,110
2020-04-06,14,Groningen,Groningen,20,Ziekenhuisopname,0,13
2020-04-06,14,Groningen,Groningen,20,Overleden,0,2
2020-04-06,24,Loppersum,Groningen,20,Totaal,0,2
2020-04-06,24,Loppersum,Groningen,20,Ziekenhuisopname,0,0
2020-04-06,24,Loppersum,Groningen,20,Overleden,0,0
2020-04-06,34,Almere,Flevoland,24,Totaal,4,119
2020-04-06,34,Almere,Flevoland,24,Ziekenhuisopname,0,77
2020-04-06,34,Almere,Flevoland,24,Overleden,0,4
2020-04-06,37,Stadskanaal,Groningen,20,Totaal,0,1
2020-04-06,37,Stadskanaal,Groningen,20,Ziekenhuisopname,0,0
2020-04-06,37,Stadskanaal,Groningen,20,Overleden,0,0
2020-04-06,47,Veendam,Groningen,20,Totaal,0,5
2020-04-06,47,Veendam,Groningen,20,Ziekenhuisopname,0,1
2020-04-06,47,Veendam,Groningen,20,Overleden,0,0
2020-04-06,50,Zeewolde,Flevoland,24,Totaal,0,15
2020-04-06,50,Zeewolde,Flevoland,24,Ziekenhuisopname,0,6
2020-04-06,50,Zeewolde,Flevoland,24,Overleden,0,0
2020-04-06,59,Achtkarspelen,Friesland,21,Totaal,0,4
2020-04-06,59,Achtkarspelen,Friesland,21,Ziekenhuisopname,0,0
2020-04-06,59,Achtkarspelen,Friesland,21,Overleden,0,0
2020-04-06,60,Ameland,Friesland,21,Totaal,0,0
2020-04-06,60,Ameland,Friesland,21,Ziekenhuisopname,0,0
2020-04-06,60,Ameland,Friesland,21,Overleden,0,0
2020-04-06,72,Harlingen,Friesland,21,Totaal,0,5
2020-04-06,72,Harlingen,Friesland,21,Ziekenhuisopname,0,2
2020-04-06,72,Harlingen,Friesland,21,Overleden,0,0
2020-04-06,74,Heerenveen,Friesland,21,Totaal,0,26
2020-04-06,74,Heerenveen,Friesland,21,Ziekenhuisopname,0,10
2020-04-06,74,Heerenveen,Friesland,21,Overleden,1,3
2020-04-06,80,Leeuwarden,Friesland,21,Totaal,2,39
2020-04-06,80,Leeuwarden,Friesland,21,Ziekenhuisopname,3,29
2020-04-06,80,Leeuwarden,Friesland,21,Overleden,1,4
2020-04-06,85,Ooststellingwerf,Friesland,21,Totaal,0,2
2020-04-06,85,Ooststellingwerf,Friesland,21,Ziekenhuisopname,0,1
2020-04-06,85,Ooststellingwerf,Friesland,21,Overleden,0,0
2020-04-06,86,Opsterland,Friesland,21,Totaal,0,10
2020-04-06,86,Opsterland,Friesland,21,Ziekenhuisopname,0,5
2020-04-06,86,Opsterland,Friesland,21,Overleden,0,0
2020-04-06,88,Schiermonnikoog,Friesland,21,Totaal,0,0
2020-04-06,88,Schiermonnikoog,Friesland,21,Ziekenhuisopname,0,0
2020-04-06,88,Schiermonnikoog,Friesland,21,Overleden,0,0
2020-04-06,90,Smallingerland,Friesland,21,Totaal,0,16
2020-04-06,90,Smallingerland,Friesland,21,Ziekenhuisopname,0,6
2020-04-06,90,Smallingerland,Friesland,21,Overleden,0,1
2020-04-06,93,Terschelling,Friesland,21,Totaal,0,1
2020-04-06,93,Terschelling,Friesland,21,Ziekenhuisopname,0,0
2020-04-06,93,Terschelling,Friesland,21,Overleden,0,0
2020-04-06,96,Vlieland,Friesland,21,Totaal,0,0
2020-04-06,96,Vlieland,Friesland,21,Ziekenhuisopname,0,0
2020-04-06,96,Vlieland,Friesland,21,Overleden,0,0
2020-04-06,98,Weststellingwerf,Friesland,21,Totaal,0,4
2020-04-06,98,Weststellingwerf,Friesland,21,Ziekenhuisopname,0,2
2020-04-06,98,Weststellingwerf,Friesland,21,Overleden,0,1
2020-04-06,106,Assen,Drenthe,22,Totaal,0,21
2020-04-06,106,Assen,Drenthe,22,Ziekenhuisopname,0,7
2020-04-06,106,Assen,Drenthe,22,Overleden,0,2
2020-04-06,109,Coevorden,Drenthe,22,Totaal,3,31
2020-04-06,109,Coevorden,Drenthe,22,Ziekenhuisopname,2,9
2020-04-06,109,Coevorden,Drenthe,22,Overleden,0,0
2020-04-06,114,Emmen,Drenthe,22,Totaal,1,33
2020-04-06,114,Emmen,Drenthe,22,Ziekenhuisopname,0,9
2020-04-06,114,Emmen,Drenthe,22,Overleden,0,3
2020-04-06,118,Hoogeveen,Drenthe,22,Totaal,1,23
2020-04-06,118,Hoogeveen,Drenthe,22,Ziekenhuisopname,2,9
2020-04-06,118,Hoogeveen,Drenthe,22,Overleden,0,0
2020-04-06,119,Meppel,Drenthe,22,Totaal,1,19
2020-04-06,119,Meppel,Drenthe,22,Ziekenhuisopname,0,4
2020-04-06,119,Meppel,Drenthe,22,Overleden,0,2
2020-04-06,141,Almelo,Overijssel,23,Totaal,6,42
2020-04-06,141,Almelo,Overijssel,23,Ziekenhuisopname,1,15
2020-04-06,141,Almelo,Overijssel,23,Overleden,0,2
2020-04-06,147,Borne,Overijssel,23,Totaal,1,30
2020-04-06,147,Borne,Overijssel,23,Ziekenhuisopname,0,12
2020-04-06,147,Borne,Overijssel,23,Overleden,1,5
2020-04-06,148,Dalfsen,Overijssel,23,Totaal,6,33
2020-04-06,148,Dalfsen,Overijssel,23,Ziekenhuisopname,2,12
2020-04-06,148,Dalfsen,Overijssel,23,Overleden,0,2
2020-04-06,150,Deventer,Overijssel,23,Totaal,6,83
2020-04-06,150,Deventer,Overijssel,23,Ziekenhuisopname,2,28
2020-04-06,150,Deventer,Overijssel,23,Overleden,0,19
2020-04-06,153,Enschede,Overijssel,23,Totaal,3,110
2020-04-06,153,Enschede,Overijssel,23,Ziekenhuisopname,2,39
2020-04-06,153,Enschede,Overijssel,23,Overleden,0,7
2020-04-06,158,Haaksbergen,Overijssel,23,Totaal,0,21
2020-04-06,158,Haaksbergen,Overijssel,23,Ziekenhuisopname,0,10
2020-04-06,158,Haaksbergen,Overijssel,23,Overleden,0,0
2020-04-06,160,Hardenberg,Overijssel,23,Totaal,5,59
2020-04-06,160,Hardenberg,Overijssel,23,Ziekenhuisopname,0,10
2020-04-06,160,Hardenberg,Overijssel,23,Overleden,1,3
2020-04-06,163,Hellendoorn,Overijssel,23,Totaal,0,34
2020-04-06,163,Hellendoorn,Overijssel,23,Ziekenhuisopname,0,6
2020-04-06,163,Hellendoorn,Overijssel,23,Overleden,0,0
2020-04-06,164,Hengelo,Overijssel,23,Totaal,1,64
2020-04-06,164,Hengelo,Overijssel,23,Ziekenhuisopname,0,11
2020-04-06,164,Hengelo,Overijssel,23,Overleden,1,6
2020-04-06,166,Kampen,Overijssel,23,Totaal,3,118
2020-04-06,166,Kampen,Overijssel,23,Ziekenhuisopname,1,40
2020-04-06,166,Kampen,Overijssel,23,Overleden,5,13
2020-04-06,168,Losser,Overijssel,23,Totaal,1,11
2020-04-06,168,Losser,Overijssel,23,Ziekenhuisopname,0,6
2020-04-06,168,Losser,Overijssel,23,Overleden,0,0
2020-04-06,171,Noordoostpolder,Flevoland,24,Totaal,1,17
2020-04-06,171,Noordoostpolder,Flevoland,24,Ziekenhuisopname,0,8
2020-04-06,171,Noordoostpolder,Flevoland,24,Overleden,0,2
2020-04-06,173,Oldenzaal,Overijssel,23,Totaal,1,27
2020-04-06,173,Oldenzaal,Overijssel,23,Ziekenhuisopname,0,11
2020-04-06,173,Oldenzaal,Overijssel,23,Overleden,0,5
2020-04-06,175,Ommen,Overijssel,23,Totaal,0,23
2020-04-06,175,Ommen,Overijssel,23,Ziekenhuisopname,0,6
2020-04-06,175,Ommen,Overijssel,23,Overleden,0,1
2020-04-06,177,Raalte,Overijssel,23,Totaal,4,37
2020-04-06,177,Raalte,Overijssel,23,Ziekenhuisopname,1,19
2020-04-06,177,Raalte,Overijssel,23,Overleden,0,6
2020-04-06,180,Staphorst,Overijssel,23,Totaal,5,23
2020-04-06,180,Staphorst,Overijssel,23,Ziekenhuisopname,0,4
2020-04-06,180,Staphorst,Overijssel,23,Overleden,1,2
2020-04-06,183,Tubbergen,Overijssel,23,Totaal,3,33
2020-04-06,183,Tubbergen,Overijssel,23,Ziekenhuisopname,0,9
2020-04-06,183,Tubbergen,Overijssel,23,Overleden,0,0
2020-04-06,184,Urk,Flevoland,24,Totaal,1,26
2020-04-06,184,Urk,Flevoland,24,Ziekenhuisopname,2,16
2020-04-06,184,Urk,Flevoland,24,Overleden,0,3
2020-04-06,189,Wierden,Overijssel,23,Totaal,0,18
2020-04-06,189,Wierden,Overijssel,23,Ziekenhuisopname,0,2
2020-04-06,189,Wierden,Overijssel,23,Overleden,0,3
2020-04-06,193,Zwolle,Overijssel,23,Totaal,16,160
2020-04-06,193,Zwolle,Overijssel,23,Ziekenhuisopname,3,38
2020-04-06,193,Zwolle,Overijssel,23,Overleden,2,19
2020-04-06,197,Aalten,Gelderland,25,Totaal,1,14
2020-04-06,197,Aalten,Gelderland,25,Ziekenhuisopname,0,1
2020-04-06,197,Aalten,Gelderland,25,Overleden,0,1
2020-04-06,200,Apeldoorn,Gelderland,25,Totaal,10,113
2020-04-06,200,Apeldoorn,Gelderland,25,Ziekenhuisopname,0,28
2020-04-06,200,Apeldoorn,Gelderland,25,Overleden,1,9
2020-04-06,202,Arnhem,Gelderland,25,Totaal,8,103
2020-04-06,202,Arnhem,Gelderland,25,Ziekenhuisopname,4,44
2020-04-06,202,Arnhem,Gelderland,25,Overleden,0,7
2020-04-06,203,Barneveld,Gelderland,25,Totaal,1,50
2020-04-06,203,Barneveld,Gelderland,25,Ziekenhuisopname,0,9
2020-04-06,203,Barneveld,Gelderland,25,Overleden,0,2
2020-04-06,209,Beuningen,Gelderland,25,Totaal,0,33
2020-04-06,209,Beuningen,Gelderland,25,Ziekenhuisopname,0,15
2020-04-06,209,Beuningen,Gelderland,25,Overleden,0,4
2020-04-06,213,Brummen,Gelderland,25,Totaal,1,13
2020-04-06,213,Brummen,Gelderland,25,Ziekenhuisopname,0,5
2020-04-06,213,Brummen,Gelderland,25,Overleden,0,1
2020-04-06,214,Buren,Gelderland,25,Totaal,0,17
2020-04-06,214,Buren,Gelderland,25,Ziekenhuisopname,0,7
2020-04-06,214,Buren,Gelderland,25,Overleden,0,1
2020-04-06,216,Culemborg,Gelderland,25,Totaal,2,36
2020-04-06,216,Culemborg,Gelderland,25,Ziekenhuisopname,1,20
2020-04-06,216,Culemborg,Gelderland,25,Overleden,1,5
2020-04-06,221,Doesburg,Gelderland,25,Totaal,1,10
2020-04-06,221,Doesburg,Gelderland,25,Ziekenhuisopname,0,4
2020-04-06,221,Doesburg,Gelderland,25,Overleden,0,2
2020-04-06,222,Doetinchem,Gelderland,25,Totaal,1,37
2020-04-06,222,Doetinchem,Gelderland,25,Ziekenhuisopname,0,6
2020-04-06,222,Doetinchem,Gelderland,25,Overleden,0,3
2020-04-06,225,Druten,Gelderland,25,Totaal,0,36
2020-04-06,225,Druten,Gelderland,25,Ziekenhuisopname,0,16
2020-04-06,225,Druten,Gelderland,25,Overleden,0,3
2020-04-06,226,Duiven,Gelderland,25,Totaal,3,17
2020-04-06,226,Duiven,Gelderland,25,Ziekenhuisopname,1,6
2020-04-06,226,Duiven,Gelderland,25,Overleden,1,1
2020-04-06,228,Ede,Gelderland,25,Totaal,4,86
2020-04-06,228,Ede,Gelderland,25,Ziekenhuisopname,4,42
2020-04-06,228,Ede,Gelderland,25,Overleden,1,10
2020-04-06,230,Elburg,Gelderland,25,Totaal,4,38
2020-04-06,230,Elburg,Gelderland,25,Ziekenhuisopname,1,6
2020-04-06,230,Elburg,Gelderland,25,Overleden,1,1
2020-04-06,232,Epe,Gelderland,25,Totaal,1,52
2020-04-06,232,Epe,Gelderland,25,Ziekenhuisopname,0,12
2020-04-06,232,Epe,Gelderland,25,Overleden,0,6
2020-04-06,233,Ermelo,Gelderland,25,Totaal,2,46
2020-04-06,233,Ermelo,Gelderland,25,Ziekenhuisopname,0,12
2020-04-06,233,Ermelo,Gelderland,25,Overleden,1,6
2020-04-06,243,Harderwijk,Gelderland,25,Totaal,2,43
2020-04-06,243,Harderwijk,Gelderland,25,Ziekenhuisopname,0,9
2020-04-06,243,Harderwijk,Gelderland,25,Overleden,0,4
2020-04-06,244,Hattem,Gelderland,25,Totaal,2,24
2020-04-06,244,Hattem,Gelderland,25,Ziekenhuisopname,1,7
2020-04-06,244,Hattem,Gelderland,25,Overleden,1,2
2020-04-06,246,Heerde,Gelderland,25,Totaal,2,59
2020-04-06,246,Heerde,Gelderland,25,Ziekenhuisopname,2,22
2020-04-06,246,Heerde,Gelderland,25,Overleden,2,12
2020-04-06,252,Heumen,Gelderland,25,Totaal,1,33
2020-04-06,252,Heumen,Gelderland,25,Ziekenhuisopname,1,13
2020-04-06,252,Heumen,Gelderland,25,Overleden,0,3
2020-04-06,262,Lochem,Gelderland,25,Totaal,1,20
2020-04-06,262,Lochem,Gelderland,25,Ziekenhuisopname,0,5
2020-04-06,262,Lochem,Gelderland,25,Overleden,0,2
2020-04-06,263,Maasdriel,Gelderland,25,Totaal,0,16
2020-04-06,263,Maasdriel,Gelderland,25,Ziekenhuisopname,0,12
2020-04-06,263,Maasdriel,Gelderland,25,Overleden,0,1
2020-04-06,267,Nijkerk,Gelderland,25,Totaal,1,32
2020-04-06,267,Nijkerk,Gelderland,25,Ziekenhuisopname,-1,17
2020-04-06,267,Nijkerk,Gelderland,25,Overleden,0,2
2020-04-06,268,Nijmegen,Gelderland,25,Totaal,9,318
2020-04-06,268,Nijmegen,Gelderland,25,Ziekenhuisopname,5,97
2020-04-06,268,Nijmegen,Gelderland,25,Overleden,3,23
2020-04-06,269,Oldebroek,Gelderland,25,Totaal,9,52
2020-04-06,269,Oldebroek,Gelderland,25,Ziekenhuisopname,1,11
2020-04-06,269,Oldebroek,Gelderland,25,Overleden,1,8
2020-04-06,273,Putten,Gelderland,25,Totaal,1,12
2020-04-06,273,Putten,Gelderland,25,Ziekenhuisopname,0,1
2020-04-06,273,Putten,Gelderland,25,Overleden,0,0
2020-04-06,274,Renkum,Gelderland,25,Totaal,1,30
2020-04-06,274,Renkum,Gelderland,25,Ziekenhuisopname,0,11
2020-04-06,274,Renkum,Gelderland,25,Overleden,0,0
2020-04-06,275,Rheden,Gelderland,25,Totaal,2,47
2020-04-06,275,Rheden,Gelderland,25,Ziekenhuisopname,0,28
2020-04-06,275,Rheden,Gelderland,25,Overleden,0,11
2020-04-06,277,Rozendaal,Gelderland,25,Totaal,0,2
2020-04-06,277,Rozendaal,Gelderland,25,Ziekenhuisopname,0,1
2020-04-06,277,Rozendaal,Gelderland,25,Overleden,0,0
2020-04-06,279,Scherpenzeel,Gelderland,25,Totaal,1,10
2020-04-06,279,Scherpenzeel,Gelderland,25,Ziekenhuisopname,2,2
2020-04-06,279,Scherpenzeel,Gelderland,25,Overleden,0,1
2020-04-06,281,Tiel,Gelderland,25,Totaal,2,43
2020-04-06,281,Tiel,Gelderland,25,Ziekenhuisopname,2,28
2020-04-06,281,Tiel,Gelderland,25,Overleden,0,7
2020-04-06,285,Voorst,Gelderland,25,Totaal,1,29
2020-04-06,285,Voorst,Gelderland,25,Ziekenhuisopname,0,7
2020-04-06,285,Voorst,Gelderland,25,Overleden,0,5
2020-04-06,289,Wageningen,Gelderland,25,Totaal,2,14
2020-04-06,289,Wageningen,Gelderland,25,Ziekenhuisopname,1,9
2020-04-06,289,Wageningen,Gelderland,25,Overleden,1,4
2020-04-06,293,Westervoort,Gelderland,25,Totaal,1,9
2020-04-06,293,Westervoort,Gelderland,25,Ziekenhuisopname,1,5
2020-04-06,293,Westervoort,Gelderland,25,Overleden,0,1
2020-04-06,294,Winterswijk,Gelderland,25,Totaal,1,8
2020-04-06,294,Winterswijk,Gelderland,25,Ziekenhuisopname,0,1
2020-04-06,294,Winterswijk,Gelderland,25,Overleden,0,0
2020-04-06,296,Wijchen,Gelderland,25,Totaal,0,59
2020-04-06,296,Wijchen,Gelderland,25,Ziekenhuisopname,0,33
2020-04-06,296,Wijchen,Gelderland,25,Overleden,0,6
2020-04-06,297,Zaltbommel,Gelderland,25,Totaal,1,27
2020-04-06,297,Zaltbommel,Gelderland,25,Ziekenhuisopname,0,13
2020-04-06,297,Zaltbommel,Gelderland,25,Overleden,0,3
2020-04-06,299,Zevenaar,Gelderland,25,Totaal,5,40
2020-04-06,299,Zevenaar,Gelderland,25,Ziekenhuisopname,1,27
2020-04-06,299,Zevenaar,Gelderland,25,Overleden,1,3
2020-04-06,301,Zutphen,Gelderland,25,Totaal,1,33
2020-04-06,301,Zutphen,Gelderland,25,Ziekenhuisopname,1,12
2020-04-06,301,Zutphen,Gelderland,25,Overleden,1,7
2020-04-06,302,Nunspeet,Gelderland,25,Totaal,4,79
2020-04-06,302,Nunspeet,Gelderland,25,Ziekenhuisopname,0,20
2020-04-06,302,Nunspeet,Gelderland,25,Overleden,0,9
2020-04-06,303,Dronten,Flevoland,24,Totaal,1,27
2020-04-06,303,Dronten,Flevoland,24,Ziekenhuisopname,0,15
2020-04-06,303,Dronten,Flevoland,24,Overleden,0,1
2020-04-06,307,Amersfoort,Utrecht,26,Totaal,3,92
2020-04-06,307,Amersfoort,Utrecht,26,Ziekenhuisopname,0,36
2020-04-06,307,Amersfoort,Utrecht,26,Overleden,0,10
2020-04-06,308,Baarn,Utrecht,26,Totaal,1,19
2020-04-06,308,Baarn,Utrecht,26,Ziekenhuisopname,0,7
2020-04-06,308,Baarn,Utrecht,26,Overleden,0,0
2020-04-06,310,De Bilt,Utrecht,26,Totaal,0,62
2020-04-06,310,De Bilt,Utrecht,26,Ziekenhuisopname,1,19
2020-04-06,310,De Bilt,Utrecht,26,Overleden,0,3
2020-04-06,312,Bunnik,Utrecht,26,Totaal,0,15
2020-04-06,312,Bunnik,Utrecht,26,Ziekenhuisopname,0,6
2020-04-06,312,Bunnik,Utrecht,26,Overleden,1,1
2020-04-06,313,Bunschoten,Utrecht,26,Totaal,1,17
2020-04-06,313,Bunschoten,Utrecht,26,Ziekenhuisopname,0,3
2020-04-06,313,Bunschoten,Utrecht,26,Overleden,0,0
2020-04-06,317,Eemnes,Utrecht,26,Totaal,0,6
2020-04-06,317,Eemnes,Utrecht,26,Ziekenhuisopname,0,1
2020-04-06,317,Eemnes,Utrecht,26,Overleden,0,1
2020-04-06,321,Houten,Utrecht,26,Totaal,2,72
2020-04-06,321,Houten,Utrecht,26,Ziekenhuisopname,1,16
2020-04-06,321,Houten,Utrecht,26,Overleden,0,5
2020-04-06,327,Leusden,Utrecht,26,Totaal,2,28
2020-04-06,327,Leusden,Utrecht,26,Ziekenhuisopname,1,6
2020-04-06,327,Leusden,Utrecht,26,Overleden,0,4
2020-04-06,331,Lopik,Utrecht,26,Totaal,1,24
2020-04-06,331,Lopik,Utrecht,26,Ziekenhuisopname,3,15
2020-04-06,331,Lopik,Utrecht,26,Overleden,0,2
2020-04-06,335,Montfoort,Utrecht,26,Totaal,1,23
2020-04-06,335,Montfoort,Utrecht,26,Ziekenhuisopname,0,11
2020-04-06,335,Montfoort,Utrecht,26,Overleden,0,1
2020-04-06,339,Renswoude,Utrecht,26,Totaal,0,6
2020-04-06,339,Renswoude,Utrecht,26,Ziekenhuisopname,0,3
2020-04-06,339,Renswoude,Utrecht,26,Overleden,0,0
2020-04-06,340,Rhenen,Utrecht,26,Totaal,0,11
2020-04-06,340,Rhenen,Utrecht,26,Ziekenhuisopname,0,3
2020-04-06,340,Rhenen,Utrecht,26,Overleden,0,0
2020-04-06,342,Soest,Utrecht,26,Totaal,3,51
2020-04-06,342,Soest,Utrecht,26,Ziekenhuisopname,0,15
2020-04-06,342,Soest,Utrecht,26,Overleden,0,3
2020-04-06,344,Utrecht,Utrecht,26,Totaal,14,438
2020-04-06,344,Utrecht,Utrecht,26,Ziekenhuisopname,11,133
2020-04-06,344,Utrecht,Utrecht,26,Overleden,1,28
2020-04-06,345,Veenendaal,Utrecht,26,Totaal,5,43
2020-04-06,345,Veenendaal,Utrecht,26,Ziekenhuisopname,2,14
2020-04-06,345,Veenendaal,Utrecht,26,Overleden,2,5
2020-04-06,351,Woudenberg,Utrecht,26,Totaal,1,16
2020-04-06,351,Woudenberg,Utrecht,26,Ziekenhuisopname,0,6
2020-04-06,351,Woudenberg,Utrecht,26,Overleden,0,0
2020-04-06,352,Wijk bij Duurstede,Utrecht,26,Totaal,0,15
2020-04-06,352,Wijk bij Duurstede,Utrecht,26,Ziekenhuisopname,0,8
2020-04-06,352,Wijk bij Duurstede,Utrecht,26,Overleden,0,1
2020-04-06,353,IJsselstein,Utrecht,26,Totaal,1,50
2020-04-06,353,IJsselstein,Utrecht,26,Ziekenhuisopname,1,26
2020-04-06,353,IJsselstein,Utrecht,26,Overleden,1,15
2020-04-06,355,Zeist,Utrecht,26,Totaal,1,71
2020-04-06,355,Zeist,Utrecht,26,Ziekenhuisopname,2,25
2020-04-06,355,Zeist,Utrecht,26,Overleden,0,5
2020-04-06,356,Nieuwegein,Utrecht,26,Totaal,5,52
2020-04-06,356,Nieuwegein,Utrecht,26,Ziekenhuisopname,2,24
2020-04-06,356,Nieuwegein,Utrecht,26,Overleden,2,5
2020-04-06,358,Aalsmeer,Noord-Holland,27,Totaal,1,24
2020-04-06,358,Aalsmeer,Noord-Holland,27,Ziekenhuisopname,1,8
2020-04-06,358,Aalsmeer,Noord-Holland,27,Overleden,0,2
2020-04-06,361,Alkmaar,Noord-Holland,27,Totaal,10,102
2020-04-06,361,Alkmaar,Noord-Holland,27,Ziekenhuisopname,1,35
2020-04-06,361,Alkmaar,Noord-Holland,27,Overleden,0,7
2020-04-06,362,Amstelveen,Noord-Holland,27,Totaal,7,150
2020-04-06,362,Amstelveen,Noord-Holland,27,Ziekenhuisopname,1,38
2020-04-06,362,Amstelveen,Noord-Holland,27,Overleden,0,10
2020-04-06,363,Amsterdam,Noord-Holland,27,Totaal,29,916
2020-04-06,363,Amsterdam,Noord-Holland,27,Ziekenhuisopname,7,330
2020-04-06,363,Amsterdam,Noord-Holland,27,Overleden,5,56
2020-04-06,370,Beemster,Noord-Holland,27,Totaal,0,7
2020-04-06,370,Beemster,Noord-Holland,27,Ziekenhuisopname,0,4
2020-04-06,370,Beemster,Noord-Holland,27,Overleden,0,1
2020-04-06,373,Bergen (NH.),Noord-Holland,27,Totaal,3,35
2020-04-06,373,Bergen (NH.),Noord-Holland,27,Ziekenhuisopname,4,15
2020-04-06,373,Bergen (NH.),Noord-Holland,27,Overleden,0,1
2020-04-06,375,Beverwijk,Noord-Holland,27,Totaal,3,44
2020-04-06,375,Beverwijk,Noord-Holland,27,Ziekenhuisopname,0,10
2020-04-06,375,Beverwijk,Noord-Holland,27,Overleden,0,2
2020-04-06,376,Blaricum,Noord-Holland,27,Totaal,0,11
2020-04-06,376,Blaricum,Noord-Holland,27,Ziekenhuisopname,0,5
2020-04-06,376,Blaricum,Noord-Holland,27,Overleden,0,0
2020-04-06,377,Bloemendaal,Noord-Holland,27,Totaal,1,31
2020-04-06,377,Bloemendaal,Noord-Holland,27,Ziekenhuisopname,1,5
2020-04-06,377,Bloemendaal,Noord-Holland,27,Overleden,0,1
2020-04-06,383,Castricum,Noord-Holland,27,Totaal,1,40
2020-04-06,383,Castricum,Noord-Holland,27,Ziekenhuisopname,0,12
2020-04-06,383,Castricum,Noord-Holland,27,Overleden,0,5
2020-04-06,384,Diemen,Noord-Holland,27,Totaal,5,28
2020-04-06,384,Diemen,Noord-Holland,27,Ziekenhuisopname,0,8
2020-04-06,384,Diemen,Noord-Holland,27,Overleden,0,2
2020-04-06,385,Edam-Volendam,Noord-Holland,27,Totaal,2,24
2020-04-06,385,Edam-Volendam,Noord-Holland,27,Ziekenhuisopname,0,14
2020-04-06,385,Edam-Volendam,Noord-Holland,27,Overleden,0,0
2020-04-06,388,Enkhuizen,Noord-Holland,27,Totaal,1,23
2020-04-06,388,Enkhuizen,Noord-Holland,27,Ziekenhuisopname,0,14
2020-04-06,388,Enkhuizen,Noord-Holland,27,Overleden,0,2
2020-04-06,392,Haarlem,Noord-Holland,27,Totaal,1,158
2020-04-06,392,Haarlem,Noord-Holland,27,Ziekenhuisopname,1,36
2020-04-06,392,Haarlem,Noord-Holland,27,Overleden,-1,17
2020-04-06,394,Haarlemmermeer,Noord-Holland,27,Totaal,3,112
2020-04-06,394,Haarlemmermeer,Noord-Holland,27,Ziekenhuisopname,0,41
2020-04-06,394,Haarlemmermeer,Noord-Holland,27,Overleden,0,7
2020-04-06,396,Heemskerk,Noord-Holland,27,Totaal,1,53
2020-04-06,396,Heemskerk,Noord-Holland,27,Ziekenhuisopname,1,19
2020-04-06,396,Heemskerk,Noord-Holland,27,Overleden,0,3
2020-04-06,397,Heemstede,Noord-Holland,27,Totaal,1,67
2020-04-06,397,Heemstede,Noord-Holland,27,Ziekenhuisopname,0,8
2020-04-06,397,Heemstede,Noord-Holland,27,Overleden,0,16
2020-04-06,398,Heerhugowaard,Noord-Holland,27,Totaal,0,49
2020-04-06,398,Heerhugowaard,Noord-Holland,27,Ziekenhuisopname,0,22
2020-04-06,398,Heerhugowaard,Noord-Holland,27,Overleden,0,4
2020-04-06,399,Heiloo,Noord-Holland,27,Totaal,2,22
2020-04-06,399,Heiloo,Noord-Holland,27,Ziekenhuisopname,0,7
2020-04-06,399,Heiloo,Noord-Holland,27,Overleden,0,4
2020-04-06,400,Den Helder,Noord-Holland,27,Totaal,2,22
2020-04-06,400,Den Helder,Noord-Holland,27,Ziekenhuisopname,0,11
2020-04-06,400,Den Helder,Noord-Holland,27,Overleden,0,0
2020-04-06,402,Hilversum,Noord-Holland,27,Totaal,0,41
2020-04-06,402,Hilversum,Noord-Holland,27,Ziekenhuisopname,0,17
2020-04-06,402,Hilversum,Noord-Holland,27,Overleden,0,3
2020-04-06,405,Hoorn,Noord-Holland,27,Totaal,4,52
2020-04-06,405,Hoorn,Noord-Holland,27,Ziekenhuisopname,3,25
2020-04-06,405,Hoorn,Noord-Holland,27,Overleden,0,4
2020-04-06,406,Huizen,Noord-Holland,27,Totaal,0,30
2020-04-06,406,Huizen,Noord-Holland,27,Ziekenhuisopname,0,13
2020-04-06,406,Huizen,Noord-Holland,27,Overleden,0,2
2020-04-06,415,Landsmeer,Noord-Holland,27,Totaal,0,13
2020-04-06,415,Landsmeer,Noord-Holland,27,Ziekenhuisopname,0,3
2020-04-06,415,Landsmeer,Noord-Holland,27,Overleden,0,2
2020-04-06,416,Langedijk,Noord-Holland,27,Totaal,2,27
2020-04-06,416,Langedijk,Noord-Holland,27,Ziekenhuisopname,1,13
2020-04-06,416,Langedijk,Noord-Holland,27,Overleden,0,1
2020-04-06,417,Laren,Noord-Holland,27,Totaal,0,14
2020-04-06,417,Laren,Noord-Holland,27,Ziekenhuisopname,0,7
2020-04-06,417,Laren,Noord-Holland,27,Overleden,0,1
2020-04-06,420,Medemblik,Noord-Holland,27,Totaal,1,30
2020-04-06,420,Medemblik,Noord-Holland,27,Ziekenhuisopname,0,10
2020-04-06,420,Medemblik,Noord-Holland,27,Overleden,0,2
2020-04-06,431,Oostzaan,Noord-Holland,27,Totaal,0,15
2020-04-06,431,Oostzaan,Noord-Holland,27,Ziekenhuisopname,0,5
2020-04-06,431,Oostzaan,Noord-Holland,27,Overleden,0,0
2020-04-06,432,Opmeer,Noord-Holland,27,Totaal,0,3
2020-04-06,432,Opmeer,Noord-Holland,27,Ziekenhuisopname,0,1
2020-04-06,432,Opmeer,Noord-Holland,27,Overleden,0,0
2020-04-06,437,Ouder-Amstel,Noord-Holland,27,Totaal,1,16
2020-04-06,437,Ouder-Amstel,Noord-Holland,27,Ziekenhuisopname,0,4
2020-04-06,437,Ouder-Amstel,Noord-Holland,27,Overleden,0,0
2020-04-06,439,Purmerend,Noord-Holland,27,Totaal,8,102
2020-04-06,439,Purmerend,Noord-Holland,27,Ziekenhuisopname,0,47
2020-04-06,439,Purmerend,Noord-Holland,27,Overleden,2,6
2020-04-06,441,Schagen,Noord-Holland,27,Totaal,3,42
2020-04-06,441,Schagen,Noord-Holland,27,Ziekenhuisopname,1,14
2020-04-06,441,Schagen,Noord-Holland,27,Overleden,0,2
2020-04-06,448,Texel,Noord-Holland,27,Totaal,0,7
2020-04-06,448,Texel,Noord-Holland,27,Ziekenhuisopname,0,3
2020-04-06,448,Texel,Noord-Holland,27,Overleden,0,1
2020-04-06,450,Uitgeest,Noord-Holland,27,Totaal,0,14
2020-04-06,450,Uitgeest,Noord-Holland,27,Ziekenhuisopname,0,3
2020-04-06,450,Uitgeest,Noord-Holland,27,Overleden,0,1
2020-04-06,451,Uithoorn,Noord-Holland,27,Totaal,0,25
2020-04-06,451,Uithoorn,Noord-Holland,27,Ziekenhuisopname,1,10
2020-04-06,451,Uithoorn,Noord-Holland,27,Overleden,0,0
2020-04-06,453,Velsen,Noord-Holland,27,Totaal,4,104
2020-04-06,453,Velsen,Noord-Holland,27,Ziekenhuisopname,0,18
2020-04-06,453,Velsen,Noord-Holland,27,Overleden,2,8
2020-04-06,457,Weesp,Noord-Holland,27,Totaal,0,18
2020-04-06,457,Weesp,Noord-Holland,27,Ziekenhuisopname,0,5
2020-04-06,457,Weesp,Noord-Holland,27,Overleden,0,1
2020-04-06,473,Zandvoort,Noord-Holland,27,Totaal,0,20
2020-04-06,473,Zandvoort,Noord-Holland,27,Ziekenhuisopname,0,7
2020-04-06,473,Zandvoort,Noord-Holland,27,Overleden,0,4
2020-04-06,479,Zaanstad,Noord-Holland,27,Totaal,13,150
2020-04-06,479,Zaanstad,Noord-Holland,27,Ziekenhuisopname,0,71
2020-04-06,479,Zaanstad,Noord-Holland,27,Overleden,1,12
2020-04-06,482,Alblasserdam,Zuid-Holland,28,Totaal,1,14
2020-04-06,482,Alblasserdam,Zuid-Holland,28,Ziekenhuisopname,0,5
2020-04-06,482,Alblasserdam,Zuid-Holland,28,Overleden,0,0
2020-04-06,484,Alphen aan den Rijn,Zuid-Holland,28,Totaal,2,70
2020-04-06,484,Alphen aan den Rijn,Zuid-Holland,28,Ziekenhuisopname,2,40
2020-04-06,484,Alphen aan den Rijn,Zuid-Holland,28,Overleden,0,6
2020-04-06,489,Barendrecht,Zuid-Holland,28,Totaal,3,48
2020-04-06,489,Barendrecht,Zuid-Holland,28,Ziekenhuisopname,0,21
2020-04-06,489,Barendrecht,Zuid-Holland,28,Overleden,0,1
2020-04-06,498,Drechterland,Noord-Holland,27,Totaal,1,23
2020-04-06,498,Drechterland,Noord-Holland,27,Ziekenhuisopname,0,2
2020-04-06,498,Drechterland,Noord-Holland,27,Overleden,0,3
2020-04-06,501,Brielle,Zuid-Holland,28,Totaal,0,19
2020-04-06,501,Brielle,Zuid-Holland,28,Ziekenhuisopname,0,7
2020-04-06,501,Brielle,Zuid-Holland,28,Overleden,0,0
2020-04-06,502,Capelle aan den IJssel,Zuid-Holland,28,Totaal,23,106
2020-04-06,502,Capelle aan den IJssel,Zuid-Holland,28,Ziekenhuisopname,0,23
2020-04-06,502,Capelle aan den IJssel,Zuid-Holland,28,Overleden,1,8
2020-04-06,503,Delft,Zuid-Holland,28,Totaal,1,60
2020-04-06,503,Delft,Zuid-Holland,28,Ziekenhuisopname,0,28
2020-04-06,503,Delft,Zuid-Holland,28,Overleden,0,2
2020-04-06,505,Dordrecht,Zuid-Holland,28,Totaal,11,99
2020-04-06,505,Dordrecht,Zuid-Holland,28,Ziekenhuisopname,3,49
2020-04-06,505,Dordrecht,Zuid-Holland,28,Overleden,1,7
2020-04-06,512,Gorinchem,Zuid-Holland,28,Totaal,4,67
2020-04-06,512,Gorinchem,Zuid-Holland,28,Ziekenhuisopname,0,11
2020-04-06,512,Gorinchem,Zuid-Holland,28,Overleden,0,3
2020-04-06,513,Gouda,Zuid-Holland,28,Totaal,4,87
2020-04-06,513,Gouda,Zuid-Holland,28,Ziekenhuisopname,1,23
2020-04-06,513,Gouda,Zuid-Holland,28,Overleden,1,8
2020-04-06,518,'s-Gravenhage,Zuid-Holland,28,Totaal,17,391
2020-04-06,518,'s-Gravenhage,Zuid-Holland,28,Ziekenhuisopname,9,140
2020-04-06,518,'s-Gravenhage,Zuid-Holland,28,Overleden,7,24
2020-04-06,523,Hardinxveld-Giessendam,Zuid-Holland,28,Totaal,1,15
2020-04-06,523,Hardinxveld-Giessendam,Zuid-Holland,28,Ziekenhuisopname,0,1
2020-04-06,523,Hardinxveld-Giessendam,Zuid-Holland,28,Overleden,0,2
2020-04-06,530,Hellevoetsluis,Zuid-Holland,28,Totaal,1,30
2020-04-06,530,Hellevoetsluis,Zuid-Holland,28,Ziekenhuisopname,0,8
2020-04-06,530,Hellevoetsluis,Zuid-Holland,28,Overleden,0,0
2020-04-06,531,Hendrik-Ido-Ambacht,Zuid-Holland,28,Totaal,0,12
2020-04-06,531,Hendrik-Ido-Ambacht,Zuid-Holland,28,Ziekenhuisopname,0,3
2020-04-06,531,Hendrik-Ido-Ambacht,Zuid-Holland,28,Overleden,0,0
2020-04-06,532,Stede Broec,Noord-Holland,27,Totaal,1,30
2020-04-06,532,Stede Broec,Noord-Holland,27,Ziekenhuisopname,2,15
2020-04-06,532,Stede Broec,Noord-Holland,27,Overleden,0,2
2020-04-06,534,Hillegom,Zuid-Holland,28,Totaal,0,14
2020-04-06,534,Hillegom,Zuid-Holland,28,Ziekenhuisopname,0,5
2020-04-06,534,Hillegom,Zuid-Holland,28,Overleden,0,0
2020-04-06,537,Katwijk,Zuid-Holland,28,Totaal,4,47
2020-04-06,537,Katwijk,Zuid-Holland,28,Ziekenhuisopname,0,12
2020-04-06,537,Katwijk,Zuid-Holland,28,Overleden,0,3
2020-04-06,542,Krimpen aan den IJssel,Zuid-Holland,28,Totaal,2,28
2020-04-06,542,Krimpen aan den IJssel,Zuid-Holland,28,Ziekenhuisopname,1,5
2020-04-06,542,Krimpen aan den IJssel,Zuid-Holland,28,Overleden,0,2
2020-04-06,546,Leiden,Zuid-Holland,28,Totaal,9,64
2020-04-06,546,Leiden,Zuid-Holland,28,Ziekenhuisopname,5,24
2020-04-06,546,Leiden,Zuid-Holland,28,Overleden,0,6
2020-04-06,547,Leiderdorp,Zuid-Holland,28,Totaal,0,10
2020-04-06,547,Leiderdorp,Zuid-Holland,28,Ziekenhuisopname,0,6
2020-04-06,547,Leiderdorp,Zuid-Holland,28,Overleden,0,2
2020-04-06,553,Lisse,Zuid-Holland,28,Totaal,0,12
2020-04-06,553,Lisse,Zuid-Holland,28,Ziekenhuisopname,0,4
2020-04-06,553,Lisse,Zuid-Holland,28,Overleden,0,1
2020-04-06,556,Maassluis,Zuid-Holland,28,Totaal,1,26
2020-04-06,556,Maassluis,Zuid-Holland,28,Ziekenhuisopname,1,11
2020-04-06,556,Maassluis,Zuid-Holland,28,Overleden,0,1
2020-04-06,569,Nieuwkoop,Zuid-Holland,28,Totaal,3,26
2020-04-06,569,Nieuwkoop,Zuid-Holland,28,Ziekenhuisopname,1,7
2020-04-06,569,Nieuwkoop,Zuid-Holland,28,Overleden,0,2
2020-04-06,575,Noordwijk,Zuid-Holland,28,Totaal,2,23
2020-04-06,575,Noordwijk,Zuid-Holland,28,Ziekenhuisopname,2,11
2020-04-06,575,Noordwijk,Zuid-Holland,28,Overleden,0,0
2020-04-06,579,Oegstgeest,Zuid-Holland,28,Totaal,0,19
2020-04-06,579,Oegstgeest,Zuid-Holland,28,Ziekenhuisopname,0,5
2020-04-06,579,Oegstgeest,Zuid-Holland,28,Overleden,0,1
2020-04-06,589,Oudewater,Utrecht,26,Totaal,0,32
2020-04-06,589,Oudewater,Utrecht,26,Ziekenhuisopname,2,20
2020-04-06,589,Oudewater,Utrecht,26,Overleden,0,6
2020-04-06,590,Papendrecht,Zuid-Holland,28,Totaal,1,16
2020-04-06,590,Papendrecht,Zuid-Holland,28,Ziekenhuisopname,0,3
2020-04-06,590,Papendrecht,Zuid-Holland,28,Overleden,1,2
2020-04-06,597,Ridderkerk,Zuid-Holland,28,Totaal,2,55
2020-04-06,597,Ridderkerk,Zuid-Holland,28,Ziekenhuisopname,1,27
2020-04-06,597,Ridderkerk,Zuid-Holland,28,Overleden,0,4
2020-04-06,599,Rotterdam,Zuid-Holland,28,Totaal,83,757
2020-04-06,599,Rotterdam,Zuid-Holland,28,Ziekenhuisopname,17,199
2020-04-06,599,Rotterdam,Zuid-Holland,28,Overleden,4,19
2020-04-06,603,Rijswijk,Zuid-Holland,28,Totaal,0,35
2020-04-06,603,Rijswijk,Zuid-Holland,28,Ziekenhuisopname,1,15
2020-04-06,603,Rijswijk,Zuid-Holland,28,Overleden,0,0
2020-04-06,606,Schiedam,Zuid-Holland,28,Totaal,5,52
2020-04-06,606,Schiedam,Zuid-Holland,28,Ziekenhuisopname,3,27
2020-04-06,606,Schiedam,Zuid-Holland,28,Overleden,0,2
2020-04-06,610,Sliedrecht,Zuid-Holland,28,Totaal,4,19
2020-04-06,610,Sliedrecht,Zuid-Holland,28,Ziekenhuisopname,1,5
2020-04-06,610,Sliedrecht,Zuid-Holland,28,Overleden,0,2
2020-04-06,613,Albrandswaard,Zuid-Holland,28,Totaal,7,40
2020-04-06,613,Albrandswaard,Zuid-Holland,28,Ziekenhuisopname,0,5
2020-04-06,613,Albrandswaard,Zuid-Holland,28,Overleden,0,1
2020-04-06,614,Westvoorne,Zuid-Holland,28,Totaal,1,20
2020-04-06,614,Westvoorne,Zuid-Holland,28,Ziekenhuisopname,0,5
2020-04-06,614,Westvoorne,Zuid-Holland,28,Overleden,0,0
2020-04-06,622,Vlaardingen,Zuid-Holland,28,Totaal,1,71
2020-04-06,622,Vlaardingen,Zuid-Holland,28,Ziekenhuisopname,2,22
2020-04-06,622,Vlaardingen,Zuid-Holland,28,Overleden,0,2
2020-04-06,626,Voorschoten,Zuid-Holland,28,Totaal,2,19
2020-04-06,626,Voorschoten,Zuid-Holland,28,Ziekenhuisopname,0,7
2020-04-06,626,Voorschoten,Zuid-Holland,28,Overleden,0,1
2020-04-06,627,Waddinxveen,Zuid-Holland,28,Totaal,3,24
2020-04-06,627,Waddinxveen,Zuid-Holland,28,Ziekenhuisopname,1,9
2020-04-06,627,Waddinxveen,Zuid-Holland,28,Overleden,2,3
2020-04-06,629,Wassenaar,Zuid-Holland,28,Totaal,1,16
2020-04-06,629,Wassenaar,Zuid-Holland,28,Ziekenhuisopname,2,5
2020-04-06,629,Wassenaar,Zuid-Holland,28,Overleden,0,1
2020-04-06,632,Woerden,Utrecht,26,Totaal,3,69
2020-04-06,632,Woerden,Utrecht,26,Ziekenhuisopname,2,33
2020-04-06,632,Woerden,Utrecht,26,Overleden,0,7
2020-04-06,637,Zoetermeer,Zuid-Holland,28,Totaal,3,58
2020-04-06,637,Zoetermeer,Zuid-Holland,28,Ziekenhuisopname,0,28
2020-04-06,637,Zoetermeer,Zuid-Holland,28,Overleden,0,4
2020-04-06,638,Zoeterwoude,Zuid-Holland,28,Totaal,0,5
2020-04-06,638,Zoeterwoude,Zuid-Holland,28,Ziekenhuisopname,0,2
2020-04-06,638,Zoeterwoude,Zuid-Holland,28,Overleden,0,0
2020-04-06,642,Zwijndrecht,Zuid-Holland,28,Totaal,3,27
2020-04-06,642,Zwijndrecht,Zuid-Holland,28,Ziekenhuisopname,0,11
2020-04-06,642,Zwijndrecht,Zuid-Holland,28,Overleden,0,2
2020-04-06,654,Borsele,Zeeland,29,Totaal,2,10
2020-04-06,654,Borsele,Zeeland,29,Ziekenhuisopname,1,4
2020-04-06,654,Borsele,Zeeland,29,Overleden,0,0
2020-04-06,664,Goes,Zeeland,29,Totaal,1,30
2020-04-06,664,Goes,Zeeland,29,Ziekenhuisopname,0,8
2020-04-06,664,Goes,Zeeland,29,Overleden,0,2
2020-04-06,668,West Maas en Waal,Gelderland,25,Totaal,1,29
2020-04-06,668,West Maas en Waal,Gelderland,25,Ziekenhuisopname,0,11
2020-04-06,668,West Maas en Waal,Gelderland,25,Overleden,0,2
2020-04-06,677,Hulst,Zeeland,29,Totaal,1,13
2020-04-06,677,Hulst,Zeeland,29,Ziekenhuisopname,0,4
2020-04-06,677,Hulst,Zeeland,29,Overleden,0,1
2020-04-06,678,Kapelle,Zeeland,29,Totaal,2,7
2020-04-06,678,Kapelle,Zeeland,29,Ziekenhuisopname,0,1
2020-04-06,678,Kapelle,Zeeland,29,Overleden,0,0
2020-04-06,687,Middelburg,Zeeland,29,Totaal,3,25
2020-04-06,687,Middelburg,Zeeland,29,Ziekenhuisopname,0,13
2020-04-06,687,Middelburg,Zeeland,29,Overleden,0,6
2020-04-06,703,Reimerswaal,Zeeland,29,Totaal,3,11
2020-04-06,703,Reimerswaal,Zeeland,29,Ziekenhuisopname,0,4
2020-04-06,703,Reimerswaal,Zeeland,29,Overleden,0,2
2020-04-06,715,Terneuzen,Zeeland,29,Totaal,6,43
2020-04-06,715,Terneuzen,Zeeland,29,Ziekenhuisopname,1,16
2020-04-06,715,Terneuzen,Zeeland,29,Overleden,0,1
2020-04-06,716,Tholen,Zeeland,29,Totaal,6,67
2020-04-06,716,Tholen,Zeeland,29,Ziekenhuisopname,0,30
2020-04-06,716,Tholen,Zeeland,29,Overleden,0,7
2020-04-06,717,Veere,Zeeland,29,Totaal,1,15
2020-04-06,717,Veere,Zeeland,29,Ziekenhuisopname,0,3
2020-04-06,717,Veere,Zeeland,29,Overleden,0,1
2020-04-06,718,Vlissingen,Zeeland,29,Totaal,9,29
2020-04-06,718,Vlissingen,Zeeland,29,Ziekenhuisopname,1,7
2020-04-06,718,Vlissingen,Zeeland,29,Overleden,0,3
2020-04-06,736,De Ronde Venen,Utrecht,26,Totaal,4,47
2020-04-06,736,De Ronde Venen,Utrecht,26,Ziekenhuisopname,3,22
2020-04-06,736,De Ronde Venen,Utrecht,26,Overleden,0,2
2020-04-06,737,Tytsjerksteradiel,Friesland,21,Totaal,1,12
2020-04-06,737,Tytsjerksteradiel,Friesland,21,Ziekenhuisopname,0,3
2020-04-06,737,Tytsjerksteradiel,Friesland,21,Overleden,0,1
2020-04-06,743,Asten,Noord-Brabant,30,Totaal,3,26
2020-04-06,743,Asten,Noord-Brabant,30,Ziekenhuisopname,0,8
2020-04-06,743,Asten,Noord-Brabant,30,Overleden,0,2
2020-04-06,744,Baarle-Nassau,Noord-Brabant,30,Totaal,0,14
2020-04-06,744,Baarle-Nassau,Noord-Brabant,30,Ziekenhuisopname,0,8
2020-04-06,744,Baarle-Nassau,Noord-Brabant,30,Overleden,0,1
2020-04-06,748,Bergen op Zoom,Noord-Brabant,30,Totaal,3,37
2020-04-06,748,Bergen op Zoom,Noord-Brabant,30,Ziekenhuisopname,1,15
2020-04-06,748,Bergen op Zoom,Noord-Brabant,30,Overleden,0,3
2020-04-06,753,Best,Noord-Brabant,30,Totaal,2,36
2020-04-06,753,Best,Noord-Brabant,30,Ziekenhuisopname,0,24
2020-04-06,753,Best,Noord-Brabant,30,Overleden,0,4
2020-04-06,755,Boekel,Noord-Brabant,30,Totaal,1,70
2020-04-06,755,Boekel,Noord-Brabant,30,Ziekenhuisopname,0,27
2020-04-06,755,Boekel,Noord-Brabant,30,Overleden,0,11
2020-04-06,756,Boxmeer,Noord-Brabant,30,Totaal,1,41
2020-04-06,756,Boxmeer,Noord-Brabant,30,Ziekenhuisopname,0,14
2020-04-06,756,Boxmeer,Noord-Brabant,30,Overleden,0,4
2020-04-06,757,Boxtel,Noord-Brabant,30,Totaal,2,30
2020-04-06,757,Boxtel,Noord-Brabant,30,Ziekenhuisopname,0,11
2020-04-06,757,Boxtel,Noord-Brabant,30,Overleden,0,8
2020-04-06,758,Breda,Noord-Brabant,30,Totaal,10,318
2020-04-06,758,Breda,Noord-Brabant,30,Ziekenhuisopname,1,127
2020-04-06,758,Breda,Noord-Brabant,30,Overleden,2,35
2020-04-06,762,Deurne,Noord-Brabant,30,Totaal,7,84
2020-04-06,762,Deurne,Noord-Brabant,30,Ziekenhuisopname,0,44
2020-04-06,762,Deurne,Noord-Brabant,30,Overleden,0,9
2020-04-06,765,Pekela,Groningen,20,Totaal,0,4
2020-04-06,765,Pekela,Groningen,20,Ziekenhuisopname,0,4
2020-04-06,765,Pekela,Groningen,20,Overleden,0,0
2020-04-06,766,Dongen,Noord-Brabant,30,Totaal,0,37
2020-04-06,766,Dongen,Noord-Brabant,30,Ziekenhuisopname,0,12
2020-04-06,766,Dongen,Noord-Brabant,30,Overleden,0,6
2020-04-06,770,Eersel,Noord-Brabant,30,Totaal,3,34
2020-04-06,770,Eersel,Noord-Brabant,30,Ziekenhuisopname,0,18
2020-04-06,770,Eersel,Noord-Brabant,30,Overleden,1,2
2020-04-06,772,Eindhoven,Noord-Brabant,30,Totaal,8,221
2020-04-06,772,Eindhoven,Noord-Brabant,30,Ziekenhuisopname,0,88
2020-04-06,772,Eindhoven,Noord-Brabant,30,Overleden,2,24
2020-04-06,777,Etten-Leur,Noord-Brabant,30,Totaal,5,87
2020-04-06,777,Etten-Leur,Noord-Brabant,30,Ziekenhuisopname,0,31
2020-04-06,777,Etten-Leur,Noord-Brabant,30,Overleden,0,17
2020-04-06,779,Geertruidenberg,Noord-Brabant,30,Totaal,0,17
2020-04-06,779,Geertruidenberg,Noord-Brabant,30,Ziekenhuisopname,0,9
2020-04-06,779,Geertruidenberg,Noord-Brabant,30,Overleden,0,3
2020-04-06,784,Gilze en Rijen,Noord-Brabant,30,Totaal,0,40
2020-04-06,784,Gilze en Rijen,Noord-Brabant,30,Ziekenhuisopname,0,15
2020-04-06,784,Gilze en Rijen,Noord-Brabant,30,Overleden,0,4
2020-04-06,785,Goirle,Noord-Brabant,30,Totaal,0,46
2020-04-06,785,Goirle,Noord-Brabant,30,Ziekenhuisopname,0,21
2020-04-06,785,Goirle,Noord-Brabant,30,Overleden,0,11
2020-04-06,786,Grave,Noord-Brabant,30,Totaal,2,35
2020-04-06,786,Grave,Noord-Brabant,30,Ziekenhuisopname,0,14
2020-04-06,786,Grave,Noord-Brabant,30,Overleden,0,4
2020-04-06,788,Haaren,Noord-Brabant,30,Totaal,1,29
2020-04-06,788,Haaren,Noord-Brabant,30,Ziekenhuisopname,1,15
2020-04-06,788,Haaren,Noord-Brabant,30,Overleden,0,5
2020-04-06,794,Helmond,Noord-Brabant,30,Totaal,12,148
2020-04-06,794,Helmond,Noord-Brabant,30,Ziekenhuisopname,0,54
2020-04-06,794,Helmond,Noord-Brabant,30,Overleden,0,16
2020-04-06,796,'s-Hertogenbosch,Noord-Brabant,30,Totaal,10,221
2020-04-06,796,'s-Hertogenbosch,Noord-Brabant,30,Ziekenhuisopname,3,87
2020-04-06,796,'s-Hertogenbosch,Noord-Brabant,30,Overleden,0,34
2020-04-06,797,Heusden,Noord-Brabant,30,Totaal,3,62
2020-04-06,797,Heusden,Noord-Brabant,30,Ziekenhuisopname,0,32
2020-04-06,797,Heusden,Noord-Brabant,30,Overleden,0,7
2020-04-06,798,Hilvarenbeek,Noord-Brabant,30,Totaal,0,20
2020-04-06,798,Hilvarenbeek,Noord-Brabant,30,Ziekenhuisopname,0,6
2020-04-06,798,Hilvarenbeek,Noord-Brabant,30,Overleden,0,3
2020-04-06,809,Loon op Zand,Noord-Brabant,30,Totaal,0,36
2020-04-06,809,Loon op Zand,Noord-Brabant,30,Ziekenhuisopname,0,19
2020-04-06,809,Loon op Zand,Noord-Brabant,30,Overleden,0,4
2020-04-06,815,Mill en Sint Hubert,Noord-Brabant,30,Totaal,0,13
2020-04-06,815,Mill en Sint Hubert,Noord-Brabant,30,Ziekenhuisopname,0,7
2020-04-06,815,Mill en Sint Hubert,Noord-Brabant,30,Overleden,0,1
2020-04-06,820,"Nuenen, Gerwen en Nederwetten",Noord-Brabant,30,Totaal,2,22
2020-04-06,820,"Nuenen, Gerwen en Nederwetten",Noord-Brabant,30,Ziekenhuisopname,0,12
2020-04-06,820,"Nuenen, Gerwen en Nederwetten",Noord-Brabant,30,Overleden,0,3
2020-04-06,823,Oirschot,Noord-Brabant,30,Totaal,1,28
2020-04-06,823,Oirschot,Noord-Brabant,30,Ziekenhuisopname,0,9
2020-04-06,823,Oirschot,Noord-Brabant,30,Overleden,0,2
2020-04-06,824,Oisterwijk,Noord-Brabant,30,Totaal,0,34
2020-04-06,824,Oisterwijk,Noord-Brabant,30,Ziekenhuisopname,0,11
2020-04-06,824,Oisterwijk,Noord-Brabant,30,Overleden,0,8
2020-04-06,826,Oosterhout,Noord-Brabant,30,Totaal,0,56
2020-04-06,826,Oosterhout,Noord-Brabant,30,Ziekenhuisopname,0,25
2020-04-06,826,Oosterhout,Noord-Brabant,30,Overleden,0,5
2020-04-06,828,Oss,Noord-Brabant,30,Totaal,11,246
2020-04-06,828,Oss,Noord-Brabant,30,Ziekenhuisopname,0,100
2020-04-06,828,Oss,Noord-Brabant,30,Overleden,1,38
2020-04-06,840,Rucphen,Noord-Brabant,30,Totaal,1,20
2020-04-06,840,Rucphen,Noord-Brabant,30,Ziekenhuisopname,0,6
2020-04-06,840,Rucphen,Noord-Brabant,30,Overleden,1,3
2020-04-06,845,Sint-Michielsgestel,Noord-Brabant,30,Totaal,2,49
2020-04-06,845,Sint-Michielsgestel,Noord-Brabant,30,Ziekenhuisopname,1,18
2020-04-06,845,Sint-Michielsgestel,Noord-Brabant,30,Overleden,0,4
2020-04-06,847,Someren,Noord-Brabant,30,Totaal,1,42
2020-04-06,847,Someren,Noord-Brabant,30,Ziekenhuisopname,0,20
2020-04-06,847,Someren,Noord-Brabant,30,Overleden,0,2
2020-04-06,848,Son en Breugel,Noord-Brabant,30,Totaal,1,29
2020-04-06,848,Son en Breugel,Noord-Brabant,30,Ziekenhuisopname,0,22
2020-04-06,848,Son en Breugel,Noord-Brabant,30,Overleden,1,4
2020-04-06,851,Steenbergen,Noord-Brabant,30,Totaal,3,26
2020-04-06,851,Steenbergen,Noord-Brabant,30,Ziekenhuisopname,0,8
2020-04-06,851,Steenbergen,Noord-Brabant,30,Overleden,0,3
2020-04-06,852,Waterland,Noord-Holland,27,Totaal,1,18
2020-04-06,852,Waterland,Noord-Holland,27,Ziekenhuisopname,0,9
2020-04-06,852,Waterland,Noord-Holland,27,Overleden,0,1
2020-04-06,855,Tilburg,Noord-Brabant,30,Totaal,9,407
2020-04-06,855,Tilburg,Noord-Brabant,30,Ziekenhuisopname,0,144
2020-04-06,855,Tilburg,Noord-Brabant,30,Overleden,0,80
2020-04-06,856,Uden,Noord-Brabant,30,Totaal,6,186
2020-04-06,856,Uden,Noord-Brabant,30,Ziekenhuisopname,0,82
2020-04-06,856,Uden,Noord-Brabant,30,Overleden,0,39
2020-04-06,858,Valkenswaard,Noord-Brabant,30,Totaal,11,68
2020-04-06,858,Valkenswaard,Noord-Brabant,30,Ziekenhuisopname,0,10
2020-04-06,858,Valkenswaard,Noord-Brabant,30,Overleden,-1,10
2020-04-06,861,Veldhoven,Noord-Brabant,30,Totaal,4,49
2020-04-06,861,Veldhoven,Noord-Brabant,30,Ziekenhuisopname,0,15
2020-04-06,861,Veldhoven,Noord-Brabant,30,Overleden,1,7
2020-04-06,865,Vught,Noord-Brabant,30,Totaal,3,58
2020-04-06,865,Vught,Noord-Brabant,30,Ziekenhuisopname,2,29
2020-04-06,865,Vught,Noord-Brabant,30,Overleden,0,7
2020-04-06,866,Waalre,Noord-Brabant,30,Totaal,3,17
2020-04-06,866,Waalre,Noord-Brabant,30,Ziekenhuisopname,0,3
2020-04-06,866,Waalre,Noord-Brabant,30,Overleden,0,0
2020-04-06,867,Waalwijk,Noord-Brabant,30,Totaal,0,69
2020-04-06,867,Waalwijk,Noord-Brabant,30,Ziekenhuisopname,1,18
2020-04-06,867,Waalwijk,Noord-Brabant,30,Overleden,0,20
2020-04-06,873,Woensdrecht,Noord-Brabant,30,Totaal,2,12
2020-04-06,873,Woensdrecht,Noord-Brabant,30,Ziekenhuisopname,0,4
2020-04-06,873,Woensdrecht,Noord-Brabant,30,Overleden,0,0
2020-04-06,879,Zundert,Noord-Brabant,30,Totaal,0,32
2020-04-06,879,Zundert,Noord-Brabant,30,Ziekenhuisopname,0,14
2020-04-06,879,Zundert,Noord-Brabant,30,Overleden,0,5
2020-04-06,880,Wormerland,Noord-Holland,27,Totaal,2,20
2020-04-06,880,Wormerland,Noord-Holland,27,Ziekenhuisopname,0,12
2020-04-06,880,Wormerland,Noord-Holland,27,Overleden,0,3
2020-04-06,882,Landgraaf,Limburg,31,Totaal,2,55
2020-04-06,882,Landgraaf,Limburg,31,Ziekenhuisopname,1,30
2020-04-06,882,Landgraaf,Limburg,31,Overleden,1,6
2020-04-06,888,Beek,Limburg,31,Totaal,1,21
2020-04-06,888,Beek,Limburg,31,Ziekenhuisopname,1,11
2020-04-06,888,Beek,Limburg,31,Overleden,0,2
2020-04-06,889,Beesel,Limburg,31,Totaal,2,21
2020-04-06,889,Beesel,Limburg,31,Ziekenhuisopname,2,13
2020-04-06,889,Beesel,Limburg,31,Overleden,0,5
2020-04-06,893,Bergen (L.),Limburg,31,Totaal,0,7
2020-04-06,893,Bergen (L.),Limburg,31,Ziekenhuisopname,0,4
2020-04-06,893,Bergen (L.),Limburg,31,Overleden,0,0
2020-04-06,899,Brunssum,Limburg,31,Totaal,0,42
2020-04-06,899,Brunssum,Limburg,31,Ziekenhuisopname,0,25
2020-04-06,899,Brunssum,Limburg,31,Overleden,0,7
2020-04-06,907,Gennep,Limburg,31,Totaal,-1,28
2020-04-06,907,Gennep,Limburg,31,Ziekenhuisopname,0,12
2020-04-06,907,Gennep,Limburg,31,Overleden,0,4
2020-04-06,917,Heerlen,Limburg,31,Totaal,5,136
2020-04-06,917,Heerlen,Limburg,31,Ziekenhuisopname,3,83
2020-04-06,917,Heerlen,Limburg,31,Overleden,1,23
2020-04-06,928,Kerkrade,Limburg,31,Totaal,4,60
2020-04-06,928,Kerkrade,Limburg,31,Ziekenhuisopname,2,38
2020-04-06,928,Kerkrade,Limburg,31,Overleden,0,12
2020-04-06,935,Maastricht,Limburg,31,Totaal,20,286
2020-04-06,935,Maastricht,Limburg,31,Ziekenhuisopname,7,106
2020-04-06,935,Maastricht,Limburg,31,Overleden,2,18
2020-04-06,938,Meerssen,Limburg,31,Totaal,1,30
2020-04-06,938,Meerssen,Limburg,31,Ziekenhuisopname,0,10
2020-04-06,938,Meerssen,Limburg,31,Overleden,0,3
2020-04-06,944,Mook en Middelaar,Limburg,31,Totaal,1,16
2020-04-06,944,Mook en Middelaar,Limburg,31,Ziekenhuisopname,1,4
2020-04-06,944,Mook en Middelaar,Limburg,31,Overleden,0,2
2020-04-06,946,Nederweert,Limburg,31,Totaal,0,36
2020-04-06,946,Nederweert,Limburg,31,Ziekenhuisopname,0,25
2020-04-06,946,Nederweert,Limburg,31,Overleden,0,5
2020-04-06,957,Roermond,Limburg,31,Totaal,1,67
2020-04-06,957,Roermond,Limburg,31,Ziekenhuisopname,0,37
2020-04-06,957,Roermond,Limburg,31,Overleden,0,8
2020-04-06,965,Simpelveld,Limburg,31,Totaal,0,22
2020-04-06,965,Simpelveld,Limburg,31,Ziekenhuisopname,1,15
2020-04-06,965,Simpelveld,Limburg,31,Overleden,0,3
2020-04-06,971,Stein,Limburg,31,Totaal,4,48
2020-04-06,971,Stein,Limburg,31,Ziekenhuisopname,3,31
2020-04-06,971,Stein,Limburg,31,Overleden,0,7
2020-04-06,981,Vaals,Limburg,31,Totaal,0,11
2020-04-06,981,Vaals,Limburg,31,Ziekenhuisopname,0,7
2020-04-06,981,Vaals,Limburg,31,Overleden,0,1
2020-04-06,983,Venlo,Limburg,31,Totaal,16,155
2020-04-06,983,Venlo,Limburg,31,Ziekenhuisopname,10,95
2020-04-06,983,Venlo,Limburg,31,Overleden,3,31
2020-04-06,984,Venray,Limburg,31,Totaal,5,56
2020-04-06,984,Venray,Limburg,31,Ziekenhuisopname,3,32
2020-04-06,984,Venray,Limburg,31,Overleden,1,8
2020-04-06,986,Voerendaal,Limburg,31,Totaal,0,19
2020-04-06,986,Voerendaal,Limburg,31,Ziekenhuisopname,2,11
2020-04-06,986,Voerendaal,Limburg,31,Overleden,0,3
2020-04-06,988,Weert,Limburg,31,Totaal,6,71
2020-04-06,988,Weert,Limburg,31,Ziekenhuisopname,3,40
2020-04-06,988,Weert,Limburg,31,Overleden,1,6
2020-04-06,994,Valkenburg aan de Geul,Limburg,31,Totaal,7,37
2020-04-06,994,Valkenburg aan de Geul,Limburg,31,Ziekenhuisopname,2,12
2020-04-06,994,Valkenburg aan de Geul,Limburg,31,Overleden,0,0
2020-04-06,995,Lelystad,Flevoland,24,Totaal,0,49
2020-04-06,995,Lelystad,Flevoland,24,Ziekenhuisopname,0,32
2020-04-06,995,Lelystad,Flevoland,24,Overleden,0,4
2020-04-06,1507,Horst aan de Maas,Limburg,31,Totaal,3,60
2020-04-06,1507,Horst aan de Maas,Limburg,31,Ziekenhuisopname,2,36
2020-04-06,1507,Horst aan de Maas,Limburg,31,Overleden,1,15
2020-04-06,1509,Oude IJsselstreek,Gelderland,25,Totaal,1,20
2020-04-06,1509,Oude IJsselstreek,Gelderland,25,Ziekenhuisopname,1,5
2020-04-06,1509,Oude IJsselstreek,Gelderland,25,Overleden,0,2
2020-04-06,1525,Teylingen,Zuid-Holland,28,Totaal,0,25
2020-04-06,1525,Teylingen,Zuid-Holland,28,Ziekenhuisopname,0,11
2020-04-06,1525,Teylingen,Zuid-Holland,28,Overleden,0,0
2020-04-06,1581,Utrechtse Heuvelrug,Utrecht,26,Totaal,1,48
2020-04-06,1581,Utrechtse Heuvelrug,Utrecht,26,Ziekenhuisopname,1,17
2020-04-06,1581,Utrechtse Heuvelrug,Utrecht,26,Overleden,0,3
2020-04-06,1586,Oost Gelre,Gelderland,25,Totaal,3,22
2020-04-06,1586,Oost Gelre,Gelderland,25,Ziekenhuisopname,0,4
2020-04-06,1586,Oost Gelre,Gelderland,25,Overleden,0,3
2020-04-06,1598,Koggenland,Noord-Holland,27,Totaal,1,18
2020-04-06,1598,Koggenland,Noord-Holland,27,Ziekenhuisopname,0,6
2020-04-06,1598,Koggenland,Noord-Holland,27,Overleden,0,2
2020-04-06,1621,Lansingerland,Zuid-Holland,28,Totaal,4,84
2020-04-06,1621,Lansingerland,Zuid-Holland,28,Ziekenhuisopname,0,22
2020-04-06,1621,Lansingerland,Zuid-Holland,28,Overleden,0,1
2020-04-06,1640,Leudal,Limburg,31,Totaal,1,81
2020-04-06,1640,Leudal,Limburg,31,Ziekenhuisopname,0,46
2020-04-06,1640,Leudal,Limburg,31,Overleden,0,15
2020-04-06,1641,Maasgouw,Limburg,31,Totaal,2,40
2020-04-06,1641,Maasgouw,Limburg,31,Ziekenhuisopname,1,18
2020-04-06,1641,Maasgouw,Limburg,31,Overleden,0,5
2020-04-06,1652,Gemert-Bakel,Noord-Brabant,30,Totaal,3,110
2020-04-06,1652,Gemert-Bakel,Noord-Brabant,30,Ziekenhuisopname,0,61
2020-04-06,1652,Gemert-Bakel,Noord-Brabant,30,Overleden,0,15
2020-04-06,1655,Halderberge,Noord-Brabant,30,Totaal,3,30
2020-04-06,1655,Halderberge,Noord-Brabant,30,Ziekenhuisopname,0,9
2020-04-06,1655,Halderberge,Noord-Brabant,30,Overleden,0,3
2020-04-06,1658,Heeze-Leende,Noord-Brabant,30,Totaal,6,28
2020-04-06,1658,Heeze-Leende,Noord-Brabant,30,Ziekenhuisopname,0,7
2020-04-06,1658,Heeze-Leende,Noord-Brabant,30,Overleden,0,1
2020-04-06,1659,Laarbeek,Noord-Brabant,30,Totaal,2,62
2020-04-06,1659,Laarbeek,Noord-Brabant,30,Ziekenhuisopname,0,27
2020-04-06,1659,Laarbeek,Noord-Brabant,30,Overleden,1,16
2020-04-06,1667,Reusel-De Mierden,Noord-Brabant,30,Totaal,0,11
2020-04-06,1667,Reusel-De Mierden,Noord-Brabant,30,Ziekenhuisopname,0,7
2020-04-06,1667,Reusel-De Mierden,Noord-Brabant,30,Overleden,0,0
2020-04-06,1669,Roerdalen,Limburg,31,Totaal,3,32
2020-04-06,1669,Roerdalen,Limburg,31,Ziekenhuisopname,2,21
2020-04-06,1669,Roerdalen,Limburg,31,Overleden,0,3
2020-04-06,1674,Roosendaal,Noord-Brabant,30,Totaal,9,75
2020-04-06,1674,Roosendaal,Noord-Brabant,30,Ziekenhuisopname,0,15
2020-04-06,1674,Roosendaal,Noord-Brabant,30,Overleden,1,6
2020-04-06,1676,Schouwen-Duiveland,Zeeland,29,Totaal,2,17
2020-04-06,1676,Schouwen-Duiveland,Zeeland,29,Ziekenhuisopname,1,9
2020-04-06,1676,Schouwen-Duiveland,Zeeland,29,Overleden,0,0
2020-04-06,1680,Aa en Hunze,Drenthe,22,Totaal,0,7
2020-04-06,1680,Aa en Hunze,Drenthe,22,Ziekenhuisopname,0,1
2020-04-06,1680,Aa en Hunze,Drenthe,22,Overleden,0,0
2020-04-06,1681,Borger-Odoorn,Drenthe,22,Totaal,0,3
2020-04-06,1681,Borger-Odoorn,Drenthe,22,Ziekenhuisopname,0,2
2020-04-06,1681,Borger-Odoorn,Drenthe,22,Overleden,0,2
2020-04-06,1684,Cuijk,Noord-Brabant,30,Totaal,0,30
2020-04-06,1684,Cuijk,Noord-Brabant,30,Ziekenhuisopname,0,7
2020-04-06,1684,Cuijk,Noord-Brabant,30,Overleden,0,6
2020-04-06,1685,Landerd,Noord-Brabant,30,Totaal,1,63
2020-04-06,1685,Landerd,Noord-Brabant,30,Ziekenhuisopname,0,25
2020-04-06,1685,Landerd,Noord-Brabant,30,Overleden,0,9
2020-04-06,1690,De Wolden,Drenthe,22,Totaal,0,17
2020-04-06,1690,De Wolden,Drenthe,22,Ziekenhuisopname,0,2
2020-04-06,1690,De Wolden,Drenthe,22,Overleden,0,0
2020-04-06,1695,Noord-Beveland,Zeeland,29,Totaal,0,3
2020-04-06,1695,Noord-Beveland,Zeeland,29,Ziekenhuisopname,0,0
2020-04-06,1695,Noord-Beveland,Zeeland,29,Overleden,0,0
2020-04-06,1696,Wijdemeren,Noord-Holland,27,Totaal,0,10
2020-04-06,1696,Wijdemeren,Noord-Holland,27,Ziekenhuisopname,0,5
2020-04-06,1696,Wijdemeren,Noord-Holland,27,Overleden,0,0
2020-04-06,1699,Noordenveld,Drenthe,22,Totaal,0,8
2020-04-06,1699,Noordenveld,Drenthe,22,Ziekenhuisopname,0,1
2020-04-06,1699,Noordenveld,Drenthe,22,Overleden,0,1
2020-04-06,1700,Twenterand,Overijssel,23,Totaal,3,21
2020-04-06,1700,Twenterand,Overijssel,23,Ziekenhuisopname,0,8
2020-04-06,1700,Twenterand,Overijssel,23,Overleden,0,0
2020-04-06,1701,Westerveld,Drenthe,22,Totaal,1,13
2020-04-06,1701,Westerveld,Drenthe,22,Ziekenhuisopname,0,3
2020-04-06,1701,Westerveld,Drenthe,22,Overleden,0,1
2020-04-06,1702,Sint Anthonis,Noord-Brabant,30,Totaal,1,42
2020-04-06,1702,Sint Anthonis,Noord-Brabant,30,Ziekenhuisopname,0,15
2020-04-06,1702,Sint Anthonis,Noord-Brabant,30,Overleden,0,7
2020-04-06,1705,Lingewaard,Gelderland,25,Totaal,1,42
2020-04-06,1705,Lingewaard,Gelderland,25,Ziekenhuisopname,0,21
2020-04-06,1705,Lingewaard,Gelderland,25,Overleden,0,2
2020-04-06,1706,Cranendonck,Noord-Brabant,30,Totaal,7,86
2020-04-06,1706,Cranendonck,Noord-Brabant,30,Ziekenhuisopname,0,44
2020-04-06,1706,Cranendonck,Noord-Brabant,30,Overleden,0,12
2020-04-06,1708,Steenwijkerland,Overijssel,23,Totaal,2,24
2020-04-06,1708,Steenwijkerland,Overijssel,23,Ziekenhuisopname,0,8
2020-04-06,1708,Steenwijkerland,Overijssel,23,Overleden,0,2
2020-04-06,1709,Moerdijk,Noord-Brabant,30,Totaal,2,26
2020-04-06,1709,Moerdijk,Noord-Brabant,30,Ziekenhuisopname,0,7
2020-04-06,1709,Moerdijk,Noord-Brabant,30,Overleden,0,4
2020-04-06,1711,Echt-Susteren,Limburg,31,Totaal,2,47
2020-04-06,1711,Echt-Susteren,Limburg,31,Ziekenhuisopname,2,30
2020-04-06,1711,Echt-Susteren,Limburg,31,Overleden,0,10
2020-04-06,1714,Sluis,Zeeland,29,Totaal,1,9
2020-04-06,1714,Sluis,Zeeland,29,Ziekenhuisopname,1,5
2020-04-06,1714,Sluis,Zeeland,29,Overleden,0,3
2020-04-06,1719,Drimmelen,Noord-Brabant,30,Totaal,0,33
2020-04-06,1719,Drimmelen,Noord-Brabant,30,Ziekenhuisopname,0,14
2020-04-06,1719,Drimmelen,Noord-Brabant,30,Overleden,0,3
2020-04-06,1721,Bernheze,Noord-Brabant,30,Totaal,1,154
2020-04-06,1721,Bernheze,Noord-Brabant,30,Ziekenhuisopname,0,70
2020-04-06,1721,Bernheze,Noord-Brabant,30,Overleden,0,30
2020-04-06,1723,Alphen-Chaam,Noord-Brabant,30,Totaal,4,39
2020-04-06,1723,Alphen-Chaam,Noord-Brabant,30,Ziekenhuisopname,2,14
2020-04-06,1723,Alphen-Chaam,Noord-Brabant,30,Overleden,0,4
2020-04-06,1724,Bergeijk,Noord-Brabant,30,Totaal,3,24
2020-04-06,1724,Bergeijk,Noord-Brabant,30,Ziekenhuisopname,0,9
2020-04-06,1724,Bergeijk,Noord-Brabant,30,Overleden,0,1
2020-04-06,1728,Bladel,Noord-Brabant,30,Totaal,3,32
2020-04-06,1728,Bladel,Noord-Brabant,30,Ziekenhuisopname,0,12
2020-04-06,1728,Bladel,Noord-Brabant,30,Overleden,0,6
2020-04-06,1729,Gulpen-Wittem,Limburg,31,Totaal,2,23
2020-04-06,1729,Gulpen-Wittem,Limburg,31,Ziekenhuisopname,2,12
2020-04-06,1729,Gulpen-Wittem,Limburg,31,Overleden,0,1
2020-04-06,1730,Tynaarlo,Drenthe,22,Totaal,1,27
2020-04-06,1730,Tynaarlo,Drenthe,22,Ziekenhuisopname,0,7
2020-04-06,1730,Tynaarlo,Drenthe,22,Overleden,0,0
2020-04-06,1731,Midden-Drenthe,Drenthe,22,Totaal,0,13
2020-04-06,1731,Midden-Drenthe,Drenthe,22,Ziekenhuisopname,0,6
2020-04-06,1731,Midden-Drenthe,Drenthe,22,Overleden,0,0
2020-04-06,1734,Overbetuwe,Gelderland,25,Totaal,3,77
2020-04-06,1734,Overbetuwe,Gelderland,25,Ziekenhuisopname,2,46
2020-04-06,1734,Overbetuwe,Gelderland,25,Overleden,1,10
2020-04-06,1735,Hof van Twente,Overijssel,23,Totaal,0,28
2020-04-06,1735,Hof van Twente,Overijssel,23,Ziekenhuisopname,0,12
2020-04-06,1735,Hof van Twente,Overijssel,23,Overleden,0,0
2020-04-06,1740,Neder-Betuwe,Gelderland,25,Totaal,1,50
2020-04-06,1740,Neder-Betuwe,Gelderland,25,Ziekenhuisopname,1,29
2020-04-06,1740,Neder-Betuwe,Gelderland,25,Overleden,0,8
2020-04-06,1742,Rijssen-Holten,Overijssel,23,Totaal,1,51
2020-04-06,1742,Rijssen-Holten,Overijssel,23,Ziekenhuisopname,0,16
2020-04-06,1742,Rijssen-Holten,Overijssel,23,Overleden,0,0
2020-04-06,1771,Geldrop-Mierlo,Noord-Brabant,30,Totaal,2,43
2020-04-06,1771,Geldrop-Mierlo,Noord-Brabant,30,Ziekenhuisopname,0,18
2020-04-06,1771,Geldrop-Mierlo,Noord-Brabant,30,Overleden,0,4
2020-04-06,1773,Olst-Wijhe,Overijssel,23,Totaal,6,23
2020-04-06,1773,Olst-Wijhe,Overijssel,23,Ziekenhuisopname,1,7
2020-04-06,1773,Olst-Wijhe,Overijssel,23,Overleden,0,3
2020-04-06,1774,Dinkelland,Overijssel,23,Totaal,1,51
2020-04-06,1774,Dinkelland,Overijssel,23,Ziekenhuisopname,0,16
2020-04-06,1774,Dinkelland,Overijssel,23,Overleden,1,4
2020-04-06,1783,Westland,Zuid-Holland,28,Totaal,5,102
2020-04-06,1783,Westland,Zuid-Holland,28,Ziekenhuisopname,3,36
2020-04-06,1783,Westland,Zuid-Holland,28,Overleden,0,7
2020-04-06,1842,Midden-Delfland,Zuid-Holland,28,Totaal,0,10
2020-04-06,1842,Midden-Delfland,Zuid-Holland,28,Ziekenhuisopname,0,3
2020-04-06,1842,Midden-Delfland,Zuid-Holland,28,Overleden,0,0
2020-04-06,1859,Berkelland,Gelderland,25,Totaal,1,14
2020-04-06,1859,Berkelland,Gelderland,25,Ziekenhuisopname,0,2
2020-04-06,1859,Berkelland,Gelderland,25,Overleden,0,0
2020-04-06,1876,Bronckhorst,Gelderland,25,Totaal,0,18
2020-04-06,1876,Bronckhorst,Gelderland,25,Ziekenhuisopname,0,1
2020-04-06,1876,Bronckhorst,Gelderland,25,Overleden,0,1
2020-04-06,1883,Sittard-Geleen,Limburg,31,Totaal,3,159
2020-04-06,1883,Sittard-Geleen,Limburg,31,Ziekenhuisopname,3,71
2020-04-06,1883,Sittard-Geleen,Limburg,31,Overleden,2,27
2020-04-06,1884,Kaag en Braassem,Zuid-Holland,28,Totaal,0,12
2020-04-06,1884,Kaag en Braassem,Zuid-Holland,28,Ziekenhuisopname,0,5
2020-04-06,1884,Kaag en Braassem,Zuid-Holland,28,Overleden,0,0
2020-04-06,1891,Dantumadiel,Friesland,21,Totaal,0,6
2020-04-06,1891,Dantumadiel,Friesland,21,Ziekenhuisopname,0,2
2020-04-06,1891,Dantumadiel,Friesland,21,Overleden,0,0
2020-04-06,1892,Zuidplas,Zuid-Holland,28,Totaal,3,37
2020-04-06,1892,Zuidplas,Zuid-Holland,28,Ziekenhuisopname,1,13
2020-04-06,1892,Zuidplas,Zuid-Holland,28,Overleden,0,3
2020-04-06,1894,Peel en Maas,Limburg,31,Totaal,8,188
2020-04-06,1894,Peel en Maas,Limburg,31,Ziekenhuisopname,0,119
2020-04-06,1894,Peel en Maas,Limburg,31,Overleden,0,41
2020-04-06,1895,Oldambt,Groningen,20,Totaal,0,4
2020-04-06,1895,Oldambt,Groningen,20,Ziekenhuisopname,0,1
2020-04-06,1895,Oldambt,Groningen,20,Overleden,0,0
2020-04-06,1896,Zwartewaterland,Overijssel,23,Totaal,1,68
2020-04-06,1896,Zwartewaterland,Overijssel,23,Ziekenhuisopname,0,22
2020-04-06,1896,Zwartewaterland,Overijssel,23,Overleden,1,10
2020-04-06,1900,Sdwest-Frysln,Friesland,21,Totaal,0,37
2020-04-06,1900,Sdwest-Frysln,Friesland,21,Ziekenhuisopname,0,14
2020-04-06,1900,Sdwest-Frysln,Friesland,21,Overleden,0,1
2020-04-06,1901,Bodegraven-Reeuwijk,Zuid-Holland,28,Totaal,0,19
2020-04-06,1901,Bodegraven-Reeuwijk,Zuid-Holland,28,Ziekenhuisopname,0,5
2020-04-06,1901,Bodegraven-Reeuwijk,Zuid-Holland,28,Overleden,0,0
2020-04-06,1903,Eijsden-Margraten,Limburg,31,Totaal,8,82
2020-04-06,1903,Eijsden-Margraten,Limburg,31,Ziekenhuisopname,4,36
2020-04-06,1903,Eijsden-Margraten,Limburg,31,Overleden,0,5
2020-04-06,1904,Stichtse Vecht,Utrecht,26,Totaal,0,53
2020-04-06,1904,Stichtse Vecht,Utrecht,26,Ziekenhuisopname,1,23
2020-04-06,1904,Stichtse Vecht,Utrecht,26,Overleden,1,5
2020-04-06,1911,Hollands Kroon,Noord-Holland,27,Totaal,2,40
2020-04-06,1911,Hollands Kroon,Noord-Holland,27,Ziekenhuisopname,1,24
2020-04-06,1911,Hollands Kroon,Noord-Holland,27,Overleden,1,3
2020-04-06,1916,Leidschendam-Voorburg,Zuid-Holland,28,Totaal,3,41
2020-04-06,1916,Leidschendam-Voorburg,Zuid-Holland,28,Ziekenhuisopname,0,12
2020-04-06,1916,Leidschendam-Voorburg,Zuid-Holland,28,Overleden,0,3
2020-04-06,1924,Goeree-Overflakkee,Zuid-Holland,28,Totaal,5,171
2020-04-06,1924,Goeree-Overflakkee,Zuid-Holland,28,Ziekenhuisopname,2,37
2020-04-06,1924,Goeree-Overflakkee,Zuid-Holland,28,Overleden,2,7
2020-04-06,1926,Pijnacker-Nootdorp,Zuid-Holland,28,Totaal,1,42
2020-04-06,1926,Pijnacker-Nootdorp,Zuid-Holland,28,Ziekenhuisopname,1,14
2020-04-06,1926,Pijnacker-Nootdorp,Zuid-Holland,28,Overleden,0,5
2020-04-06,1930,Nissewaard,Zuid-Holland,28,Totaal,8,70
2020-04-06,1930,Nissewaard,Zuid-Holland,28,Ziekenhuisopname,1,25
2020-04-06,1930,Nissewaard,Zuid-Holland,28,Overleden,0,4
2020-04-06,1931,Krimpenerwaard,Zuid-Holland,28,Totaal,3,68
2020-04-06,1931,Krimpenerwaard,Zuid-Holland,28,Ziekenhuisopname,1,33
2020-04-06,1931,Krimpenerwaard,Zuid-Holland,28,Overleden,3,13
2020-04-06,1940,De Fryske Marren,Friesland,21,Totaal,0,32
2020-04-06,1940,De Fryske Marren,Friesland,21,Ziekenhuisopname,0,12
2020-04-06,1940,De Fryske Marren,Friesland,21,Overleden,1,4
2020-04-06,1942,Gooise Meren,Noord-Holland,27,Totaal,0,45
2020-04-06,1942,Gooise Meren,Noord-Holland,27,Ziekenhuisopname,0,16
2020-04-06,1942,Gooise Meren,Noord-Holland,27,Overleden,0,1
2020-04-06,1945,Berg en Dal,Gelderland,25,Totaal,0,81
2020-04-06,1945,Berg en Dal,Gelderland,25,Ziekenhuisopname,0,22
2020-04-06,1945,Berg en Dal,Gelderland,25,Overleden,0,8
2020-04-06,1948,Meierijstad,Noord-Brabant,30,Totaal,8,310
2020-04-06,1948,Meierijstad,Noord-Brabant,30,Ziekenhuisopname,0,144
2020-04-06,1948,Meierijstad,Noord-Brabant,30,Overleden,0,82
2020-04-06,1949,Waadhoeke,Friesland,21,Totaal,4,22
2020-04-06,1949,Waadhoeke,Friesland,21,Ziekenhuisopname,0,6
2020-04-06,1949,Waadhoeke,Friesland,21,Overleden,0,2
2020-04-06,1950,Westerwolde,Groningen,20,Totaal,0,5
2020-04-06,1950,Westerwolde,Groningen,20,Ziekenhuisopname,0,5
2020-04-06,1950,Westerwolde,Groningen,20,Overleden,0,0
2020-04-06,1952,Midden-Groningen,Groningen,20,Totaal,1,10
2020-04-06,1952,Midden-Groningen,Groningen,20,Ziekenhuisopname,0,4
2020-04-06,1952,Midden-Groningen,Groningen,20,Overleden,0,1
2020-04-06,1954,Beekdaelen,Limburg,31,Totaal,1,53
2020-04-06,1954,Beekdaelen,Limburg,31,Ziekenhuisopname,2,34
2020-04-06,1954,Beekdaelen,Limburg,31,Overleden,1,10
2020-04-06,1955,Montferland,Gelderland,25,Totaal,0,18
2020-04-06,1955,Montferland,Gelderland,25,Ziekenhuisopname,0,5
2020-04-06,1955,Montferland,Gelderland,25,Overleden,0,2
2020-04-06,1959,Altena,Noord-Brabant,30,Totaal,3,65
2020-04-06,1959,Altena,Noord-Brabant,30,Ziekenhuisopname,1,22
2020-04-06,1959,Altena,Noord-Brabant,30,Overleden,0,4
2020-04-06,1960,West Betuwe,Gelderland,25,Totaal,4,68
2020-04-06,1960,West Betuwe,Gelderland,25,Ziekenhuisopname,2,23
2020-04-06,1960,West Betuwe,Gelderland,25,Overleden,1,5
2020-04-06,1961,Vijfheerenlanden,Utrecht,26,Totaal,4,101
2020-04-06,1961,Vijfheerenlanden,Utrecht,26,Ziekenhuisopname,3,19
2020-04-06,1961,Vijfheerenlanden,Utrecht,26,Overleden,1,9
2020-04-06,1963,Hoeksche Waard,Zuid-Holland,28,Totaal,4,107
2020-04-06,1963,Hoeksche Waard,Zuid-Holland,28,Ziekenhuisopname,2,57
2020-04-06,1963,Hoeksche Waard,Zuid-Holland,28,Overleden,0,5
2020-04-06,1966,Het Hogeland,Groningen,20,Totaal,0,15
2020-04-06,1966,Het Hogeland,Groningen,20,Ziekenhuisopname,0,5
2020-04-06,1966,Het Hogeland,Groningen,20,Overleden,0,0
2020-04-06,1969,Westerkwartier,Groningen,20,Totaal,2,32
2020-04-06,1969,Westerkwartier,Groningen,20,Ziekenhuisopname,0,11
2020-04-06,1969,Westerkwartier,Groningen,20,Overleden,0,2
2020-04-06,1970,Noardeast-Frysln,Friesland,21,Totaal,0,6
2020-04-06,1970,Noardeast-Frysln,Friesland,21,Ziekenhuisopname,0,4
2020-04-06,1970,Noardeast-Frysln,Friesland,21,Overleden,0,2
2020-04-06,1978,Molenlanden,Zuid-Holland,28,Totaal,3,48
2020-04-06,1978,Molenlanden,Zuid-Holland,28,Ziekenhuisopname,0,14
2020-04-06,1978,Molenlanden,Zuid-Holland,28,Overleden,0,2
