Datum,Gemeentecode,Gemeentenaam,Provincienaam,Provinciecode,Type,Aantal,AantalCumulatief
2020-07-15,-1,,,-1,Totaal,-1,492
2020-07-15,-1,,,-1,Ziekenhuisopname,0,61
2020-07-15,-1,,,-1,Overleden,0,18
2020-07-15,3,Appingedam,Groningen,20,Totaal,0,5
2020-07-15,3,Appingedam,Groningen,20,Ziekenhuisopname,0,3
2020-07-15,3,Appingedam,Groningen,20,Overleden,0,0
2020-07-15,10,Delfzijl,Groningen,20,Totaal,0,18
2020-07-15,10,Delfzijl,Groningen,20,Ziekenhuisopname,0,6
2020-07-15,10,Delfzijl,Groningen,20,Overleden,0,0
2020-07-15,14,Groningen,Groningen,20,Totaal,0,176
2020-07-15,14,Groningen,Groningen,20,Ziekenhuisopname,0,18
2020-07-15,14,Groningen,Groningen,20,Overleden,0,3
2020-07-15,24,Loppersum,Groningen,20,Totaal,0,2
2020-07-15,24,Loppersum,Groningen,20,Ziekenhuisopname,0,0
2020-07-15,24,Loppersum,Groningen,20,Overleden,0,0
2020-07-15,34,Almere,Flevoland,24,Totaal,0,453
2020-07-15,34,Almere,Flevoland,24,Ziekenhuisopname,0,123
2020-07-15,34,Almere,Flevoland,24,Overleden,0,31
2020-07-15,37,Stadskanaal,Groningen,20,Totaal,0,9
2020-07-15,37,Stadskanaal,Groningen,20,Ziekenhuisopname,0,2
2020-07-15,37,Stadskanaal,Groningen,20,Overleden,0,2
2020-07-15,47,Veendam,Groningen,20,Totaal,0,8
2020-07-15,47,Veendam,Groningen,20,Ziekenhuisopname,0,2
2020-07-15,47,Veendam,Groningen,20,Overleden,0,0
2020-07-15,50,Zeewolde,Flevoland,24,Totaal,0,50
2020-07-15,50,Zeewolde,Flevoland,24,Ziekenhuisopname,0,12
2020-07-15,50,Zeewolde,Flevoland,24,Overleden,0,6
2020-07-15,59,Achtkarspelen,Friesland,21,Totaal,0,12
2020-07-15,59,Achtkarspelen,Friesland,21,Ziekenhuisopname,0,0
2020-07-15,59,Achtkarspelen,Friesland,21,Overleden,0,0
2020-07-15,60,Ameland,Friesland,21,Totaal,0,0
2020-07-15,60,Ameland,Friesland,21,Ziekenhuisopname,0,0
2020-07-15,60,Ameland,Friesland,21,Overleden,0,0
2020-07-15,72,Harlingen,Friesland,21,Totaal,0,17
2020-07-15,72,Harlingen,Friesland,21,Ziekenhuisopname,0,4
2020-07-15,72,Harlingen,Friesland,21,Overleden,0,1
2020-07-15,74,Heerenveen,Friesland,21,Totaal,0,95
2020-07-15,74,Heerenveen,Friesland,21,Ziekenhuisopname,0,13
2020-07-15,74,Heerenveen,Friesland,21,Overleden,0,21
2020-07-15,80,Leeuwarden,Friesland,21,Totaal,0,68
2020-07-15,80,Leeuwarden,Friesland,21,Ziekenhuisopname,0,33
2020-07-15,80,Leeuwarden,Friesland,21,Overleden,0,6
2020-07-15,85,Ooststellingwerf,Friesland,21,Totaal,0,7
2020-07-15,85,Ooststellingwerf,Friesland,21,Ziekenhuisopname,0,3
2020-07-15,85,Ooststellingwerf,Friesland,21,Overleden,0,0
2020-07-15,86,Opsterland,Friesland,21,Totaal,1,24
2020-07-15,86,Opsterland,Friesland,21,Ziekenhuisopname,0,7
2020-07-15,86,Opsterland,Friesland,21,Overleden,0,0
2020-07-15,88,Schiermonnikoog,Friesland,21,Totaal,0,0
2020-07-15,88,Schiermonnikoog,Friesland,21,Ziekenhuisopname,0,0
2020-07-15,88,Schiermonnikoog,Friesland,21,Overleden,0,0
2020-07-15,90,Smallingerland,Friesland,21,Totaal,0,58
2020-07-15,90,Smallingerland,Friesland,21,Ziekenhuisopname,0,9
2020-07-15,90,Smallingerland,Friesland,21,Overleden,0,5
2020-07-15,93,Terschelling,Friesland,21,Totaal,0,2
2020-07-15,93,Terschelling,Friesland,21,Ziekenhuisopname,0,0
2020-07-15,93,Terschelling,Friesland,21,Overleden,0,0
2020-07-15,96,Vlieland,Friesland,21,Totaal,0,0
2020-07-15,96,Vlieland,Friesland,21,Ziekenhuisopname,0,0
2020-07-15,96,Vlieland,Friesland,21,Overleden,0,0
2020-07-15,98,Weststellingwerf,Friesland,21,Totaal,-1,28
2020-07-15,98,Weststellingwerf,Friesland,21,Ziekenhuisopname,0,3
2020-07-15,98,Weststellingwerf,Friesland,21,Overleden,0,4
2020-07-15,106,Assen,Drenthe,22,Totaal,0,47
2020-07-15,106,Assen,Drenthe,22,Ziekenhuisopname,0,12
2020-07-15,106,Assen,Drenthe,22,Overleden,0,2
2020-07-15,109,Coevorden,Drenthe,22,Totaal,0,57
2020-07-15,109,Coevorden,Drenthe,22,Ziekenhuisopname,0,13
2020-07-15,109,Coevorden,Drenthe,22,Overleden,0,2
2020-07-15,114,Emmen,Drenthe,22,Totaal,0,103
2020-07-15,114,Emmen,Drenthe,22,Ziekenhuisopname,0,20
2020-07-15,114,Emmen,Drenthe,22,Overleden,0,11
2020-07-15,118,Hoogeveen,Drenthe,22,Totaal,1,93
2020-07-15,118,Hoogeveen,Drenthe,22,Ziekenhuisopname,0,19
2020-07-15,118,Hoogeveen,Drenthe,22,Overleden,0,8
2020-07-15,119,Meppel,Drenthe,22,Totaal,0,45
2020-07-15,119,Meppel,Drenthe,22,Ziekenhuisopname,0,9
2020-07-15,119,Meppel,Drenthe,22,Overleden,0,5
2020-07-15,141,Almelo,Overijssel,23,Totaal,0,93
2020-07-15,141,Almelo,Overijssel,23,Ziekenhuisopname,0,23
2020-07-15,141,Almelo,Overijssel,23,Overleden,0,9
2020-07-15,147,Borne,Overijssel,23,Totaal,0,50
2020-07-15,147,Borne,Overijssel,23,Ziekenhuisopname,0,14
2020-07-15,147,Borne,Overijssel,23,Overleden,0,6
2020-07-15,148,Dalfsen,Overijssel,23,Totaal,0,80
2020-07-15,148,Dalfsen,Overijssel,23,Ziekenhuisopname,0,16
2020-07-15,148,Dalfsen,Overijssel,23,Overleden,0,6
2020-07-15,150,Deventer,Overijssel,23,Totaal,1,340
2020-07-15,150,Deventer,Overijssel,23,Ziekenhuisopname,0,47
2020-07-15,150,Deventer,Overijssel,23,Overleden,0,33
2020-07-15,153,Enschede,Overijssel,23,Totaal,3,250
2020-07-15,153,Enschede,Overijssel,23,Ziekenhuisopname,0,53
2020-07-15,153,Enschede,Overijssel,23,Overleden,0,25
2020-07-15,158,Haaksbergen,Overijssel,23,Totaal,0,56
2020-07-15,158,Haaksbergen,Overijssel,23,Ziekenhuisopname,0,14
2020-07-15,158,Haaksbergen,Overijssel,23,Overleden,0,7
2020-07-15,160,Hardenberg,Overijssel,23,Totaal,0,170
2020-07-15,160,Hardenberg,Overijssel,23,Ziekenhuisopname,0,23
2020-07-15,160,Hardenberg,Overijssel,23,Overleden,0,8
2020-07-15,163,Hellendoorn,Overijssel,23,Totaal,0,96
2020-07-15,163,Hellendoorn,Overijssel,23,Ziekenhuisopname,0,8
2020-07-15,163,Hellendoorn,Overijssel,23,Overleden,0,12
2020-07-15,164,Hengelo,Overijssel,23,Totaal,0,129
2020-07-15,164,Hengelo,Overijssel,23,Ziekenhuisopname,0,21
2020-07-15,164,Hengelo,Overijssel,23,Overleden,0,19
2020-07-15,166,Kampen,Overijssel,23,Totaal,0,343
2020-07-15,166,Kampen,Overijssel,23,Ziekenhuisopname,0,59
2020-07-15,166,Kampen,Overijssel,23,Overleden,0,27
2020-07-15,168,Losser,Overijssel,23,Totaal,0,26
2020-07-15,168,Losser,Overijssel,23,Ziekenhuisopname,0,7
2020-07-15,168,Losser,Overijssel,23,Overleden,0,0
2020-07-15,171,Noordoostpolder,Flevoland,24,Totaal,0,81
2020-07-15,171,Noordoostpolder,Flevoland,24,Ziekenhuisopname,0,14
2020-07-15,171,Noordoostpolder,Flevoland,24,Overleden,0,10
2020-07-15,173,Oldenzaal,Overijssel,23,Totaal,0,49
2020-07-15,173,Oldenzaal,Overijssel,23,Ziekenhuisopname,0,13
2020-07-15,173,Oldenzaal,Overijssel,23,Overleden,0,7
2020-07-15,175,Ommen,Overijssel,23,Totaal,0,53
2020-07-15,175,Ommen,Overijssel,23,Ziekenhuisopname,0,9
2020-07-15,175,Ommen,Overijssel,23,Overleden,0,2
2020-07-15,177,Raalte,Overijssel,23,Totaal,0,155
2020-07-15,177,Raalte,Overijssel,23,Ziekenhuisopname,0,24
2020-07-15,177,Raalte,Overijssel,23,Overleden,0,17
2020-07-15,180,Staphorst,Overijssel,23,Totaal,1,61
2020-07-15,180,Staphorst,Overijssel,23,Ziekenhuisopname,0,8
2020-07-15,180,Staphorst,Overijssel,23,Overleden,0,4
2020-07-15,183,Tubbergen,Overijssel,23,Totaal,0,81
2020-07-15,183,Tubbergen,Overijssel,23,Ziekenhuisopname,0,12
2020-07-15,183,Tubbergen,Overijssel,23,Overleden,0,5
2020-07-15,184,Urk,Flevoland,24,Totaal,0,83
2020-07-15,184,Urk,Flevoland,24,Ziekenhuisopname,0,22
2020-07-15,184,Urk,Flevoland,24,Overleden,0,4
2020-07-15,189,Wierden,Overijssel,23,Totaal,0,50
2020-07-15,189,Wierden,Overijssel,23,Ziekenhuisopname,0,5
2020-07-15,189,Wierden,Overijssel,23,Overleden,0,6
2020-07-15,193,Zwolle,Overijssel,23,Totaal,0,361
2020-07-15,193,Zwolle,Overijssel,23,Ziekenhuisopname,0,53
2020-07-15,193,Zwolle,Overijssel,23,Overleden,0,46
2020-07-15,197,Aalten,Gelderland,25,Totaal,0,60
2020-07-15,197,Aalten,Gelderland,25,Ziekenhuisopname,0,9
2020-07-15,197,Aalten,Gelderland,25,Overleden,0,7
2020-07-15,200,Apeldoorn,Gelderland,25,Totaal,0,457
2020-07-15,200,Apeldoorn,Gelderland,25,Ziekenhuisopname,0,96
2020-07-15,200,Apeldoorn,Gelderland,25,Overleden,0,50
2020-07-15,202,Arnhem,Gelderland,25,Totaal,0,409
2020-07-15,202,Arnhem,Gelderland,25,Ziekenhuisopname,0,67
2020-07-15,202,Arnhem,Gelderland,25,Overleden,0,32
2020-07-15,203,Barneveld,Gelderland,25,Totaal,0,139
2020-07-15,203,Barneveld,Gelderland,25,Ziekenhuisopname,0,18
2020-07-15,203,Barneveld,Gelderland,25,Overleden,0,6
2020-07-15,209,Beuningen,Gelderland,25,Totaal,0,75
2020-07-15,209,Beuningen,Gelderland,25,Ziekenhuisopname,0,19
2020-07-15,209,Beuningen,Gelderland,25,Overleden,0,5
2020-07-15,213,Brummen,Gelderland,25,Totaal,0,36
2020-07-15,213,Brummen,Gelderland,25,Ziekenhuisopname,0,18
2020-07-15,213,Brummen,Gelderland,25,Overleden,0,6
2020-07-15,214,Buren,Gelderland,25,Totaal,0,63
2020-07-15,214,Buren,Gelderland,25,Ziekenhuisopname,0,17
2020-07-15,214,Buren,Gelderland,25,Overleden,0,8
2020-07-15,216,Culemborg,Gelderland,25,Totaal,0,78
2020-07-15,216,Culemborg,Gelderland,25,Ziekenhuisopname,0,21
2020-07-15,216,Culemborg,Gelderland,25,Overleden,0,7
2020-07-15,221,Doesburg,Gelderland,25,Totaal,0,32
2020-07-15,221,Doesburg,Gelderland,25,Ziekenhuisopname,0,9
2020-07-15,221,Doesburg,Gelderland,25,Overleden,0,6
2020-07-15,222,Doetinchem,Gelderland,25,Totaal,0,104
2020-07-15,222,Doetinchem,Gelderland,25,Ziekenhuisopname,0,26
2020-07-15,222,Doetinchem,Gelderland,25,Overleden,0,15
2020-07-15,225,Druten,Gelderland,25,Totaal,0,115
2020-07-15,225,Druten,Gelderland,25,Ziekenhuisopname,0,25
2020-07-15,225,Druten,Gelderland,25,Overleden,0,8
2020-07-15,226,Duiven,Gelderland,25,Totaal,0,52
2020-07-15,226,Duiven,Gelderland,25,Ziekenhuisopname,0,14
2020-07-15,226,Duiven,Gelderland,25,Overleden,0,6
2020-07-15,228,Ede,Gelderland,25,Totaal,0,222
2020-07-15,228,Ede,Gelderland,25,Ziekenhuisopname,0,54
2020-07-15,228,Ede,Gelderland,25,Overleden,0,20
2020-07-15,230,Elburg,Gelderland,25,Totaal,0,150
2020-07-15,230,Elburg,Gelderland,25,Ziekenhuisopname,0,28
2020-07-15,230,Elburg,Gelderland,25,Overleden,0,8
2020-07-15,232,Epe,Gelderland,25,Totaal,0,138
2020-07-15,232,Epe,Gelderland,25,Ziekenhuisopname,0,47
2020-07-15,232,Epe,Gelderland,25,Overleden,0,23
2020-07-15,233,Ermelo,Gelderland,25,Totaal,0,150
2020-07-15,233,Ermelo,Gelderland,25,Ziekenhuisopname,0,33
2020-07-15,233,Ermelo,Gelderland,25,Overleden,0,24
2020-07-15,243,Harderwijk,Gelderland,25,Totaal,0,180
2020-07-15,243,Harderwijk,Gelderland,25,Ziekenhuisopname,0,43
2020-07-15,243,Harderwijk,Gelderland,25,Overleden,0,21
2020-07-15,244,Hattem,Gelderland,25,Totaal,0,42
2020-07-15,244,Hattem,Gelderland,25,Ziekenhuisopname,0,16
2020-07-15,244,Hattem,Gelderland,25,Overleden,0,5
2020-07-15,246,Heerde,Gelderland,25,Totaal,0,193
2020-07-15,246,Heerde,Gelderland,25,Ziekenhuisopname,0,55
2020-07-15,246,Heerde,Gelderland,25,Overleden,0,28
2020-07-15,252,Heumen,Gelderland,25,Totaal,0,74
2020-07-15,252,Heumen,Gelderland,25,Ziekenhuisopname,0,17
2020-07-15,252,Heumen,Gelderland,25,Overleden,0,9
2020-07-15,262,Lochem,Gelderland,25,Totaal,0,98
2020-07-15,262,Lochem,Gelderland,25,Ziekenhuisopname,0,15
2020-07-15,262,Lochem,Gelderland,25,Overleden,0,15
2020-07-15,263,Maasdriel,Gelderland,25,Totaal,0,62
2020-07-15,263,Maasdriel,Gelderland,25,Ziekenhuisopname,0,15
2020-07-15,263,Maasdriel,Gelderland,25,Overleden,0,7
2020-07-15,267,Nijkerk,Gelderland,25,Totaal,0,68
2020-07-15,267,Nijkerk,Gelderland,25,Ziekenhuisopname,0,22
2020-07-15,267,Nijkerk,Gelderland,25,Overleden,0,3
2020-07-15,268,Nijmegen,Gelderland,25,Totaal,6,672
2020-07-15,268,Nijmegen,Gelderland,25,Ziekenhuisopname,0,128
2020-07-15,268,Nijmegen,Gelderland,25,Overleden,0,70
2020-07-15,269,Oldebroek,Gelderland,25,Totaal,0,171
2020-07-15,269,Oldebroek,Gelderland,25,Ziekenhuisopname,0,40
2020-07-15,269,Oldebroek,Gelderland,25,Overleden,0,19
2020-07-15,273,Putten,Gelderland,25,Totaal,0,36
2020-07-15,273,Putten,Gelderland,25,Ziekenhuisopname,0,10
2020-07-15,273,Putten,Gelderland,25,Overleden,0,0
2020-07-15,274,Renkum,Gelderland,25,Totaal,0,80
2020-07-15,274,Renkum,Gelderland,25,Ziekenhuisopname,0,14
2020-07-15,274,Renkum,Gelderland,25,Overleden,0,7
2020-07-15,275,Rheden,Gelderland,25,Totaal,0,146
2020-07-15,275,Rheden,Gelderland,25,Ziekenhuisopname,0,34
2020-07-15,275,Rheden,Gelderland,25,Overleden,0,14
2020-07-15,277,Rozendaal,Gelderland,25,Totaal,0,3
2020-07-15,277,Rozendaal,Gelderland,25,Ziekenhuisopname,0,1
2020-07-15,277,Rozendaal,Gelderland,25,Overleden,0,0
2020-07-15,279,Scherpenzeel,Gelderland,25,Totaal,0,33
2020-07-15,279,Scherpenzeel,Gelderland,25,Ziekenhuisopname,0,4
2020-07-15,279,Scherpenzeel,Gelderland,25,Overleden,0,2
2020-07-15,281,Tiel,Gelderland,25,Totaal,0,149
2020-07-15,281,Tiel,Gelderland,25,Ziekenhuisopname,0,42
2020-07-15,281,Tiel,Gelderland,25,Overleden,0,18
2020-07-15,285,Voorst,Gelderland,25,Totaal,0,82
2020-07-15,285,Voorst,Gelderland,25,Ziekenhuisopname,0,18
2020-07-15,285,Voorst,Gelderland,25,Overleden,0,11
2020-07-15,289,Wageningen,Gelderland,25,Totaal,0,52
2020-07-15,289,Wageningen,Gelderland,25,Ziekenhuisopname,0,20
2020-07-15,289,Wageningen,Gelderland,25,Overleden,0,9
2020-07-15,293,Westervoort,Gelderland,25,Totaal,0,43
2020-07-15,293,Westervoort,Gelderland,25,Ziekenhuisopname,0,12
2020-07-15,293,Westervoort,Gelderland,25,Overleden,0,6
2020-07-15,294,Winterswijk,Gelderland,25,Totaal,0,48
2020-07-15,294,Winterswijk,Gelderland,25,Ziekenhuisopname,0,7
2020-07-15,294,Winterswijk,Gelderland,25,Overleden,0,3
2020-07-15,296,Wijchen,Gelderland,25,Totaal,0,149
2020-07-15,296,Wijchen,Gelderland,25,Ziekenhuisopname,0,44
2020-07-15,296,Wijchen,Gelderland,25,Overleden,0,13
2020-07-15,297,Zaltbommel,Gelderland,25,Totaal,0,101
2020-07-15,297,Zaltbommel,Gelderland,25,Ziekenhuisopname,0,20
2020-07-15,297,Zaltbommel,Gelderland,25,Overleden,0,9
2020-07-15,299,Zevenaar,Gelderland,25,Totaal,0,119
2020-07-15,299,Zevenaar,Gelderland,25,Ziekenhuisopname,0,44
2020-07-15,299,Zevenaar,Gelderland,25,Overleden,0,15
2020-07-15,301,Zutphen,Gelderland,25,Totaal,0,105
2020-07-15,301,Zutphen,Gelderland,25,Ziekenhuisopname,0,31
2020-07-15,301,Zutphen,Gelderland,25,Overleden,0,13
2020-07-15,302,Nunspeet,Gelderland,25,Totaal,0,224
2020-07-15,302,Nunspeet,Gelderland,25,Ziekenhuisopname,0,56
2020-07-15,302,Nunspeet,Gelderland,25,Overleden,0,21
2020-07-15,303,Dronten,Flevoland,24,Totaal,0,124
2020-07-15,303,Dronten,Flevoland,24,Ziekenhuisopname,0,30
2020-07-15,303,Dronten,Flevoland,24,Overleden,0,12
2020-07-15,307,Amersfoort,Utrecht,26,Totaal,0,243
2020-07-15,307,Amersfoort,Utrecht,26,Ziekenhuisopname,0,60
2020-07-15,307,Amersfoort,Utrecht,26,Overleden,0,23
2020-07-15,308,Baarn,Utrecht,26,Totaal,0,63
2020-07-15,308,Baarn,Utrecht,26,Ziekenhuisopname,0,11
2020-07-15,308,Baarn,Utrecht,26,Overleden,0,9
2020-07-15,310,De Bilt,Utrecht,26,Totaal,0,184
2020-07-15,310,De Bilt,Utrecht,26,Ziekenhuisopname,0,27
2020-07-15,310,De Bilt,Utrecht,26,Overleden,0,24
2020-07-15,312,Bunnik,Utrecht,26,Totaal,0,46
2020-07-15,312,Bunnik,Utrecht,26,Ziekenhuisopname,0,9
2020-07-15,312,Bunnik,Utrecht,26,Overleden,0,1
2020-07-15,313,Bunschoten,Utrecht,26,Totaal,0,68
2020-07-15,313,Bunschoten,Utrecht,26,Ziekenhuisopname,0,9
2020-07-15,313,Bunschoten,Utrecht,26,Overleden,0,7
2020-07-15,317,Eemnes,Utrecht,26,Totaal,0,18
2020-07-15,317,Eemnes,Utrecht,26,Ziekenhuisopname,0,2
2020-07-15,317,Eemnes,Utrecht,26,Overleden,0,1
2020-07-15,321,Houten,Utrecht,26,Totaal,1,143
2020-07-15,321,Houten,Utrecht,26,Ziekenhuisopname,0,24
2020-07-15,321,Houten,Utrecht,26,Overleden,0,14
2020-07-15,327,Leusden,Utrecht,26,Totaal,0,53
2020-07-15,327,Leusden,Utrecht,26,Ziekenhuisopname,0,9
2020-07-15,327,Leusden,Utrecht,26,Overleden,0,5
2020-07-15,331,Lopik,Utrecht,26,Totaal,0,63
2020-07-15,331,Lopik,Utrecht,26,Ziekenhuisopname,0,19
2020-07-15,331,Lopik,Utrecht,26,Overleden,0,8
2020-07-15,335,Montfoort,Utrecht,26,Totaal,0,45
2020-07-15,335,Montfoort,Utrecht,26,Ziekenhuisopname,0,13
2020-07-15,335,Montfoort,Utrecht,26,Overleden,0,5
2020-07-15,339,Renswoude,Utrecht,26,Totaal,0,19
2020-07-15,339,Renswoude,Utrecht,26,Ziekenhuisopname,0,5
2020-07-15,339,Renswoude,Utrecht,26,Overleden,0,5
2020-07-15,340,Rhenen,Utrecht,26,Totaal,0,48
2020-07-15,340,Rhenen,Utrecht,26,Ziekenhuisopname,0,11
2020-07-15,340,Rhenen,Utrecht,26,Overleden,0,6
2020-07-15,342,Soest,Utrecht,26,Totaal,0,94
2020-07-15,342,Soest,Utrecht,26,Ziekenhuisopname,0,23
2020-07-15,342,Soest,Utrecht,26,Overleden,0,12
2020-07-15,344,Utrecht,Utrecht,26,Totaal,10,1361
2020-07-15,344,Utrecht,Utrecht,26,Ziekenhuisopname,0,267
2020-07-15,344,Utrecht,Utrecht,26,Overleden,0,118
2020-07-15,345,Veenendaal,Utrecht,26,Totaal,0,196
2020-07-15,345,Veenendaal,Utrecht,26,Ziekenhuisopname,0,47
2020-07-15,345,Veenendaal,Utrecht,26,Overleden,0,11
2020-07-15,351,Woudenberg,Utrecht,26,Totaal,0,33
2020-07-15,351,Woudenberg,Utrecht,26,Ziekenhuisopname,0,9
2020-07-15,351,Woudenberg,Utrecht,26,Overleden,0,2
2020-07-15,352,Wijk bij Duurstede,Utrecht,26,Totaal,0,40
2020-07-15,352,Wijk bij Duurstede,Utrecht,26,Ziekenhuisopname,0,10
2020-07-15,352,Wijk bij Duurstede,Utrecht,26,Overleden,0,1
2020-07-15,353,IJsselstein,Utrecht,26,Totaal,0,152
2020-07-15,353,IJsselstein,Utrecht,26,Ziekenhuisopname,0,36
2020-07-15,353,IJsselstein,Utrecht,26,Overleden,0,33
2020-07-15,355,Zeist,Utrecht,26,Totaal,1,218
2020-07-15,355,Zeist,Utrecht,26,Ziekenhuisopname,0,37
2020-07-15,355,Zeist,Utrecht,26,Overleden,0,24
2020-07-15,356,Nieuwegein,Utrecht,26,Totaal,0,157
2020-07-15,356,Nieuwegein,Utrecht,26,Ziekenhuisopname,0,44
2020-07-15,356,Nieuwegein,Utrecht,26,Overleden,0,14
2020-07-15,358,Aalsmeer,Noord-Holland,27,Totaal,0,42
2020-07-15,358,Aalsmeer,Noord-Holland,27,Ziekenhuisopname,0,9
2020-07-15,358,Aalsmeer,Noord-Holland,27,Overleden,0,4
2020-07-15,361,Alkmaar,Noord-Holland,27,Totaal,1,248
2020-07-15,361,Alkmaar,Noord-Holland,27,Ziekenhuisopname,0,54
2020-07-15,361,Alkmaar,Noord-Holland,27,Overleden,0,31
2020-07-15,362,Amstelveen,Noord-Holland,27,Totaal,0,332
2020-07-15,362,Amstelveen,Noord-Holland,27,Ziekenhuisopname,0,58
2020-07-15,362,Amstelveen,Noord-Holland,27,Overleden,0,35
2020-07-15,363,Amsterdam,Noord-Holland,27,Totaal,5,2754
2020-07-15,363,Amsterdam,Noord-Holland,27,Ziekenhuisopname,0,621
2020-07-15,363,Amsterdam,Noord-Holland,27,Overleden,0,284
2020-07-15,370,Beemster,Noord-Holland,27,Totaal,0,14
2020-07-15,370,Beemster,Noord-Holland,27,Ziekenhuisopname,0,4
2020-07-15,370,Beemster,Noord-Holland,27,Overleden,0,1
2020-07-15,373,Bergen (NH.),Noord-Holland,27,Totaal,1,87
2020-07-15,373,Bergen (NH.),Noord-Holland,27,Ziekenhuisopname,0,16
2020-07-15,373,Bergen (NH.),Noord-Holland,27,Overleden,0,4
2020-07-15,375,Beverwijk,Noord-Holland,27,Totaal,0,83
2020-07-15,375,Beverwijk,Noord-Holland,27,Ziekenhuisopname,0,15
2020-07-15,375,Beverwijk,Noord-Holland,27,Overleden,0,10
2020-07-15,376,Blaricum,Noord-Holland,27,Totaal,0,33
2020-07-15,376,Blaricum,Noord-Holland,27,Ziekenhuisopname,0,8
2020-07-15,376,Blaricum,Noord-Holland,27,Overleden,0,2
2020-07-15,377,Bloemendaal,Noord-Holland,27,Totaal,0,52
2020-07-15,377,Bloemendaal,Noord-Holland,27,Ziekenhuisopname,0,7
2020-07-15,377,Bloemendaal,Noord-Holland,27,Overleden,0,5
2020-07-15,383,Castricum,Noord-Holland,27,Totaal,0,80
2020-07-15,383,Castricum,Noord-Holland,27,Ziekenhuisopname,0,15
2020-07-15,383,Castricum,Noord-Holland,27,Overleden,0,9
2020-07-15,384,Diemen,Noord-Holland,27,Totaal,0,107
2020-07-15,384,Diemen,Noord-Holland,27,Ziekenhuisopname,0,17
2020-07-15,384,Diemen,Noord-Holland,27,Overleden,0,14
2020-07-15,385,Edam-Volendam,Noord-Holland,27,Totaal,0,126
2020-07-15,385,Edam-Volendam,Noord-Holland,27,Ziekenhuisopname,0,25
2020-07-15,385,Edam-Volendam,Noord-Holland,27,Overleden,0,3
2020-07-15,388,Enkhuizen,Noord-Holland,27,Totaal,0,30
2020-07-15,388,Enkhuizen,Noord-Holland,27,Ziekenhuisopname,0,18
2020-07-15,388,Enkhuizen,Noord-Holland,27,Overleden,0,4
2020-07-15,392,Haarlem,Noord-Holland,27,Totaal,1,300
2020-07-15,392,Haarlem,Noord-Holland,27,Ziekenhuisopname,0,61
2020-07-15,392,Haarlem,Noord-Holland,27,Overleden,0,57
2020-07-15,394,Haarlemmermeer,Noord-Holland,27,Totaal,2,296
2020-07-15,394,Haarlemmermeer,Noord-Holland,27,Ziekenhuisopname,0,68
2020-07-15,394,Haarlemmermeer,Noord-Holland,27,Overleden,0,27
2020-07-15,396,Heemskerk,Noord-Holland,27,Totaal,0,94
2020-07-15,396,Heemskerk,Noord-Holland,27,Ziekenhuisopname,0,28
2020-07-15,396,Heemskerk,Noord-Holland,27,Overleden,0,10
2020-07-15,397,Heemstede,Noord-Holland,27,Totaal,1,100
2020-07-15,397,Heemstede,Noord-Holland,27,Ziekenhuisopname,0,11
2020-07-15,397,Heemstede,Noord-Holland,27,Overleden,0,32
2020-07-15,398,Heerhugowaard,Noord-Holland,27,Totaal,0,147
2020-07-15,398,Heerhugowaard,Noord-Holland,27,Ziekenhuisopname,0,27
2020-07-15,398,Heerhugowaard,Noord-Holland,27,Overleden,0,9
2020-07-15,399,Heiloo,Noord-Holland,27,Totaal,0,49
2020-07-15,399,Heiloo,Noord-Holland,27,Ziekenhuisopname,0,9
2020-07-15,399,Heiloo,Noord-Holland,27,Overleden,0,8
2020-07-15,400,Den Helder,Noord-Holland,27,Totaal,0,41
2020-07-15,400,Den Helder,Noord-Holland,27,Ziekenhuisopname,0,12
2020-07-15,400,Den Helder,Noord-Holland,27,Overleden,0,2
2020-07-15,402,Hilversum,Noord-Holland,27,Totaal,0,219
2020-07-15,402,Hilversum,Noord-Holland,27,Ziekenhuisopname,0,33
2020-07-15,402,Hilversum,Noord-Holland,27,Overleden,0,24
2020-07-15,405,Hoorn,Noord-Holland,27,Totaal,0,97
2020-07-15,405,Hoorn,Noord-Holland,27,Ziekenhuisopname,0,35
2020-07-15,405,Hoorn,Noord-Holland,27,Overleden,0,12
2020-07-15,406,Huizen,Noord-Holland,27,Totaal,1,159
2020-07-15,406,Huizen,Noord-Holland,27,Ziekenhuisopname,0,22
2020-07-15,406,Huizen,Noord-Holland,27,Overleden,0,10
2020-07-15,415,Landsmeer,Noord-Holland,27,Totaal,0,23
2020-07-15,415,Landsmeer,Noord-Holland,27,Ziekenhuisopname,0,3
2020-07-15,415,Landsmeer,Noord-Holland,27,Overleden,0,3
2020-07-15,416,Langedijk,Noord-Holland,27,Totaal,0,46
2020-07-15,416,Langedijk,Noord-Holland,27,Ziekenhuisopname,0,16
2020-07-15,416,Langedijk,Noord-Holland,27,Overleden,0,4
2020-07-15,417,Laren,Noord-Holland,27,Totaal,0,25
2020-07-15,417,Laren,Noord-Holland,27,Ziekenhuisopname,0,8
2020-07-15,417,Laren,Noord-Holland,27,Overleden,0,2
2020-07-15,420,Medemblik,Noord-Holland,27,Totaal,0,74
2020-07-15,420,Medemblik,Noord-Holland,27,Ziekenhuisopname,0,19
2020-07-15,420,Medemblik,Noord-Holland,27,Overleden,0,6
2020-07-15,431,Oostzaan,Noord-Holland,27,Totaal,0,26
2020-07-15,431,Oostzaan,Noord-Holland,27,Ziekenhuisopname,0,11
2020-07-15,431,Oostzaan,Noord-Holland,27,Overleden,0,2
2020-07-15,432,Opmeer,Noord-Holland,27,Totaal,0,8
2020-07-15,432,Opmeer,Noord-Holland,27,Ziekenhuisopname,0,1
2020-07-15,432,Opmeer,Noord-Holland,27,Overleden,0,1
2020-07-15,437,Ouder-Amstel,Noord-Holland,27,Totaal,0,39
2020-07-15,437,Ouder-Amstel,Noord-Holland,27,Ziekenhuisopname,0,5
2020-07-15,437,Ouder-Amstel,Noord-Holland,27,Overleden,0,0
2020-07-15,439,Purmerend,Noord-Holland,27,Totaal,0,228
2020-07-15,439,Purmerend,Noord-Holland,27,Ziekenhuisopname,0,66
2020-07-15,439,Purmerend,Noord-Holland,27,Overleden,0,35
2020-07-15,441,Schagen,Noord-Holland,27,Totaal,0,74
2020-07-15,441,Schagen,Noord-Holland,27,Ziekenhuisopname,0,19
2020-07-15,441,Schagen,Noord-Holland,27,Overleden,0,10
2020-07-15,448,Texel,Noord-Holland,27,Totaal,0,11
2020-07-15,448,Texel,Noord-Holland,27,Ziekenhuisopname,0,5
2020-07-15,448,Texel,Noord-Holland,27,Overleden,0,2
2020-07-15,450,Uitgeest,Noord-Holland,27,Totaal,0,25
2020-07-15,450,Uitgeest,Noord-Holland,27,Ziekenhuisopname,0,5
2020-07-15,450,Uitgeest,Noord-Holland,27,Overleden,0,1
2020-07-15,451,Uithoorn,Noord-Holland,27,Totaal,0,57
2020-07-15,451,Uithoorn,Noord-Holland,27,Ziekenhuisopname,0,16
2020-07-15,451,Uithoorn,Noord-Holland,27,Overleden,0,2
2020-07-15,453,Velsen,Noord-Holland,27,Totaal,0,284
2020-07-15,453,Velsen,Noord-Holland,27,Ziekenhuisopname,0,32
2020-07-15,453,Velsen,Noord-Holland,27,Overleden,0,39
2020-07-15,457,Weesp,Noord-Holland,27,Totaal,0,81
2020-07-15,457,Weesp,Noord-Holland,27,Ziekenhuisopname,0,9
2020-07-15,457,Weesp,Noord-Holland,27,Overleden,0,13
2020-07-15,473,Zandvoort,Noord-Holland,27,Totaal,0,35
2020-07-15,473,Zandvoort,Noord-Holland,27,Ziekenhuisopname,0,10
2020-07-15,473,Zandvoort,Noord-Holland,27,Overleden,0,8
2020-07-15,479,Zaanstad,Noord-Holland,27,Totaal,1,459
2020-07-15,479,Zaanstad,Noord-Holland,27,Ziekenhuisopname,0,117
2020-07-15,479,Zaanstad,Noord-Holland,27,Overleden,0,48
2020-07-15,482,Alblasserdam,Zuid-Holland,28,Totaal,1,43
2020-07-15,482,Alblasserdam,Zuid-Holland,28,Ziekenhuisopname,0,10
2020-07-15,482,Alblasserdam,Zuid-Holland,28,Overleden,0,4
2020-07-15,484,Alphen aan den Rijn,Zuid-Holland,28,Totaal,1,221
2020-07-15,484,Alphen aan den Rijn,Zuid-Holland,28,Ziekenhuisopname,0,62
2020-07-15,484,Alphen aan den Rijn,Zuid-Holland,28,Overleden,0,25
2020-07-15,489,Barendrecht,Zuid-Holland,28,Totaal,0,142
2020-07-15,489,Barendrecht,Zuid-Holland,28,Ziekenhuisopname,0,40
2020-07-15,489,Barendrecht,Zuid-Holland,28,Overleden,0,12
2020-07-15,498,Drechterland,Noord-Holland,27,Totaal,0,46
2020-07-15,498,Drechterland,Noord-Holland,27,Ziekenhuisopname,0,5
2020-07-15,498,Drechterland,Noord-Holland,27,Overleden,0,8
2020-07-15,501,Brielle,Zuid-Holland,28,Totaal,0,33
2020-07-15,501,Brielle,Zuid-Holland,28,Ziekenhuisopname,0,11
2020-07-15,501,Brielle,Zuid-Holland,28,Overleden,0,0
2020-07-15,502,Capelle aan den IJssel,Zuid-Holland,28,Totaal,3,322
2020-07-15,502,Capelle aan den IJssel,Zuid-Holland,28,Ziekenhuisopname,1,54
2020-07-15,502,Capelle aan den IJssel,Zuid-Holland,28,Overleden,0,53
2020-07-15,503,Delft,Zuid-Holland,28,Totaal,1,159
2020-07-15,503,Delft,Zuid-Holland,28,Ziekenhuisopname,0,38
2020-07-15,503,Delft,Zuid-Holland,28,Overleden,0,12
2020-07-15,505,Dordrecht,Zuid-Holland,28,Totaal,0,547
2020-07-15,505,Dordrecht,Zuid-Holland,28,Ziekenhuisopname,0,85
2020-07-15,505,Dordrecht,Zuid-Holland,28,Overleden,0,62
2020-07-15,512,Gorinchem,Zuid-Holland,28,Totaal,0,152
2020-07-15,512,Gorinchem,Zuid-Holland,28,Ziekenhuisopname,0,18
2020-07-15,512,Gorinchem,Zuid-Holland,28,Overleden,0,15
2020-07-15,513,Gouda,Zuid-Holland,28,Totaal,0,273
2020-07-15,513,Gouda,Zuid-Holland,28,Ziekenhuisopname,0,42
2020-07-15,513,Gouda,Zuid-Holland,28,Overleden,0,41
2020-07-15,518,'s-Gravenhage,Zuid-Holland,28,Totaal,9,1868
2020-07-15,518,'s-Gravenhage,Zuid-Holland,28,Ziekenhuisopname,1,344
2020-07-15,518,'s-Gravenhage,Zuid-Holland,28,Overleden,0,244
2020-07-15,523,Hardinxveld-Giessendam,Zuid-Holland,28,Totaal,0,34
2020-07-15,523,Hardinxveld-Giessendam,Zuid-Holland,28,Ziekenhuisopname,0,2
2020-07-15,523,Hardinxveld-Giessendam,Zuid-Holland,28,Overleden,0,2
2020-07-15,530,Hellevoetsluis,Zuid-Holland,28,Totaal,1,77
2020-07-15,530,Hellevoetsluis,Zuid-Holland,28,Ziekenhuisopname,0,16
2020-07-15,530,Hellevoetsluis,Zuid-Holland,28,Overleden,0,3
2020-07-15,531,Hendrik-Ido-Ambacht,Zuid-Holland,28,Totaal,0,71
2020-07-15,531,Hendrik-Ido-Ambacht,Zuid-Holland,28,Ziekenhuisopname,0,10
2020-07-15,531,Hendrik-Ido-Ambacht,Zuid-Holland,28,Overleden,0,6
2020-07-15,532,Stede Broec,Noord-Holland,27,Totaal,0,50
2020-07-15,532,Stede Broec,Noord-Holland,27,Ziekenhuisopname,0,19
2020-07-15,532,Stede Broec,Noord-Holland,27,Overleden,0,5
2020-07-15,534,Hillegom,Zuid-Holland,28,Totaal,1,37
2020-07-15,534,Hillegom,Zuid-Holland,28,Ziekenhuisopname,0,8
2020-07-15,534,Hillegom,Zuid-Holland,28,Overleden,0,2
2020-07-15,537,Katwijk,Zuid-Holland,28,Totaal,0,281
2020-07-15,537,Katwijk,Zuid-Holland,28,Ziekenhuisopname,0,31
2020-07-15,537,Katwijk,Zuid-Holland,28,Overleden,0,15
2020-07-15,542,Krimpen aan den IJssel,Zuid-Holland,28,Totaal,0,82
2020-07-15,542,Krimpen aan den IJssel,Zuid-Holland,28,Ziekenhuisopname,0,10
2020-07-15,542,Krimpen aan den IJssel,Zuid-Holland,28,Overleden,0,8
2020-07-15,546,Leiden,Zuid-Holland,28,Totaal,0,178
2020-07-15,546,Leiden,Zuid-Holland,28,Ziekenhuisopname,0,40
2020-07-15,546,Leiden,Zuid-Holland,28,Overleden,0,18
2020-07-15,547,Leiderdorp,Zuid-Holland,28,Totaal,0,39
2020-07-15,547,Leiderdorp,Zuid-Holland,28,Ziekenhuisopname,0,13
2020-07-15,547,Leiderdorp,Zuid-Holland,28,Overleden,0,6
2020-07-15,553,Lisse,Zuid-Holland,28,Totaal,0,30
2020-07-15,553,Lisse,Zuid-Holland,28,Ziekenhuisopname,0,8
2020-07-15,553,Lisse,Zuid-Holland,28,Overleden,0,2
2020-07-15,556,Maassluis,Zuid-Holland,28,Totaal,0,91
2020-07-15,556,Maassluis,Zuid-Holland,28,Ziekenhuisopname,0,20
2020-07-15,556,Maassluis,Zuid-Holland,28,Overleden,1,9
2020-07-15,569,Nieuwkoop,Zuid-Holland,28,Totaal,0,52
2020-07-15,569,Nieuwkoop,Zuid-Holland,28,Ziekenhuisopname,0,9
2020-07-15,569,Nieuwkoop,Zuid-Holland,28,Overleden,0,5
2020-07-15,575,Noordwijk,Zuid-Holland,28,Totaal,0,54
2020-07-15,575,Noordwijk,Zuid-Holland,28,Ziekenhuisopname,0,19
2020-07-15,575,Noordwijk,Zuid-Holland,28,Overleden,0,3
2020-07-15,579,Oegstgeest,Zuid-Holland,28,Totaal,0,46
2020-07-15,579,Oegstgeest,Zuid-Holland,28,Ziekenhuisopname,0,8
2020-07-15,579,Oegstgeest,Zuid-Holland,28,Overleden,0,3
2020-07-15,589,Oudewater,Utrecht,26,Totaal,1,59
2020-07-15,589,Oudewater,Utrecht,26,Ziekenhuisopname,0,26
2020-07-15,589,Oudewater,Utrecht,26,Overleden,0,8
2020-07-15,590,Papendrecht,Zuid-Holland,28,Totaal,0,80
2020-07-15,590,Papendrecht,Zuid-Holland,28,Ziekenhuisopname,0,9
2020-07-15,590,Papendrecht,Zuid-Holland,28,Overleden,0,7
2020-07-15,597,Ridderkerk,Zuid-Holland,28,Totaal,0,153
2020-07-15,597,Ridderkerk,Zuid-Holland,28,Ziekenhuisopname,0,37
2020-07-15,597,Ridderkerk,Zuid-Holland,28,Overleden,0,16
2020-07-15,599,Rotterdam,Zuid-Holland,28,Totaal,20,2855
2020-07-15,599,Rotterdam,Zuid-Holland,28,Ziekenhuisopname,1,527
2020-07-15,599,Rotterdam,Zuid-Holland,28,Overleden,0,346
2020-07-15,603,Rijswijk,Zuid-Holland,28,Totaal,1,150
2020-07-15,603,Rijswijk,Zuid-Holland,28,Ziekenhuisopname,0,36
2020-07-15,603,Rijswijk,Zuid-Holland,28,Overleden,0,22
2020-07-15,606,Schiedam,Zuid-Holland,28,Totaal,5,283
2020-07-15,606,Schiedam,Zuid-Holland,28,Ziekenhuisopname,0,58
2020-07-15,606,Schiedam,Zuid-Holland,28,Overleden,0,23
2020-07-15,610,Sliedrecht,Zuid-Holland,28,Totaal,0,67
2020-07-15,610,Sliedrecht,Zuid-Holland,28,Ziekenhuisopname,0,9
2020-07-15,610,Sliedrecht,Zuid-Holland,28,Overleden,0,5
2020-07-15,613,Albrandswaard,Zuid-Holland,28,Totaal,0,109
2020-07-15,613,Albrandswaard,Zuid-Holland,28,Ziekenhuisopname,0,14
2020-07-15,613,Albrandswaard,Zuid-Holland,28,Overleden,0,8
2020-07-15,614,Westvoorne,Zuid-Holland,28,Totaal,0,25
2020-07-15,614,Westvoorne,Zuid-Holland,28,Ziekenhuisopname,0,6
2020-07-15,614,Westvoorne,Zuid-Holland,28,Overleden,0,0
2020-07-15,622,Vlaardingen,Zuid-Holland,28,Totaal,3,306
2020-07-15,622,Vlaardingen,Zuid-Holland,28,Ziekenhuisopname,0,43
2020-07-15,622,Vlaardingen,Zuid-Holland,28,Overleden,0,30
2020-07-15,626,Voorschoten,Zuid-Holland,28,Totaal,0,66
2020-07-15,626,Voorschoten,Zuid-Holland,28,Ziekenhuisopname,0,9
2020-07-15,626,Voorschoten,Zuid-Holland,28,Overleden,0,11
2020-07-15,627,Waddinxveen,Zuid-Holland,28,Totaal,0,78
2020-07-15,627,Waddinxveen,Zuid-Holland,28,Ziekenhuisopname,0,16
2020-07-15,627,Waddinxveen,Zuid-Holland,28,Overleden,0,7
2020-07-15,629,Wassenaar,Zuid-Holland,28,Totaal,0,56
2020-07-15,629,Wassenaar,Zuid-Holland,28,Ziekenhuisopname,0,9
2020-07-15,629,Wassenaar,Zuid-Holland,28,Overleden,0,12
2020-07-15,632,Woerden,Utrecht,26,Totaal,0,178
2020-07-15,632,Woerden,Utrecht,26,Ziekenhuisopname,0,49
2020-07-15,632,Woerden,Utrecht,26,Overleden,0,20
2020-07-15,637,Zoetermeer,Zuid-Holland,28,Totaal,0,244
2020-07-15,637,Zoetermeer,Zuid-Holland,28,Ziekenhuisopname,1,53
2020-07-15,637,Zoetermeer,Zuid-Holland,28,Overleden,0,14
2020-07-15,638,Zoeterwoude,Zuid-Holland,28,Totaal,0,14
2020-07-15,638,Zoeterwoude,Zuid-Holland,28,Ziekenhuisopname,0,3
2020-07-15,638,Zoeterwoude,Zuid-Holland,28,Overleden,0,1
2020-07-15,642,Zwijndrecht,Zuid-Holland,28,Totaal,0,164
2020-07-15,642,Zwijndrecht,Zuid-Holland,28,Ziekenhuisopname,0,23
2020-07-15,642,Zwijndrecht,Zuid-Holland,28,Overleden,0,26
2020-07-15,654,Borsele,Zeeland,29,Totaal,0,27
2020-07-15,654,Borsele,Zeeland,29,Ziekenhuisopname,0,5
2020-07-15,654,Borsele,Zeeland,29,Overleden,0,0
2020-07-15,664,Goes,Zeeland,29,Totaal,7,93
2020-07-15,664,Goes,Zeeland,29,Ziekenhuisopname,0,11
2020-07-15,664,Goes,Zeeland,29,Overleden,0,11
2020-07-15,668,West Maas en Waal,Gelderland,25,Totaal,0,84
2020-07-15,668,West Maas en Waal,Gelderland,25,Ziekenhuisopname,0,20
2020-07-15,668,West Maas en Waal,Gelderland,25,Overleden,0,9
2020-07-15,677,Hulst,Zeeland,29,Totaal,0,31
2020-07-15,677,Hulst,Zeeland,29,Ziekenhuisopname,0,9
2020-07-15,677,Hulst,Zeeland,29,Overleden,0,5
2020-07-15,678,Kapelle,Zeeland,29,Totaal,0,25
2020-07-15,678,Kapelle,Zeeland,29,Ziekenhuisopname,0,3
2020-07-15,678,Kapelle,Zeeland,29,Overleden,0,1
2020-07-15,687,Middelburg,Zeeland,29,Totaal,1,63
2020-07-15,687,Middelburg,Zeeland,29,Ziekenhuisopname,0,18
2020-07-15,687,Middelburg,Zeeland,29,Overleden,0,10
2020-07-15,703,Reimerswaal,Zeeland,29,Totaal,0,32
2020-07-15,703,Reimerswaal,Zeeland,29,Ziekenhuisopname,0,4
2020-07-15,703,Reimerswaal,Zeeland,29,Overleden,0,2
2020-07-15,715,Terneuzen,Zeeland,29,Totaal,0,119
2020-07-15,715,Terneuzen,Zeeland,29,Ziekenhuisopname,0,25
2020-07-15,715,Terneuzen,Zeeland,29,Overleden,0,4
2020-07-15,716,Tholen,Zeeland,29,Totaal,0,169
2020-07-15,716,Tholen,Zeeland,29,Ziekenhuisopname,0,40
2020-07-15,716,Tholen,Zeeland,29,Overleden,0,16
2020-07-15,717,Veere,Zeeland,29,Totaal,0,27
2020-07-15,717,Veere,Zeeland,29,Ziekenhuisopname,0,6
2020-07-15,717,Veere,Zeeland,29,Overleden,0,2
2020-07-15,718,Vlissingen,Zeeland,29,Totaal,0,51
2020-07-15,718,Vlissingen,Zeeland,29,Ziekenhuisopname,0,9
2020-07-15,718,Vlissingen,Zeeland,29,Overleden,0,5
2020-07-15,736,De Ronde Venen,Utrecht,26,Totaal,0,104
2020-07-15,736,De Ronde Venen,Utrecht,26,Ziekenhuisopname,0,39
2020-07-15,736,De Ronde Venen,Utrecht,26,Overleden,0,13
2020-07-15,737,Tytsjerksteradiel,Friesland,21,Totaal,0,16
2020-07-15,737,Tytsjerksteradiel,Friesland,21,Ziekenhuisopname,0,4
2020-07-15,737,Tytsjerksteradiel,Friesland,21,Overleden,0,1
2020-07-15,743,Asten,Noord-Brabant,30,Totaal,0,77
2020-07-15,743,Asten,Noord-Brabant,30,Ziekenhuisopname,0,18
2020-07-15,743,Asten,Noord-Brabant,30,Overleden,0,12
2020-07-15,744,Baarle-Nassau,Noord-Brabant,30,Totaal,0,25
2020-07-15,744,Baarle-Nassau,Noord-Brabant,30,Ziekenhuisopname,0,9
2020-07-15,744,Baarle-Nassau,Noord-Brabant,30,Overleden,0,2
2020-07-15,748,Bergen op Zoom,Noord-Brabant,30,Totaal,1,177
2020-07-15,748,Bergen op Zoom,Noord-Brabant,30,Ziekenhuisopname,0,24
2020-07-15,748,Bergen op Zoom,Noord-Brabant,30,Overleden,0,13
2020-07-15,753,Best,Noord-Brabant,30,Totaal,0,82
2020-07-15,753,Best,Noord-Brabant,30,Ziekenhuisopname,0,31
2020-07-15,753,Best,Noord-Brabant,30,Overleden,0,10
2020-07-15,755,Boekel,Noord-Brabant,30,Totaal,0,89
2020-07-15,755,Boekel,Noord-Brabant,30,Ziekenhuisopname,0,34
2020-07-15,755,Boekel,Noord-Brabant,30,Overleden,0,20
2020-07-15,756,Boxmeer,Noord-Brabant,30,Totaal,0,127
2020-07-15,756,Boxmeer,Noord-Brabant,30,Ziekenhuisopname,0,20
2020-07-15,756,Boxmeer,Noord-Brabant,30,Overleden,0,27
2020-07-15,757,Boxtel,Noord-Brabant,30,Totaal,0,134
2020-07-15,757,Boxtel,Noord-Brabant,30,Ziekenhuisopname,0,24
2020-07-15,757,Boxtel,Noord-Brabant,30,Overleden,0,26
2020-07-15,758,Breda,Noord-Brabant,30,Totaal,0,522
2020-07-15,758,Breda,Noord-Brabant,30,Ziekenhuisopname,0,146
2020-07-15,758,Breda,Noord-Brabant,30,Overleden,0,63
2020-07-15,762,Deurne,Noord-Brabant,30,Totaal,0,192
2020-07-15,762,Deurne,Noord-Brabant,30,Ziekenhuisopname,0,55
2020-07-15,762,Deurne,Noord-Brabant,30,Overleden,0,24
2020-07-15,765,Pekela,Groningen,20,Totaal,0,5
2020-07-15,765,Pekela,Groningen,20,Ziekenhuisopname,0,4
2020-07-15,765,Pekela,Groningen,20,Overleden,0,0
2020-07-15,766,Dongen,Noord-Brabant,30,Totaal,1,84
2020-07-15,766,Dongen,Noord-Brabant,30,Ziekenhuisopname,0,20
2020-07-15,766,Dongen,Noord-Brabant,30,Overleden,0,13
2020-07-15,770,Eersel,Noord-Brabant,30,Totaal,0,69
2020-07-15,770,Eersel,Noord-Brabant,30,Ziekenhuisopname,0,27
2020-07-15,770,Eersel,Noord-Brabant,30,Overleden,0,10
2020-07-15,772,Eindhoven,Noord-Brabant,30,Totaal,0,549
2020-07-15,772,Eindhoven,Noord-Brabant,30,Ziekenhuisopname,0,182
2020-07-15,772,Eindhoven,Noord-Brabant,30,Overleden,0,85
2020-07-15,777,Etten-Leur,Noord-Brabant,30,Totaal,0,206
2020-07-15,777,Etten-Leur,Noord-Brabant,30,Ziekenhuisopname,0,40
2020-07-15,777,Etten-Leur,Noord-Brabant,30,Overleden,0,30
2020-07-15,779,Geertruidenberg,Noord-Brabant,30,Totaal,0,43
2020-07-15,779,Geertruidenberg,Noord-Brabant,30,Ziekenhuisopname,0,11
2020-07-15,779,Geertruidenberg,Noord-Brabant,30,Overleden,0,6
2020-07-15,784,Gilze en Rijen,Noord-Brabant,30,Totaal,0,85
2020-07-15,784,Gilze en Rijen,Noord-Brabant,30,Ziekenhuisopname,0,20
2020-07-15,784,Gilze en Rijen,Noord-Brabant,30,Overleden,0,15
2020-07-15,785,Goirle,Noord-Brabant,30,Totaal,0,83
2020-07-15,785,Goirle,Noord-Brabant,30,Ziekenhuisopname,0,32
2020-07-15,785,Goirle,Noord-Brabant,30,Overleden,0,17
2020-07-15,786,Grave,Noord-Brabant,30,Totaal,0,71
2020-07-15,786,Grave,Noord-Brabant,30,Ziekenhuisopname,0,21
2020-07-15,786,Grave,Noord-Brabant,30,Overleden,0,11
2020-07-15,788,Haaren,Noord-Brabant,30,Totaal,0,57
2020-07-15,788,Haaren,Noord-Brabant,30,Ziekenhuisopname,0,18
2020-07-15,788,Haaren,Noord-Brabant,30,Overleden,0,8
2020-07-15,794,Helmond,Noord-Brabant,30,Totaal,0,425
2020-07-15,794,Helmond,Noord-Brabant,30,Ziekenhuisopname,0,115
2020-07-15,794,Helmond,Noord-Brabant,30,Overleden,0,43
2020-07-15,796,'s-Hertogenbosch,Noord-Brabant,30,Totaal,0,523
2020-07-15,796,'s-Hertogenbosch,Noord-Brabant,30,Ziekenhuisopname,0,126
2020-07-15,796,'s-Hertogenbosch,Noord-Brabant,30,Overleden,0,78
2020-07-15,797,Heusden,Noord-Brabant,30,Totaal,1,143
2020-07-15,797,Heusden,Noord-Brabant,30,Ziekenhuisopname,0,44
2020-07-15,797,Heusden,Noord-Brabant,30,Overleden,0,22
2020-07-15,798,Hilvarenbeek,Noord-Brabant,30,Totaal,0,51
2020-07-15,798,Hilvarenbeek,Noord-Brabant,30,Ziekenhuisopname,0,9
2020-07-15,798,Hilvarenbeek,Noord-Brabant,30,Overleden,0,6
2020-07-15,809,Loon op Zand,Noord-Brabant,30,Totaal,0,61
2020-07-15,809,Loon op Zand,Noord-Brabant,30,Ziekenhuisopname,0,24
2020-07-15,809,Loon op Zand,Noord-Brabant,30,Overleden,0,7
2020-07-15,815,Mill en Sint Hubert,Noord-Brabant,30,Totaal,0,41
2020-07-15,815,Mill en Sint Hubert,Noord-Brabant,30,Ziekenhuisopname,0,9
2020-07-15,815,Mill en Sint Hubert,Noord-Brabant,30,Overleden,0,5
2020-07-15,820,"Nuenen, Gerwen en Nederwetten",Noord-Brabant,30,Totaal,0,55
2020-07-15,820,"Nuenen, Gerwen en Nederwetten",Noord-Brabant,30,Ziekenhuisopname,0,18
2020-07-15,820,"Nuenen, Gerwen en Nederwetten",Noord-Brabant,30,Overleden,0,9
2020-07-15,823,Oirschot,Noord-Brabant,30,Totaal,0,67
2020-07-15,823,Oirschot,Noord-Brabant,30,Ziekenhuisopname,0,13
2020-07-15,823,Oirschot,Noord-Brabant,30,Overleden,0,9
2020-07-15,824,Oisterwijk,Noord-Brabant,30,Totaal,0,76
2020-07-15,824,Oisterwijk,Noord-Brabant,30,Ziekenhuisopname,0,23
2020-07-15,824,Oisterwijk,Noord-Brabant,30,Overleden,0,11
2020-07-15,826,Oosterhout,Noord-Brabant,30,Totaal,0,136
2020-07-15,826,Oosterhout,Noord-Brabant,30,Ziekenhuisopname,0,48
2020-07-15,826,Oosterhout,Noord-Brabant,30,Overleden,0,17
2020-07-15,828,Oss,Noord-Brabant,30,Totaal,0,493
2020-07-15,828,Oss,Noord-Brabant,30,Ziekenhuisopname,0,164
2020-07-15,828,Oss,Noord-Brabant,30,Overleden,0,87
2020-07-15,840,Rucphen,Noord-Brabant,30,Totaal,0,70
2020-07-15,840,Rucphen,Noord-Brabant,30,Ziekenhuisopname,0,10
2020-07-15,840,Rucphen,Noord-Brabant,30,Overleden,0,10
2020-07-15,845,Sint-Michielsgestel,Noord-Brabant,30,Totaal,0,120
2020-07-15,845,Sint-Michielsgestel,Noord-Brabant,30,Ziekenhuisopname,0,36
2020-07-15,845,Sint-Michielsgestel,Noord-Brabant,30,Overleden,0,19
2020-07-15,847,Someren,Noord-Brabant,30,Totaal,0,106
2020-07-15,847,Someren,Noord-Brabant,30,Ziekenhuisopname,0,33
2020-07-15,847,Someren,Noord-Brabant,30,Overleden,0,8
2020-07-15,848,Son en Breugel,Noord-Brabant,30,Totaal,0,74
2020-07-15,848,Son en Breugel,Noord-Brabant,30,Ziekenhuisopname,0,31
2020-07-15,848,Son en Breugel,Noord-Brabant,30,Overleden,0,14
2020-07-15,851,Steenbergen,Noord-Brabant,30,Totaal,0,86
2020-07-15,851,Steenbergen,Noord-Brabant,30,Ziekenhuisopname,0,13
2020-07-15,851,Steenbergen,Noord-Brabant,30,Overleden,0,13
2020-07-15,852,Waterland,Noord-Holland,27,Totaal,0,33
2020-07-15,852,Waterland,Noord-Holland,27,Ziekenhuisopname,0,16
2020-07-15,852,Waterland,Noord-Holland,27,Overleden,0,4
2020-07-15,855,Tilburg,Noord-Brabant,30,Totaal,2,835
2020-07-15,855,Tilburg,Noord-Brabant,30,Ziekenhuisopname,0,250
2020-07-15,855,Tilburg,Noord-Brabant,30,Overleden,0,162
2020-07-15,856,Uden,Noord-Brabant,30,Totaal,0,263
2020-07-15,856,Uden,Noord-Brabant,30,Ziekenhuisopname,0,115
2020-07-15,856,Uden,Noord-Brabant,30,Overleden,0,63
2020-07-15,858,Valkenswaard,Noord-Brabant,30,Totaal,0,180
2020-07-15,858,Valkenswaard,Noord-Brabant,30,Ziekenhuisopname,0,19
2020-07-15,858,Valkenswaard,Noord-Brabant,30,Overleden,0,37
2020-07-15,861,Veldhoven,Noord-Brabant,30,Totaal,0,130
2020-07-15,861,Veldhoven,Noord-Brabant,30,Ziekenhuisopname,0,31
2020-07-15,861,Veldhoven,Noord-Brabant,30,Overleden,0,16
2020-07-15,865,Vught,Noord-Brabant,30,Totaal,0,106
2020-07-15,865,Vught,Noord-Brabant,30,Ziekenhuisopname,0,42
2020-07-15,865,Vught,Noord-Brabant,30,Overleden,0,17
2020-07-15,866,Waalre,Noord-Brabant,30,Totaal,0,30
2020-07-15,866,Waalre,Noord-Brabant,30,Ziekenhuisopname,0,7
2020-07-15,866,Waalre,Noord-Brabant,30,Overleden,0,5
2020-07-15,867,Waalwijk,Noord-Brabant,30,Totaal,0,186
2020-07-15,867,Waalwijk,Noord-Brabant,30,Ziekenhuisopname,0,36
2020-07-15,867,Waalwijk,Noord-Brabant,30,Overleden,0,36
2020-07-15,873,Woensdrecht,Noord-Brabant,30,Totaal,0,71
2020-07-15,873,Woensdrecht,Noord-Brabant,30,Ziekenhuisopname,0,5
2020-07-15,873,Woensdrecht,Noord-Brabant,30,Overleden,0,7
2020-07-15,879,Zundert,Noord-Brabant,30,Totaal,0,104
2020-07-15,879,Zundert,Noord-Brabant,30,Ziekenhuisopname,0,24
2020-07-15,879,Zundert,Noord-Brabant,30,Overleden,0,11
2020-07-15,880,Wormerland,Noord-Holland,27,Totaal,0,48
2020-07-15,880,Wormerland,Noord-Holland,27,Ziekenhuisopname,0,20
2020-07-15,880,Wormerland,Noord-Holland,27,Overleden,0,6
2020-07-15,882,Landgraaf,Limburg,31,Totaal,0,144
2020-07-15,882,Landgraaf,Limburg,31,Ziekenhuisopname,0,52
2020-07-15,882,Landgraaf,Limburg,31,Overleden,0,13
2020-07-15,888,Beek,Limburg,31,Totaal,0,44
2020-07-15,888,Beek,Limburg,31,Ziekenhuisopname,0,16
2020-07-15,888,Beek,Limburg,31,Overleden,0,6
2020-07-15,889,Beesel,Limburg,31,Totaal,0,44
2020-07-15,889,Beesel,Limburg,31,Ziekenhuisopname,0,20
2020-07-15,889,Beesel,Limburg,31,Overleden,0,8
2020-07-15,893,Bergen (L.),Limburg,31,Totaal,0,25
2020-07-15,893,Bergen (L.),Limburg,31,Ziekenhuisopname,0,7
2020-07-15,893,Bergen (L.),Limburg,31,Overleden,0,2
2020-07-15,899,Brunssum,Limburg,31,Totaal,0,110
2020-07-15,899,Brunssum,Limburg,31,Ziekenhuisopname,0,44
2020-07-15,899,Brunssum,Limburg,31,Overleden,0,19
2020-07-15,907,Gennep,Limburg,31,Totaal,0,58
2020-07-15,907,Gennep,Limburg,31,Ziekenhuisopname,0,16
2020-07-15,907,Gennep,Limburg,31,Overleden,0,10
2020-07-15,917,Heerlen,Limburg,31,Totaal,0,387
2020-07-15,917,Heerlen,Limburg,31,Ziekenhuisopname,0,124
2020-07-15,917,Heerlen,Limburg,31,Overleden,0,54
2020-07-15,928,Kerkrade,Limburg,31,Totaal,0,208
2020-07-15,928,Kerkrade,Limburg,31,Ziekenhuisopname,0,64
2020-07-15,928,Kerkrade,Limburg,31,Overleden,0,35
2020-07-15,935,Maastricht,Limburg,31,Totaal,1,916
2020-07-15,935,Maastricht,Limburg,31,Ziekenhuisopname,0,186
2020-07-15,935,Maastricht,Limburg,31,Overleden,0,139
2020-07-15,938,Meerssen,Limburg,31,Totaal,0,117
2020-07-15,938,Meerssen,Limburg,31,Ziekenhuisopname,0,22
2020-07-15,938,Meerssen,Limburg,31,Overleden,0,13
2020-07-15,944,Mook en Middelaar,Limburg,31,Totaal,0,40
2020-07-15,944,Mook en Middelaar,Limburg,31,Ziekenhuisopname,0,6
2020-07-15,944,Mook en Middelaar,Limburg,31,Overleden,0,5
2020-07-15,946,Nederweert,Limburg,31,Totaal,0,53
2020-07-15,946,Nederweert,Limburg,31,Ziekenhuisopname,0,31
2020-07-15,946,Nederweert,Limburg,31,Overleden,0,7
2020-07-15,957,Roermond,Limburg,31,Totaal,0,138
2020-07-15,957,Roermond,Limburg,31,Ziekenhuisopname,0,59
2020-07-15,957,Roermond,Limburg,31,Overleden,0,23
2020-07-15,965,Simpelveld,Limburg,31,Totaal,0,47
2020-07-15,965,Simpelveld,Limburg,31,Ziekenhuisopname,0,19
2020-07-15,965,Simpelveld,Limburg,31,Overleden,0,5
2020-07-15,971,Stein,Limburg,31,Totaal,0,121
2020-07-15,971,Stein,Limburg,31,Ziekenhuisopname,0,43
2020-07-15,971,Stein,Limburg,31,Overleden,0,15
2020-07-15,981,Vaals,Limburg,31,Totaal,0,30
2020-07-15,981,Vaals,Limburg,31,Ziekenhuisopname,0,10
2020-07-15,981,Vaals,Limburg,31,Overleden,0,2
2020-07-15,983,Venlo,Limburg,31,Totaal,0,309
2020-07-15,983,Venlo,Limburg,31,Ziekenhuisopname,0,129
2020-07-15,983,Venlo,Limburg,31,Overleden,0,63
2020-07-15,984,Venray,Limburg,31,Totaal,0,126
2020-07-15,984,Venray,Limburg,31,Ziekenhuisopname,0,37
2020-07-15,984,Venray,Limburg,31,Overleden,0,17
2020-07-15,986,Voerendaal,Limburg,31,Totaal,0,47
2020-07-15,986,Voerendaal,Limburg,31,Ziekenhuisopname,0,17
2020-07-15,986,Voerendaal,Limburg,31,Overleden,0,8
2020-07-15,988,Weert,Limburg,31,Totaal,0,142
2020-07-15,988,Weert,Limburg,31,Ziekenhuisopname,0,67
2020-07-15,988,Weert,Limburg,31,Overleden,0,14
2020-07-15,994,Valkenburg aan de Geul,Limburg,31,Totaal,0,87
2020-07-15,994,Valkenburg aan de Geul,Limburg,31,Ziekenhuisopname,0,19
2020-07-15,994,Valkenburg aan de Geul,Limburg,31,Overleden,0,7
2020-07-15,995,Lelystad,Flevoland,24,Totaal,0,191
2020-07-15,995,Lelystad,Flevoland,24,Ziekenhuisopname,0,63
2020-07-15,995,Lelystad,Flevoland,24,Overleden,0,29
2020-07-15,1507,Horst aan de Maas,Limburg,31,Totaal,0,136
2020-07-15,1507,Horst aan de Maas,Limburg,31,Ziekenhuisopname,0,41
2020-07-15,1507,Horst aan de Maas,Limburg,31,Overleden,0,24
2020-07-15,1509,Oude IJsselstreek,Gelderland,25,Totaal,0,78
2020-07-15,1509,Oude IJsselstreek,Gelderland,25,Ziekenhuisopname,0,21
2020-07-15,1509,Oude IJsselstreek,Gelderland,25,Overleden,0,9
2020-07-15,1525,Teylingen,Zuid-Holland,28,Totaal,0,65
2020-07-15,1525,Teylingen,Zuid-Holland,28,Ziekenhuisopname,0,14
2020-07-15,1525,Teylingen,Zuid-Holland,28,Overleden,0,2
2020-07-15,1581,Utrechtse Heuvelrug,Utrecht,26,Totaal,0,124
2020-07-15,1581,Utrechtse Heuvelrug,Utrecht,26,Ziekenhuisopname,0,28
2020-07-15,1581,Utrechtse Heuvelrug,Utrecht,26,Overleden,0,14
2020-07-15,1586,Oost Gelre,Gelderland,25,Totaal,0,78
2020-07-15,1586,Oost Gelre,Gelderland,25,Ziekenhuisopname,0,18
2020-07-15,1586,Oost Gelre,Gelderland,25,Overleden,0,6
2020-07-15,1598,Koggenland,Noord-Holland,27,Totaal,0,36
2020-07-15,1598,Koggenland,Noord-Holland,27,Ziekenhuisopname,0,6
2020-07-15,1598,Koggenland,Noord-Holland,27,Overleden,0,6
2020-07-15,1621,Lansingerland,Zuid-Holland,28,Totaal,0,192
2020-07-15,1621,Lansingerland,Zuid-Holland,28,Ziekenhuisopname,0,43
2020-07-15,1621,Lansingerland,Zuid-Holland,28,Overleden,0,25
2020-07-15,1640,Leudal,Limburg,31,Totaal,1,191
2020-07-15,1640,Leudal,Limburg,31,Ziekenhuisopname,1,53
2020-07-15,1640,Leudal,Limburg,31,Overleden,0,32
2020-07-15,1641,Maasgouw,Limburg,31,Totaal,0,107
2020-07-15,1641,Maasgouw,Limburg,31,Ziekenhuisopname,0,27
2020-07-15,1641,Maasgouw,Limburg,31,Overleden,0,14
2020-07-15,1652,Gemert-Bakel,Noord-Brabant,30,Totaal,0,215
2020-07-15,1652,Gemert-Bakel,Noord-Brabant,30,Ziekenhuisopname,0,79
2020-07-15,1652,Gemert-Bakel,Noord-Brabant,30,Overleden,0,32
2020-07-15,1655,Halderberge,Noord-Brabant,30,Totaal,0,60
2020-07-15,1655,Halderberge,Noord-Brabant,30,Ziekenhuisopname,0,14
2020-07-15,1655,Halderberge,Noord-Brabant,30,Overleden,0,7
2020-07-15,1658,Heeze-Leende,Noord-Brabant,30,Totaal,0,70
2020-07-15,1658,Heeze-Leende,Noord-Brabant,30,Ziekenhuisopname,0,16
2020-07-15,1658,Heeze-Leende,Noord-Brabant,30,Overleden,0,8
2020-07-15,1659,Laarbeek,Noord-Brabant,30,Totaal,0,125
2020-07-15,1659,Laarbeek,Noord-Brabant,30,Ziekenhuisopname,0,41
2020-07-15,1659,Laarbeek,Noord-Brabant,30,Overleden,0,26
2020-07-15,1667,Reusel-De Mierden,Noord-Brabant,30,Totaal,0,24
2020-07-15,1667,Reusel-De Mierden,Noord-Brabant,30,Ziekenhuisopname,0,11
2020-07-15,1667,Reusel-De Mierden,Noord-Brabant,30,Overleden,0,2
2020-07-15,1669,Roerdalen,Limburg,31,Totaal,0,49
2020-07-15,1669,Roerdalen,Limburg,31,Ziekenhuisopname,0,27
2020-07-15,1669,Roerdalen,Limburg,31,Overleden,0,8
2020-07-15,1674,Roosendaal,Noord-Brabant,30,Totaal,0,226
2020-07-15,1674,Roosendaal,Noord-Brabant,30,Ziekenhuisopname,0,28
2020-07-15,1674,Roosendaal,Noord-Brabant,30,Overleden,0,21
2020-07-15,1676,Schouwen-Duiveland,Zeeland,29,Totaal,0,94
2020-07-15,1676,Schouwen-Duiveland,Zeeland,29,Ziekenhuisopname,0,11
2020-07-15,1676,Schouwen-Duiveland,Zeeland,29,Overleden,0,9
2020-07-15,1680,Aa en Hunze,Drenthe,22,Totaal,0,14
2020-07-15,1680,Aa en Hunze,Drenthe,22,Ziekenhuisopname,0,1
2020-07-15,1680,Aa en Hunze,Drenthe,22,Overleden,0,0
2020-07-15,1681,Borger-Odoorn,Drenthe,22,Totaal,0,10
2020-07-15,1681,Borger-Odoorn,Drenthe,22,Ziekenhuisopname,0,4
2020-07-15,1681,Borger-Odoorn,Drenthe,22,Overleden,0,3
2020-07-15,1684,Cuijk,Noord-Brabant,30,Totaal,0,79
2020-07-15,1684,Cuijk,Noord-Brabant,30,Ziekenhuisopname,0,12
2020-07-15,1684,Cuijk,Noord-Brabant,30,Overleden,0,10
2020-07-15,1685,Landerd,Noord-Brabant,30,Totaal,0,146
2020-07-15,1685,Landerd,Noord-Brabant,30,Ziekenhuisopname,0,39
2020-07-15,1685,Landerd,Noord-Brabant,30,Overleden,0,21
2020-07-15,1690,De Wolden,Drenthe,22,Totaal,0,48
2020-07-15,1690,De Wolden,Drenthe,22,Ziekenhuisopname,0,11
2020-07-15,1690,De Wolden,Drenthe,22,Overleden,0,5
2020-07-15,1695,Noord-Beveland,Zeeland,29,Totaal,0,11
2020-07-15,1695,Noord-Beveland,Zeeland,29,Ziekenhuisopname,0,1
2020-07-15,1695,Noord-Beveland,Zeeland,29,Overleden,0,0
2020-07-15,1696,Wijdemeren,Noord-Holland,27,Totaal,1,34
2020-07-15,1696,Wijdemeren,Noord-Holland,27,Ziekenhuisopname,0,8
2020-07-15,1696,Wijdemeren,Noord-Holland,27,Overleden,0,0
2020-07-15,1699,Noordenveld,Drenthe,22,Totaal,0,21
2020-07-15,1699,Noordenveld,Drenthe,22,Ziekenhuisopname,0,4
2020-07-15,1699,Noordenveld,Drenthe,22,Overleden,0,1
2020-07-15,1700,Twenterand,Overijssel,23,Totaal,0,61
2020-07-15,1700,Twenterand,Overijssel,23,Ziekenhuisopname,0,12
2020-07-15,1700,Twenterand,Overijssel,23,Overleden,0,2
2020-07-15,1701,Westerveld,Drenthe,22,Totaal,1,34
2020-07-15,1701,Westerveld,Drenthe,22,Ziekenhuisopname,0,9
2020-07-15,1701,Westerveld,Drenthe,22,Overleden,0,4
2020-07-15,1702,Sint Anthonis,Noord-Brabant,30,Totaal,0,70
2020-07-15,1702,Sint Anthonis,Noord-Brabant,30,Ziekenhuisopname,0,20
2020-07-15,1702,Sint Anthonis,Noord-Brabant,30,Overleden,0,11
2020-07-15,1705,Lingewaard,Gelderland,25,Totaal,0,130
2020-07-15,1705,Lingewaard,Gelderland,25,Ziekenhuisopname,0,31
2020-07-15,1705,Lingewaard,Gelderland,25,Overleden,0,10
2020-07-15,1706,Cranendonck,Noord-Brabant,30,Totaal,0,173
2020-07-15,1706,Cranendonck,Noord-Brabant,30,Ziekenhuisopname,0,63
2020-07-15,1706,Cranendonck,Noord-Brabant,30,Overleden,0,36
2020-07-15,1708,Steenwijkerland,Overijssel,23,Totaal,0,92
2020-07-15,1708,Steenwijkerland,Overijssel,23,Ziekenhuisopname,0,14
2020-07-15,1708,Steenwijkerland,Overijssel,23,Overleden,0,5
2020-07-15,1709,Moerdijk,Noord-Brabant,30,Totaal,0,83
2020-07-15,1709,Moerdijk,Noord-Brabant,30,Ziekenhuisopname,0,14
2020-07-15,1709,Moerdijk,Noord-Brabant,30,Overleden,0,8
2020-07-15,1711,Echt-Susteren,Limburg,31,Totaal,0,93
2020-07-15,1711,Echt-Susteren,Limburg,31,Ziekenhuisopname,0,39
2020-07-15,1711,Echt-Susteren,Limburg,31,Overleden,0,16
2020-07-15,1714,Sluis,Zeeland,29,Totaal,0,17
2020-07-15,1714,Sluis,Zeeland,29,Ziekenhuisopname,0,8
2020-07-15,1714,Sluis,Zeeland,29,Overleden,0,4
2020-07-15,1719,Drimmelen,Noord-Brabant,30,Totaal,0,69
2020-07-15,1719,Drimmelen,Noord-Brabant,30,Ziekenhuisopname,0,18
2020-07-15,1719,Drimmelen,Noord-Brabant,30,Overleden,0,8
2020-07-15,1721,Bernheze,Noord-Brabant,30,Totaal,0,282
2020-07-15,1721,Bernheze,Noord-Brabant,30,Ziekenhuisopname,0,95
2020-07-15,1721,Bernheze,Noord-Brabant,30,Overleden,0,65
2020-07-15,1723,Alphen-Chaam,Noord-Brabant,30,Totaal,0,48
2020-07-15,1723,Alphen-Chaam,Noord-Brabant,30,Ziekenhuisopname,0,18
2020-07-15,1723,Alphen-Chaam,Noord-Brabant,30,Overleden,0,5
2020-07-15,1724,Bergeijk,Noord-Brabant,30,Totaal,0,58
2020-07-15,1724,Bergeijk,Noord-Brabant,30,Ziekenhuisopname,0,19
2020-07-15,1724,Bergeijk,Noord-Brabant,30,Overleden,0,5
2020-07-15,1728,Bladel,Noord-Brabant,30,Totaal,0,78
2020-07-15,1728,Bladel,Noord-Brabant,30,Ziekenhuisopname,0,21
2020-07-15,1728,Bladel,Noord-Brabant,30,Overleden,0,8
2020-07-15,1729,Gulpen-Wittem,Limburg,31,Totaal,0,79
2020-07-15,1729,Gulpen-Wittem,Limburg,31,Ziekenhuisopname,0,21
2020-07-15,1729,Gulpen-Wittem,Limburg,31,Overleden,0,14
2020-07-15,1730,Tynaarlo,Drenthe,22,Totaal,0,40
2020-07-15,1730,Tynaarlo,Drenthe,22,Ziekenhuisopname,0,9
2020-07-15,1730,Tynaarlo,Drenthe,22,Overleden,0,0
2020-07-15,1731,Midden-Drenthe,Drenthe,22,Totaal,0,22
2020-07-15,1731,Midden-Drenthe,Drenthe,22,Ziekenhuisopname,0,6
2020-07-15,1731,Midden-Drenthe,Drenthe,22,Overleden,0,0
2020-07-15,1734,Overbetuwe,Gelderland,25,Totaal,0,138
2020-07-15,1734,Overbetuwe,Gelderland,25,Ziekenhuisopname,0,57
2020-07-15,1734,Overbetuwe,Gelderland,25,Overleden,0,16
2020-07-15,1735,Hof van Twente,Overijssel,23,Totaal,0,63
2020-07-15,1735,Hof van Twente,Overijssel,23,Ziekenhuisopname,0,15
2020-07-15,1735,Hof van Twente,Overijssel,23,Overleden,0,5
2020-07-15,1740,Neder-Betuwe,Gelderland,25,Totaal,0,145
2020-07-15,1740,Neder-Betuwe,Gelderland,25,Ziekenhuisopname,0,37
2020-07-15,1740,Neder-Betuwe,Gelderland,25,Overleden,0,21
2020-07-15,1742,Rijssen-Holten,Overijssel,23,Totaal,0,202
2020-07-15,1742,Rijssen-Holten,Overijssel,23,Ziekenhuisopname,0,29
2020-07-15,1742,Rijssen-Holten,Overijssel,23,Overleden,0,23
2020-07-15,1771,Geldrop-Mierlo,Noord-Brabant,30,Totaal,0,110
2020-07-15,1771,Geldrop-Mierlo,Noord-Brabant,30,Ziekenhuisopname,0,33
2020-07-15,1771,Geldrop-Mierlo,Noord-Brabant,30,Overleden,0,16
2020-07-15,1773,Olst-Wijhe,Overijssel,23,Totaal,0,51
2020-07-15,1773,Olst-Wijhe,Overijssel,23,Ziekenhuisopname,0,12
2020-07-15,1773,Olst-Wijhe,Overijssel,23,Overleden,0,8
2020-07-15,1774,Dinkelland,Overijssel,23,Totaal,0,73
2020-07-15,1774,Dinkelland,Overijssel,23,Ziekenhuisopname,0,20
2020-07-15,1774,Dinkelland,Overijssel,23,Overleden,0,10
2020-07-15,1783,Westland,Zuid-Holland,28,Totaal,1,286
2020-07-15,1783,Westland,Zuid-Holland,28,Ziekenhuisopname,0,57
2020-07-15,1783,Westland,Zuid-Holland,28,Overleden,0,30
2020-07-15,1842,Midden-Delfland,Zuid-Holland,28,Totaal,0,29
2020-07-15,1842,Midden-Delfland,Zuid-Holland,28,Ziekenhuisopname,0,4
2020-07-15,1842,Midden-Delfland,Zuid-Holland,28,Overleden,0,0
2020-07-15,1859,Berkelland,Gelderland,25,Totaal,0,97
2020-07-15,1859,Berkelland,Gelderland,25,Ziekenhuisopname,0,13
2020-07-15,1859,Berkelland,Gelderland,25,Overleden,0,7
2020-07-15,1876,Bronckhorst,Gelderland,25,Totaal,0,74
2020-07-15,1876,Bronckhorst,Gelderland,25,Ziekenhuisopname,0,17
2020-07-15,1876,Bronckhorst,Gelderland,25,Overleden,0,7
2020-07-15,1883,Sittard-Geleen,Limburg,31,Totaal,0,412
2020-07-15,1883,Sittard-Geleen,Limburg,31,Ziekenhuisopname,0,115
2020-07-15,1883,Sittard-Geleen,Limburg,31,Overleden,0,63
2020-07-15,1884,Kaag en Braassem,Zuid-Holland,28,Totaal,1,32
2020-07-15,1884,Kaag en Braassem,Zuid-Holland,28,Ziekenhuisopname,1,7
2020-07-15,1884,Kaag en Braassem,Zuid-Holland,28,Overleden,0,2
2020-07-15,1891,Dantumadiel,Friesland,21,Totaal,0,5
2020-07-15,1891,Dantumadiel,Friesland,21,Ziekenhuisopname,0,2
2020-07-15,1891,Dantumadiel,Friesland,21,Overleden,0,0
2020-07-15,1892,Zuidplas,Zuid-Holland,28,Totaal,0,154
2020-07-15,1892,Zuidplas,Zuid-Holland,28,Ziekenhuisopname,0,24
2020-07-15,1892,Zuidplas,Zuid-Holland,28,Overleden,0,21
2020-07-15,1894,Peel en Maas,Limburg,31,Totaal,0,277
2020-07-15,1894,Peel en Maas,Limburg,31,Ziekenhuisopname,0,144
2020-07-15,1894,Peel en Maas,Limburg,31,Overleden,0,64
2020-07-15,1895,Oldambt,Groningen,20,Totaal,0,13
2020-07-15,1895,Oldambt,Groningen,20,Ziekenhuisopname,0,7
2020-07-15,1895,Oldambt,Groningen,20,Overleden,0,2
2020-07-15,1896,Zwartewaterland,Overijssel,23,Totaal,0,146
2020-07-15,1896,Zwartewaterland,Overijssel,23,Ziekenhuisopname,0,35
2020-07-15,1896,Zwartewaterland,Overijssel,23,Overleden,0,19
2020-07-15,1900,Sdwest-Frysln,Friesland,21,Totaal,0,106
2020-07-15,1900,Sdwest-Frysln,Friesland,21,Ziekenhuisopname,0,18
2020-07-15,1900,Sdwest-Frysln,Friesland,21,Overleden,0,6
2020-07-15,1901,Bodegraven-Reeuwijk,Zuid-Holland,28,Totaal,0,65
2020-07-15,1901,Bodegraven-Reeuwijk,Zuid-Holland,28,Ziekenhuisopname,0,7
2020-07-15,1901,Bodegraven-Reeuwijk,Zuid-Holland,28,Overleden,0,1
2020-07-15,1903,Eijsden-Margraten,Limburg,31,Totaal,3,175
2020-07-15,1903,Eijsden-Margraten,Limburg,31,Ziekenhuisopname,0,54
2020-07-15,1903,Eijsden-Margraten,Limburg,31,Overleden,0,27
2020-07-15,1904,Stichtse Vecht,Utrecht,26,Totaal,1,132
2020-07-15,1904,Stichtse Vecht,Utrecht,26,Ziekenhuisopname,0,34
2020-07-15,1904,Stichtse Vecht,Utrecht,26,Overleden,0,13
2020-07-15,1911,Hollands Kroon,Noord-Holland,27,Totaal,0,63
2020-07-15,1911,Hollands Kroon,Noord-Holland,27,Ziekenhuisopname,0,26
2020-07-15,1911,Hollands Kroon,Noord-Holland,27,Overleden,0,6
2020-07-15,1916,Leidschendam-Voorburg,Zuid-Holland,28,Totaal,0,152
2020-07-15,1916,Leidschendam-Voorburg,Zuid-Holland,28,Ziekenhuisopname,0,20
2020-07-15,1916,Leidschendam-Voorburg,Zuid-Holland,28,Overleden,0,15
2020-07-15,1924,Goeree-Overflakkee,Zuid-Holland,28,Totaal,0,263
2020-07-15,1924,Goeree-Overflakkee,Zuid-Holland,28,Ziekenhuisopname,0,54
2020-07-15,1924,Goeree-Overflakkee,Zuid-Holland,28,Overleden,0,34
2020-07-15,1926,Pijnacker-Nootdorp,Zuid-Holland,28,Totaal,0,137
2020-07-15,1926,Pijnacker-Nootdorp,Zuid-Holland,28,Ziekenhuisopname,0,24
2020-07-15,1926,Pijnacker-Nootdorp,Zuid-Holland,28,Overleden,0,16
2020-07-15,1930,Nissewaard,Zuid-Holland,28,Totaal,3,207
2020-07-15,1930,Nissewaard,Zuid-Holland,28,Ziekenhuisopname,0,55
2020-07-15,1930,Nissewaard,Zuid-Holland,28,Overleden,0,17
2020-07-15,1931,Krimpenerwaard,Zuid-Holland,28,Totaal,0,196
2020-07-15,1931,Krimpenerwaard,Zuid-Holland,28,Ziekenhuisopname,0,45
2020-07-15,1931,Krimpenerwaard,Zuid-Holland,28,Overleden,0,34
2020-07-15,1940,De Fryske Marren,Friesland,21,Totaal,0,71
2020-07-15,1940,De Fryske Marren,Friesland,21,Ziekenhuisopname,0,16
2020-07-15,1940,De Fryske Marren,Friesland,21,Overleden,0,6
2020-07-15,1942,Gooise Meren,Noord-Holland,27,Totaal,0,121
2020-07-15,1942,Gooise Meren,Noord-Holland,27,Ziekenhuisopname,0,23
2020-07-15,1942,Gooise Meren,Noord-Holland,27,Overleden,0,9
2020-07-15,1945,Berg en Dal,Gelderland,25,Totaal,0,181
2020-07-15,1945,Berg en Dal,Gelderland,25,Ziekenhuisopname,0,29
2020-07-15,1945,Berg en Dal,Gelderland,25,Overleden,0,16
2020-07-15,1948,Meierijstad,Noord-Brabant,30,Totaal,0,558
2020-07-15,1948,Meierijstad,Noord-Brabant,30,Ziekenhuisopname,0,211
2020-07-15,1948,Meierijstad,Noord-Brabant,30,Overleden,0,131
2020-07-15,1949,Waadhoeke,Friesland,21,Totaal,0,101
2020-07-15,1949,Waadhoeke,Friesland,21,Ziekenhuisopname,0,12
2020-07-15,1949,Waadhoeke,Friesland,21,Overleden,0,15
2020-07-15,1950,Westerwolde,Groningen,20,Totaal,0,6
2020-07-15,1950,Westerwolde,Groningen,20,Ziekenhuisopname,0,5
2020-07-15,1950,Westerwolde,Groningen,20,Overleden,0,0
2020-07-15,1952,Midden-Groningen,Groningen,20,Totaal,0,32
2020-07-15,1952,Midden-Groningen,Groningen,20,Ziekenhuisopname,0,6
2020-07-15,1952,Midden-Groningen,Groningen,20,Overleden,0,3
2020-07-15,1954,Beekdaelen,Limburg,31,Totaal,0,171
2020-07-15,1954,Beekdaelen,Limburg,31,Ziekenhuisopname,0,52
2020-07-15,1954,Beekdaelen,Limburg,31,Overleden,0,23
2020-07-15,1955,Montferland,Gelderland,25,Totaal,0,103
2020-07-15,1955,Montferland,Gelderland,25,Ziekenhuisopname,0,21
2020-07-15,1955,Montferland,Gelderland,25,Overleden,0,9
2020-07-15,1959,Altena,Noord-Brabant,30,Totaal,0,136
2020-07-15,1959,Altena,Noord-Brabant,30,Ziekenhuisopname,0,32
2020-07-15,1959,Altena,Noord-Brabant,30,Overleden,0,11
2020-07-15,1960,West Betuwe,Gelderland,25,Totaal,0,213
2020-07-15,1960,West Betuwe,Gelderland,25,Ziekenhuisopname,0,43
2020-07-15,1960,West Betuwe,Gelderland,25,Overleden,0,27
2020-07-15,1961,Vijfheerenlanden,Utrecht,26,Totaal,0,273
2020-07-15,1961,Vijfheerenlanden,Utrecht,26,Ziekenhuisopname,0,34
2020-07-15,1961,Vijfheerenlanden,Utrecht,26,Overleden,0,37
2020-07-15,1963,Hoeksche Waard,Zuid-Holland,28,Totaal,-3,308
2020-07-15,1963,Hoeksche Waard,Zuid-Holland,28,Ziekenhuisopname,-1,75
2020-07-15,1963,Hoeksche Waard,Zuid-Holland,28,Overleden,0,20
2020-07-15,1966,Het Hogeland,Groningen,20,Totaal,0,35
2020-07-15,1966,Het Hogeland,Groningen,20,Ziekenhuisopname,0,7
2020-07-15,1966,Het Hogeland,Groningen,20,Overleden,0,3
2020-07-15,1969,Westerkwartier,Groningen,20,Totaal,0,58
2020-07-15,1969,Westerkwartier,Groningen,20,Ziekenhuisopname,0,14
2020-07-15,1969,Westerkwartier,Groningen,20,Overleden,0,4
2020-07-15,1970,Noardeast-Frysln,Friesland,21,Totaal,0,29
2020-07-15,1970,Noardeast-Frysln,Friesland,21,Ziekenhuisopname,0,6
2020-07-15,1970,Noardeast-Frysln,Friesland,21,Overleden,0,4
2020-07-15,1978,Molenlanden,Zuid-Holland,28,Totaal,0,122
2020-07-15,1978,Molenlanden,Zuid-Holland,28,Ziekenhuisopname,0,18
2020-07-15,1978,Molenlanden,Zuid-Holland,28,Overleden,0,8
