Datum,Gemeentecode,Gemeentenaam,Provincienaam,Provinciecode,Type,Aantal,AantalCumulatief
2020-10-12,-1,,,-1,Totaal,44,1473
2020-10-12,-1,,,-1,Ziekenhuisopname,0,80
2020-10-12,-1,,,-1,Overleden,1,19
2020-10-12,3,Appingedam,Groningen,20,Totaal,2,30
2020-10-12,3,Appingedam,Groningen,20,Ziekenhuisopname,0,5
2020-10-12,3,Appingedam,Groningen,20,Overleden,0,0
2020-10-12,10,Delfzijl,Groningen,20,Totaal,3,84
2020-10-12,10,Delfzijl,Groningen,20,Ziekenhuisopname,0,6
2020-10-12,10,Delfzijl,Groningen,20,Overleden,0,0
2020-10-12,14,Groningen,Groningen,20,Totaal,116,2165
2020-10-12,14,Groningen,Groningen,20,Ziekenhuisopname,1,24
2020-10-12,14,Groningen,Groningen,20,Overleden,0,3
2020-10-12,24,Loppersum,Groningen,20,Totaal,1,22
2020-10-12,24,Loppersum,Groningen,20,Ziekenhuisopname,0,0
2020-10-12,24,Loppersum,Groningen,20,Overleden,0,0
2020-10-12,34,Almere,Flevoland,24,Totaal,67,1989
2020-10-12,34,Almere,Flevoland,24,Ziekenhuisopname,2,146
2020-10-12,34,Almere,Flevoland,24,Overleden,0,37
2020-10-12,37,Stadskanaal,Groningen,20,Totaal,5,101
2020-10-12,37,Stadskanaal,Groningen,20,Ziekenhuisopname,0,2
2020-10-12,37,Stadskanaal,Groningen,20,Overleden,0,2
2020-10-12,47,Veendam,Groningen,20,Totaal,7,92
2020-10-12,47,Veendam,Groningen,20,Ziekenhuisopname,0,2
2020-10-12,47,Veendam,Groningen,20,Overleden,0,1
2020-10-12,50,Zeewolde,Flevoland,24,Totaal,8,145
2020-10-12,50,Zeewolde,Flevoland,24,Ziekenhuisopname,0,12
2020-10-12,50,Zeewolde,Flevoland,24,Overleden,0,6
2020-10-12,59,Achtkarspelen,Friesland,21,Totaal,16,99
2020-10-12,59,Achtkarspelen,Friesland,21,Ziekenhuisopname,0,0
2020-10-12,59,Achtkarspelen,Friesland,21,Overleden,0,0
2020-10-12,60,Ameland,Friesland,21,Totaal,3,20
2020-10-12,60,Ameland,Friesland,21,Ziekenhuisopname,0,0
2020-10-12,60,Ameland,Friesland,21,Overleden,0,0
2020-10-12,72,Harlingen,Friesland,21,Totaal,7,50
2020-10-12,72,Harlingen,Friesland,21,Ziekenhuisopname,0,4
2020-10-12,72,Harlingen,Friesland,21,Overleden,0,1
2020-10-12,74,Heerenveen,Friesland,21,Totaal,18,246
2020-10-12,74,Heerenveen,Friesland,21,Ziekenhuisopname,1,15
2020-10-12,74,Heerenveen,Friesland,21,Overleden,0,22
2020-10-12,80,Leeuwarden,Friesland,21,Totaal,87,909
2020-10-12,80,Leeuwarden,Friesland,21,Ziekenhuisopname,0,42
2020-10-12,80,Leeuwarden,Friesland,21,Overleden,0,6
2020-10-12,85,Ooststellingwerf,Friesland,21,Totaal,10,59
2020-10-12,85,Ooststellingwerf,Friesland,21,Ziekenhuisopname,0,3
2020-10-12,85,Ooststellingwerf,Friesland,21,Overleden,0,1
2020-10-12,86,Opsterland,Friesland,21,Totaal,6,87
2020-10-12,86,Opsterland,Friesland,21,Ziekenhuisopname,0,8
2020-10-12,86,Opsterland,Friesland,21,Overleden,0,0
2020-10-12,88,Schiermonnikoog,Friesland,21,Totaal,0,0
2020-10-12,88,Schiermonnikoog,Friesland,21,Ziekenhuisopname,0,0
2020-10-12,88,Schiermonnikoog,Friesland,21,Overleden,0,0
2020-10-12,90,Smallingerland,Friesland,21,Totaal,24,184
2020-10-12,90,Smallingerland,Friesland,21,Ziekenhuisopname,0,9
2020-10-12,90,Smallingerland,Friesland,21,Overleden,0,6
2020-10-12,93,Terschelling,Friesland,21,Totaal,5,26
2020-10-12,93,Terschelling,Friesland,21,Ziekenhuisopname,0,0
2020-10-12,93,Terschelling,Friesland,21,Overleden,0,0
2020-10-12,96,Vlieland,Friesland,21,Totaal,1,10
2020-10-12,96,Vlieland,Friesland,21,Ziekenhuisopname,0,0
2020-10-12,96,Vlieland,Friesland,21,Overleden,0,0
2020-10-12,98,Weststellingwerf,Friesland,21,Totaal,11,96
2020-10-12,98,Weststellingwerf,Friesland,21,Ziekenhuisopname,0,3
2020-10-12,98,Weststellingwerf,Friesland,21,Overleden,0,4
2020-10-12,106,Assen,Drenthe,22,Totaal,24,260
2020-10-12,106,Assen,Drenthe,22,Ziekenhuisopname,0,12
2020-10-12,106,Assen,Drenthe,22,Overleden,0,2
2020-10-12,109,Coevorden,Drenthe,22,Totaal,18,169
2020-10-12,109,Coevorden,Drenthe,22,Ziekenhuisopname,0,14
2020-10-12,109,Coevorden,Drenthe,22,Overleden,0,2
2020-10-12,114,Emmen,Drenthe,22,Totaal,70,760
2020-10-12,114,Emmen,Drenthe,22,Ziekenhuisopname,0,35
2020-10-12,114,Emmen,Drenthe,22,Overleden,0,17
2020-10-12,118,Hoogeveen,Drenthe,22,Totaal,20,246
2020-10-12,118,Hoogeveen,Drenthe,22,Ziekenhuisopname,0,24
2020-10-12,118,Hoogeveen,Drenthe,22,Overleden,0,8
2020-10-12,119,Meppel,Drenthe,22,Totaal,3,146
2020-10-12,119,Meppel,Drenthe,22,Ziekenhuisopname,0,11
2020-10-12,119,Meppel,Drenthe,22,Overleden,0,5
2020-10-12,141,Almelo,Overijssel,23,Totaal,30,464
2020-10-12,141,Almelo,Overijssel,23,Ziekenhuisopname,1,30
2020-10-12,141,Almelo,Overijssel,23,Overleden,1,12
2020-10-12,147,Borne,Overijssel,23,Totaal,13,151
2020-10-12,147,Borne,Overijssel,23,Ziekenhuisopname,1,15
2020-10-12,147,Borne,Overijssel,23,Overleden,0,6
2020-10-12,148,Dalfsen,Overijssel,23,Totaal,10,229
2020-10-12,148,Dalfsen,Overijssel,23,Ziekenhuisopname,0,16
2020-10-12,148,Dalfsen,Overijssel,23,Overleden,0,7
2020-10-12,150,Deventer,Overijssel,23,Totaal,34,801
2020-10-12,150,Deventer,Overijssel,23,Ziekenhuisopname,0,49
2020-10-12,150,Deventer,Overijssel,23,Overleden,0,37
2020-10-12,153,Enschede,Overijssel,23,Totaal,46,938
2020-10-12,153,Enschede,Overijssel,23,Ziekenhuisopname,0,60
2020-10-12,153,Enschede,Overijssel,23,Overleden,0,26
2020-10-12,158,Haaksbergen,Overijssel,23,Totaal,19,295
2020-10-12,158,Haaksbergen,Overijssel,23,Ziekenhuisopname,0,15
2020-10-12,158,Haaksbergen,Overijssel,23,Overleden,0,8
2020-10-12,160,Hardenberg,Overijssel,23,Totaal,25,302
2020-10-12,160,Hardenberg,Overijssel,23,Ziekenhuisopname,0,23
2020-10-12,160,Hardenberg,Overijssel,23,Overleden,0,10
2020-10-12,163,Hellendoorn,Overijssel,23,Totaal,12,165
2020-10-12,163,Hellendoorn,Overijssel,23,Ziekenhuisopname,0,9
2020-10-12,163,Hellendoorn,Overijssel,23,Overleden,0,13
2020-10-12,164,Hengelo,Overijssel,23,Totaal,41,643
2020-10-12,164,Hengelo,Overijssel,23,Ziekenhuisopname,1,34
2020-10-12,164,Hengelo,Overijssel,23,Overleden,1,23
2020-10-12,166,Kampen,Overijssel,23,Totaal,17,514
2020-10-12,166,Kampen,Overijssel,23,Ziekenhuisopname,0,60
2020-10-12,166,Kampen,Overijssel,23,Overleden,0,37
2020-10-12,168,Losser,Overijssel,23,Totaal,11,162
2020-10-12,168,Losser,Overijssel,23,Ziekenhuisopname,0,11
2020-10-12,168,Losser,Overijssel,23,Overleden,0,0
2020-10-12,171,Noordoostpolder,Flevoland,24,Totaal,13,212
2020-10-12,171,Noordoostpolder,Flevoland,24,Ziekenhuisopname,0,17
2020-10-12,171,Noordoostpolder,Flevoland,24,Overleden,0,10
2020-10-12,173,Oldenzaal,Overijssel,23,Totaal,21,263
2020-10-12,173,Oldenzaal,Overijssel,23,Ziekenhuisopname,0,15
2020-10-12,173,Oldenzaal,Overijssel,23,Overleden,0,7
2020-10-12,175,Ommen,Overijssel,23,Totaal,0,119
2020-10-12,175,Ommen,Overijssel,23,Ziekenhuisopname,0,9
2020-10-12,175,Ommen,Overijssel,23,Overleden,0,4
2020-10-12,177,Raalte,Overijssel,23,Totaal,14,308
2020-10-12,177,Raalte,Overijssel,23,Ziekenhuisopname,0,24
2020-10-12,177,Raalte,Overijssel,23,Overleden,0,21
2020-10-12,180,Staphorst,Overijssel,23,Totaal,13,142
2020-10-12,180,Staphorst,Overijssel,23,Ziekenhuisopname,0,8
2020-10-12,180,Staphorst,Overijssel,23,Overleden,0,4
2020-10-12,183,Tubbergen,Overijssel,23,Totaal,24,251
2020-10-12,183,Tubbergen,Overijssel,23,Ziekenhuisopname,0,12
2020-10-12,183,Tubbergen,Overijssel,23,Overleden,0,5
2020-10-12,184,Urk,Flevoland,24,Totaal,1,104
2020-10-12,184,Urk,Flevoland,24,Ziekenhuisopname,0,23
2020-10-12,184,Urk,Flevoland,24,Overleden,0,4
2020-10-12,189,Wierden,Overijssel,23,Totaal,3,157
2020-10-12,189,Wierden,Overijssel,23,Ziekenhuisopname,0,7
2020-10-12,189,Wierden,Overijssel,23,Overleden,0,6
2020-10-12,193,Zwolle,Overijssel,23,Totaal,26,819
2020-10-12,193,Zwolle,Overijssel,23,Ziekenhuisopname,0,53
2020-10-12,193,Zwolle,Overijssel,23,Overleden,0,49
2020-10-12,197,Aalten,Gelderland,25,Totaal,13,179
2020-10-12,197,Aalten,Gelderland,25,Ziekenhuisopname,0,11
2020-10-12,197,Aalten,Gelderland,25,Overleden,0,7
2020-10-12,200,Apeldoorn,Gelderland,25,Totaal,34,1104
2020-10-12,200,Apeldoorn,Gelderland,25,Ziekenhuisopname,0,106
2020-10-12,200,Apeldoorn,Gelderland,25,Overleden,0,52
2020-10-12,202,Arnhem,Gelderland,25,Totaal,26,1237
2020-10-12,202,Arnhem,Gelderland,25,Ziekenhuisopname,0,76
2020-10-12,202,Arnhem,Gelderland,25,Overleden,0,34
2020-10-12,203,Barneveld,Gelderland,25,Totaal,6,365
2020-10-12,203,Barneveld,Gelderland,25,Ziekenhuisopname,0,20
2020-10-12,203,Barneveld,Gelderland,25,Overleden,0,9
2020-10-12,209,Beuningen,Gelderland,25,Totaal,5,248
2020-10-12,209,Beuningen,Gelderland,25,Ziekenhuisopname,0,20
2020-10-12,209,Beuningen,Gelderland,25,Overleden,0,5
2020-10-12,213,Brummen,Gelderland,25,Totaal,4,113
2020-10-12,213,Brummen,Gelderland,25,Ziekenhuisopname,0,18
2020-10-12,213,Brummen,Gelderland,25,Overleden,0,6
2020-10-12,214,Buren,Gelderland,25,Totaal,8,168
2020-10-12,214,Buren,Gelderland,25,Ziekenhuisopname,0,19
2020-10-12,214,Buren,Gelderland,25,Overleden,0,8
2020-10-12,216,Culemborg,Gelderland,25,Totaal,14,293
2020-10-12,216,Culemborg,Gelderland,25,Ziekenhuisopname,0,24
2020-10-12,216,Culemborg,Gelderland,25,Overleden,0,8
2020-10-12,221,Doesburg,Gelderland,25,Totaal,2,101
2020-10-12,221,Doesburg,Gelderland,25,Ziekenhuisopname,0,10
2020-10-12,221,Doesburg,Gelderland,25,Overleden,0,6
2020-10-12,222,Doetinchem,Gelderland,25,Totaal,27,395
2020-10-12,222,Doetinchem,Gelderland,25,Ziekenhuisopname,1,28
2020-10-12,222,Doetinchem,Gelderland,25,Overleden,0,15
2020-10-12,225,Druten,Gelderland,25,Totaal,8,176
2020-10-12,225,Druten,Gelderland,25,Ziekenhuisopname,0,25
2020-10-12,225,Druten,Gelderland,25,Overleden,0,8
2020-10-12,226,Duiven,Gelderland,25,Totaal,7,198
2020-10-12,226,Duiven,Gelderland,25,Ziekenhuisopname,0,15
2020-10-12,226,Duiven,Gelderland,25,Overleden,0,6
2020-10-12,228,Ede,Gelderland,25,Totaal,20,950
2020-10-12,228,Ede,Gelderland,25,Ziekenhuisopname,0,63
2020-10-12,228,Ede,Gelderland,25,Overleden,0,25
2020-10-12,230,Elburg,Gelderland,25,Totaal,5,207
2020-10-12,230,Elburg,Gelderland,25,Ziekenhuisopname,0,28
2020-10-12,230,Elburg,Gelderland,25,Overleden,0,8
2020-10-12,232,Epe,Gelderland,25,Totaal,7,229
2020-10-12,232,Epe,Gelderland,25,Ziekenhuisopname,1,51
2020-10-12,232,Epe,Gelderland,25,Overleden,0,23
2020-10-12,233,Ermelo,Gelderland,25,Totaal,4,243
2020-10-12,233,Ermelo,Gelderland,25,Ziekenhuisopname,0,33
2020-10-12,233,Ermelo,Gelderland,25,Overleden,0,23
2020-10-12,243,Harderwijk,Gelderland,25,Totaal,15,446
2020-10-12,243,Harderwijk,Gelderland,25,Ziekenhuisopname,0,44
2020-10-12,243,Harderwijk,Gelderland,25,Overleden,0,20
2020-10-12,244,Hattem,Gelderland,25,Totaal,3,91
2020-10-12,244,Hattem,Gelderland,25,Ziekenhuisopname,0,18
2020-10-12,244,Hattem,Gelderland,25,Overleden,0,5
2020-10-12,246,Heerde,Gelderland,25,Totaal,2,258
2020-10-12,246,Heerde,Gelderland,25,Ziekenhuisopname,0,55
2020-10-12,246,Heerde,Gelderland,25,Overleden,0,28
2020-10-12,252,Heumen,Gelderland,25,Totaal,9,229
2020-10-12,252,Heumen,Gelderland,25,Ziekenhuisopname,0,19
2020-10-12,252,Heumen,Gelderland,25,Overleden,0,11
2020-10-12,262,Lochem,Gelderland,25,Totaal,9,240
2020-10-12,262,Lochem,Gelderland,25,Ziekenhuisopname,0,16
2020-10-12,262,Lochem,Gelderland,25,Overleden,0,15
2020-10-12,263,Maasdriel,Gelderland,25,Totaal,7,178
2020-10-12,263,Maasdriel,Gelderland,25,Ziekenhuisopname,0,16
2020-10-12,263,Maasdriel,Gelderland,25,Overleden,0,7
2020-10-12,267,Nijkerk,Gelderland,25,Totaal,9,400
2020-10-12,267,Nijkerk,Gelderland,25,Ziekenhuisopname,0,22
2020-10-12,267,Nijkerk,Gelderland,25,Overleden,0,3
2020-10-12,268,Nijmegen,Gelderland,25,Totaal,66,2402
2020-10-12,268,Nijmegen,Gelderland,25,Ziekenhuisopname,2,155
2020-10-12,268,Nijmegen,Gelderland,25,Overleden,0,73
2020-10-12,269,Oldebroek,Gelderland,25,Totaal,3,231
2020-10-12,269,Oldebroek,Gelderland,25,Ziekenhuisopname,0,40
2020-10-12,269,Oldebroek,Gelderland,25,Overleden,0,19
2020-10-12,273,Putten,Gelderland,25,Totaal,9,137
2020-10-12,273,Putten,Gelderland,25,Ziekenhuisopname,0,10
2020-10-12,273,Putten,Gelderland,25,Overleden,0,1
2020-10-12,274,Renkum,Gelderland,25,Totaal,6,285
2020-10-12,274,Renkum,Gelderland,25,Ziekenhuisopname,0,14
2020-10-12,274,Renkum,Gelderland,25,Overleden,0,9
2020-10-12,275,Rheden,Gelderland,25,Totaal,5,288
2020-10-12,275,Rheden,Gelderland,25,Ziekenhuisopname,0,34
2020-10-12,275,Rheden,Gelderland,25,Overleden,0,14
2020-10-12,277,Rozendaal,Gelderland,25,Totaal,0,9
2020-10-12,277,Rozendaal,Gelderland,25,Ziekenhuisopname,0,1
2020-10-12,277,Rozendaal,Gelderland,25,Overleden,0,0
2020-10-12,279,Scherpenzeel,Gelderland,25,Totaal,1,70
2020-10-12,279,Scherpenzeel,Gelderland,25,Ziekenhuisopname,0,5
2020-10-12,279,Scherpenzeel,Gelderland,25,Overleden,0,2
2020-10-12,281,Tiel,Gelderland,25,Totaal,20,387
2020-10-12,281,Tiel,Gelderland,25,Ziekenhuisopname,0,44
2020-10-12,281,Tiel,Gelderland,25,Overleden,0,21
2020-10-12,285,Voorst,Gelderland,25,Totaal,5,166
2020-10-12,285,Voorst,Gelderland,25,Ziekenhuisopname,0,17
2020-10-12,285,Voorst,Gelderland,25,Overleden,0,11
2020-10-12,289,Wageningen,Gelderland,25,Totaal,8,371
2020-10-12,289,Wageningen,Gelderland,25,Ziekenhuisopname,0,21
2020-10-12,289,Wageningen,Gelderland,25,Overleden,0,9
2020-10-12,293,Westervoort,Gelderland,25,Totaal,0,93
2020-10-12,293,Westervoort,Gelderland,25,Ziekenhuisopname,0,12
2020-10-12,293,Westervoort,Gelderland,25,Overleden,0,6
2020-10-12,294,Winterswijk,Gelderland,25,Totaal,12,114
2020-10-12,294,Winterswijk,Gelderland,25,Ziekenhuisopname,0,7
2020-10-12,294,Winterswijk,Gelderland,25,Overleden,0,3
2020-10-12,296,Wijchen,Gelderland,25,Totaal,16,405
2020-10-12,296,Wijchen,Gelderland,25,Ziekenhuisopname,1,48
2020-10-12,296,Wijchen,Gelderland,25,Overleden,0,13
2020-10-12,297,Zaltbommel,Gelderland,25,Totaal,15,230
2020-10-12,297,Zaltbommel,Gelderland,25,Ziekenhuisopname,0,22
2020-10-12,297,Zaltbommel,Gelderland,25,Overleden,0,9
2020-10-12,299,Zevenaar,Gelderland,25,Totaal,7,294
2020-10-12,299,Zevenaar,Gelderland,25,Ziekenhuisopname,1,51
2020-10-12,299,Zevenaar,Gelderland,25,Overleden,0,16
2020-10-12,301,Zutphen,Gelderland,25,Totaal,9,253
2020-10-12,301,Zutphen,Gelderland,25,Ziekenhuisopname,0,31
2020-10-12,301,Zutphen,Gelderland,25,Overleden,0,13
2020-10-12,302,Nunspeet,Gelderland,25,Totaal,6,327
2020-10-12,302,Nunspeet,Gelderland,25,Ziekenhuisopname,0,58
2020-10-12,302,Nunspeet,Gelderland,25,Overleden,0,21
2020-10-12,303,Dronten,Flevoland,24,Totaal,7,204
2020-10-12,303,Dronten,Flevoland,24,Ziekenhuisopname,0,34
2020-10-12,303,Dronten,Flevoland,24,Overleden,0,13
2020-10-12,307,Amersfoort,Utrecht,26,Totaal,67,1360
2020-10-12,307,Amersfoort,Utrecht,26,Ziekenhuisopname,0,81
2020-10-12,307,Amersfoort,Utrecht,26,Overleden,0,26
2020-10-12,308,Baarn,Utrecht,26,Totaal,11,190
2020-10-12,308,Baarn,Utrecht,26,Ziekenhuisopname,0,12
2020-10-12,308,Baarn,Utrecht,26,Overleden,0,9
2020-10-12,310,De Bilt,Utrecht,26,Totaal,18,502
2020-10-12,310,De Bilt,Utrecht,26,Ziekenhuisopname,0,30
2020-10-12,310,De Bilt,Utrecht,26,Overleden,0,24
2020-10-12,312,Bunnik,Utrecht,26,Totaal,8,140
2020-10-12,312,Bunnik,Utrecht,26,Ziekenhuisopname,0,10
2020-10-12,312,Bunnik,Utrecht,26,Overleden,0,1
2020-10-12,313,Bunschoten,Utrecht,26,Totaal,16,200
2020-10-12,313,Bunschoten,Utrecht,26,Ziekenhuisopname,0,12
2020-10-12,313,Bunschoten,Utrecht,26,Overleden,0,7
2020-10-12,317,Eemnes,Utrecht,26,Totaal,1,65
2020-10-12,317,Eemnes,Utrecht,26,Ziekenhuisopname,0,2
2020-10-12,317,Eemnes,Utrecht,26,Overleden,0,1
2020-10-12,321,Houten,Utrecht,26,Totaal,16,422
2020-10-12,321,Houten,Utrecht,26,Ziekenhuisopname,0,28
2020-10-12,321,Houten,Utrecht,26,Overleden,0,15
2020-10-12,327,Leusden,Utrecht,26,Totaal,7,260
2020-10-12,327,Leusden,Utrecht,26,Ziekenhuisopname,0,9
2020-10-12,327,Leusden,Utrecht,26,Overleden,0,8
2020-10-12,331,Lopik,Utrecht,26,Totaal,6,174
2020-10-12,331,Lopik,Utrecht,26,Ziekenhuisopname,0,20
2020-10-12,331,Lopik,Utrecht,26,Overleden,0,8
2020-10-12,335,Montfoort,Utrecht,26,Totaal,2,139
2020-10-12,335,Montfoort,Utrecht,26,Ziekenhuisopname,0,15
2020-10-12,335,Montfoort,Utrecht,26,Overleden,0,6
2020-10-12,339,Renswoude,Utrecht,26,Totaal,-1,43
2020-10-12,339,Renswoude,Utrecht,26,Ziekenhuisopname,0,5
2020-10-12,339,Renswoude,Utrecht,26,Overleden,0,5
2020-10-12,340,Rhenen,Utrecht,26,Totaal,9,128
2020-10-12,340,Rhenen,Utrecht,26,Ziekenhuisopname,0,11
2020-10-12,340,Rhenen,Utrecht,26,Overleden,0,6
2020-10-12,342,Soest,Utrecht,26,Totaal,36,506
2020-10-12,342,Soest,Utrecht,26,Ziekenhuisopname,0,26
2020-10-12,342,Soest,Utrecht,26,Overleden,0,13
2020-10-12,344,Utrecht,Utrecht,26,Totaal,183,5635
2020-10-12,344,Utrecht,Utrecht,26,Ziekenhuisopname,0,314
2020-10-12,344,Utrecht,Utrecht,26,Overleden,0,122
2020-10-12,345,Veenendaal,Utrecht,26,Totaal,35,588
2020-10-12,345,Veenendaal,Utrecht,26,Ziekenhuisopname,0,49
2020-10-12,345,Veenendaal,Utrecht,26,Overleden,0,14
2020-10-12,351,Woudenberg,Utrecht,26,Totaal,9,104
2020-10-12,351,Woudenberg,Utrecht,26,Ziekenhuisopname,0,9
2020-10-12,351,Woudenberg,Utrecht,26,Overleden,0,2
2020-10-12,352,Wijk bij Duurstede,Utrecht,26,Totaal,8,150
2020-10-12,352,Wijk bij Duurstede,Utrecht,26,Ziekenhuisopname,0,10
2020-10-12,352,Wijk bij Duurstede,Utrecht,26,Overleden,0,2
2020-10-12,353,IJsselstein,Utrecht,26,Totaal,14,361
2020-10-12,353,IJsselstein,Utrecht,26,Ziekenhuisopname,0,37
2020-10-12,353,IJsselstein,Utrecht,26,Overleden,0,35
2020-10-12,355,Zeist,Utrecht,26,Totaal,27,709
2020-10-12,355,Zeist,Utrecht,26,Ziekenhuisopname,0,39
2020-10-12,355,Zeist,Utrecht,26,Overleden,0,27
2020-10-12,356,Nieuwegein,Utrecht,26,Totaal,26,558
2020-10-12,356,Nieuwegein,Utrecht,26,Ziekenhuisopname,1,48
2020-10-12,356,Nieuwegein,Utrecht,26,Overleden,0,14
2020-10-12,358,Aalsmeer,Noord-Holland,27,Totaal,11,298
2020-10-12,358,Aalsmeer,Noord-Holland,27,Ziekenhuisopname,0,10
2020-10-12,358,Aalsmeer,Noord-Holland,27,Overleden,0,5
2020-10-12,361,Alkmaar,Noord-Holland,27,Totaal,15,729
2020-10-12,361,Alkmaar,Noord-Holland,27,Ziekenhuisopname,0,59
2020-10-12,361,Alkmaar,Noord-Holland,27,Overleden,0,31
2020-10-12,362,Amstelveen,Noord-Holland,27,Totaal,33,1282
2020-10-12,362,Amstelveen,Noord-Holland,27,Ziekenhuisopname,0,69
2020-10-12,362,Amstelveen,Noord-Holland,27,Overleden,0,42
2020-10-12,363,Amsterdam,Noord-Holland,27,Totaal,590,18429
2020-10-12,363,Amsterdam,Noord-Holland,27,Ziekenhuisopname,9,843
2020-10-12,363,Amsterdam,Noord-Holland,27,Overleden,0,309
2020-10-12,370,Beemster,Noord-Holland,27,Totaal,2,66
2020-10-12,370,Beemster,Noord-Holland,27,Ziekenhuisopname,0,4
2020-10-12,370,Beemster,Noord-Holland,27,Overleden,0,1
2020-10-12,373,Bergen (NH.),Noord-Holland,27,Totaal,12,291
2020-10-12,373,Bergen (NH.),Noord-Holland,27,Ziekenhuisopname,1,21
2020-10-12,373,Bergen (NH.),Noord-Holland,27,Overleden,0,6
2020-10-12,375,Beverwijk,Noord-Holland,27,Totaal,14,375
2020-10-12,375,Beverwijk,Noord-Holland,27,Ziekenhuisopname,0,16
2020-10-12,375,Beverwijk,Noord-Holland,27,Overleden,0,12
2020-10-12,376,Blaricum,Noord-Holland,27,Totaal,5,107
2020-10-12,376,Blaricum,Noord-Holland,27,Ziekenhuisopname,0,8
2020-10-12,376,Blaricum,Noord-Holland,27,Overleden,0,2
2020-10-12,377,Bloemendaal,Noord-Holland,27,Totaal,4,222
2020-10-12,377,Bloemendaal,Noord-Holland,27,Ziekenhuisopname,0,8
2020-10-12,377,Bloemendaal,Noord-Holland,27,Overleden,0,5
2020-10-12,383,Castricum,Noord-Holland,27,Totaal,5,199
2020-10-12,383,Castricum,Noord-Holland,27,Ziekenhuisopname,0,16
2020-10-12,383,Castricum,Noord-Holland,27,Overleden,0,10
2020-10-12,384,Diemen,Noord-Holland,27,Totaal,14,613
2020-10-12,384,Diemen,Noord-Holland,27,Ziekenhuisopname,0,20
2020-10-12,384,Diemen,Noord-Holland,27,Overleden,0,14
2020-10-12,385,Edam-Volendam,Noord-Holland,27,Totaal,35,496
2020-10-12,385,Edam-Volendam,Noord-Holland,27,Ziekenhuisopname,0,28
2020-10-12,385,Edam-Volendam,Noord-Holland,27,Overleden,0,3
2020-10-12,388,Enkhuizen,Noord-Holland,27,Totaal,2,72
2020-10-12,388,Enkhuizen,Noord-Holland,27,Ziekenhuisopname,0,19
2020-10-12,388,Enkhuizen,Noord-Holland,27,Overleden,0,4
2020-10-12,392,Haarlem,Noord-Holland,27,Totaal,53,1535
2020-10-12,392,Haarlem,Noord-Holland,27,Ziekenhuisopname,0,85
2020-10-12,392,Haarlem,Noord-Holland,27,Overleden,0,67
2020-10-12,394,Haarlemmermeer,Noord-Holland,27,Totaal,62,1669
2020-10-12,394,Haarlemmermeer,Noord-Holland,27,Ziekenhuisopname,1,82
2020-10-12,394,Haarlemmermeer,Noord-Holland,27,Overleden,0,33
2020-10-12,396,Heemskerk,Noord-Holland,27,Totaal,15,304
2020-10-12,396,Heemskerk,Noord-Holland,27,Ziekenhuisopname,0,32
2020-10-12,396,Heemskerk,Noord-Holland,27,Overleden,0,13
2020-10-12,397,Heemstede,Noord-Holland,27,Totaal,5,276
2020-10-12,397,Heemstede,Noord-Holland,27,Ziekenhuisopname,0,13
2020-10-12,397,Heemstede,Noord-Holland,27,Overleden,0,33
2020-10-12,398,Heerhugowaard,Noord-Holland,27,Totaal,8,388
2020-10-12,398,Heerhugowaard,Noord-Holland,27,Ziekenhuisopname,0,27
2020-10-12,398,Heerhugowaard,Noord-Holland,27,Overleden,0,9
2020-10-12,399,Heiloo,Noord-Holland,27,Totaal,5,119
2020-10-12,399,Heiloo,Noord-Holland,27,Ziekenhuisopname,0,11
2020-10-12,399,Heiloo,Noord-Holland,27,Overleden,0,8
2020-10-12,400,Den Helder,Noord-Holland,27,Totaal,10,153
2020-10-12,400,Den Helder,Noord-Holland,27,Ziekenhuisopname,0,13
2020-10-12,400,Den Helder,Noord-Holland,27,Overleden,0,2
2020-10-12,402,Hilversum,Noord-Holland,27,Totaal,28,823
2020-10-12,402,Hilversum,Noord-Holland,27,Ziekenhuisopname,0,37
2020-10-12,402,Hilversum,Noord-Holland,27,Overleden,0,26
2020-10-12,405,Hoorn,Noord-Holland,27,Totaal,16,432
2020-10-12,405,Hoorn,Noord-Holland,27,Ziekenhuisopname,0,37
2020-10-12,405,Hoorn,Noord-Holland,27,Overleden,0,12
2020-10-12,406,Huizen,Noord-Holland,27,Totaal,8,448
2020-10-12,406,Huizen,Noord-Holland,27,Ziekenhuisopname,0,25
2020-10-12,406,Huizen,Noord-Holland,27,Overleden,0,10
2020-10-12,415,Landsmeer,Noord-Holland,27,Totaal,3,127
2020-10-12,415,Landsmeer,Noord-Holland,27,Ziekenhuisopname,0,3
2020-10-12,415,Landsmeer,Noord-Holland,27,Overleden,0,3
2020-10-12,416,Langedijk,Noord-Holland,27,Totaal,11,224
2020-10-12,416,Langedijk,Noord-Holland,27,Ziekenhuisopname,0,19
2020-10-12,416,Langedijk,Noord-Holland,27,Overleden,1,6
2020-10-12,417,Laren,Noord-Holland,27,Totaal,0,115
2020-10-12,417,Laren,Noord-Holland,27,Ziekenhuisopname,0,9
2020-10-12,417,Laren,Noord-Holland,27,Overleden,0,3
2020-10-12,420,Medemblik,Noord-Holland,27,Totaal,9,198
2020-10-12,420,Medemblik,Noord-Holland,27,Ziekenhuisopname,0,19
2020-10-12,420,Medemblik,Noord-Holland,27,Overleden,0,6
2020-10-12,431,Oostzaan,Noord-Holland,27,Totaal,10,126
2020-10-12,431,Oostzaan,Noord-Holland,27,Ziekenhuisopname,0,12
2020-10-12,431,Oostzaan,Noord-Holland,27,Overleden,0,2
2020-10-12,432,Opmeer,Noord-Holland,27,Totaal,1,41
2020-10-12,432,Opmeer,Noord-Holland,27,Ziekenhuisopname,0,1
2020-10-12,432,Opmeer,Noord-Holland,27,Overleden,0,1
2020-10-12,437,Ouder-Amstel,Noord-Holland,27,Totaal,9,236
2020-10-12,437,Ouder-Amstel,Noord-Holland,27,Ziekenhuisopname,0,6
2020-10-12,437,Ouder-Amstel,Noord-Holland,27,Overleden,0,0
2020-10-12,439,Purmerend,Noord-Holland,27,Totaal,30,731
2020-10-12,439,Purmerend,Noord-Holland,27,Ziekenhuisopname,0,75
2020-10-12,439,Purmerend,Noord-Holland,27,Overleden,0,35
2020-10-12,441,Schagen,Noord-Holland,27,Totaal,6,224
2020-10-12,441,Schagen,Noord-Holland,27,Ziekenhuisopname,0,19
2020-10-12,441,Schagen,Noord-Holland,27,Overleden,0,10
2020-10-12,448,Texel,Noord-Holland,27,Totaal,3,48
2020-10-12,448,Texel,Noord-Holland,27,Ziekenhuisopname,0,5
2020-10-12,448,Texel,Noord-Holland,27,Overleden,0,2
2020-10-12,450,Uitgeest,Noord-Holland,27,Totaal,2,107
2020-10-12,450,Uitgeest,Noord-Holland,27,Ziekenhuisopname,0,5
2020-10-12,450,Uitgeest,Noord-Holland,27,Overleden,0,1
2020-10-12,451,Uithoorn,Noord-Holland,27,Totaal,16,311
2020-10-12,451,Uithoorn,Noord-Holland,27,Ziekenhuisopname,0,18
2020-10-12,451,Uithoorn,Noord-Holland,27,Overleden,0,2
2020-10-12,453,Velsen,Noord-Holland,27,Totaal,18,688
2020-10-12,453,Velsen,Noord-Holland,27,Ziekenhuisopname,0,39
2020-10-12,453,Velsen,Noord-Holland,27,Overleden,0,43
2020-10-12,457,Weesp,Noord-Holland,27,Totaal,3,333
2020-10-12,457,Weesp,Noord-Holland,27,Ziekenhuisopname,0,9
2020-10-12,457,Weesp,Noord-Holland,27,Overleden,0,13
2020-10-12,473,Zandvoort,Noord-Holland,27,Totaal,2,150
2020-10-12,473,Zandvoort,Noord-Holland,27,Ziekenhuisopname,0,12
2020-10-12,473,Zandvoort,Noord-Holland,27,Overleden,0,9
2020-10-12,479,Zaanstad,Noord-Holland,27,Totaal,77,1708
2020-10-12,479,Zaanstad,Noord-Holland,27,Ziekenhuisopname,0,139
2020-10-12,479,Zaanstad,Noord-Holland,27,Overleden,0,54
2020-10-12,482,Alblasserdam,Zuid-Holland,28,Totaal,4,274
2020-10-12,482,Alblasserdam,Zuid-Holland,28,Ziekenhuisopname,0,11
2020-10-12,482,Alblasserdam,Zuid-Holland,28,Overleden,0,5
2020-10-12,484,Alphen aan den Rijn,Zuid-Holland,28,Totaal,53,1103
2020-10-12,484,Alphen aan den Rijn,Zuid-Holland,28,Ziekenhuisopname,1,73
2020-10-12,484,Alphen aan den Rijn,Zuid-Holland,28,Overleden,0,26
2020-10-12,489,Barendrecht,Zuid-Holland,28,Totaal,34,792
2020-10-12,489,Barendrecht,Zuid-Holland,28,Ziekenhuisopname,1,44
2020-10-12,489,Barendrecht,Zuid-Holland,28,Overleden,0,13
2020-10-12,498,Drechterland,Noord-Holland,27,Totaal,4,101
2020-10-12,498,Drechterland,Noord-Holland,27,Ziekenhuisopname,0,5
2020-10-12,498,Drechterland,Noord-Holland,27,Overleden,0,8
2020-10-12,501,Brielle,Zuid-Holland,28,Totaal,4,169
2020-10-12,501,Brielle,Zuid-Holland,28,Ziekenhuisopname,0,12
2020-10-12,501,Brielle,Zuid-Holland,28,Overleden,0,0
2020-10-12,502,Capelle aan den IJssel,Zuid-Holland,28,Totaal,42,1110
2020-10-12,502,Capelle aan den IJssel,Zuid-Holland,28,Ziekenhuisopname,0,60
2020-10-12,502,Capelle aan den IJssel,Zuid-Holland,28,Overleden,0,62
2020-10-12,503,Delft,Zuid-Holland,28,Totaal,38,1454
2020-10-12,503,Delft,Zuid-Holland,28,Ziekenhuisopname,0,43
2020-10-12,503,Delft,Zuid-Holland,28,Overleden,0,12
2020-10-12,505,Dordrecht,Zuid-Holland,28,Totaal,64,1516
2020-10-12,505,Dordrecht,Zuid-Holland,28,Ziekenhuisopname,0,97
2020-10-12,505,Dordrecht,Zuid-Holland,28,Overleden,2,71
2020-10-12,512,Gorinchem,Zuid-Holland,28,Totaal,12,423
2020-10-12,512,Gorinchem,Zuid-Holland,28,Ziekenhuisopname,0,19
2020-10-12,512,Gorinchem,Zuid-Holland,28,Overleden,0,16
2020-10-12,513,Gouda,Zuid-Holland,28,Totaal,33,1109
2020-10-12,513,Gouda,Zuid-Holland,28,Ziekenhuisopname,0,51
2020-10-12,513,Gouda,Zuid-Holland,28,Overleden,0,44
2020-10-12,518,'s-Gravenhage,Zuid-Holland,28,Totaal,286,10294
2020-10-12,518,'s-Gravenhage,Zuid-Holland,28,Ziekenhuisopname,1,481
2020-10-12,518,'s-Gravenhage,Zuid-Holland,28,Overleden,0,292
2020-10-12,523,Hardinxveld-Giessendam,Zuid-Holland,28,Totaal,4,138
2020-10-12,523,Hardinxveld-Giessendam,Zuid-Holland,28,Ziekenhuisopname,0,2
2020-10-12,523,Hardinxveld-Giessendam,Zuid-Holland,28,Overleden,0,2
2020-10-12,530,Hellevoetsluis,Zuid-Holland,28,Totaal,13,371
2020-10-12,530,Hellevoetsluis,Zuid-Holland,28,Ziekenhuisopname,0,17
2020-10-12,530,Hellevoetsluis,Zuid-Holland,28,Overleden,0,5
2020-10-12,531,Hendrik-Ido-Ambacht,Zuid-Holland,28,Totaal,18,408
2020-10-12,531,Hendrik-Ido-Ambacht,Zuid-Holland,28,Ziekenhuisopname,0,13
2020-10-12,531,Hendrik-Ido-Ambacht,Zuid-Holland,28,Overleden,0,6
2020-10-12,532,Stede Broec,Noord-Holland,27,Totaal,3,105
2020-10-12,532,Stede Broec,Noord-Holland,27,Ziekenhuisopname,0,19
2020-10-12,532,Stede Broec,Noord-Holland,27,Overleden,0,5
2020-10-12,534,Hillegom,Zuid-Holland,28,Totaal,10,228
2020-10-12,534,Hillegom,Zuid-Holland,28,Ziekenhuisopname,0,8
2020-10-12,534,Hillegom,Zuid-Holland,28,Overleden,0,2
2020-10-12,537,Katwijk,Zuid-Holland,28,Totaal,14,716
2020-10-12,537,Katwijk,Zuid-Holland,28,Ziekenhuisopname,0,38
2020-10-12,537,Katwijk,Zuid-Holland,28,Overleden,0,15
2020-10-12,542,Krimpen aan den IJssel,Zuid-Holland,28,Totaal,23,408
2020-10-12,542,Krimpen aan den IJssel,Zuid-Holland,28,Ziekenhuisopname,1,15
2020-10-12,542,Krimpen aan den IJssel,Zuid-Holland,28,Overleden,0,8
2020-10-12,546,Leiden,Zuid-Holland,28,Totaal,61,1523
2020-10-12,546,Leiden,Zuid-Holland,28,Ziekenhuisopname,0,51
2020-10-12,546,Leiden,Zuid-Holland,28,Overleden,0,22
2020-10-12,547,Leiderdorp,Zuid-Holland,28,Totaal,28,251
2020-10-12,547,Leiderdorp,Zuid-Holland,28,Ziekenhuisopname,0,17
2020-10-12,547,Leiderdorp,Zuid-Holland,28,Overleden,0,7
2020-10-12,553,Lisse,Zuid-Holland,28,Totaal,11,134
2020-10-12,553,Lisse,Zuid-Holland,28,Ziekenhuisopname,0,9
2020-10-12,553,Lisse,Zuid-Holland,28,Overleden,0,2
2020-10-12,556,Maassluis,Zuid-Holland,28,Totaal,23,458
2020-10-12,556,Maassluis,Zuid-Holland,28,Ziekenhuisopname,0,23
2020-10-12,556,Maassluis,Zuid-Holland,28,Overleden,0,9
2020-10-12,569,Nieuwkoop,Zuid-Holland,28,Totaal,13,219
2020-10-12,569,Nieuwkoop,Zuid-Holland,28,Ziekenhuisopname,0,10
2020-10-12,569,Nieuwkoop,Zuid-Holland,28,Overleden,0,6
2020-10-12,575,Noordwijk,Zuid-Holland,28,Totaal,8,370
2020-10-12,575,Noordwijk,Zuid-Holland,28,Ziekenhuisopname,0,22
2020-10-12,575,Noordwijk,Zuid-Holland,28,Overleden,0,3
2020-10-12,579,Oegstgeest,Zuid-Holland,28,Totaal,10,218
2020-10-12,579,Oegstgeest,Zuid-Holland,28,Ziekenhuisopname,0,10
2020-10-12,579,Oegstgeest,Zuid-Holland,28,Overleden,0,3
2020-10-12,589,Oudewater,Utrecht,26,Totaal,6,123
2020-10-12,589,Oudewater,Utrecht,26,Ziekenhuisopname,0,26
2020-10-12,589,Oudewater,Utrecht,26,Overleden,0,9
2020-10-12,590,Papendrecht,Zuid-Holland,28,Totaal,8,267
2020-10-12,590,Papendrecht,Zuid-Holland,28,Ziekenhuisopname,0,9
2020-10-12,590,Papendrecht,Zuid-Holland,28,Overleden,0,8
2020-10-12,597,Ridderkerk,Zuid-Holland,28,Totaal,30,595
2020-10-12,597,Ridderkerk,Zuid-Holland,28,Ziekenhuisopname,0,41
2020-10-12,597,Ridderkerk,Zuid-Holland,28,Overleden,0,19
2020-10-12,599,Rotterdam,Zuid-Holland,28,Totaal,439,14038
2020-10-12,599,Rotterdam,Zuid-Holland,28,Ziekenhuisopname,8,703
2020-10-12,599,Rotterdam,Zuid-Holland,28,Overleden,2,379
2020-10-12,603,Rijswijk,Zuid-Holland,28,Totaal,24,725
2020-10-12,603,Rijswijk,Zuid-Holland,28,Ziekenhuisopname,0,48
2020-10-12,603,Rijswijk,Zuid-Holland,28,Overleden,0,27
2020-10-12,606,Schiedam,Zuid-Holland,28,Totaal,49,1319
2020-10-12,606,Schiedam,Zuid-Holland,28,Ziekenhuisopname,0,64
2020-10-12,606,Schiedam,Zuid-Holland,28,Overleden,0,24
2020-10-12,610,Sliedrecht,Zuid-Holland,28,Totaal,8,205
2020-10-12,610,Sliedrecht,Zuid-Holland,28,Ziekenhuisopname,0,9
2020-10-12,610,Sliedrecht,Zuid-Holland,28,Overleden,0,5
2020-10-12,613,Albrandswaard,Zuid-Holland,28,Totaal,14,396
2020-10-12,613,Albrandswaard,Zuid-Holland,28,Ziekenhuisopname,0,16
2020-10-12,613,Albrandswaard,Zuid-Holland,28,Overleden,0,8
2020-10-12,614,Westvoorne,Zuid-Holland,28,Totaal,10,150
2020-10-12,614,Westvoorne,Zuid-Holland,28,Ziekenhuisopname,0,6
2020-10-12,614,Westvoorne,Zuid-Holland,28,Overleden,0,0
2020-10-12,622,Vlaardingen,Zuid-Holland,28,Totaal,59,1170
2020-10-12,622,Vlaardingen,Zuid-Holland,28,Ziekenhuisopname,0,51
2020-10-12,622,Vlaardingen,Zuid-Holland,28,Overleden,1,31
2020-10-12,626,Voorschoten,Zuid-Holland,28,Totaal,6,228
2020-10-12,626,Voorschoten,Zuid-Holland,28,Ziekenhuisopname,1,11
2020-10-12,626,Voorschoten,Zuid-Holland,28,Overleden,0,11
2020-10-12,627,Waddinxveen,Zuid-Holland,28,Totaal,10,334
2020-10-12,627,Waddinxveen,Zuid-Holland,28,Ziekenhuisopname,0,21
2020-10-12,627,Waddinxveen,Zuid-Holland,28,Overleden,0,7
2020-10-12,629,Wassenaar,Zuid-Holland,28,Totaal,8,264
2020-10-12,629,Wassenaar,Zuid-Holland,28,Ziekenhuisopname,0,10
2020-10-12,629,Wassenaar,Zuid-Holland,28,Overleden,0,13
2020-10-12,632,Woerden,Utrecht,26,Totaal,16,498
2020-10-12,632,Woerden,Utrecht,26,Ziekenhuisopname,0,56
2020-10-12,632,Woerden,Utrecht,26,Overleden,0,21
2020-10-12,637,Zoetermeer,Zuid-Holland,28,Totaal,56,1475
2020-10-12,637,Zoetermeer,Zuid-Holland,28,Ziekenhuisopname,1,63
2020-10-12,637,Zoetermeer,Zuid-Holland,28,Overleden,0,14
2020-10-12,638,Zoeterwoude,Zuid-Holland,28,Totaal,8,70
2020-10-12,638,Zoeterwoude,Zuid-Holland,28,Ziekenhuisopname,0,3
2020-10-12,638,Zoeterwoude,Zuid-Holland,28,Overleden,0,1
2020-10-12,642,Zwijndrecht,Zuid-Holland,28,Totaal,26,610
2020-10-12,642,Zwijndrecht,Zuid-Holland,28,Ziekenhuisopname,0,27
2020-10-12,642,Zwijndrecht,Zuid-Holland,28,Overleden,1,29
2020-10-12,654,Borsele,Zeeland,29,Totaal,3,88
2020-10-12,654,Borsele,Zeeland,29,Ziekenhuisopname,0,5
2020-10-12,654,Borsele,Zeeland,29,Overleden,0,1
2020-10-12,664,Goes,Zeeland,29,Totaal,4,276
2020-10-12,664,Goes,Zeeland,29,Ziekenhuisopname,0,13
2020-10-12,664,Goes,Zeeland,29,Overleden,0,13
2020-10-12,668,West Maas en Waal,Gelderland,25,Totaal,8,162
2020-10-12,668,West Maas en Waal,Gelderland,25,Ziekenhuisopname,0,21
2020-10-12,668,West Maas en Waal,Gelderland,25,Overleden,0,9
2020-10-12,677,Hulst,Zeeland,29,Totaal,6,118
2020-10-12,677,Hulst,Zeeland,29,Ziekenhuisopname,0,10
2020-10-12,677,Hulst,Zeeland,29,Overleden,0,5
2020-10-12,678,Kapelle,Zeeland,29,Totaal,2,50
2020-10-12,678,Kapelle,Zeeland,29,Ziekenhuisopname,0,3
2020-10-12,678,Kapelle,Zeeland,29,Overleden,0,1
2020-10-12,687,Middelburg,Zeeland,29,Totaal,2,214
2020-10-12,687,Middelburg,Zeeland,29,Ziekenhuisopname,0,19
2020-10-12,687,Middelburg,Zeeland,29,Overleden,0,10
2020-10-12,703,Reimerswaal,Zeeland,29,Totaal,11,109
2020-10-12,703,Reimerswaal,Zeeland,29,Ziekenhuisopname,0,5
2020-10-12,703,Reimerswaal,Zeeland,29,Overleden,0,2
2020-10-12,715,Terneuzen,Zeeland,29,Totaal,3,238
2020-10-12,715,Terneuzen,Zeeland,29,Ziekenhuisopname,0,25
2020-10-12,715,Terneuzen,Zeeland,29,Overleden,0,4
2020-10-12,716,Tholen,Zeeland,29,Totaal,7,262
2020-10-12,716,Tholen,Zeeland,29,Ziekenhuisopname,0,42
2020-10-12,716,Tholen,Zeeland,29,Overleden,0,16
2020-10-12,717,Veere,Zeeland,29,Totaal,1,76
2020-10-12,717,Veere,Zeeland,29,Ziekenhuisopname,0,6
2020-10-12,717,Veere,Zeeland,29,Overleden,0,2
2020-10-12,718,Vlissingen,Zeeland,29,Totaal,4,183
2020-10-12,718,Vlissingen,Zeeland,29,Ziekenhuisopname,0,9
2020-10-12,718,Vlissingen,Zeeland,29,Overleden,0,5
2020-10-12,736,De Ronde Venen,Utrecht,26,Totaal,13,462
2020-10-12,736,De Ronde Venen,Utrecht,26,Ziekenhuisopname,0,41
2020-10-12,736,De Ronde Venen,Utrecht,26,Overleden,0,13
2020-10-12,737,Tytsjerksteradiel,Friesland,21,Totaal,10,139
2020-10-12,737,Tytsjerksteradiel,Friesland,21,Ziekenhuisopname,0,6
2020-10-12,737,Tytsjerksteradiel,Friesland,21,Overleden,0,1
2020-10-12,743,Asten,Noord-Brabant,30,Totaal,0,145
2020-10-12,743,Asten,Noord-Brabant,30,Ziekenhuisopname,0,18
2020-10-12,743,Asten,Noord-Brabant,30,Overleden,0,12
2020-10-12,744,Baarle-Nassau,Noord-Brabant,30,Totaal,1,50
2020-10-12,744,Baarle-Nassau,Noord-Brabant,30,Ziekenhuisopname,0,9
2020-10-12,744,Baarle-Nassau,Noord-Brabant,30,Overleden,0,2
2020-10-12,748,Bergen op Zoom,Noord-Brabant,30,Totaal,25,908
2020-10-12,748,Bergen op Zoom,Noord-Brabant,30,Ziekenhuisopname,0,34
2020-10-12,748,Bergen op Zoom,Noord-Brabant,30,Overleden,0,13
2020-10-12,753,Best,Noord-Brabant,30,Totaal,8,211
2020-10-12,753,Best,Noord-Brabant,30,Ziekenhuisopname,0,31
2020-10-12,753,Best,Noord-Brabant,30,Overleden,0,11
2020-10-12,755,Boekel,Noord-Brabant,30,Totaal,6,114
2020-10-12,755,Boekel,Noord-Brabant,30,Ziekenhuisopname,0,34
2020-10-12,755,Boekel,Noord-Brabant,30,Overleden,0,20
2020-10-12,756,Boxmeer,Noord-Brabant,30,Totaal,8,259
2020-10-12,756,Boxmeer,Noord-Brabant,30,Ziekenhuisopname,0,20
2020-10-12,756,Boxmeer,Noord-Brabant,30,Overleden,0,28
2020-10-12,757,Boxtel,Noord-Brabant,30,Totaal,2,233
2020-10-12,757,Boxtel,Noord-Brabant,30,Ziekenhuisopname,0,24
2020-10-12,757,Boxtel,Noord-Brabant,30,Overleden,0,26
2020-10-12,758,Breda,Noord-Brabant,30,Totaal,64,1863
2020-10-12,758,Breda,Noord-Brabant,30,Ziekenhuisopname,1,157
2020-10-12,758,Breda,Noord-Brabant,30,Overleden,0,70
2020-10-12,762,Deurne,Noord-Brabant,30,Totaal,4,363
2020-10-12,762,Deurne,Noord-Brabant,30,Ziekenhuisopname,0,56
2020-10-12,762,Deurne,Noord-Brabant,30,Overleden,0,25
2020-10-12,765,Pekela,Groningen,20,Totaal,3,30
2020-10-12,765,Pekela,Groningen,20,Ziekenhuisopname,1,5
2020-10-12,765,Pekela,Groningen,20,Overleden,0,0
2020-10-12,766,Dongen,Noord-Brabant,30,Totaal,16,214
2020-10-12,766,Dongen,Noord-Brabant,30,Ziekenhuisopname,0,21
2020-10-12,766,Dongen,Noord-Brabant,30,Overleden,0,13
2020-10-12,770,Eersel,Noord-Brabant,30,Totaal,5,254
2020-10-12,770,Eersel,Noord-Brabant,30,Ziekenhuisopname,0,27
2020-10-12,770,Eersel,Noord-Brabant,30,Overleden,0,10
2020-10-12,772,Eindhoven,Noord-Brabant,30,Totaal,40,2079
2020-10-12,772,Eindhoven,Noord-Brabant,30,Ziekenhuisopname,0,190
2020-10-12,772,Eindhoven,Noord-Brabant,30,Overleden,0,92
2020-10-12,777,Etten-Leur,Noord-Brabant,30,Totaal,13,444
2020-10-12,777,Etten-Leur,Noord-Brabant,30,Ziekenhuisopname,0,43
2020-10-12,777,Etten-Leur,Noord-Brabant,30,Overleden,0,30
2020-10-12,779,Geertruidenberg,Noord-Brabant,30,Totaal,7,136
2020-10-12,779,Geertruidenberg,Noord-Brabant,30,Ziekenhuisopname,0,13
2020-10-12,779,Geertruidenberg,Noord-Brabant,30,Overleden,0,6
2020-10-12,784,Gilze en Rijen,Noord-Brabant,30,Totaal,16,232
2020-10-12,784,Gilze en Rijen,Noord-Brabant,30,Ziekenhuisopname,0,20
2020-10-12,784,Gilze en Rijen,Noord-Brabant,30,Overleden,0,15
2020-10-12,785,Goirle,Noord-Brabant,30,Totaal,10,263
2020-10-12,785,Goirle,Noord-Brabant,30,Ziekenhuisopname,0,32
2020-10-12,785,Goirle,Noord-Brabant,30,Overleden,0,19
2020-10-12,786,Grave,Noord-Brabant,30,Totaal,8,144
2020-10-12,786,Grave,Noord-Brabant,30,Ziekenhuisopname,0,21
2020-10-12,786,Grave,Noord-Brabant,30,Overleden,0,11
2020-10-12,788,Haaren,Noord-Brabant,30,Totaal,4,109
2020-10-12,788,Haaren,Noord-Brabant,30,Ziekenhuisopname,0,19
2020-10-12,788,Haaren,Noord-Brabant,30,Overleden,0,8
2020-10-12,794,Helmond,Noord-Brabant,30,Totaal,14,1125
2020-10-12,794,Helmond,Noord-Brabant,30,Ziekenhuisopname,0,119
2020-10-12,794,Helmond,Noord-Brabant,30,Overleden,0,45
2020-10-12,796,'s-Hertogenbosch,Noord-Brabant,30,Totaal,74,1477
2020-10-12,796,'s-Hertogenbosch,Noord-Brabant,30,Ziekenhuisopname,1,138
2020-10-12,796,'s-Hertogenbosch,Noord-Brabant,30,Overleden,1,81
2020-10-12,797,Heusden,Noord-Brabant,30,Totaal,25,413
2020-10-12,797,Heusden,Noord-Brabant,30,Ziekenhuisopname,0,46
2020-10-12,797,Heusden,Noord-Brabant,30,Overleden,0,26
2020-10-12,798,Hilvarenbeek,Noord-Brabant,30,Totaal,5,148
2020-10-12,798,Hilvarenbeek,Noord-Brabant,30,Ziekenhuisopname,0,10
2020-10-12,798,Hilvarenbeek,Noord-Brabant,30,Overleden,0,7
2020-10-12,809,Loon op Zand,Noord-Brabant,30,Totaal,14,210
2020-10-12,809,Loon op Zand,Noord-Brabant,30,Ziekenhuisopname,0,27
2020-10-12,809,Loon op Zand,Noord-Brabant,30,Overleden,0,8
2020-10-12,815,Mill en Sint Hubert,Noord-Brabant,30,Totaal,12,125
2020-10-12,815,Mill en Sint Hubert,Noord-Brabant,30,Ziekenhuisopname,0,9
2020-10-12,815,Mill en Sint Hubert,Noord-Brabant,30,Overleden,0,5
2020-10-12,820,"Nuenen, Gerwen en Nederwetten",Noord-Brabant,30,Totaal,1,204
2020-10-12,820,"Nuenen, Gerwen en Nederwetten",Noord-Brabant,30,Ziekenhuisopname,0,18
2020-10-12,820,"Nuenen, Gerwen en Nederwetten",Noord-Brabant,30,Overleden,0,9
2020-10-12,823,Oirschot,Noord-Brabant,30,Totaal,6,213
2020-10-12,823,Oirschot,Noord-Brabant,30,Ziekenhuisopname,0,13
2020-10-12,823,Oirschot,Noord-Brabant,30,Overleden,0,9
2020-10-12,824,Oisterwijk,Noord-Brabant,30,Totaal,8,184
2020-10-12,824,Oisterwijk,Noord-Brabant,30,Ziekenhuisopname,0,24
2020-10-12,824,Oisterwijk,Noord-Brabant,30,Overleden,0,11
2020-10-12,826,Oosterhout,Noord-Brabant,30,Totaal,15,457
2020-10-12,826,Oosterhout,Noord-Brabant,30,Ziekenhuisopname,0,51
2020-10-12,826,Oosterhout,Noord-Brabant,30,Overleden,0,17
2020-10-12,828,Oss,Noord-Brabant,30,Totaal,65,1230
2020-10-12,828,Oss,Noord-Brabant,30,Ziekenhuisopname,1,173
2020-10-12,828,Oss,Noord-Brabant,30,Overleden,0,88
2020-10-12,840,Rucphen,Noord-Brabant,30,Totaal,13,258
2020-10-12,840,Rucphen,Noord-Brabant,30,Ziekenhuisopname,0,11
2020-10-12,840,Rucphen,Noord-Brabant,30,Overleden,0,10
2020-10-12,845,Sint-Michielsgestel,Noord-Brabant,30,Totaal,17,308
2020-10-12,845,Sint-Michielsgestel,Noord-Brabant,30,Ziekenhuisopname,0,37
2020-10-12,845,Sint-Michielsgestel,Noord-Brabant,30,Overleden,0,19
2020-10-12,847,Someren,Noord-Brabant,30,Totaal,0,148
2020-10-12,847,Someren,Noord-Brabant,30,Ziekenhuisopname,0,33
2020-10-12,847,Someren,Noord-Brabant,30,Overleden,0,8
2020-10-12,848,Son en Breugel,Noord-Brabant,30,Totaal,5,148
2020-10-12,848,Son en Breugel,Noord-Brabant,30,Ziekenhuisopname,0,31
2020-10-12,848,Son en Breugel,Noord-Brabant,30,Overleden,0,14
2020-10-12,851,Steenbergen,Noord-Brabant,30,Totaal,9,230
2020-10-12,851,Steenbergen,Noord-Brabant,30,Ziekenhuisopname,0,13
2020-10-12,851,Steenbergen,Noord-Brabant,30,Overleden,0,13
2020-10-12,852,Waterland,Noord-Holland,27,Totaal,7,171
2020-10-12,852,Waterland,Noord-Holland,27,Ziekenhuisopname,0,17
2020-10-12,852,Waterland,Noord-Holland,27,Overleden,0,4
2020-10-12,855,Tilburg,Noord-Brabant,30,Totaal,92,2366
2020-10-12,855,Tilburg,Noord-Brabant,30,Ziekenhuisopname,0,261
2020-10-12,855,Tilburg,Noord-Brabant,30,Overleden,0,169
2020-10-12,856,Uden,Noord-Brabant,30,Totaal,14,408
2020-10-12,856,Uden,Noord-Brabant,30,Ziekenhuisopname,0,115
2020-10-12,856,Uden,Noord-Brabant,30,Overleden,0,63
2020-10-12,858,Valkenswaard,Noord-Brabant,30,Totaal,5,346
2020-10-12,858,Valkenswaard,Noord-Brabant,30,Ziekenhuisopname,0,19
2020-10-12,858,Valkenswaard,Noord-Brabant,30,Overleden,0,37
2020-10-12,861,Veldhoven,Noord-Brabant,30,Totaal,30,442
2020-10-12,861,Veldhoven,Noord-Brabant,30,Ziekenhuisopname,0,31
2020-10-12,861,Veldhoven,Noord-Brabant,30,Overleden,0,18
2020-10-12,865,Vught,Noord-Brabant,30,Totaal,13,244
2020-10-12,865,Vught,Noord-Brabant,30,Ziekenhuisopname,0,43
2020-10-12,865,Vught,Noord-Brabant,30,Overleden,0,17
2020-10-12,866,Waalre,Noord-Brabant,30,Totaal,8,146
2020-10-12,866,Waalre,Noord-Brabant,30,Ziekenhuisopname,0,7
2020-10-12,866,Waalre,Noord-Brabant,30,Overleden,0,5
2020-10-12,867,Waalwijk,Noord-Brabant,30,Totaal,24,453
2020-10-12,867,Waalwijk,Noord-Brabant,30,Ziekenhuisopname,0,40
2020-10-12,867,Waalwijk,Noord-Brabant,30,Overleden,0,37
2020-10-12,873,Woensdrecht,Noord-Brabant,30,Totaal,12,198
2020-10-12,873,Woensdrecht,Noord-Brabant,30,Ziekenhuisopname,0,7
2020-10-12,873,Woensdrecht,Noord-Brabant,30,Overleden,0,7
2020-10-12,879,Zundert,Noord-Brabant,30,Totaal,7,218
2020-10-12,879,Zundert,Noord-Brabant,30,Ziekenhuisopname,0,24
2020-10-12,879,Zundert,Noord-Brabant,30,Overleden,0,11
2020-10-12,880,Wormerland,Noord-Holland,27,Totaal,7,146
2020-10-12,880,Wormerland,Noord-Holland,27,Ziekenhuisopname,0,20
2020-10-12,880,Wormerland,Noord-Holland,27,Overleden,0,6
2020-10-12,882,Landgraaf,Limburg,31,Totaal,4,219
2020-10-12,882,Landgraaf,Limburg,31,Ziekenhuisopname,0,53
2020-10-12,882,Landgraaf,Limburg,31,Overleden,0,14
2020-10-12,888,Beek,Limburg,31,Totaal,6,81
2020-10-12,888,Beek,Limburg,31,Ziekenhuisopname,0,16
2020-10-12,888,Beek,Limburg,31,Overleden,0,6
2020-10-12,889,Beesel,Limburg,31,Totaal,2,72
2020-10-12,889,Beesel,Limburg,31,Ziekenhuisopname,0,20
2020-10-12,889,Beesel,Limburg,31,Overleden,0,8
2020-10-12,893,Bergen (L.),Limburg,31,Totaal,2,76
2020-10-12,893,Bergen (L.),Limburg,31,Ziekenhuisopname,0,7
2020-10-12,893,Bergen (L.),Limburg,31,Overleden,0,2
2020-10-12,899,Brunssum,Limburg,31,Totaal,4,210
2020-10-12,899,Brunssum,Limburg,31,Ziekenhuisopname,0,46
2020-10-12,899,Brunssum,Limburg,31,Overleden,0,19
2020-10-12,907,Gennep,Limburg,31,Totaal,1,133
2020-10-12,907,Gennep,Limburg,31,Ziekenhuisopname,0,17
2020-10-12,907,Gennep,Limburg,31,Overleden,0,10
2020-10-12,917,Heerlen,Limburg,31,Totaal,11,613
2020-10-12,917,Heerlen,Limburg,31,Ziekenhuisopname,0,126
2020-10-12,917,Heerlen,Limburg,31,Overleden,0,54
2020-10-12,928,Kerkrade,Limburg,31,Totaal,6,322
2020-10-12,928,Kerkrade,Limburg,31,Ziekenhuisopname,0,64
2020-10-12,928,Kerkrade,Limburg,31,Overleden,0,35
2020-10-12,935,Maastricht,Limburg,31,Totaal,23,1370
2020-10-12,935,Maastricht,Limburg,31,Ziekenhuisopname,0,193
2020-10-12,935,Maastricht,Limburg,31,Overleden,0,140
2020-10-12,938,Meerssen,Limburg,31,Totaal,2,162
2020-10-12,938,Meerssen,Limburg,31,Ziekenhuisopname,0,23
2020-10-12,938,Meerssen,Limburg,31,Overleden,0,13
2020-10-12,944,Mook en Middelaar,Limburg,31,Totaal,5,100
2020-10-12,944,Mook en Middelaar,Limburg,31,Ziekenhuisopname,0,7
2020-10-12,944,Mook en Middelaar,Limburg,31,Overleden,0,5
2020-10-12,946,Nederweert,Limburg,31,Totaal,8,122
2020-10-12,946,Nederweert,Limburg,31,Ziekenhuisopname,0,31
2020-10-12,946,Nederweert,Limburg,31,Overleden,0,7
2020-10-12,957,Roermond,Limburg,31,Totaal,21,355
2020-10-12,957,Roermond,Limburg,31,Ziekenhuisopname,1,63
2020-10-12,957,Roermond,Limburg,31,Overleden,0,23
2020-10-12,965,Simpelveld,Limburg,31,Totaal,0,63
2020-10-12,965,Simpelveld,Limburg,31,Ziekenhuisopname,0,19
2020-10-12,965,Simpelveld,Limburg,31,Overleden,0,5
2020-10-12,971,Stein,Limburg,31,Totaal,7,174
2020-10-12,971,Stein,Limburg,31,Ziekenhuisopname,1,45
2020-10-12,971,Stein,Limburg,31,Overleden,0,15
2020-10-12,981,Vaals,Limburg,31,Totaal,0,42
2020-10-12,981,Vaals,Limburg,31,Ziekenhuisopname,0,10
2020-10-12,981,Vaals,Limburg,31,Overleden,0,2
2020-10-12,983,Venlo,Limburg,31,Totaal,48,916
2020-10-12,983,Venlo,Limburg,31,Ziekenhuisopname,2,137
2020-10-12,983,Venlo,Limburg,31,Overleden,0,67
2020-10-12,984,Venray,Limburg,31,Totaal,18,353
2020-10-12,984,Venray,Limburg,31,Ziekenhuisopname,1,38
2020-10-12,984,Venray,Limburg,31,Overleden,0,18
2020-10-12,986,Voerendaal,Limburg,31,Totaal,3,72
2020-10-12,986,Voerendaal,Limburg,31,Ziekenhuisopname,0,17
2020-10-12,986,Voerendaal,Limburg,31,Overleden,0,8
2020-10-12,988,Weert,Limburg,31,Totaal,14,349
2020-10-12,988,Weert,Limburg,31,Ziekenhuisopname,0,68
2020-10-12,988,Weert,Limburg,31,Overleden,0,16
2020-10-12,994,Valkenburg aan de Geul,Limburg,31,Totaal,6,129
2020-10-12,994,Valkenburg aan de Geul,Limburg,31,Ziekenhuisopname,0,19
2020-10-12,994,Valkenburg aan de Geul,Limburg,31,Overleden,0,7
2020-10-12,995,Lelystad,Flevoland,24,Totaal,23,569
2020-10-12,995,Lelystad,Flevoland,24,Ziekenhuisopname,0,74
2020-10-12,995,Lelystad,Flevoland,24,Overleden,0,31
2020-10-12,1507,Horst aan de Maas,Limburg,31,Totaal,15,310
2020-10-12,1507,Horst aan de Maas,Limburg,31,Ziekenhuisopname,0,41
2020-10-12,1507,Horst aan de Maas,Limburg,31,Overleden,0,27
2020-10-12,1509,Oude IJsselstreek,Gelderland,25,Totaal,16,245
2020-10-12,1509,Oude IJsselstreek,Gelderland,25,Ziekenhuisopname,0,22
2020-10-12,1509,Oude IJsselstreek,Gelderland,25,Overleden,0,9
2020-10-12,1525,Teylingen,Zuid-Holland,28,Totaal,9,346
2020-10-12,1525,Teylingen,Zuid-Holland,28,Ziekenhuisopname,0,17
2020-10-12,1525,Teylingen,Zuid-Holland,28,Overleden,0,3
2020-10-12,1581,Utrechtse Heuvelrug,Utrecht,26,Totaal,28,437
2020-10-12,1581,Utrechtse Heuvelrug,Utrecht,26,Ziekenhuisopname,0,29
2020-10-12,1581,Utrechtse Heuvelrug,Utrecht,26,Overleden,0,15
2020-10-12,1586,Oost Gelre,Gelderland,25,Totaal,17,250
2020-10-12,1586,Oost Gelre,Gelderland,25,Ziekenhuisopname,0,18
2020-10-12,1586,Oost Gelre,Gelderland,25,Overleden,0,6
2020-10-12,1598,Koggenland,Noord-Holland,27,Totaal,6,155
2020-10-12,1598,Koggenland,Noord-Holland,27,Ziekenhuisopname,0,7
2020-10-12,1598,Koggenland,Noord-Holland,27,Overleden,0,7
2020-10-12,1621,Lansingerland,Zuid-Holland,28,Totaal,30,845
2020-10-12,1621,Lansingerland,Zuid-Holland,28,Ziekenhuisopname,1,49
2020-10-12,1621,Lansingerland,Zuid-Holland,28,Overleden,0,28
2020-10-12,1640,Leudal,Limburg,31,Totaal,7,272
2020-10-12,1640,Leudal,Limburg,31,Ziekenhuisopname,0,54
2020-10-12,1640,Leudal,Limburg,31,Overleden,0,33
2020-10-12,1641,Maasgouw,Limburg,31,Totaal,3,161
2020-10-12,1641,Maasgouw,Limburg,31,Ziekenhuisopname,0,28
2020-10-12,1641,Maasgouw,Limburg,31,Overleden,0,15
2020-10-12,1652,Gemert-Bakel,Noord-Brabant,30,Totaal,7,334
2020-10-12,1652,Gemert-Bakel,Noord-Brabant,30,Ziekenhuisopname,0,79
2020-10-12,1652,Gemert-Bakel,Noord-Brabant,30,Overleden,0,32
2020-10-12,1655,Halderberge,Noord-Brabant,30,Totaal,12,271
2020-10-12,1655,Halderberge,Noord-Brabant,30,Ziekenhuisopname,0,16
2020-10-12,1655,Halderberge,Noord-Brabant,30,Overleden,0,9
2020-10-12,1658,Heeze-Leende,Noord-Brabant,30,Totaal,3,150
2020-10-12,1658,Heeze-Leende,Noord-Brabant,30,Ziekenhuisopname,0,16
2020-10-12,1658,Heeze-Leende,Noord-Brabant,30,Overleden,0,8
2020-10-12,1659,Laarbeek,Noord-Brabant,30,Totaal,4,223
2020-10-12,1659,Laarbeek,Noord-Brabant,30,Ziekenhuisopname,0,41
2020-10-12,1659,Laarbeek,Noord-Brabant,30,Overleden,0,26
2020-10-12,1667,Reusel-De Mierden,Noord-Brabant,30,Totaal,3,217
2020-10-12,1667,Reusel-De Mierden,Noord-Brabant,30,Ziekenhuisopname,0,12
2020-10-12,1667,Reusel-De Mierden,Noord-Brabant,30,Overleden,0,2
2020-10-12,1669,Roerdalen,Limburg,31,Totaal,3,89
2020-10-12,1669,Roerdalen,Limburg,31,Ziekenhuisopname,0,27
2020-10-12,1669,Roerdalen,Limburg,31,Overleden,0,8
2020-10-12,1674,Roosendaal,Noord-Brabant,30,Totaal,37,825
2020-10-12,1674,Roosendaal,Noord-Brabant,30,Ziekenhuisopname,2,39
2020-10-12,1674,Roosendaal,Noord-Brabant,30,Overleden,0,24
2020-10-12,1676,Schouwen-Duiveland,Zeeland,29,Totaal,4,200
2020-10-12,1676,Schouwen-Duiveland,Zeeland,29,Ziekenhuisopname,0,12
2020-10-12,1676,Schouwen-Duiveland,Zeeland,29,Overleden,0,9
2020-10-12,1680,Aa en Hunze,Drenthe,22,Totaal,16,118
2020-10-12,1680,Aa en Hunze,Drenthe,22,Ziekenhuisopname,0,1
2020-10-12,1680,Aa en Hunze,Drenthe,22,Overleden,0,0
2020-10-12,1681,Borger-Odoorn,Drenthe,22,Totaal,18,103
2020-10-12,1681,Borger-Odoorn,Drenthe,22,Ziekenhuisopname,0,5
2020-10-12,1681,Borger-Odoorn,Drenthe,22,Overleden,0,4
2020-10-12,1684,Cuijk,Noord-Brabant,30,Totaal,7,196
2020-10-12,1684,Cuijk,Noord-Brabant,30,Ziekenhuisopname,0,12
2020-10-12,1684,Cuijk,Noord-Brabant,30,Overleden,0,10
2020-10-12,1685,Landerd,Noord-Brabant,30,Totaal,10,252
2020-10-12,1685,Landerd,Noord-Brabant,30,Ziekenhuisopname,0,42
2020-10-12,1685,Landerd,Noord-Brabant,30,Overleden,0,21
2020-10-12,1690,De Wolden,Drenthe,22,Totaal,8,111
2020-10-12,1690,De Wolden,Drenthe,22,Ziekenhuisopname,0,11
2020-10-12,1690,De Wolden,Drenthe,22,Overleden,0,5
2020-10-12,1695,Noord-Beveland,Zeeland,29,Totaal,3,39
2020-10-12,1695,Noord-Beveland,Zeeland,29,Ziekenhuisopname,0,1
2020-10-12,1695,Noord-Beveland,Zeeland,29,Overleden,0,0
2020-10-12,1696,Wijdemeren,Noord-Holland,27,Totaal,7,199
2020-10-12,1696,Wijdemeren,Noord-Holland,27,Ziekenhuisopname,0,9
2020-10-12,1696,Wijdemeren,Noord-Holland,27,Overleden,0,0
2020-10-12,1699,Noordenveld,Drenthe,22,Totaal,7,165
2020-10-12,1699,Noordenveld,Drenthe,22,Ziekenhuisopname,0,4
2020-10-12,1699,Noordenveld,Drenthe,22,Overleden,0,13
2020-10-12,1700,Twenterand,Overijssel,23,Totaal,5,140
2020-10-12,1700,Twenterand,Overijssel,23,Ziekenhuisopname,0,12
2020-10-12,1700,Twenterand,Overijssel,23,Overleden,0,3
2020-10-12,1701,Westerveld,Drenthe,22,Totaal,1,74
2020-10-12,1701,Westerveld,Drenthe,22,Ziekenhuisopname,0,9
2020-10-12,1701,Westerveld,Drenthe,22,Overleden,0,4
2020-10-12,1702,Sint Anthonis,Noord-Brabant,30,Totaal,2,116
2020-10-12,1702,Sint Anthonis,Noord-Brabant,30,Ziekenhuisopname,0,20
2020-10-12,1702,Sint Anthonis,Noord-Brabant,30,Overleden,0,11
2020-10-12,1705,Lingewaard,Gelderland,25,Totaal,10,373
2020-10-12,1705,Lingewaard,Gelderland,25,Ziekenhuisopname,0,35
2020-10-12,1705,Lingewaard,Gelderland,25,Overleden,0,11
2020-10-12,1706,Cranendonck,Noord-Brabant,30,Totaal,3,305
2020-10-12,1706,Cranendonck,Noord-Brabant,30,Ziekenhuisopname,0,63
2020-10-12,1706,Cranendonck,Noord-Brabant,30,Overleden,0,36
2020-10-12,1708,Steenwijkerland,Overijssel,23,Totaal,5,256
2020-10-12,1708,Steenwijkerland,Overijssel,23,Ziekenhuisopname,0,15
2020-10-12,1708,Steenwijkerland,Overijssel,23,Overleden,0,8
2020-10-12,1709,Moerdijk,Noord-Brabant,30,Totaal,7,284
2020-10-12,1709,Moerdijk,Noord-Brabant,30,Ziekenhuisopname,0,17
2020-10-12,1709,Moerdijk,Noord-Brabant,30,Overleden,0,9
2020-10-12,1711,Echt-Susteren,Limburg,31,Totaal,7,150
2020-10-12,1711,Echt-Susteren,Limburg,31,Ziekenhuisopname,0,40
2020-10-12,1711,Echt-Susteren,Limburg,31,Overleden,0,18
2020-10-12,1714,Sluis,Zeeland,29,Totaal,0,38
2020-10-12,1714,Sluis,Zeeland,29,Ziekenhuisopname,0,9
2020-10-12,1714,Sluis,Zeeland,29,Overleden,0,4
2020-10-12,1719,Drimmelen,Noord-Brabant,30,Totaal,7,188
2020-10-12,1719,Drimmelen,Noord-Brabant,30,Ziekenhuisopname,0,21
2020-10-12,1719,Drimmelen,Noord-Brabant,30,Overleden,0,9
2020-10-12,1721,Bernheze,Noord-Brabant,30,Totaal,11,437
2020-10-12,1721,Bernheze,Noord-Brabant,30,Ziekenhuisopname,0,95
2020-10-12,1721,Bernheze,Noord-Brabant,30,Overleden,0,65
2020-10-12,1723,Alphen-Chaam,Noord-Brabant,30,Totaal,3,98
2020-10-12,1723,Alphen-Chaam,Noord-Brabant,30,Ziekenhuisopname,0,18
2020-10-12,1723,Alphen-Chaam,Noord-Brabant,30,Overleden,0,5
2020-10-12,1724,Bergeijk,Noord-Brabant,30,Totaal,3,250
2020-10-12,1724,Bergeijk,Noord-Brabant,30,Ziekenhuisopname,0,19
2020-10-12,1724,Bergeijk,Noord-Brabant,30,Overleden,0,5
2020-10-12,1728,Bladel,Noord-Brabant,30,Totaal,7,407
2020-10-12,1728,Bladel,Noord-Brabant,30,Ziekenhuisopname,0,21
2020-10-12,1728,Bladel,Noord-Brabant,30,Overleden,0,9
2020-10-12,1729,Gulpen-Wittem,Limburg,31,Totaal,2,137
2020-10-12,1729,Gulpen-Wittem,Limburg,31,Ziekenhuisopname,0,22
2020-10-12,1729,Gulpen-Wittem,Limburg,31,Overleden,0,15
2020-10-12,1730,Tynaarlo,Drenthe,22,Totaal,7,149
2020-10-12,1730,Tynaarlo,Drenthe,22,Ziekenhuisopname,0,9
2020-10-12,1730,Tynaarlo,Drenthe,22,Overleden,0,0
2020-10-12,1731,Midden-Drenthe,Drenthe,22,Totaal,13,90
2020-10-12,1731,Midden-Drenthe,Drenthe,22,Ziekenhuisopname,0,6
2020-10-12,1731,Midden-Drenthe,Drenthe,22,Overleden,0,0
2020-10-12,1734,Overbetuwe,Gelderland,25,Totaal,9,390
2020-10-12,1734,Overbetuwe,Gelderland,25,Ziekenhuisopname,0,56
2020-10-12,1734,Overbetuwe,Gelderland,25,Overleden,0,16
2020-10-12,1735,Hof van Twente,Overijssel,23,Totaal,15,248
2020-10-12,1735,Hof van Twente,Overijssel,23,Ziekenhuisopname,1,16
2020-10-12,1735,Hof van Twente,Overijssel,23,Overleden,0,5
2020-10-12,1740,Neder-Betuwe,Gelderland,25,Totaal,8,231
2020-10-12,1740,Neder-Betuwe,Gelderland,25,Ziekenhuisopname,0,41
2020-10-12,1740,Neder-Betuwe,Gelderland,25,Overleden,0,21
2020-10-12,1742,Rijssen-Holten,Overijssel,23,Totaal,10,335
2020-10-12,1742,Rijssen-Holten,Overijssel,23,Ziekenhuisopname,0,29
2020-10-12,1742,Rijssen-Holten,Overijssel,23,Overleden,0,25
2020-10-12,1771,Geldrop-Mierlo,Noord-Brabant,30,Totaal,3,300
2020-10-12,1771,Geldrop-Mierlo,Noord-Brabant,30,Ziekenhuisopname,0,34
2020-10-12,1771,Geldrop-Mierlo,Noord-Brabant,30,Overleden,0,16
2020-10-12,1773,Olst-Wijhe,Overijssel,23,Totaal,1,113
2020-10-12,1773,Olst-Wijhe,Overijssel,23,Ziekenhuisopname,0,12
2020-10-12,1773,Olst-Wijhe,Overijssel,23,Overleden,0,8
2020-10-12,1774,Dinkelland,Overijssel,23,Totaal,24,242
2020-10-12,1774,Dinkelland,Overijssel,23,Ziekenhuisopname,0,20
2020-10-12,1774,Dinkelland,Overijssel,23,Overleden,0,10
2020-10-12,1783,Westland,Zuid-Holland,28,Totaal,58,1216
2020-10-12,1783,Westland,Zuid-Holland,28,Ziekenhuisopname,0,65
2020-10-12,1783,Westland,Zuid-Holland,28,Overleden,0,30
2020-10-12,1842,Midden-Delfland,Zuid-Holland,28,Totaal,12,176
2020-10-12,1842,Midden-Delfland,Zuid-Holland,28,Ziekenhuisopname,0,5
2020-10-12,1842,Midden-Delfland,Zuid-Holland,28,Overleden,0,0
2020-10-12,1859,Berkelland,Gelderland,25,Totaal,24,292
2020-10-12,1859,Berkelland,Gelderland,25,Ziekenhuisopname,0,14
2020-10-12,1859,Berkelland,Gelderland,25,Overleden,0,7
2020-10-12,1876,Bronckhorst,Gelderland,25,Totaal,23,229
2020-10-12,1876,Bronckhorst,Gelderland,25,Ziekenhuisopname,0,17
2020-10-12,1876,Bronckhorst,Gelderland,25,Overleden,0,7
2020-10-12,1883,Sittard-Geleen,Limburg,31,Totaal,18,647
2020-10-12,1883,Sittard-Geleen,Limburg,31,Ziekenhuisopname,1,121
2020-10-12,1883,Sittard-Geleen,Limburg,31,Overleden,1,65
2020-10-12,1884,Kaag en Braassem,Zuid-Holland,28,Totaal,16,194
2020-10-12,1884,Kaag en Braassem,Zuid-Holland,28,Ziekenhuisopname,0,8
2020-10-12,1884,Kaag en Braassem,Zuid-Holland,28,Overleden,0,3
2020-10-12,1891,Dantumadiel,Friesland,21,Totaal,8,89
2020-10-12,1891,Dantumadiel,Friesland,21,Ziekenhuisopname,0,2
2020-10-12,1891,Dantumadiel,Friesland,21,Overleden,0,0
2020-10-12,1892,Zuidplas,Zuid-Holland,28,Totaal,16,657
2020-10-12,1892,Zuidplas,Zuid-Holland,28,Ziekenhuisopname,0,28
2020-10-12,1892,Zuidplas,Zuid-Holland,28,Overleden,0,21
2020-10-12,1894,Peel en Maas,Limburg,31,Totaal,21,429
2020-10-12,1894,Peel en Maas,Limburg,31,Ziekenhuisopname,0,144
2020-10-12,1894,Peel en Maas,Limburg,31,Overleden,0,65
2020-10-12,1895,Oldambt,Groningen,20,Totaal,6,122
2020-10-12,1895,Oldambt,Groningen,20,Ziekenhuisopname,2,10
2020-10-12,1895,Oldambt,Groningen,20,Overleden,0,3
2020-10-12,1896,Zwartewaterland,Overijssel,23,Totaal,4,215
2020-10-12,1896,Zwartewaterland,Overijssel,23,Ziekenhuisopname,0,35
2020-10-12,1896,Zwartewaterland,Overijssel,23,Overleden,0,21
2020-10-12,1900,Sdwest-Frysln,Friesland,21,Totaal,44,384
2020-10-12,1900,Sdwest-Frysln,Friesland,21,Ziekenhuisopname,0,19
2020-10-12,1900,Sdwest-Frysln,Friesland,21,Overleden,0,6
2020-10-12,1901,Bodegraven-Reeuwijk,Zuid-Holland,28,Totaal,13,357
2020-10-12,1901,Bodegraven-Reeuwijk,Zuid-Holland,28,Ziekenhuisopname,0,10
2020-10-12,1901,Bodegraven-Reeuwijk,Zuid-Holland,28,Overleden,0,9
2020-10-12,1903,Eijsden-Margraten,Limburg,31,Totaal,8,275
2020-10-12,1903,Eijsden-Margraten,Limburg,31,Ziekenhuisopname,0,55
2020-10-12,1903,Eijsden-Margraten,Limburg,31,Overleden,0,27
2020-10-12,1904,Stichtse Vecht,Utrecht,26,Totaal,26,649
2020-10-12,1904,Stichtse Vecht,Utrecht,26,Ziekenhuisopname,0,42
2020-10-12,1904,Stichtse Vecht,Utrecht,26,Overleden,0,14
2020-10-12,1911,Hollands Kroon,Noord-Holland,27,Totaal,7,182
2020-10-12,1911,Hollands Kroon,Noord-Holland,27,Ziekenhuisopname,0,26
2020-10-12,1911,Hollands Kroon,Noord-Holland,27,Overleden,0,6
2020-10-12,1916,Leidschendam-Voorburg,Zuid-Holland,28,Totaal,30,903
2020-10-12,1916,Leidschendam-Voorburg,Zuid-Holland,28,Ziekenhuisopname,0,34
2020-10-12,1916,Leidschendam-Voorburg,Zuid-Holland,28,Overleden,0,25
2020-10-12,1924,Goeree-Overflakkee,Zuid-Holland,28,Totaal,11,536
2020-10-12,1924,Goeree-Overflakkee,Zuid-Holland,28,Ziekenhuisopname,0,57
2020-10-12,1924,Goeree-Overflakkee,Zuid-Holland,28,Overleden,0,35
2020-10-12,1926,Pijnacker-Nootdorp,Zuid-Holland,28,Totaal,33,670
2020-10-12,1926,Pijnacker-Nootdorp,Zuid-Holland,28,Ziekenhuisopname,0,30
2020-10-12,1926,Pijnacker-Nootdorp,Zuid-Holland,28,Overleden,0,18
2020-10-12,1930,Nissewaard,Zuid-Holland,28,Totaal,55,918
2020-10-12,1930,Nissewaard,Zuid-Holland,28,Ziekenhuisopname,0,64
2020-10-12,1930,Nissewaard,Zuid-Holland,28,Overleden,0,23
2020-10-12,1931,Krimpenerwaard,Zuid-Holland,28,Totaal,22,699
2020-10-12,1931,Krimpenerwaard,Zuid-Holland,28,Ziekenhuisopname,0,47
2020-10-12,1931,Krimpenerwaard,Zuid-Holland,28,Overleden,0,35
2020-10-12,1940,De Fryske Marren,Friesland,21,Totaal,24,245
2020-10-12,1940,De Fryske Marren,Friesland,21,Ziekenhuisopname,1,20
2020-10-12,1940,De Fryske Marren,Friesland,21,Overleden,0,6
2020-10-12,1942,Gooise Meren,Noord-Holland,27,Totaal,16,567
2020-10-12,1942,Gooise Meren,Noord-Holland,27,Ziekenhuisopname,0,26
2020-10-12,1942,Gooise Meren,Noord-Holland,27,Overleden,0,15
2020-10-12,1945,Berg en Dal,Gelderland,25,Totaal,13,427
2020-10-12,1945,Berg en Dal,Gelderland,25,Ziekenhuisopname,1,33
2020-10-12,1945,Berg en Dal,Gelderland,25,Overleden,0,20
2020-10-12,1948,Meierijstad,Noord-Brabant,30,Totaal,32,930
2020-10-12,1948,Meierijstad,Noord-Brabant,30,Ziekenhuisopname,0,211
2020-10-12,1948,Meierijstad,Noord-Brabant,30,Overleden,0,131
2020-10-12,1949,Waadhoeke,Friesland,21,Totaal,14,241
2020-10-12,1949,Waadhoeke,Friesland,21,Ziekenhuisopname,0,13
2020-10-12,1949,Waadhoeke,Friesland,21,Overleden,0,15
2020-10-12,1950,Westerwolde,Groningen,20,Totaal,7,75
2020-10-12,1950,Westerwolde,Groningen,20,Ziekenhuisopname,0,7
2020-10-12,1950,Westerwolde,Groningen,20,Overleden,0,1
2020-10-12,1952,Midden-Groningen,Groningen,20,Totaal,9,170
2020-10-12,1952,Midden-Groningen,Groningen,20,Ziekenhuisopname,0,7
2020-10-12,1952,Midden-Groningen,Groningen,20,Overleden,0,4
2020-10-12,1954,Beekdaelen,Limburg,31,Totaal,2,268
2020-10-12,1954,Beekdaelen,Limburg,31,Ziekenhuisopname,0,52
2020-10-12,1954,Beekdaelen,Limburg,31,Overleden,0,23
2020-10-12,1955,Montferland,Gelderland,25,Totaal,15,204
2020-10-12,1955,Montferland,Gelderland,25,Ziekenhuisopname,0,22
2020-10-12,1955,Montferland,Gelderland,25,Overleden,0,9
2020-10-12,1959,Altena,Noord-Brabant,30,Totaal,23,451
2020-10-12,1959,Altena,Noord-Brabant,30,Ziekenhuisopname,0,36
2020-10-12,1959,Altena,Noord-Brabant,30,Overleden,0,11
2020-10-12,1960,West Betuwe,Gelderland,25,Totaal,16,400
2020-10-12,1960,West Betuwe,Gelderland,25,Ziekenhuisopname,1,45
2020-10-12,1960,West Betuwe,Gelderland,25,Overleden,0,29
2020-10-12,1961,Vijfheerenlanden,Utrecht,26,Totaal,24,754
2020-10-12,1961,Vijfheerenlanden,Utrecht,26,Ziekenhuisopname,0,40
2020-10-12,1961,Vijfheerenlanden,Utrecht,26,Overleden,0,43
2020-10-12,1963,Hoeksche Waard,Zuid-Holland,28,Totaal,38,1056
2020-10-12,1963,Hoeksche Waard,Zuid-Holland,28,Ziekenhuisopname,0,81
2020-10-12,1963,Hoeksche Waard,Zuid-Holland,28,Overleden,0,21
2020-10-12,1966,Het Hogeland,Groningen,20,Totaal,13,209
2020-10-12,1966,Het Hogeland,Groningen,20,Ziekenhuisopname,0,8
2020-10-12,1966,Het Hogeland,Groningen,20,Overleden,0,4
2020-10-12,1969,Westerkwartier,Groningen,20,Totaal,21,229
2020-10-12,1969,Westerkwartier,Groningen,20,Ziekenhuisopname,0,16
2020-10-12,1969,Westerkwartier,Groningen,20,Overleden,0,4
2020-10-12,1970,Noardeast-Frysln,Friesland,21,Totaal,6,160
2020-10-12,1970,Noardeast-Frysln,Friesland,21,Ziekenhuisopname,0,7
2020-10-12,1970,Noardeast-Frysln,Friesland,21,Overleden,0,4
2020-10-12,1978,Molenlanden,Zuid-Holland,28,Totaal,16,356
2020-10-12,1978,Molenlanden,Zuid-Holland,28,Ziekenhuisopname,0,20
2020-10-12,1978,Molenlanden,Zuid-Holland,28,Overleden,0,9
