Datum,Gemeentecode,Gemeentenaam,Provincienaam,Provinciecode,Type,Aantal,AantalCumulatief
2020-04-20,-1,,,-1,Totaal,10,363
2020-04-20,-1,,,-1,Ziekenhuisopname,0,53
2020-04-20,-1,,,-1,Overleden,0,15
2020-04-20,3,Appingedam,Groningen,20,Totaal,0,3
2020-04-20,3,Appingedam,Groningen,20,Ziekenhuisopname,0,2
2020-04-20,3,Appingedam,Groningen,20,Overleden,0,0
2020-04-20,10,Delfzijl,Groningen,20,Totaal,1,15
2020-04-20,10,Delfzijl,Groningen,20,Ziekenhuisopname,0,5
2020-04-20,10,Delfzijl,Groningen,20,Overleden,0,0
2020-04-20,14,Groningen,Groningen,20,Totaal,2,149
2020-04-20,14,Groningen,Groningen,20,Ziekenhuisopname,0,16
2020-04-20,14,Groningen,Groningen,20,Overleden,0,2
2020-04-20,24,Loppersum,Groningen,20,Totaal,0,2
2020-04-20,24,Loppersum,Groningen,20,Ziekenhuisopname,0,0
2020-04-20,24,Loppersum,Groningen,20,Overleden,0,0
2020-04-20,34,Almere,Flevoland,24,Totaal,4,240
2020-04-20,34,Almere,Flevoland,24,Ziekenhuisopname,0,103
2020-04-20,34,Almere,Flevoland,24,Overleden,0,5
2020-04-20,37,Stadskanaal,Groningen,20,Totaal,0,4
2020-04-20,37,Stadskanaal,Groningen,20,Ziekenhuisopname,0,2
2020-04-20,37,Stadskanaal,Groningen,20,Overleden,0,1
2020-04-20,47,Veendam,Groningen,20,Totaal,0,8
2020-04-20,47,Veendam,Groningen,20,Ziekenhuisopname,0,2
2020-04-20,47,Veendam,Groningen,20,Overleden,0,0
2020-04-20,50,Zeewolde,Flevoland,24,Totaal,0,26
2020-04-20,50,Zeewolde,Flevoland,24,Ziekenhuisopname,0,8
2020-04-20,50,Zeewolde,Flevoland,24,Overleden,0,3
2020-04-20,59,Achtkarspelen,Friesland,21,Totaal,0,7
2020-04-20,59,Achtkarspelen,Friesland,21,Ziekenhuisopname,0,0
2020-04-20,59,Achtkarspelen,Friesland,21,Overleden,0,0
2020-04-20,60,Ameland,Friesland,21,Totaal,0,0
2020-04-20,60,Ameland,Friesland,21,Ziekenhuisopname,0,0
2020-04-20,60,Ameland,Friesland,21,Overleden,0,0
2020-04-20,72,Harlingen,Friesland,21,Totaal,0,14
2020-04-20,72,Harlingen,Friesland,21,Ziekenhuisopname,0,4
2020-04-20,72,Harlingen,Friesland,21,Overleden,0,1
2020-04-20,74,Heerenveen,Friesland,21,Totaal,0,77
2020-04-20,74,Heerenveen,Friesland,21,Ziekenhuisopname,1,13
2020-04-20,74,Heerenveen,Friesland,21,Overleden,2,13
2020-04-20,80,Leeuwarden,Friesland,21,Totaal,0,50
2020-04-20,80,Leeuwarden,Friesland,21,Ziekenhuisopname,0,32
2020-04-20,80,Leeuwarden,Friesland,21,Overleden,0,6
2020-04-20,85,Ooststellingwerf,Friesland,21,Totaal,1,4
2020-04-20,85,Ooststellingwerf,Friesland,21,Ziekenhuisopname,1,3
2020-04-20,85,Ooststellingwerf,Friesland,21,Overleden,0,0
2020-04-20,86,Opsterland,Friesland,21,Totaal,0,21
2020-04-20,86,Opsterland,Friesland,21,Ziekenhuisopname,0,6
2020-04-20,86,Opsterland,Friesland,21,Overleden,0,0
2020-04-20,88,Schiermonnikoog,Friesland,21,Totaal,0,0
2020-04-20,88,Schiermonnikoog,Friesland,21,Ziekenhuisopname,0,0
2020-04-20,88,Schiermonnikoog,Friesland,21,Overleden,0,0
2020-04-20,90,Smallingerland,Friesland,21,Totaal,0,39
2020-04-20,90,Smallingerland,Friesland,21,Ziekenhuisopname,0,7
2020-04-20,90,Smallingerland,Friesland,21,Overleden,0,3
2020-04-20,93,Terschelling,Friesland,21,Totaal,0,2
2020-04-20,93,Terschelling,Friesland,21,Ziekenhuisopname,0,0
2020-04-20,93,Terschelling,Friesland,21,Overleden,0,0
2020-04-20,96,Vlieland,Friesland,21,Totaal,0,0
2020-04-20,96,Vlieland,Friesland,21,Ziekenhuisopname,0,0
2020-04-20,96,Vlieland,Friesland,21,Overleden,0,0
2020-04-20,98,Weststellingwerf,Friesland,21,Totaal,0,21
2020-04-20,98,Weststellingwerf,Friesland,21,Ziekenhuisopname,0,2
2020-04-20,98,Weststellingwerf,Friesland,21,Overleden,0,2
2020-04-20,106,Assen,Drenthe,22,Totaal,0,35
2020-04-20,106,Assen,Drenthe,22,Ziekenhuisopname,0,10
2020-04-20,106,Assen,Drenthe,22,Overleden,0,2
2020-04-20,109,Coevorden,Drenthe,22,Totaal,0,45
2020-04-20,109,Coevorden,Drenthe,22,Ziekenhuisopname,0,12
2020-04-20,109,Coevorden,Drenthe,22,Overleden,0,1
2020-04-20,114,Emmen,Drenthe,22,Totaal,2,72
2020-04-20,114,Emmen,Drenthe,22,Ziekenhuisopname,0,15
2020-04-20,114,Emmen,Drenthe,22,Overleden,0,7
2020-04-20,118,Hoogeveen,Drenthe,22,Totaal,4,62
2020-04-20,118,Hoogeveen,Drenthe,22,Ziekenhuisopname,0,12
2020-04-20,118,Hoogeveen,Drenthe,22,Overleden,0,4
2020-04-20,119,Meppel,Drenthe,22,Totaal,1,28
2020-04-20,119,Meppel,Drenthe,22,Ziekenhuisopname,0,6
2020-04-20,119,Meppel,Drenthe,22,Overleden,0,3
2020-04-20,141,Almelo,Overijssel,23,Totaal,0,79
2020-04-20,141,Almelo,Overijssel,23,Ziekenhuisopname,0,20
2020-04-20,141,Almelo,Overijssel,23,Overleden,0,3
2020-04-20,147,Borne,Overijssel,23,Totaal,0,43
2020-04-20,147,Borne,Overijssel,23,Ziekenhuisopname,0,13
2020-04-20,147,Borne,Overijssel,23,Overleden,0,6
2020-04-20,148,Dalfsen,Overijssel,23,Totaal,3,66
2020-04-20,148,Dalfsen,Overijssel,23,Ziekenhuisopname,0,15
2020-04-20,148,Dalfsen,Overijssel,23,Overleden,0,6
2020-04-20,150,Deventer,Overijssel,23,Totaal,12,170
2020-04-20,150,Deventer,Overijssel,23,Ziekenhuisopname,0,42
2020-04-20,150,Deventer,Overijssel,23,Overleden,0,23
2020-04-20,153,Enschede,Overijssel,23,Totaal,0,156
2020-04-20,153,Enschede,Overijssel,23,Ziekenhuisopname,0,48
2020-04-20,153,Enschede,Overijssel,23,Overleden,0,13
2020-04-20,158,Haaksbergen,Overijssel,23,Totaal,0,49
2020-04-20,158,Haaksbergen,Overijssel,23,Ziekenhuisopname,0,14
2020-04-20,158,Haaksbergen,Overijssel,23,Overleden,0,1
2020-04-20,160,Hardenberg,Overijssel,23,Totaal,2,145
2020-04-20,160,Hardenberg,Overijssel,23,Ziekenhuisopname,0,23
2020-04-20,160,Hardenberg,Overijssel,23,Overleden,0,6
2020-04-20,163,Hellendoorn,Overijssel,23,Totaal,0,52
2020-04-20,163,Hellendoorn,Overijssel,23,Ziekenhuisopname,0,7
2020-04-20,163,Hellendoorn,Overijssel,23,Overleden,0,2
2020-04-20,164,Hengelo,Overijssel,23,Totaal,0,105
2020-04-20,164,Hengelo,Overijssel,23,Ziekenhuisopname,0,17
2020-04-20,164,Hengelo,Overijssel,23,Overleden,0,14
2020-04-20,166,Kampen,Overijssel,23,Totaal,4,287
2020-04-20,166,Kampen,Overijssel,23,Ziekenhuisopname,1,57
2020-04-20,166,Kampen,Overijssel,23,Overleden,1,23
2020-04-20,168,Losser,Overijssel,23,Totaal,0,20
2020-04-20,168,Losser,Overijssel,23,Ziekenhuisopname,0,7
2020-04-20,168,Losser,Overijssel,23,Overleden,0,0
2020-04-20,171,Noordoostpolder,Flevoland,24,Totaal,1,50
2020-04-20,171,Noordoostpolder,Flevoland,24,Ziekenhuisopname,1,13
2020-04-20,171,Noordoostpolder,Flevoland,24,Overleden,0,3
2020-04-20,173,Oldenzaal,Overijssel,23,Totaal,0,46
2020-04-20,173,Oldenzaal,Overijssel,23,Ziekenhuisopname,0,14
2020-04-20,173,Oldenzaal,Overijssel,23,Overleden,0,5
2020-04-20,175,Ommen,Overijssel,23,Totaal,2,44
2020-04-20,175,Ommen,Overijssel,23,Ziekenhuisopname,0,9
2020-04-20,175,Ommen,Overijssel,23,Overleden,0,2
2020-04-20,177,Raalte,Overijssel,23,Totaal,14,105
2020-04-20,177,Raalte,Overijssel,23,Ziekenhuisopname,0,22
2020-04-20,177,Raalte,Overijssel,23,Overleden,0,9
2020-04-20,180,Staphorst,Overijssel,23,Totaal,0,50
2020-04-20,180,Staphorst,Overijssel,23,Ziekenhuisopname,0,8
2020-04-20,180,Staphorst,Overijssel,23,Overleden,0,3
2020-04-20,183,Tubbergen,Overijssel,23,Totaal,0,70
2020-04-20,183,Tubbergen,Overijssel,23,Ziekenhuisopname,0,10
2020-04-20,183,Tubbergen,Overijssel,23,Overleden,0,3
2020-04-20,184,Urk,Flevoland,24,Totaal,0,57
2020-04-20,184,Urk,Flevoland,24,Ziekenhuisopname,0,19
2020-04-20,184,Urk,Flevoland,24,Overleden,0,4
2020-04-20,189,Wierden,Overijssel,23,Totaal,0,37
2020-04-20,189,Wierden,Overijssel,23,Ziekenhuisopname,0,4
2020-04-20,189,Wierden,Overijssel,23,Overleden,0,3
2020-04-20,193,Zwolle,Overijssel,23,Totaal,7,289
2020-04-20,193,Zwolle,Overijssel,23,Ziekenhuisopname,0,52
2020-04-20,193,Zwolle,Overijssel,23,Overleden,1,34
2020-04-20,197,Aalten,Gelderland,25,Totaal,0,45
2020-04-20,197,Aalten,Gelderland,25,Ziekenhuisopname,0,4
2020-04-20,197,Aalten,Gelderland,25,Overleden,0,3
2020-04-20,200,Apeldoorn,Gelderland,25,Totaal,32,269
2020-04-20,200,Apeldoorn,Gelderland,25,Ziekenhuisopname,1,45
2020-04-20,200,Apeldoorn,Gelderland,25,Overleden,1,30
2020-04-20,202,Arnhem,Gelderland,25,Totaal,1,204
2020-04-20,202,Arnhem,Gelderland,25,Ziekenhuisopname,1,57
2020-04-20,202,Arnhem,Gelderland,25,Overleden,0,17
2020-04-20,203,Barneveld,Gelderland,25,Totaal,2,94
2020-04-20,203,Barneveld,Gelderland,25,Ziekenhuisopname,1,16
2020-04-20,203,Barneveld,Gelderland,25,Overleden,0,6
2020-04-20,209,Beuningen,Gelderland,25,Totaal,2,51
2020-04-20,209,Beuningen,Gelderland,25,Ziekenhuisopname,0,19
2020-04-20,209,Beuningen,Gelderland,25,Overleden,0,4
2020-04-20,213,Brummen,Gelderland,25,Totaal,0,28
2020-04-20,213,Brummen,Gelderland,25,Ziekenhuisopname,1,13
2020-04-20,213,Brummen,Gelderland,25,Overleden,0,3
2020-04-20,214,Buren,Gelderland,25,Totaal,1,33
2020-04-20,214,Buren,Gelderland,25,Ziekenhuisopname,1,12
2020-04-20,214,Buren,Gelderland,25,Overleden,0,5
2020-04-20,216,Culemborg,Gelderland,25,Totaal,1,51
2020-04-20,216,Culemborg,Gelderland,25,Ziekenhuisopname,1,21
2020-04-20,216,Culemborg,Gelderland,25,Overleden,1,7
2020-04-20,221,Doesburg,Gelderland,25,Totaal,0,21
2020-04-20,221,Doesburg,Gelderland,25,Ziekenhuisopname,0,7
2020-04-20,221,Doesburg,Gelderland,25,Overleden,0,6
2020-04-20,222,Doetinchem,Gelderland,25,Totaal,1,69
2020-04-20,222,Doetinchem,Gelderland,25,Ziekenhuisopname,0,13
2020-04-20,222,Doetinchem,Gelderland,25,Overleden,0,11
2020-04-20,225,Druten,Gelderland,25,Totaal,5,99
2020-04-20,225,Druten,Gelderland,25,Ziekenhuisopname,1,21
2020-04-20,225,Druten,Gelderland,25,Overleden,0,5
2020-04-20,226,Duiven,Gelderland,25,Totaal,0,34
2020-04-20,226,Duiven,Gelderland,25,Ziekenhuisopname,0,12
2020-04-20,226,Duiven,Gelderland,25,Overleden,0,4
2020-04-20,228,Ede,Gelderland,25,Totaal,4,160
2020-04-20,228,Ede,Gelderland,25,Ziekenhuisopname,1,52
2020-04-20,228,Ede,Gelderland,25,Overleden,0,18
2020-04-20,230,Elburg,Gelderland,25,Totaal,5,96
2020-04-20,230,Elburg,Gelderland,25,Ziekenhuisopname,0,16
2020-04-20,230,Elburg,Gelderland,25,Overleden,1,4
2020-04-20,232,Epe,Gelderland,25,Totaal,7,106
2020-04-20,232,Epe,Gelderland,25,Ziekenhuisopname,0,27
2020-04-20,232,Epe,Gelderland,25,Overleden,0,13
2020-04-20,233,Ermelo,Gelderland,25,Totaal,2,83
2020-04-20,233,Ermelo,Gelderland,25,Ziekenhuisopname,0,18
2020-04-20,233,Ermelo,Gelderland,25,Overleden,0,10
2020-04-20,243,Harderwijk,Gelderland,25,Totaal,4,85
2020-04-20,243,Harderwijk,Gelderland,25,Ziekenhuisopname,0,19
2020-04-20,243,Harderwijk,Gelderland,25,Overleden,0,10
2020-04-20,244,Hattem,Gelderland,25,Totaal,0,38
2020-04-20,244,Hattem,Gelderland,25,Ziekenhuisopname,1,11
2020-04-20,244,Hattem,Gelderland,25,Overleden,1,5
2020-04-20,246,Heerde,Gelderland,25,Totaal,7,139
2020-04-20,246,Heerde,Gelderland,25,Ziekenhuisopname,1,30
2020-04-20,246,Heerde,Gelderland,25,Overleden,0,18
2020-04-20,252,Heumen,Gelderland,25,Totaal,2,54
2020-04-20,252,Heumen,Gelderland,25,Ziekenhuisopname,1,17
2020-04-20,252,Heumen,Gelderland,25,Overleden,0,4
2020-04-20,262,Lochem,Gelderland,25,Totaal,2,65
2020-04-20,262,Lochem,Gelderland,25,Ziekenhuisopname,0,11
2020-04-20,262,Lochem,Gelderland,25,Overleden,0,7
2020-04-20,263,Maasdriel,Gelderland,25,Totaal,1,29
2020-04-20,263,Maasdriel,Gelderland,25,Ziekenhuisopname,0,15
2020-04-20,263,Maasdriel,Gelderland,25,Overleden,1,4
2020-04-20,267,Nijkerk,Gelderland,25,Totaal,0,47
2020-04-20,267,Nijkerk,Gelderland,25,Ziekenhuisopname,0,21
2020-04-20,267,Nijkerk,Gelderland,25,Overleden,0,2
2020-04-20,268,Nijmegen,Gelderland,25,Totaal,6,499
2020-04-20,268,Nijmegen,Gelderland,25,Ziekenhuisopname,1,119
2020-04-20,268,Nijmegen,Gelderland,25,Overleden,1,43
2020-04-20,269,Oldebroek,Gelderland,25,Totaal,4,102
2020-04-20,269,Oldebroek,Gelderland,25,Ziekenhuisopname,0,25
2020-04-20,269,Oldebroek,Gelderland,25,Overleden,0,13
2020-04-20,273,Putten,Gelderland,25,Totaal,0,17
2020-04-20,273,Putten,Gelderland,25,Ziekenhuisopname,0,3
2020-04-20,273,Putten,Gelderland,25,Overleden,0,0
2020-04-20,274,Renkum,Gelderland,25,Totaal,0,51
2020-04-20,274,Renkum,Gelderland,25,Ziekenhuisopname,0,14
2020-04-20,274,Renkum,Gelderland,25,Overleden,0,2
2020-04-20,275,Rheden,Gelderland,25,Totaal,3,64
2020-04-20,275,Rheden,Gelderland,25,Ziekenhuisopname,0,31
2020-04-20,275,Rheden,Gelderland,25,Overleden,0,14
2020-04-20,277,Rozendaal,Gelderland,25,Totaal,0,2
2020-04-20,277,Rozendaal,Gelderland,25,Ziekenhuisopname,0,1
2020-04-20,277,Rozendaal,Gelderland,25,Overleden,0,0
2020-04-20,279,Scherpenzeel,Gelderland,25,Totaal,0,17
2020-04-20,279,Scherpenzeel,Gelderland,25,Ziekenhuisopname,0,3
2020-04-20,279,Scherpenzeel,Gelderland,25,Overleden,0,2
2020-04-20,281,Tiel,Gelderland,25,Totaal,3,84
2020-04-20,281,Tiel,Gelderland,25,Ziekenhuisopname,0,37
2020-04-20,281,Tiel,Gelderland,25,Overleden,0,14
2020-04-20,285,Voorst,Gelderland,25,Totaal,3,45
2020-04-20,285,Voorst,Gelderland,25,Ziekenhuisopname,0,10
2020-04-20,285,Voorst,Gelderland,25,Overleden,0,7
2020-04-20,289,Wageningen,Gelderland,25,Totaal,0,39
2020-04-20,289,Wageningen,Gelderland,25,Ziekenhuisopname,1,18
2020-04-20,289,Wageningen,Gelderland,25,Overleden,0,8
2020-04-20,293,Westervoort,Gelderland,25,Totaal,1,28
2020-04-20,293,Westervoort,Gelderland,25,Ziekenhuisopname,0,10
2020-04-20,293,Westervoort,Gelderland,25,Overleden,1,3
2020-04-20,294,Winterswijk,Gelderland,25,Totaal,1,26
2020-04-20,294,Winterswijk,Gelderland,25,Ziekenhuisopname,0,3
2020-04-20,294,Winterswijk,Gelderland,25,Overleden,0,1
2020-04-20,296,Wijchen,Gelderland,25,Totaal,1,114
2020-04-20,296,Wijchen,Gelderland,25,Ziekenhuisopname,0,38
2020-04-20,296,Wijchen,Gelderland,25,Overleden,0,7
2020-04-20,297,Zaltbommel,Gelderland,25,Totaal,3,58
2020-04-20,297,Zaltbommel,Gelderland,25,Ziekenhuisopname,0,18
2020-04-20,297,Zaltbommel,Gelderland,25,Overleden,0,4
2020-04-20,299,Zevenaar,Gelderland,25,Totaal,1,79
2020-04-20,299,Zevenaar,Gelderland,25,Ziekenhuisopname,1,42
2020-04-20,299,Zevenaar,Gelderland,25,Overleden,0,10
2020-04-20,301,Zutphen,Gelderland,25,Totaal,0,58
2020-04-20,301,Zutphen,Gelderland,25,Ziekenhuisopname,0,20
2020-04-20,301,Zutphen,Gelderland,25,Overleden,0,10
2020-04-20,302,Nunspeet,Gelderland,25,Totaal,12,151
2020-04-20,302,Nunspeet,Gelderland,25,Ziekenhuisopname,0,33
2020-04-20,302,Nunspeet,Gelderland,25,Overleden,0,15
2020-04-20,303,Dronten,Flevoland,24,Totaal,1,91
2020-04-20,303,Dronten,Flevoland,24,Ziekenhuisopname,0,25
2020-04-20,303,Dronten,Flevoland,24,Overleden,1,5
2020-04-20,307,Amersfoort,Utrecht,26,Totaal,5,144
2020-04-20,307,Amersfoort,Utrecht,26,Ziekenhuisopname,1,54
2020-04-20,307,Amersfoort,Utrecht,26,Overleden,1,18
2020-04-20,308,Baarn,Utrecht,26,Totaal,1,34
2020-04-20,308,Baarn,Utrecht,26,Ziekenhuisopname,0,10
2020-04-20,308,Baarn,Utrecht,26,Overleden,0,2
2020-04-20,310,De Bilt,Utrecht,26,Totaal,1,92
2020-04-20,310,De Bilt,Utrecht,26,Ziekenhuisopname,2,23
2020-04-20,310,De Bilt,Utrecht,26,Overleden,0,8
2020-04-20,312,Bunnik,Utrecht,26,Totaal,1,23
2020-04-20,312,Bunnik,Utrecht,26,Ziekenhuisopname,0,7
2020-04-20,312,Bunnik,Utrecht,26,Overleden,0,1
2020-04-20,313,Bunschoten,Utrecht,26,Totaal,1,47
2020-04-20,313,Bunschoten,Utrecht,26,Ziekenhuisopname,0,5
2020-04-20,313,Bunschoten,Utrecht,26,Overleden,1,4
2020-04-20,317,Eemnes,Utrecht,26,Totaal,1,14
2020-04-20,317,Eemnes,Utrecht,26,Ziekenhuisopname,0,2
2020-04-20,317,Eemnes,Utrecht,26,Overleden,0,1
2020-04-20,321,Houten,Utrecht,26,Totaal,1,95
2020-04-20,321,Houten,Utrecht,26,Ziekenhuisopname,0,23
2020-04-20,321,Houten,Utrecht,26,Overleden,0,10
2020-04-20,327,Leusden,Utrecht,26,Totaal,0,34
2020-04-20,327,Leusden,Utrecht,26,Ziekenhuisopname,0,8
2020-04-20,327,Leusden,Utrecht,26,Overleden,0,4
2020-04-20,331,Lopik,Utrecht,26,Totaal,2,42
2020-04-20,331,Lopik,Utrecht,26,Ziekenhuisopname,0,18
2020-04-20,331,Lopik,Utrecht,26,Overleden,0,3
2020-04-20,335,Montfoort,Utrecht,26,Totaal,0,32
2020-04-20,335,Montfoort,Utrecht,26,Ziekenhuisopname,0,12
2020-04-20,335,Montfoort,Utrecht,26,Overleden,0,4
2020-04-20,339,Renswoude,Utrecht,26,Totaal,0,15
2020-04-20,339,Renswoude,Utrecht,26,Ziekenhuisopname,0,4
2020-04-20,339,Renswoude,Utrecht,26,Overleden,0,5
2020-04-20,340,Rhenen,Utrecht,26,Totaal,0,20
2020-04-20,340,Rhenen,Utrecht,26,Ziekenhuisopname,1,7
2020-04-20,340,Rhenen,Utrecht,26,Overleden,0,4
2020-04-20,342,Soest,Utrecht,26,Totaal,0,69
2020-04-20,342,Soest,Utrecht,26,Ziekenhuisopname,0,21
2020-04-20,342,Soest,Utrecht,26,Overleden,1,9
2020-04-20,344,Utrecht,Utrecht,26,Totaal,7,659
2020-04-20,344,Utrecht,Utrecht,26,Ziekenhuisopname,3,203
2020-04-20,344,Utrecht,Utrecht,26,Overleden,3,64
2020-04-20,345,Veenendaal,Utrecht,26,Totaal,3,107
2020-04-20,345,Veenendaal,Utrecht,26,Ziekenhuisopname,0,37
2020-04-20,345,Veenendaal,Utrecht,26,Overleden,0,9
2020-04-20,351,Woudenberg,Utrecht,26,Totaal,0,22
2020-04-20,351,Woudenberg,Utrecht,26,Ziekenhuisopname,0,9
2020-04-20,351,Woudenberg,Utrecht,26,Overleden,0,1
2020-04-20,352,Wijk bij Duurstede,Utrecht,26,Totaal,0,25
2020-04-20,352,Wijk bij Duurstede,Utrecht,26,Ziekenhuisopname,0,8
2020-04-20,352,Wijk bij Duurstede,Utrecht,26,Overleden,0,1
2020-04-20,353,IJsselstein,Utrecht,26,Totaal,2,93
2020-04-20,353,IJsselstein,Utrecht,26,Ziekenhuisopname,0,33
2020-04-20,353,IJsselstein,Utrecht,26,Overleden,0,23
2020-04-20,355,Zeist,Utrecht,26,Totaal,5,112
2020-04-20,355,Zeist,Utrecht,26,Ziekenhuisopname,3,34
2020-04-20,355,Zeist,Utrecht,26,Overleden,1,13
2020-04-20,356,Nieuwegein,Utrecht,26,Totaal,2,83
2020-04-20,356,Nieuwegein,Utrecht,26,Ziekenhuisopname,0,37
2020-04-20,356,Nieuwegein,Utrecht,26,Overleden,0,10
2020-04-20,358,Aalsmeer,Noord-Holland,27,Totaal,0,35
2020-04-20,358,Aalsmeer,Noord-Holland,27,Ziekenhuisopname,0,8
2020-04-20,358,Aalsmeer,Noord-Holland,27,Overleden,0,2
2020-04-20,361,Alkmaar,Noord-Holland,27,Totaal,0,194
2020-04-20,361,Alkmaar,Noord-Holland,27,Ziekenhuisopname,0,49
2020-04-20,361,Alkmaar,Noord-Holland,27,Overleden,0,19
2020-04-20,362,Amstelveen,Noord-Holland,27,Totaal,4,256
2020-04-20,362,Amstelveen,Noord-Holland,27,Ziekenhuisopname,0,49
2020-04-20,362,Amstelveen,Noord-Holland,27,Overleden,1,30
2020-04-20,363,Amsterdam,Noord-Holland,27,Totaal,35,1570
2020-04-20,363,Amsterdam,Noord-Holland,27,Ziekenhuisopname,10,481
2020-04-20,363,Amsterdam,Noord-Holland,27,Overleden,4,133
2020-04-20,370,Beemster,Noord-Holland,27,Totaal,0,8
2020-04-20,370,Beemster,Noord-Holland,27,Ziekenhuisopname,0,4
2020-04-20,370,Beemster,Noord-Holland,27,Overleden,0,1
2020-04-20,373,Bergen (NH.),Noord-Holland,27,Totaal,1,48
2020-04-20,373,Bergen (NH.),Noord-Holland,27,Ziekenhuisopname,0,16
2020-04-20,373,Bergen (NH.),Noord-Holland,27,Overleden,0,3
2020-04-20,375,Beverwijk,Noord-Holland,27,Totaal,0,68
2020-04-20,375,Beverwijk,Noord-Holland,27,Ziekenhuisopname,0,15
2020-04-20,375,Beverwijk,Noord-Holland,27,Overleden,0,5
2020-04-20,376,Blaricum,Noord-Holland,27,Totaal,2,22
2020-04-20,376,Blaricum,Noord-Holland,27,Ziekenhuisopname,1,7
2020-04-20,376,Blaricum,Noord-Holland,27,Overleden,0,0
2020-04-20,377,Bloemendaal,Noord-Holland,27,Totaal,0,40
2020-04-20,377,Bloemendaal,Noord-Holland,27,Ziekenhuisopname,0,6
2020-04-20,377,Bloemendaal,Noord-Holland,27,Overleden,0,3
2020-04-20,383,Castricum,Noord-Holland,27,Totaal,1,70
2020-04-20,383,Castricum,Noord-Holland,27,Ziekenhuisopname,0,14
2020-04-20,383,Castricum,Noord-Holland,27,Overleden,0,8
2020-04-20,384,Diemen,Noord-Holland,27,Totaal,4,60
2020-04-20,384,Diemen,Noord-Holland,27,Ziekenhuisopname,3,14
2020-04-20,384,Diemen,Noord-Holland,27,Overleden,0,6
2020-04-20,385,Edam-Volendam,Noord-Holland,27,Totaal,5,69
2020-04-20,385,Edam-Volendam,Noord-Holland,27,Ziekenhuisopname,0,19
2020-04-20,385,Edam-Volendam,Noord-Holland,27,Overleden,0,0
2020-04-20,388,Enkhuizen,Noord-Holland,27,Totaal,0,27
2020-04-20,388,Enkhuizen,Noord-Holland,27,Ziekenhuisopname,0,18
2020-04-20,388,Enkhuizen,Noord-Holland,27,Overleden,0,4
2020-04-20,392,Haarlem,Noord-Holland,27,Totaal,0,226
2020-04-20,392,Haarlem,Noord-Holland,27,Ziekenhuisopname,0,54
2020-04-20,392,Haarlem,Noord-Holland,27,Overleden,1,46
2020-04-20,394,Haarlemmermeer,Noord-Holland,27,Totaal,3,180
2020-04-20,394,Haarlemmermeer,Noord-Holland,27,Ziekenhuisopname,0,57
2020-04-20,394,Haarlemmermeer,Noord-Holland,27,Overleden,0,17
2020-04-20,396,Heemskerk,Noord-Holland,27,Totaal,1,75
2020-04-20,396,Heemskerk,Noord-Holland,27,Ziekenhuisopname,0,25
2020-04-20,396,Heemskerk,Noord-Holland,27,Overleden,0,8
2020-04-20,397,Heemstede,Noord-Holland,27,Totaal,0,87
2020-04-20,397,Heemstede,Noord-Holland,27,Ziekenhuisopname,0,10
2020-04-20,397,Heemstede,Noord-Holland,27,Overleden,0,27
2020-04-20,398,Heerhugowaard,Noord-Holland,27,Totaal,1,110
2020-04-20,398,Heerhugowaard,Noord-Holland,27,Ziekenhuisopname,0,25
2020-04-20,398,Heerhugowaard,Noord-Holland,27,Overleden,0,7
2020-04-20,399,Heiloo,Noord-Holland,27,Totaal,0,40
2020-04-20,399,Heiloo,Noord-Holland,27,Ziekenhuisopname,0,9
2020-04-20,399,Heiloo,Noord-Holland,27,Overleden,1,6
2020-04-20,400,Den Helder,Noord-Holland,27,Totaal,0,35
2020-04-20,400,Den Helder,Noord-Holland,27,Ziekenhuisopname,0,12
2020-04-20,400,Den Helder,Noord-Holland,27,Overleden,0,0
2020-04-20,402,Hilversum,Noord-Holland,27,Totaal,8,106
2020-04-20,402,Hilversum,Noord-Holland,27,Ziekenhuisopname,1,24
2020-04-20,402,Hilversum,Noord-Holland,27,Overleden,0,3
2020-04-20,405,Hoorn,Noord-Holland,27,Totaal,1,80
2020-04-20,405,Hoorn,Noord-Holland,27,Ziekenhuisopname,0,33
2020-04-20,405,Hoorn,Noord-Holland,27,Overleden,0,12
2020-04-20,406,Huizen,Noord-Holland,27,Totaal,3,70
2020-04-20,406,Huizen,Noord-Holland,27,Ziekenhuisopname,0,18
2020-04-20,406,Huizen,Noord-Holland,27,Overleden,0,3
2020-04-20,415,Landsmeer,Noord-Holland,27,Totaal,0,19
2020-04-20,415,Landsmeer,Noord-Holland,27,Ziekenhuisopname,0,3
2020-04-20,415,Landsmeer,Noord-Holland,27,Overleden,0,2
2020-04-20,416,Langedijk,Noord-Holland,27,Totaal,0,40
2020-04-20,416,Langedijk,Noord-Holland,27,Ziekenhuisopname,0,16
2020-04-20,416,Langedijk,Noord-Holland,27,Overleden,0,2
2020-04-20,417,Laren,Noord-Holland,27,Totaal,0,22
2020-04-20,417,Laren,Noord-Holland,27,Ziekenhuisopname,0,8
2020-04-20,417,Laren,Noord-Holland,27,Overleden,0,1
2020-04-20,420,Medemblik,Noord-Holland,27,Totaal,1,57
2020-04-20,420,Medemblik,Noord-Holland,27,Ziekenhuisopname,0,17
2020-04-20,420,Medemblik,Noord-Holland,27,Overleden,0,6
2020-04-20,431,Oostzaan,Noord-Holland,27,Totaal,0,23
2020-04-20,431,Oostzaan,Noord-Holland,27,Ziekenhuisopname,0,10
2020-04-20,431,Oostzaan,Noord-Holland,27,Overleden,0,1
2020-04-20,432,Opmeer,Noord-Holland,27,Totaal,0,7
2020-04-20,432,Opmeer,Noord-Holland,27,Ziekenhuisopname,0,1
2020-04-20,432,Opmeer,Noord-Holland,27,Overleden,0,1
2020-04-20,437,Ouder-Amstel,Noord-Holland,27,Totaal,0,25
2020-04-20,437,Ouder-Amstel,Noord-Holland,27,Ziekenhuisopname,0,5
2020-04-20,437,Ouder-Amstel,Noord-Holland,27,Overleden,0,0
2020-04-20,439,Purmerend,Noord-Holland,27,Totaal,3,166
2020-04-20,439,Purmerend,Noord-Holland,27,Ziekenhuisopname,0,61
2020-04-20,439,Purmerend,Noord-Holland,27,Overleden,0,15
2020-04-20,441,Schagen,Noord-Holland,27,Totaal,0,66
2020-04-20,441,Schagen,Noord-Holland,27,Ziekenhuisopname,0,19
2020-04-20,441,Schagen,Noord-Holland,27,Overleden,0,2
2020-04-20,448,Texel,Noord-Holland,27,Totaal,0,11
2020-04-20,448,Texel,Noord-Holland,27,Ziekenhuisopname,0,4
2020-04-20,448,Texel,Noord-Holland,27,Overleden,0,1
2020-04-20,450,Uitgeest,Noord-Holland,27,Totaal,0,21
2020-04-20,450,Uitgeest,Noord-Holland,27,Ziekenhuisopname,0,5
2020-04-20,450,Uitgeest,Noord-Holland,27,Overleden,0,1
2020-04-20,451,Uithoorn,Noord-Holland,27,Totaal,0,42
2020-04-20,451,Uithoorn,Noord-Holland,27,Ziekenhuisopname,1,16
2020-04-20,451,Uithoorn,Noord-Holland,27,Overleden,0,1
2020-04-20,453,Velsen,Noord-Holland,27,Totaal,4,223
2020-04-20,453,Velsen,Noord-Holland,27,Ziekenhuisopname,0,28
2020-04-20,453,Velsen,Noord-Holland,27,Overleden,2,25
2020-04-20,457,Weesp,Noord-Holland,27,Totaal,3,36
2020-04-20,457,Weesp,Noord-Holland,27,Ziekenhuisopname,0,9
2020-04-20,457,Weesp,Noord-Holland,27,Overleden,0,1
2020-04-20,473,Zandvoort,Noord-Holland,27,Totaal,0,29
2020-04-20,473,Zandvoort,Noord-Holland,27,Ziekenhuisopname,0,10
2020-04-20,473,Zandvoort,Noord-Holland,27,Overleden,0,6
2020-04-20,479,Zaanstad,Noord-Holland,27,Totaal,9,281
2020-04-20,479,Zaanstad,Noord-Holland,27,Ziekenhuisopname,0,101
2020-04-20,479,Zaanstad,Noord-Holland,27,Overleden,0,35
2020-04-20,482,Alblasserdam,Zuid-Holland,28,Totaal,2,36
2020-04-20,482,Alblasserdam,Zuid-Holland,28,Ziekenhuisopname,0,8
2020-04-20,482,Alblasserdam,Zuid-Holland,28,Overleden,0,2
2020-04-20,484,Alphen aan den Rijn,Zuid-Holland,28,Totaal,5,137
2020-04-20,484,Alphen aan den Rijn,Zuid-Holland,28,Ziekenhuisopname,0,53
2020-04-20,484,Alphen aan den Rijn,Zuid-Holland,28,Overleden,0,16
2020-04-20,489,Barendrecht,Zuid-Holland,28,Totaal,5,90
2020-04-20,489,Barendrecht,Zuid-Holland,28,Ziekenhuisopname,0,29
2020-04-20,489,Barendrecht,Zuid-Holland,28,Overleden,0,5
2020-04-20,498,Drechterland,Noord-Holland,27,Totaal,0,35
2020-04-20,498,Drechterland,Noord-Holland,27,Ziekenhuisopname,0,3
2020-04-20,498,Drechterland,Noord-Holland,27,Overleden,0,8
2020-04-20,501,Brielle,Zuid-Holland,28,Totaal,0,26
2020-04-20,501,Brielle,Zuid-Holland,28,Ziekenhuisopname,0,12
2020-04-20,501,Brielle,Zuid-Holland,28,Overleden,0,0
2020-04-20,502,Capelle aan den IJssel,Zuid-Holland,28,Totaal,3,210
2020-04-20,502,Capelle aan den IJssel,Zuid-Holland,28,Ziekenhuisopname,0,38
2020-04-20,502,Capelle aan den IJssel,Zuid-Holland,28,Overleden,2,32
2020-04-20,503,Delft,Zuid-Holland,28,Totaal,1,102
2020-04-20,503,Delft,Zuid-Holland,28,Ziekenhuisopname,0,37
2020-04-20,503,Delft,Zuid-Holland,28,Overleden,0,7
2020-04-20,505,Dordrecht,Zuid-Holland,28,Totaal,8,223
2020-04-20,505,Dordrecht,Zuid-Holland,28,Ziekenhuisopname,2,71
2020-04-20,505,Dordrecht,Zuid-Holland,28,Overleden,1,17
2020-04-20,512,Gorinchem,Zuid-Holland,28,Totaal,1,126
2020-04-20,512,Gorinchem,Zuid-Holland,28,Ziekenhuisopname,0,16
2020-04-20,512,Gorinchem,Zuid-Holland,28,Overleden,0,11
2020-04-20,513,Gouda,Zuid-Holland,28,Totaal,2,198
2020-04-20,513,Gouda,Zuid-Holland,28,Ziekenhuisopname,0,32
2020-04-20,513,Gouda,Zuid-Holland,28,Overleden,1,19
2020-04-20,518,'s-Gravenhage,Zuid-Holland,28,Totaal,23,870
2020-04-20,518,'s-Gravenhage,Zuid-Holland,28,Ziekenhuisopname,4,247
2020-04-20,518,'s-Gravenhage,Zuid-Holland,28,Overleden,1,83
2020-04-20,523,Hardinxveld-Giessendam,Zuid-Holland,28,Totaal,-1,27
2020-04-20,523,Hardinxveld-Giessendam,Zuid-Holland,28,Ziekenhuisopname,0,1
2020-04-20,523,Hardinxveld-Giessendam,Zuid-Holland,28,Overleden,0,2
2020-04-20,530,Hellevoetsluis,Zuid-Holland,28,Totaal,1,56
2020-04-20,530,Hellevoetsluis,Zuid-Holland,28,Ziekenhuisopname,0,14
2020-04-20,530,Hellevoetsluis,Zuid-Holland,28,Overleden,0,1
2020-04-20,531,Hendrik-Ido-Ambacht,Zuid-Holland,28,Totaal,3,27
2020-04-20,531,Hendrik-Ido-Ambacht,Zuid-Holland,28,Ziekenhuisopname,0,6
2020-04-20,531,Hendrik-Ido-Ambacht,Zuid-Holland,28,Overleden,0,2
2020-04-20,532,Stede Broec,Noord-Holland,27,Totaal,1,45
2020-04-20,532,Stede Broec,Noord-Holland,27,Ziekenhuisopname,0,18
2020-04-20,532,Stede Broec,Noord-Holland,27,Overleden,0,4
2020-04-20,534,Hillegom,Zuid-Holland,28,Totaal,0,28
2020-04-20,534,Hillegom,Zuid-Holland,28,Ziekenhuisopname,0,7
2020-04-20,534,Hillegom,Zuid-Holland,28,Overleden,0,1
2020-04-20,537,Katwijk,Zuid-Holland,28,Totaal,5,123
2020-04-20,537,Katwijk,Zuid-Holland,28,Ziekenhuisopname,1,22
2020-04-20,537,Katwijk,Zuid-Holland,28,Overleden,0,7
2020-04-20,542,Krimpen aan den IJssel,Zuid-Holland,28,Totaal,0,55
2020-04-20,542,Krimpen aan den IJssel,Zuid-Holland,28,Ziekenhuisopname,0,9
2020-04-20,542,Krimpen aan den IJssel,Zuid-Holland,28,Overleden,1,4
2020-04-20,546,Leiden,Zuid-Holland,28,Totaal,0,109
2020-04-20,546,Leiden,Zuid-Holland,28,Ziekenhuisopname,0,36
2020-04-20,546,Leiden,Zuid-Holland,28,Overleden,0,12
2020-04-20,547,Leiderdorp,Zuid-Holland,28,Totaal,0,23
2020-04-20,547,Leiderdorp,Zuid-Holland,28,Ziekenhuisopname,0,10
2020-04-20,547,Leiderdorp,Zuid-Holland,28,Overleden,0,3
2020-04-20,553,Lisse,Zuid-Holland,28,Totaal,0,19
2020-04-20,553,Lisse,Zuid-Holland,28,Ziekenhuisopname,0,6
2020-04-20,553,Lisse,Zuid-Holland,28,Overleden,0,2
2020-04-20,556,Maassluis,Zuid-Holland,28,Totaal,2,43
2020-04-20,556,Maassluis,Zuid-Holland,28,Ziekenhuisopname,0,14
2020-04-20,556,Maassluis,Zuid-Holland,28,Overleden,0,2
2020-04-20,569,Nieuwkoop,Zuid-Holland,28,Totaal,1,43
2020-04-20,569,Nieuwkoop,Zuid-Holland,28,Ziekenhuisopname,0,8
2020-04-20,569,Nieuwkoop,Zuid-Holland,28,Overleden,0,4
2020-04-20,575,Noordwijk,Zuid-Holland,28,Totaal,1,37
2020-04-20,575,Noordwijk,Zuid-Holland,28,Ziekenhuisopname,0,14
2020-04-20,575,Noordwijk,Zuid-Holland,28,Overleden,0,1
2020-04-20,579,Oegstgeest,Zuid-Holland,28,Totaal,0,34
2020-04-20,579,Oegstgeest,Zuid-Holland,28,Ziekenhuisopname,0,7
2020-04-20,579,Oegstgeest,Zuid-Holland,28,Overleden,0,1
2020-04-20,589,Oudewater,Utrecht,26,Totaal,0,45
2020-04-20,589,Oudewater,Utrecht,26,Ziekenhuisopname,1,25
2020-04-20,589,Oudewater,Utrecht,26,Overleden,0,7
2020-04-20,590,Papendrecht,Zuid-Holland,28,Totaal,2,43
2020-04-20,590,Papendrecht,Zuid-Holland,28,Ziekenhuisopname,0,7
2020-04-20,590,Papendrecht,Zuid-Holland,28,Overleden,0,6
2020-04-20,597,Ridderkerk,Zuid-Holland,28,Totaal,1,87
2020-04-20,597,Ridderkerk,Zuid-Holland,28,Ziekenhuisopname,0,31
2020-04-20,597,Ridderkerk,Zuid-Holland,28,Overleden,0,11
2020-04-20,599,Rotterdam,Zuid-Holland,28,Totaal,29,1586
2020-04-20,599,Rotterdam,Zuid-Holland,28,Ziekenhuisopname,6,353
2020-04-20,599,Rotterdam,Zuid-Holland,28,Overleden,2,121
2020-04-20,603,Rijswijk,Zuid-Holland,28,Totaal,1,79
2020-04-20,603,Rijswijk,Zuid-Holland,28,Ziekenhuisopname,0,23
2020-04-20,603,Rijswijk,Zuid-Holland,28,Overleden,0,5
2020-04-20,606,Schiedam,Zuid-Holland,28,Totaal,3,138
2020-04-20,606,Schiedam,Zuid-Holland,28,Ziekenhuisopname,0,35
2020-04-20,606,Schiedam,Zuid-Holland,28,Overleden,0,4
2020-04-20,610,Sliedrecht,Zuid-Holland,28,Totaal,-1,34
2020-04-20,610,Sliedrecht,Zuid-Holland,28,Ziekenhuisopname,0,7
2020-04-20,610,Sliedrecht,Zuid-Holland,28,Overleden,0,3
2020-04-20,613,Albrandswaard,Zuid-Holland,28,Totaal,3,73
2020-04-20,613,Albrandswaard,Zuid-Holland,28,Ziekenhuisopname,0,9
2020-04-20,613,Albrandswaard,Zuid-Holland,28,Overleden,1,5
2020-04-20,614,Westvoorne,Zuid-Holland,28,Totaal,0,22
2020-04-20,614,Westvoorne,Zuid-Holland,28,Ziekenhuisopname,0,6
2020-04-20,614,Westvoorne,Zuid-Holland,28,Overleden,0,0
2020-04-20,622,Vlaardingen,Zuid-Holland,28,Totaal,2,167
2020-04-20,622,Vlaardingen,Zuid-Holland,28,Ziekenhuisopname,0,30
2020-04-20,622,Vlaardingen,Zuid-Holland,28,Overleden,0,14
2020-04-20,626,Voorschoten,Zuid-Holland,28,Totaal,1,29
2020-04-20,626,Voorschoten,Zuid-Holland,28,Ziekenhuisopname,0,9
2020-04-20,626,Voorschoten,Zuid-Holland,28,Overleden,0,4
2020-04-20,627,Waddinxveen,Zuid-Holland,28,Totaal,3,43
2020-04-20,627,Waddinxveen,Zuid-Holland,28,Ziekenhuisopname,1,14
2020-04-20,627,Waddinxveen,Zuid-Holland,28,Overleden,0,5
2020-04-20,629,Wassenaar,Zuid-Holland,28,Totaal,1,38
2020-04-20,629,Wassenaar,Zuid-Holland,28,Ziekenhuisopname,0,8
2020-04-20,629,Wassenaar,Zuid-Holland,28,Overleden,0,9
2020-04-20,632,Woerden,Utrecht,26,Totaal,2,120
2020-04-20,632,Woerden,Utrecht,26,Ziekenhuisopname,0,46
2020-04-20,632,Woerden,Utrecht,26,Overleden,1,15
2020-04-20,637,Zoetermeer,Zuid-Holland,28,Totaal,5,143
2020-04-20,637,Zoetermeer,Zuid-Holland,28,Ziekenhuisopname,0,38
2020-04-20,637,Zoetermeer,Zuid-Holland,28,Overleden,0,9
2020-04-20,638,Zoeterwoude,Zuid-Holland,28,Totaal,0,7
2020-04-20,638,Zoeterwoude,Zuid-Holland,28,Ziekenhuisopname,0,2
2020-04-20,638,Zoeterwoude,Zuid-Holland,28,Overleden,0,0
2020-04-20,642,Zwijndrecht,Zuid-Holland,28,Totaal,0,93
2020-04-20,642,Zwijndrecht,Zuid-Holland,28,Ziekenhuisopname,0,14
2020-04-20,642,Zwijndrecht,Zuid-Holland,28,Overleden,0,5
2020-04-20,654,Borsele,Zeeland,29,Totaal,0,21
2020-04-20,654,Borsele,Zeeland,29,Ziekenhuisopname,0,5
2020-04-20,654,Borsele,Zeeland,29,Overleden,0,0
2020-04-20,664,Goes,Zeeland,29,Totaal,0,65
2020-04-20,664,Goes,Zeeland,29,Ziekenhuisopname,0,11
2020-04-20,664,Goes,Zeeland,29,Overleden,0,8
2020-04-20,668,West Maas en Waal,Gelderland,25,Totaal,1,68
2020-04-20,668,West Maas en Waal,Gelderland,25,Ziekenhuisopname,1,16
2020-04-20,668,West Maas en Waal,Gelderland,25,Overleden,0,5
2020-04-20,677,Hulst,Zeeland,29,Totaal,0,25
2020-04-20,677,Hulst,Zeeland,29,Ziekenhuisopname,0,8
2020-04-20,677,Hulst,Zeeland,29,Overleden,0,4
2020-04-20,678,Kapelle,Zeeland,29,Totaal,2,17
2020-04-20,678,Kapelle,Zeeland,29,Ziekenhuisopname,0,2
2020-04-20,678,Kapelle,Zeeland,29,Overleden,0,1
2020-04-20,687,Middelburg,Zeeland,29,Totaal,1,41
2020-04-20,687,Middelburg,Zeeland,29,Ziekenhuisopname,0,14
2020-04-20,687,Middelburg,Zeeland,29,Overleden,0,7
2020-04-20,703,Reimerswaal,Zeeland,29,Totaal,0,24
2020-04-20,703,Reimerswaal,Zeeland,29,Ziekenhuisopname,0,4
2020-04-20,703,Reimerswaal,Zeeland,29,Overleden,0,2
2020-04-20,715,Terneuzen,Zeeland,29,Totaal,0,91
2020-04-20,715,Terneuzen,Zeeland,29,Ziekenhuisopname,0,21
2020-04-20,715,Terneuzen,Zeeland,29,Overleden,0,2
2020-04-20,716,Tholen,Zeeland,29,Totaal,2,123
2020-04-20,716,Tholen,Zeeland,29,Ziekenhuisopname,1,38
2020-04-20,716,Tholen,Zeeland,29,Overleden,0,12
2020-04-20,717,Veere,Zeeland,29,Totaal,1,25
2020-04-20,717,Veere,Zeeland,29,Ziekenhuisopname,0,6
2020-04-20,717,Veere,Zeeland,29,Overleden,0,1
2020-04-20,718,Vlissingen,Zeeland,29,Totaal,0,45
2020-04-20,718,Vlissingen,Zeeland,29,Ziekenhuisopname,0,8
2020-04-20,718,Vlissingen,Zeeland,29,Overleden,0,4
2020-04-20,736,De Ronde Venen,Utrecht,26,Totaal,2,70
2020-04-20,736,De Ronde Venen,Utrecht,26,Ziekenhuisopname,1,36
2020-04-20,736,De Ronde Venen,Utrecht,26,Overleden,1,6
2020-04-20,737,Tytsjerksteradiel,Friesland,21,Totaal,0,15
2020-04-20,737,Tytsjerksteradiel,Friesland,21,Ziekenhuisopname,0,4
2020-04-20,737,Tytsjerksteradiel,Friesland,21,Overleden,0,1
2020-04-20,743,Asten,Noord-Brabant,30,Totaal,2,60
2020-04-20,743,Asten,Noord-Brabant,30,Ziekenhuisopname,0,14
2020-04-20,743,Asten,Noord-Brabant,30,Overleden,0,6
2020-04-20,744,Baarle-Nassau,Noord-Brabant,30,Totaal,1,18
2020-04-20,744,Baarle-Nassau,Noord-Brabant,30,Ziekenhuisopname,0,8
2020-04-20,744,Baarle-Nassau,Noord-Brabant,30,Overleden,0,1
2020-04-20,748,Bergen op Zoom,Noord-Brabant,30,Totaal,2,79
2020-04-20,748,Bergen op Zoom,Noord-Brabant,30,Ziekenhuisopname,0,21
2020-04-20,748,Bergen op Zoom,Noord-Brabant,30,Overleden,0,5
2020-04-20,753,Best,Noord-Brabant,30,Totaal,1,48
2020-04-20,753,Best,Noord-Brabant,30,Ziekenhuisopname,0,31
2020-04-20,753,Best,Noord-Brabant,30,Overleden,0,8
2020-04-20,755,Boekel,Noord-Brabant,30,Totaal,1,85
2020-04-20,755,Boekel,Noord-Brabant,30,Ziekenhuisopname,0,31
2020-04-20,755,Boekel,Noord-Brabant,30,Overleden,0,21
2020-04-20,756,Boxmeer,Noord-Brabant,30,Totaal,3,90
2020-04-20,756,Boxmeer,Noord-Brabant,30,Ziekenhuisopname,0,18
2020-04-20,756,Boxmeer,Noord-Brabant,30,Overleden,1,14
2020-04-20,757,Boxtel,Noord-Brabant,30,Totaal,0,50
2020-04-20,757,Boxtel,Noord-Brabant,30,Ziekenhuisopname,0,20
2020-04-20,757,Boxtel,Noord-Brabant,30,Overleden,0,11
2020-04-20,758,Breda,Noord-Brabant,30,Totaal,4,394
2020-04-20,758,Breda,Noord-Brabant,30,Ziekenhuisopname,-1,139
2020-04-20,758,Breda,Noord-Brabant,30,Overleden,1,52
2020-04-20,762,Deurne,Noord-Brabant,30,Totaal,1,122
2020-04-20,762,Deurne,Noord-Brabant,30,Ziekenhuisopname,0,50
2020-04-20,762,Deurne,Noord-Brabant,30,Overleden,2,16
2020-04-20,765,Pekela,Groningen,20,Totaal,0,5
2020-04-20,765,Pekela,Groningen,20,Ziekenhuisopname,0,4
2020-04-20,765,Pekela,Groningen,20,Overleden,0,0
2020-04-20,766,Dongen,Noord-Brabant,30,Totaal,1,61
2020-04-20,766,Dongen,Noord-Brabant,30,Ziekenhuisopname,0,15
2020-04-20,766,Dongen,Noord-Brabant,30,Overleden,1,10
2020-04-20,770,Eersel,Noord-Brabant,30,Totaal,1,56
2020-04-20,770,Eersel,Noord-Brabant,30,Ziekenhuisopname,0,22
2020-04-20,770,Eersel,Noord-Brabant,30,Overleden,0,7
2020-04-20,772,Eindhoven,Noord-Brabant,30,Totaal,2,370
2020-04-20,772,Eindhoven,Noord-Brabant,30,Ziekenhuisopname,0,142
2020-04-20,772,Eindhoven,Noord-Brabant,30,Overleden,1,57
2020-04-20,777,Etten-Leur,Noord-Brabant,30,Totaal,1,136
2020-04-20,777,Etten-Leur,Noord-Brabant,30,Ziekenhuisopname,0,38
2020-04-20,777,Etten-Leur,Noord-Brabant,30,Overleden,0,25
2020-04-20,779,Geertruidenberg,Noord-Brabant,30,Totaal,2,31
2020-04-20,779,Geertruidenberg,Noord-Brabant,30,Ziekenhuisopname,0,10
2020-04-20,779,Geertruidenberg,Noord-Brabant,30,Overleden,0,5
2020-04-20,784,Gilze en Rijen,Noord-Brabant,30,Totaal,2,61
2020-04-20,784,Gilze en Rijen,Noord-Brabant,30,Ziekenhuisopname,0,17
2020-04-20,784,Gilze en Rijen,Noord-Brabant,30,Overleden,0,10
2020-04-20,785,Goirle,Noord-Brabant,30,Totaal,1,61
2020-04-20,785,Goirle,Noord-Brabant,30,Ziekenhuisopname,0,25
2020-04-20,785,Goirle,Noord-Brabant,30,Overleden,0,14
2020-04-20,786,Grave,Noord-Brabant,30,Totaal,2,48
2020-04-20,786,Grave,Noord-Brabant,30,Ziekenhuisopname,0,18
2020-04-20,786,Grave,Noord-Brabant,30,Overleden,0,6
2020-04-20,788,Haaren,Noord-Brabant,30,Totaal,0,36
2020-04-20,788,Haaren,Noord-Brabant,30,Ziekenhuisopname,0,17
2020-04-20,788,Haaren,Noord-Brabant,30,Overleden,0,7
2020-04-20,794,Helmond,Noord-Brabant,30,Totaal,4,257
2020-04-20,794,Helmond,Noord-Brabant,30,Ziekenhuisopname,0,90
2020-04-20,794,Helmond,Noord-Brabant,30,Overleden,0,31
2020-04-20,796,'s-Hertogenbosch,Noord-Brabant,30,Totaal,15,366
2020-04-20,796,'s-Hertogenbosch,Noord-Brabant,30,Ziekenhuisopname,0,115
2020-04-20,796,'s-Hertogenbosch,Noord-Brabant,30,Overleden,1,59
2020-04-20,797,Heusden,Noord-Brabant,30,Totaal,1,100
2020-04-20,797,Heusden,Noord-Brabant,30,Ziekenhuisopname,0,40
2020-04-20,797,Heusden,Noord-Brabant,30,Overleden,0,13
2020-04-20,798,Hilvarenbeek,Noord-Brabant,30,Totaal,1,31
2020-04-20,798,Hilvarenbeek,Noord-Brabant,30,Ziekenhuisopname,0,7
2020-04-20,798,Hilvarenbeek,Noord-Brabant,30,Overleden,0,4
2020-04-20,809,Loon op Zand,Noord-Brabant,30,Totaal,2,48
2020-04-20,809,Loon op Zand,Noord-Brabant,30,Ziekenhuisopname,0,20
2020-04-20,809,Loon op Zand,Noord-Brabant,30,Overleden,0,5
2020-04-20,815,Mill en Sint Hubert,Noord-Brabant,30,Totaal,2,27
2020-04-20,815,Mill en Sint Hubert,Noord-Brabant,30,Ziekenhuisopname,0,9
2020-04-20,815,Mill en Sint Hubert,Noord-Brabant,30,Overleden,0,4
2020-04-20,820,"Nuenen, Gerwen en Nederwetten",Noord-Brabant,30,Totaal,0,41
2020-04-20,820,"Nuenen, Gerwen en Nederwetten",Noord-Brabant,30,Ziekenhuisopname,0,15
2020-04-20,820,"Nuenen, Gerwen en Nederwetten",Noord-Brabant,30,Overleden,0,5
2020-04-20,823,Oirschot,Noord-Brabant,30,Totaal,5,47
2020-04-20,823,Oirschot,Noord-Brabant,30,Ziekenhuisopname,0,12
2020-04-20,823,Oirschot,Noord-Brabant,30,Overleden,0,6
2020-04-20,824,Oisterwijk,Noord-Brabant,30,Totaal,2,53
2020-04-20,824,Oisterwijk,Noord-Brabant,30,Ziekenhuisopname,0,16
2020-04-20,824,Oisterwijk,Noord-Brabant,30,Overleden,0,9
2020-04-20,826,Oosterhout,Noord-Brabant,30,Totaal,3,81
2020-04-20,826,Oosterhout,Noord-Brabant,30,Ziekenhuisopname,1,39
2020-04-20,826,Oosterhout,Noord-Brabant,30,Overleden,0,10
2020-04-20,828,Oss,Noord-Brabant,30,Totaal,10,377
2020-04-20,828,Oss,Noord-Brabant,30,Ziekenhuisopname,0,117
2020-04-20,828,Oss,Noord-Brabant,30,Overleden,2,71
2020-04-20,840,Rucphen,Noord-Brabant,30,Totaal,0,43
2020-04-20,840,Rucphen,Noord-Brabant,30,Ziekenhuisopname,0,7
2020-04-20,840,Rucphen,Noord-Brabant,30,Overleden,0,6
2020-04-20,845,Sint-Michielsgestel,Noord-Brabant,30,Totaal,1,76
2020-04-20,845,Sint-Michielsgestel,Noord-Brabant,30,Ziekenhuisopname,0,34
2020-04-20,845,Sint-Michielsgestel,Noord-Brabant,30,Overleden,0,12
2020-04-20,847,Someren,Noord-Brabant,30,Totaal,1,78
2020-04-20,847,Someren,Noord-Brabant,30,Ziekenhuisopname,0,29
2020-04-20,847,Someren,Noord-Brabant,30,Overleden,0,6
2020-04-20,848,Son en Breugel,Noord-Brabant,30,Totaal,3,64
2020-04-20,848,Son en Breugel,Noord-Brabant,30,Ziekenhuisopname,0,27
2020-04-20,848,Son en Breugel,Noord-Brabant,30,Overleden,1,11
2020-04-20,851,Steenbergen,Noord-Brabant,30,Totaal,2,54
2020-04-20,851,Steenbergen,Noord-Brabant,30,Ziekenhuisopname,0,12
2020-04-20,851,Steenbergen,Noord-Brabant,30,Overleden,0,6
2020-04-20,852,Waterland,Noord-Holland,27,Totaal,0,25
2020-04-20,852,Waterland,Noord-Holland,27,Ziekenhuisopname,0,14
2020-04-20,852,Waterland,Noord-Holland,27,Overleden,0,2
2020-04-20,855,Tilburg,Noord-Brabant,30,Totaal,15,580
2020-04-20,855,Tilburg,Noord-Brabant,30,Ziekenhuisopname,0,163
2020-04-20,855,Tilburg,Noord-Brabant,30,Overleden,1,120
2020-04-20,856,Uden,Noord-Brabant,30,Totaal,6,226
2020-04-20,856,Uden,Noord-Brabant,30,Ziekenhuisopname,1,90
2020-04-20,856,Uden,Noord-Brabant,30,Overleden,1,57
2020-04-20,858,Valkenswaard,Noord-Brabant,30,Totaal,4,116
2020-04-20,858,Valkenswaard,Noord-Brabant,30,Ziekenhuisopname,0,15
2020-04-20,858,Valkenswaard,Noord-Brabant,30,Overleden,0,26
2020-04-20,861,Veldhoven,Noord-Brabant,30,Totaal,3,106
2020-04-20,861,Veldhoven,Noord-Brabant,30,Ziekenhuisopname,0,25
2020-04-20,861,Veldhoven,Noord-Brabant,30,Overleden,0,15
2020-04-20,865,Vught,Noord-Brabant,30,Totaal,1,87
2020-04-20,865,Vught,Noord-Brabant,30,Ziekenhuisopname,0,37
2020-04-20,865,Vught,Noord-Brabant,30,Overleden,0,15
2020-04-20,866,Waalre,Noord-Brabant,30,Totaal,0,24
2020-04-20,866,Waalre,Noord-Brabant,30,Ziekenhuisopname,0,6
2020-04-20,866,Waalre,Noord-Brabant,30,Overleden,0,4
2020-04-20,867,Waalwijk,Noord-Brabant,30,Totaal,3,118
2020-04-20,867,Waalwijk,Noord-Brabant,30,Ziekenhuisopname,0,23
2020-04-20,867,Waalwijk,Noord-Brabant,30,Overleden,0,24
2020-04-20,873,Woensdrecht,Noord-Brabant,30,Totaal,3,46
2020-04-20,873,Woensdrecht,Noord-Brabant,30,Ziekenhuisopname,0,4
2020-04-20,873,Woensdrecht,Noord-Brabant,30,Overleden,0,0
2020-04-20,879,Zundert,Noord-Brabant,30,Totaal,1,57
2020-04-20,879,Zundert,Noord-Brabant,30,Ziekenhuisopname,0,19
2020-04-20,879,Zundert,Noord-Brabant,30,Overleden,0,8
2020-04-20,880,Wormerland,Noord-Holland,27,Totaal,3,35
2020-04-20,880,Wormerland,Noord-Holland,27,Ziekenhuisopname,0,16
2020-04-20,880,Wormerland,Noord-Holland,27,Overleden,0,6
2020-04-20,882,Landgraaf,Limburg,31,Totaal,6,107
2020-04-20,882,Landgraaf,Limburg,31,Ziekenhuisopname,0,46
2020-04-20,882,Landgraaf,Limburg,31,Overleden,0,11
2020-04-20,888,Beek,Limburg,31,Totaal,0,33
2020-04-20,888,Beek,Limburg,31,Ziekenhuisopname,0,14
2020-04-20,888,Beek,Limburg,31,Overleden,0,3
2020-04-20,889,Beesel,Limburg,31,Totaal,0,38
2020-04-20,889,Beesel,Limburg,31,Ziekenhuisopname,0,20
2020-04-20,889,Beesel,Limburg,31,Overleden,0,7
2020-04-20,893,Bergen (L.),Limburg,31,Totaal,0,16
2020-04-20,893,Bergen (L.),Limburg,31,Ziekenhuisopname,0,6
2020-04-20,893,Bergen (L.),Limburg,31,Overleden,0,2
2020-04-20,899,Brunssum,Limburg,31,Totaal,1,65
2020-04-20,899,Brunssum,Limburg,31,Ziekenhuisopname,0,32
2020-04-20,899,Brunssum,Limburg,31,Overleden,0,11
2020-04-20,907,Gennep,Limburg,31,Totaal,2,48
2020-04-20,907,Gennep,Limburg,31,Ziekenhuisopname,0,15
2020-04-20,907,Gennep,Limburg,31,Overleden,0,10
2020-04-20,917,Heerlen,Limburg,31,Totaal,5,249
2020-04-20,917,Heerlen,Limburg,31,Ziekenhuisopname,1,101
2020-04-20,917,Heerlen,Limburg,31,Overleden,0,40
2020-04-20,928,Kerkrade,Limburg,31,Totaal,7,127
2020-04-20,928,Kerkrade,Limburg,31,Ziekenhuisopname,0,53
2020-04-20,928,Kerkrade,Limburg,31,Overleden,0,17
2020-04-20,935,Maastricht,Limburg,31,Totaal,12,535
2020-04-20,935,Maastricht,Limburg,31,Ziekenhuisopname,0,149
2020-04-20,935,Maastricht,Limburg,31,Overleden,3,63
2020-04-20,938,Meerssen,Limburg,31,Totaal,1,72
2020-04-20,938,Meerssen,Limburg,31,Ziekenhuisopname,0,17
2020-04-20,938,Meerssen,Limburg,31,Overleden,1,9
2020-04-20,944,Mook en Middelaar,Limburg,31,Totaal,5,31
2020-04-20,944,Mook en Middelaar,Limburg,31,Ziekenhuisopname,0,6
2020-04-20,944,Mook en Middelaar,Limburg,31,Overleden,0,4
2020-04-20,946,Nederweert,Limburg,31,Totaal,2,43
2020-04-20,946,Nederweert,Limburg,31,Ziekenhuisopname,0,28
2020-04-20,946,Nederweert,Limburg,31,Overleden,1,6
2020-04-20,957,Roermond,Limburg,31,Totaal,0,113
2020-04-20,957,Roermond,Limburg,31,Ziekenhuisopname,0,53
2020-04-20,957,Roermond,Limburg,31,Overleden,0,20
2020-04-20,965,Simpelveld,Limburg,31,Totaal,2,37
2020-04-20,965,Simpelveld,Limburg,31,Ziekenhuisopname,0,17
2020-04-20,965,Simpelveld,Limburg,31,Overleden,0,3
2020-04-20,971,Stein,Limburg,31,Totaal,2,89
2020-04-20,971,Stein,Limburg,31,Ziekenhuisopname,0,38
2020-04-20,971,Stein,Limburg,31,Overleden,0,15
2020-04-20,981,Vaals,Limburg,31,Totaal,1,27
2020-04-20,981,Vaals,Limburg,31,Ziekenhuisopname,0,9
2020-04-20,981,Vaals,Limburg,31,Overleden,0,1
2020-04-20,983,Venlo,Limburg,31,Totaal,7,248
2020-04-20,983,Venlo,Limburg,31,Ziekenhuisopname,0,118
2020-04-20,983,Venlo,Limburg,31,Overleden,1,49
2020-04-20,984,Venray,Limburg,31,Totaal,1,92
2020-04-20,984,Venray,Limburg,31,Ziekenhuisopname,0,36
2020-04-20,984,Venray,Limburg,31,Overleden,0,16
2020-04-20,986,Voerendaal,Limburg,31,Totaal,1,36
2020-04-20,986,Voerendaal,Limburg,31,Ziekenhuisopname,0,16
2020-04-20,986,Voerendaal,Limburg,31,Overleden,0,6
2020-04-20,988,Weert,Limburg,31,Totaal,3,106
2020-04-20,988,Weert,Limburg,31,Ziekenhuisopname,0,57
2020-04-20,988,Weert,Limburg,31,Overleden,0,10
2020-04-20,994,Valkenburg aan de Geul,Limburg,31,Totaal,2,57
2020-04-20,994,Valkenburg aan de Geul,Limburg,31,Ziekenhuisopname,0,16
2020-04-20,994,Valkenburg aan de Geul,Limburg,31,Overleden,0,6
2020-04-20,995,Lelystad,Flevoland,24,Totaal,0,114
2020-04-20,995,Lelystad,Flevoland,24,Ziekenhuisopname,0,49
2020-04-20,995,Lelystad,Flevoland,24,Overleden,0,7
2020-04-20,1507,Horst aan de Maas,Limburg,31,Totaal,2,102
2020-04-20,1507,Horst aan de Maas,Limburg,31,Ziekenhuisopname,0,40
2020-04-20,1507,Horst aan de Maas,Limburg,31,Overleden,2,19
2020-04-20,1509,Oude IJsselstreek,Gelderland,25,Totaal,0,54
2020-04-20,1509,Oude IJsselstreek,Gelderland,25,Ziekenhuisopname,0,12
2020-04-20,1509,Oude IJsselstreek,Gelderland,25,Overleden,0,5
2020-04-20,1525,Teylingen,Zuid-Holland,28,Totaal,0,39
2020-04-20,1525,Teylingen,Zuid-Holland,28,Ziekenhuisopname,0,12
2020-04-20,1525,Teylingen,Zuid-Holland,28,Overleden,0,0
2020-04-20,1581,Utrechtse Heuvelrug,Utrecht,26,Totaal,2,80
2020-04-20,1581,Utrechtse Heuvelrug,Utrecht,26,Ziekenhuisopname,1,24
2020-04-20,1581,Utrechtse Heuvelrug,Utrecht,26,Overleden,0,6
2020-04-20,1586,Oost Gelre,Gelderland,25,Totaal,2,45
2020-04-20,1586,Oost Gelre,Gelderland,25,Ziekenhuisopname,0,9
2020-04-20,1586,Oost Gelre,Gelderland,25,Overleden,0,5
2020-04-20,1598,Koggenland,Noord-Holland,27,Totaal,1,30
2020-04-20,1598,Koggenland,Noord-Holland,27,Ziekenhuisopname,0,6
2020-04-20,1598,Koggenland,Noord-Holland,27,Overleden,0,6
2020-04-20,1621,Lansingerland,Zuid-Holland,28,Totaal,0,148
2020-04-20,1621,Lansingerland,Zuid-Holland,28,Ziekenhuisopname,0,35
2020-04-20,1621,Lansingerland,Zuid-Holland,28,Overleden,0,15
2020-04-20,1640,Leudal,Limburg,31,Totaal,4,161
2020-04-20,1640,Leudal,Limburg,31,Ziekenhuisopname,0,53
2020-04-20,1640,Leudal,Limburg,31,Overleden,0,22
2020-04-20,1641,Maasgouw,Limburg,31,Totaal,6,68
2020-04-20,1641,Maasgouw,Limburg,31,Ziekenhuisopname,2,26
2020-04-20,1641,Maasgouw,Limburg,31,Overleden,0,10
2020-04-20,1652,Gemert-Bakel,Noord-Brabant,30,Totaal,3,154
2020-04-20,1652,Gemert-Bakel,Noord-Brabant,30,Ziekenhuisopname,0,71
2020-04-20,1652,Gemert-Bakel,Noord-Brabant,30,Overleden,0,29
2020-04-20,1655,Halderberge,Noord-Brabant,30,Totaal,1,51
2020-04-20,1655,Halderberge,Noord-Brabant,30,Ziekenhuisopname,1,13
2020-04-20,1655,Halderberge,Noord-Brabant,30,Overleden,0,6
2020-04-20,1658,Heeze-Leende,Noord-Brabant,30,Totaal,0,51
2020-04-20,1658,Heeze-Leende,Noord-Brabant,30,Ziekenhuisopname,0,13
2020-04-20,1658,Heeze-Leende,Noord-Brabant,30,Overleden,0,6
2020-04-20,1659,Laarbeek,Noord-Brabant,30,Totaal,0,89
2020-04-20,1659,Laarbeek,Noord-Brabant,30,Ziekenhuisopname,0,35
2020-04-20,1659,Laarbeek,Noord-Brabant,30,Overleden,0,24
2020-04-20,1667,Reusel-De Mierden,Noord-Brabant,30,Totaal,1,21
2020-04-20,1667,Reusel-De Mierden,Noord-Brabant,30,Ziekenhuisopname,0,10
2020-04-20,1667,Reusel-De Mierden,Noord-Brabant,30,Overleden,0,1
2020-04-20,1669,Roerdalen,Limburg,31,Totaal,1,44
2020-04-20,1669,Roerdalen,Limburg,31,Ziekenhuisopname,0,26
2020-04-20,1669,Roerdalen,Limburg,31,Overleden,0,6
2020-04-20,1674,Roosendaal,Noord-Brabant,30,Totaal,8,166
2020-04-20,1674,Roosendaal,Noord-Brabant,30,Ziekenhuisopname,1,23
2020-04-20,1674,Roosendaal,Noord-Brabant,30,Overleden,1,15
2020-04-20,1676,Schouwen-Duiveland,Zeeland,29,Totaal,1,30
2020-04-20,1676,Schouwen-Duiveland,Zeeland,29,Ziekenhuisopname,0,11
2020-04-20,1676,Schouwen-Duiveland,Zeeland,29,Overleden,0,0
2020-04-20,1680,Aa en Hunze,Drenthe,22,Totaal,0,13
2020-04-20,1680,Aa en Hunze,Drenthe,22,Ziekenhuisopname,0,1
2020-04-20,1680,Aa en Hunze,Drenthe,22,Overleden,0,0
2020-04-20,1681,Borger-Odoorn,Drenthe,22,Totaal,0,5
2020-04-20,1681,Borger-Odoorn,Drenthe,22,Ziekenhuisopname,0,2
2020-04-20,1681,Borger-Odoorn,Drenthe,22,Overleden,0,3
2020-04-20,1684,Cuijk,Noord-Brabant,30,Totaal,1,48
2020-04-20,1684,Cuijk,Noord-Brabant,30,Ziekenhuisopname,0,11
2020-04-20,1684,Cuijk,Noord-Brabant,30,Overleden,0,7
2020-04-20,1685,Landerd,Noord-Brabant,30,Totaal,2,111
2020-04-20,1685,Landerd,Noord-Brabant,30,Ziekenhuisopname,0,30
2020-04-20,1685,Landerd,Noord-Brabant,30,Overleden,0,15
2020-04-20,1690,De Wolden,Drenthe,22,Totaal,0,35
2020-04-20,1690,De Wolden,Drenthe,22,Ziekenhuisopname,0,9
2020-04-20,1690,De Wolden,Drenthe,22,Overleden,0,0
2020-04-20,1695,Noord-Beveland,Zeeland,29,Totaal,0,5
2020-04-20,1695,Noord-Beveland,Zeeland,29,Ziekenhuisopname,0,1
2020-04-20,1695,Noord-Beveland,Zeeland,29,Overleden,0,0
2020-04-20,1696,Wijdemeren,Noord-Holland,27,Totaal,0,20
2020-04-20,1696,Wijdemeren,Noord-Holland,27,Ziekenhuisopname,0,7
2020-04-20,1696,Wijdemeren,Noord-Holland,27,Overleden,0,0
2020-04-20,1699,Noordenveld,Drenthe,22,Totaal,0,17
2020-04-20,1699,Noordenveld,Drenthe,22,Ziekenhuisopname,0,2
2020-04-20,1699,Noordenveld,Drenthe,22,Overleden,0,1
2020-04-20,1700,Twenterand,Overijssel,23,Totaal,0,45
2020-04-20,1700,Twenterand,Overijssel,23,Ziekenhuisopname,0,11
2020-04-20,1700,Twenterand,Overijssel,23,Overleden,0,2
2020-04-20,1701,Westerveld,Drenthe,22,Totaal,0,28
2020-04-20,1701,Westerveld,Drenthe,22,Ziekenhuisopname,0,8
2020-04-20,1701,Westerveld,Drenthe,22,Overleden,0,2
2020-04-20,1702,Sint Anthonis,Noord-Brabant,30,Totaal,0,56
2020-04-20,1702,Sint Anthonis,Noord-Brabant,30,Ziekenhuisopname,0,19
2020-04-20,1702,Sint Anthonis,Noord-Brabant,30,Overleden,0,10
2020-04-20,1705,Lingewaard,Gelderland,25,Totaal,3,78
2020-04-20,1705,Lingewaard,Gelderland,25,Ziekenhuisopname,0,28
2020-04-20,1705,Lingewaard,Gelderland,25,Overleden,0,5
2020-04-20,1706,Cranendonck,Noord-Brabant,30,Totaal,2,151
2020-04-20,1706,Cranendonck,Noord-Brabant,30,Ziekenhuisopname,0,58
2020-04-20,1706,Cranendonck,Noord-Brabant,30,Overleden,2,23
2020-04-20,1708,Steenwijkerland,Overijssel,23,Totaal,0,73
2020-04-20,1708,Steenwijkerland,Overijssel,23,Ziekenhuisopname,0,12
2020-04-20,1708,Steenwijkerland,Overijssel,23,Overleden,0,4
2020-04-20,1709,Moerdijk,Noord-Brabant,30,Totaal,1,53
2020-04-20,1709,Moerdijk,Noord-Brabant,30,Ziekenhuisopname,0,13
2020-04-20,1709,Moerdijk,Noord-Brabant,30,Overleden,0,6
2020-04-20,1711,Echt-Susteren,Limburg,31,Totaal,0,76
2020-04-20,1711,Echt-Susteren,Limburg,31,Ziekenhuisopname,0,36
2020-04-20,1711,Echt-Susteren,Limburg,31,Overleden,0,14
2020-04-20,1714,Sluis,Zeeland,29,Totaal,0,16
2020-04-20,1714,Sluis,Zeeland,29,Ziekenhuisopname,0,7
2020-04-20,1714,Sluis,Zeeland,29,Overleden,0,4
2020-04-20,1719,Drimmelen,Noord-Brabant,30,Totaal,1,50
2020-04-20,1719,Drimmelen,Noord-Brabant,30,Ziekenhuisopname,0,18
2020-04-20,1719,Drimmelen,Noord-Brabant,30,Overleden,0,4
2020-04-20,1721,Bernheze,Noord-Brabant,30,Totaal,2,228
2020-04-20,1721,Bernheze,Noord-Brabant,30,Ziekenhuisopname,0,79
2020-04-20,1721,Bernheze,Noord-Brabant,30,Overleden,0,50
2020-04-20,1723,Alphen-Chaam,Noord-Brabant,30,Totaal,2,43
2020-04-20,1723,Alphen-Chaam,Noord-Brabant,30,Ziekenhuisopname,1,17
2020-04-20,1723,Alphen-Chaam,Noord-Brabant,30,Overleden,0,5
2020-04-20,1724,Bergeijk,Noord-Brabant,30,Totaal,3,47
2020-04-20,1724,Bergeijk,Noord-Brabant,30,Ziekenhuisopname,0,14
2020-04-20,1724,Bergeijk,Noord-Brabant,30,Overleden,0,4
2020-04-20,1728,Bladel,Noord-Brabant,30,Totaal,0,46
2020-04-20,1728,Bladel,Noord-Brabant,30,Ziekenhuisopname,0,17
2020-04-20,1728,Bladel,Noord-Brabant,30,Overleden,0,7
2020-04-20,1729,Gulpen-Wittem,Limburg,31,Totaal,2,50
2020-04-20,1729,Gulpen-Wittem,Limburg,31,Ziekenhuisopname,0,16
2020-04-20,1729,Gulpen-Wittem,Limburg,31,Overleden,0,6
2020-04-20,1730,Tynaarlo,Drenthe,22,Totaal,1,36
2020-04-20,1730,Tynaarlo,Drenthe,22,Ziekenhuisopname,0,8
2020-04-20,1730,Tynaarlo,Drenthe,22,Overleden,0,0
2020-04-20,1731,Midden-Drenthe,Drenthe,22,Totaal,1,18
2020-04-20,1731,Midden-Drenthe,Drenthe,22,Ziekenhuisopname,0,6
2020-04-20,1731,Midden-Drenthe,Drenthe,22,Overleden,0,0
2020-04-20,1734,Overbetuwe,Gelderland,25,Totaal,1,107
2020-04-20,1734,Overbetuwe,Gelderland,25,Ziekenhuisopname,0,55
2020-04-20,1734,Overbetuwe,Gelderland,25,Overleden,0,11
2020-04-20,1735,Hof van Twente,Overijssel,23,Totaal,0,57
2020-04-20,1735,Hof van Twente,Overijssel,23,Ziekenhuisopname,0,14
2020-04-20,1735,Hof van Twente,Overijssel,23,Overleden,0,2
2020-04-20,1740,Neder-Betuwe,Gelderland,25,Totaal,6,83
2020-04-20,1740,Neder-Betuwe,Gelderland,25,Ziekenhuisopname,0,31
2020-04-20,1740,Neder-Betuwe,Gelderland,25,Overleden,1,15
2020-04-20,1742,Rijssen-Holten,Overijssel,23,Totaal,0,100
2020-04-20,1742,Rijssen-Holten,Overijssel,23,Ziekenhuisopname,0,26
2020-04-20,1742,Rijssen-Holten,Overijssel,23,Overleden,0,4
2020-04-20,1771,Geldrop-Mierlo,Noord-Brabant,30,Totaal,3,84
2020-04-20,1771,Geldrop-Mierlo,Noord-Brabant,30,Ziekenhuisopname,0,25
2020-04-20,1771,Geldrop-Mierlo,Noord-Brabant,30,Overleden,0,13
2020-04-20,1773,Olst-Wijhe,Overijssel,23,Totaal,1,38
2020-04-20,1773,Olst-Wijhe,Overijssel,23,Ziekenhuisopname,0,12
2020-04-20,1773,Olst-Wijhe,Overijssel,23,Overleden,0,5
2020-04-20,1774,Dinkelland,Overijssel,23,Totaal,0,65
2020-04-20,1774,Dinkelland,Overijssel,23,Ziekenhuisopname,0,17
2020-04-20,1774,Dinkelland,Overijssel,23,Overleden,0,7
2020-04-20,1783,Westland,Zuid-Holland,28,Totaal,3,209
2020-04-20,1783,Westland,Zuid-Holland,28,Ziekenhuisopname,0,49
2020-04-20,1783,Westland,Zuid-Holland,28,Overleden,0,22
2020-04-20,1842,Midden-Delfland,Zuid-Holland,28,Totaal,0,13
2020-04-20,1842,Midden-Delfland,Zuid-Holland,28,Ziekenhuisopname,0,4
2020-04-20,1842,Midden-Delfland,Zuid-Holland,28,Overleden,0,0
2020-04-20,1859,Berkelland,Gelderland,25,Totaal,1,52
2020-04-20,1859,Berkelland,Gelderland,25,Ziekenhuisopname,0,6
2020-04-20,1859,Berkelland,Gelderland,25,Overleden,1,3
2020-04-20,1876,Bronckhorst,Gelderland,25,Totaal,4,51
2020-04-20,1876,Bronckhorst,Gelderland,25,Ziekenhuisopname,3,11
2020-04-20,1876,Bronckhorst,Gelderland,25,Overleden,1,5
2020-04-20,1883,Sittard-Geleen,Limburg,31,Totaal,5,300
2020-04-20,1883,Sittard-Geleen,Limburg,31,Ziekenhuisopname,0,95
2020-04-20,1883,Sittard-Geleen,Limburg,31,Overleden,0,41
2020-04-20,1884,Kaag en Braassem,Zuid-Holland,28,Totaal,0,21
2020-04-20,1884,Kaag en Braassem,Zuid-Holland,28,Ziekenhuisopname,0,6
2020-04-20,1884,Kaag en Braassem,Zuid-Holland,28,Overleden,0,2
2020-04-20,1891,Dantumadiel,Friesland,21,Totaal,0,6
2020-04-20,1891,Dantumadiel,Friesland,21,Ziekenhuisopname,0,2
2020-04-20,1891,Dantumadiel,Friesland,21,Overleden,0,0
2020-04-20,1892,Zuidplas,Zuid-Holland,28,Totaal,2,97
2020-04-20,1892,Zuidplas,Zuid-Holland,28,Ziekenhuisopname,0,19
2020-04-20,1892,Zuidplas,Zuid-Holland,28,Overleden,0,5
2020-04-20,1894,Peel en Maas,Limburg,31,Totaal,1,238
2020-04-20,1894,Peel en Maas,Limburg,31,Ziekenhuisopname,0,139
2020-04-20,1894,Peel en Maas,Limburg,31,Overleden,0,56
2020-04-20,1895,Oldambt,Groningen,20,Totaal,0,8
2020-04-20,1895,Oldambt,Groningen,20,Ziekenhuisopname,0,4
2020-04-20,1895,Oldambt,Groningen,20,Overleden,0,0
2020-04-20,1896,Zwartewaterland,Overijssel,23,Totaal,3,119
2020-04-20,1896,Zwartewaterland,Overijssel,23,Ziekenhuisopname,1,32
2020-04-20,1896,Zwartewaterland,Overijssel,23,Overleden,0,12
2020-04-20,1900,Sdwest-Frysln,Friesland,21,Totaal,0,68
2020-04-20,1900,Sdwest-Frysln,Friesland,21,Ziekenhuisopname,0,17
2020-04-20,1900,Sdwest-Frysln,Friesland,21,Overleden,0,1
2020-04-20,1901,Bodegraven-Reeuwijk,Zuid-Holland,28,Totaal,0,35
2020-04-20,1901,Bodegraven-Reeuwijk,Zuid-Holland,28,Ziekenhuisopname,0,7
2020-04-20,1901,Bodegraven-Reeuwijk,Zuid-Holland,28,Overleden,0,2
2020-04-20,1903,Eijsden-Margraten,Limburg,31,Totaal,2,128
2020-04-20,1903,Eijsden-Margraten,Limburg,31,Ziekenhuisopname,0,49
2020-04-20,1903,Eijsden-Margraten,Limburg,31,Overleden,1,19
2020-04-20,1904,Stichtse Vecht,Utrecht,26,Totaal,2,80
2020-04-20,1904,Stichtse Vecht,Utrecht,26,Ziekenhuisopname,0,28
2020-04-20,1904,Stichtse Vecht,Utrecht,26,Overleden,0,6
2020-04-20,1911,Hollands Kroon,Noord-Holland,27,Totaal,0,55
2020-04-20,1911,Hollands Kroon,Noord-Holland,27,Ziekenhuisopname,0,26
2020-04-20,1911,Hollands Kroon,Noord-Holland,27,Overleden,0,5
2020-04-20,1916,Leidschendam-Voorburg,Zuid-Holland,28,Totaal,2,72
2020-04-20,1916,Leidschendam-Voorburg,Zuid-Holland,28,Ziekenhuisopname,0,20
2020-04-20,1916,Leidschendam-Voorburg,Zuid-Holland,28,Overleden,0,6
2020-04-20,1924,Goeree-Overflakkee,Zuid-Holland,28,Totaal,2,235
2020-04-20,1924,Goeree-Overflakkee,Zuid-Holland,28,Ziekenhuisopname,0,52
2020-04-20,1924,Goeree-Overflakkee,Zuid-Holland,28,Overleden,0,25
2020-04-20,1926,Pijnacker-Nootdorp,Zuid-Holland,28,Totaal,4,84
2020-04-20,1926,Pijnacker-Nootdorp,Zuid-Holland,28,Ziekenhuisopname,0,22
2020-04-20,1926,Pijnacker-Nootdorp,Zuid-Holland,28,Overleden,0,6
2020-04-20,1930,Nissewaard,Zuid-Holland,28,Totaal,6,127
2020-04-20,1930,Nissewaard,Zuid-Holland,28,Ziekenhuisopname,0,38
2020-04-20,1930,Nissewaard,Zuid-Holland,28,Overleden,0,9
2020-04-20,1931,Krimpenerwaard,Zuid-Holland,28,Totaal,1,118
2020-04-20,1931,Krimpenerwaard,Zuid-Holland,28,Ziekenhuisopname,0,40
2020-04-20,1931,Krimpenerwaard,Zuid-Holland,28,Overleden,0,20
2020-04-20,1940,De Fryske Marren,Friesland,21,Totaal,0,51
2020-04-20,1940,De Fryske Marren,Friesland,21,Ziekenhuisopname,0,14
2020-04-20,1940,De Fryske Marren,Friesland,21,Overleden,0,5
2020-04-20,1942,Gooise Meren,Noord-Holland,27,Totaal,4,86
2020-04-20,1942,Gooise Meren,Noord-Holland,27,Ziekenhuisopname,0,23
2020-04-20,1942,Gooise Meren,Noord-Holland,27,Overleden,0,2
2020-04-20,1945,Berg en Dal,Gelderland,25,Totaal,1,134
2020-04-20,1945,Berg en Dal,Gelderland,25,Ziekenhuisopname,0,26
2020-04-20,1945,Berg en Dal,Gelderland,25,Overleden,0,12
2020-04-20,1948,Meierijstad,Noord-Brabant,30,Totaal,10,442
2020-04-20,1948,Meierijstad,Noord-Brabant,30,Ziekenhuisopname,0,169
2020-04-20,1948,Meierijstad,Noord-Brabant,30,Overleden,0,106
2020-04-20,1949,Waadhoeke,Friesland,21,Totaal,2,75
2020-04-20,1949,Waadhoeke,Friesland,21,Ziekenhuisopname,0,9
2020-04-20,1949,Waadhoeke,Friesland,21,Overleden,1,7
2020-04-20,1950,Westerwolde,Groningen,20,Totaal,0,5
2020-04-20,1950,Westerwolde,Groningen,20,Ziekenhuisopname,0,5
2020-04-20,1950,Westerwolde,Groningen,20,Overleden,0,0
2020-04-20,1952,Midden-Groningen,Groningen,20,Totaal,0,26
2020-04-20,1952,Midden-Groningen,Groningen,20,Ziekenhuisopname,0,6
2020-04-20,1952,Midden-Groningen,Groningen,20,Overleden,0,1
2020-04-20,1954,Beekdaelen,Limburg,31,Totaal,0,99
2020-04-20,1954,Beekdaelen,Limburg,31,Ziekenhuisopname,0,42
2020-04-20,1954,Beekdaelen,Limburg,31,Overleden,0,19
2020-04-20,1955,Montferland,Gelderland,25,Totaal,2,63
2020-04-20,1955,Montferland,Gelderland,25,Ziekenhuisopname,1,10
2020-04-20,1955,Montferland,Gelderland,25,Overleden,0,4
2020-04-20,1959,Altena,Noord-Brabant,30,Totaal,1,99
2020-04-20,1959,Altena,Noord-Brabant,30,Ziekenhuisopname,0,30
2020-04-20,1959,Altena,Noord-Brabant,30,Overleden,0,10
2020-04-20,1960,West Betuwe,Gelderland,25,Totaal,3,134
2020-04-20,1960,West Betuwe,Gelderland,25,Ziekenhuisopname,0,38
2020-04-20,1960,West Betuwe,Gelderland,25,Overleden,0,13
2020-04-20,1961,Vijfheerenlanden,Utrecht,26,Totaal,6,183
2020-04-20,1961,Vijfheerenlanden,Utrecht,26,Ziekenhuisopname,0,27
2020-04-20,1961,Vijfheerenlanden,Utrecht,26,Overleden,0,31
2020-04-20,1963,Hoeksche Waard,Zuid-Holland,28,Totaal,6,195
2020-04-20,1963,Hoeksche Waard,Zuid-Holland,28,Ziekenhuisopname,0,67
2020-04-20,1963,Hoeksche Waard,Zuid-Holland,28,Overleden,0,9
2020-04-20,1966,Het Hogeland,Groningen,20,Totaal,1,25
2020-04-20,1966,Het Hogeland,Groningen,20,Ziekenhuisopname,0,7
2020-04-20,1966,Het Hogeland,Groningen,20,Overleden,0,1
2020-04-20,1969,Westerkwartier,Groningen,20,Totaal,0,53
2020-04-20,1969,Westerkwartier,Groningen,20,Ziekenhuisopname,0,14
2020-04-20,1969,Westerkwartier,Groningen,20,Overleden,0,4
2020-04-20,1970,Noardeast-Frysln,Friesland,21,Totaal,0,23
2020-04-20,1970,Noardeast-Frysln,Friesland,21,Ziekenhuisopname,0,6
2020-04-20,1970,Noardeast-Frysln,Friesland,21,Overleden,0,4
2020-04-20,1978,Molenlanden,Zuid-Holland,28,Totaal,1,87
2020-04-20,1978,Molenlanden,Zuid-Holland,28,Ziekenhuisopname,0,17
2020-04-20,1978,Molenlanden,Zuid-Holland,28,Overleden,0,4
