Datum,Gemeentecode,Gemeentenaam,Provincienaam,Provinciecode,Type,Aantal,AantalCumulatief
2020-08-24,-1,,,-1,Totaal,-1,603
2020-08-24,-1,,,-1,Ziekenhuisopname,0,66
2020-08-24,-1,,,-1,Overleden,0,18
2020-08-24,3,Appingedam,Groningen,20,Totaal,0,6
2020-08-24,3,Appingedam,Groningen,20,Ziekenhuisopname,0,3
2020-08-24,3,Appingedam,Groningen,20,Overleden,0,0
2020-08-24,10,Delfzijl,Groningen,20,Totaal,1,48
2020-08-24,10,Delfzijl,Groningen,20,Ziekenhuisopname,0,6
2020-08-24,10,Delfzijl,Groningen,20,Overleden,0,0
2020-08-24,14,Groningen,Groningen,20,Totaal,0,287
2020-08-24,14,Groningen,Groningen,20,Ziekenhuisopname,0,18
2020-08-24,14,Groningen,Groningen,20,Overleden,0,3
2020-08-24,24,Loppersum,Groningen,20,Totaal,0,2
2020-08-24,24,Loppersum,Groningen,20,Ziekenhuisopname,0,0
2020-08-24,24,Loppersum,Groningen,20,Overleden,0,0
2020-08-24,34,Almere,Flevoland,24,Totaal,4,675
2020-08-24,34,Almere,Flevoland,24,Ziekenhuisopname,0,130
2020-08-24,34,Almere,Flevoland,24,Overleden,0,32
2020-08-24,37,Stadskanaal,Groningen,20,Totaal,0,13
2020-08-24,37,Stadskanaal,Groningen,20,Ziekenhuisopname,0,2
2020-08-24,37,Stadskanaal,Groningen,20,Overleden,0,2
2020-08-24,47,Veendam,Groningen,20,Totaal,1,20
2020-08-24,47,Veendam,Groningen,20,Ziekenhuisopname,0,2
2020-08-24,47,Veendam,Groningen,20,Overleden,0,0
2020-08-24,50,Zeewolde,Flevoland,24,Totaal,0,51
2020-08-24,50,Zeewolde,Flevoland,24,Ziekenhuisopname,0,12
2020-08-24,50,Zeewolde,Flevoland,24,Overleden,0,6
2020-08-24,59,Achtkarspelen,Friesland,21,Totaal,0,20
2020-08-24,59,Achtkarspelen,Friesland,21,Ziekenhuisopname,0,0
2020-08-24,59,Achtkarspelen,Friesland,21,Overleden,0,0
2020-08-24,60,Ameland,Friesland,21,Totaal,0,0
2020-08-24,60,Ameland,Friesland,21,Ziekenhuisopname,0,0
2020-08-24,60,Ameland,Friesland,21,Overleden,0,0
2020-08-24,72,Harlingen,Friesland,21,Totaal,0,20
2020-08-24,72,Harlingen,Friesland,21,Ziekenhuisopname,0,4
2020-08-24,72,Harlingen,Friesland,21,Overleden,0,1
2020-08-24,74,Heerenveen,Friesland,21,Totaal,0,101
2020-08-24,74,Heerenveen,Friesland,21,Ziekenhuisopname,0,13
2020-08-24,74,Heerenveen,Friesland,21,Overleden,0,21
2020-08-24,80,Leeuwarden,Friesland,21,Totaal,2,105
2020-08-24,80,Leeuwarden,Friesland,21,Ziekenhuisopname,0,33
2020-08-24,80,Leeuwarden,Friesland,21,Overleden,0,6
2020-08-24,85,Ooststellingwerf,Friesland,21,Totaal,0,8
2020-08-24,85,Ooststellingwerf,Friesland,21,Ziekenhuisopname,0,3
2020-08-24,85,Ooststellingwerf,Friesland,21,Overleden,0,0
2020-08-24,86,Opsterland,Friesland,21,Totaal,0,24
2020-08-24,86,Opsterland,Friesland,21,Ziekenhuisopname,0,7
2020-08-24,86,Opsterland,Friesland,21,Overleden,0,0
2020-08-24,88,Schiermonnikoog,Friesland,21,Totaal,0,0
2020-08-24,88,Schiermonnikoog,Friesland,21,Ziekenhuisopname,0,0
2020-08-24,88,Schiermonnikoog,Friesland,21,Overleden,0,0
2020-08-24,90,Smallingerland,Friesland,21,Totaal,0,62
2020-08-24,90,Smallingerland,Friesland,21,Ziekenhuisopname,0,9
2020-08-24,90,Smallingerland,Friesland,21,Overleden,0,5
2020-08-24,93,Terschelling,Friesland,21,Totaal,0,2
2020-08-24,93,Terschelling,Friesland,21,Ziekenhuisopname,0,0
2020-08-24,93,Terschelling,Friesland,21,Overleden,0,0
2020-08-24,96,Vlieland,Friesland,21,Totaal,0,0
2020-08-24,96,Vlieland,Friesland,21,Ziekenhuisopname,0,0
2020-08-24,96,Vlieland,Friesland,21,Overleden,0,0
2020-08-24,98,Weststellingwerf,Friesland,21,Totaal,0,29
2020-08-24,98,Weststellingwerf,Friesland,21,Ziekenhuisopname,0,3
2020-08-24,98,Weststellingwerf,Friesland,21,Overleden,0,4
2020-08-24,106,Assen,Drenthe,22,Totaal,0,58
2020-08-24,106,Assen,Drenthe,22,Ziekenhuisopname,0,12
2020-08-24,106,Assen,Drenthe,22,Overleden,0,2
2020-08-24,109,Coevorden,Drenthe,22,Totaal,0,63
2020-08-24,109,Coevorden,Drenthe,22,Ziekenhuisopname,0,13
2020-08-24,109,Coevorden,Drenthe,22,Overleden,0,2
2020-08-24,114,Emmen,Drenthe,22,Totaal,0,115
2020-08-24,114,Emmen,Drenthe,22,Ziekenhuisopname,0,20
2020-08-24,114,Emmen,Drenthe,22,Overleden,0,11
2020-08-24,118,Hoogeveen,Drenthe,22,Totaal,0,105
2020-08-24,118,Hoogeveen,Drenthe,22,Ziekenhuisopname,0,19
2020-08-24,118,Hoogeveen,Drenthe,22,Overleden,0,8
2020-08-24,119,Meppel,Drenthe,22,Totaal,0,55
2020-08-24,119,Meppel,Drenthe,22,Ziekenhuisopname,0,11
2020-08-24,119,Meppel,Drenthe,22,Overleden,0,5
2020-08-24,141,Almelo,Overijssel,23,Totaal,1,103
2020-08-24,141,Almelo,Overijssel,23,Ziekenhuisopname,0,23
2020-08-24,141,Almelo,Overijssel,23,Overleden,0,9
2020-08-24,147,Borne,Overijssel,23,Totaal,0,54
2020-08-24,147,Borne,Overijssel,23,Ziekenhuisopname,0,14
2020-08-24,147,Borne,Overijssel,23,Overleden,0,6
2020-08-24,148,Dalfsen,Overijssel,23,Totaal,2,90
2020-08-24,148,Dalfsen,Overijssel,23,Ziekenhuisopname,0,16
2020-08-24,148,Dalfsen,Overijssel,23,Overleden,0,6
2020-08-24,150,Deventer,Overijssel,23,Totaal,0,381
2020-08-24,150,Deventer,Overijssel,23,Ziekenhuisopname,0,48
2020-08-24,150,Deventer,Overijssel,23,Overleden,0,33
2020-08-24,153,Enschede,Overijssel,23,Totaal,3,330
2020-08-24,153,Enschede,Overijssel,23,Ziekenhuisopname,0,55
2020-08-24,153,Enschede,Overijssel,23,Overleden,0,26
2020-08-24,158,Haaksbergen,Overijssel,23,Totaal,0,60
2020-08-24,158,Haaksbergen,Overijssel,23,Ziekenhuisopname,0,14
2020-08-24,158,Haaksbergen,Overijssel,23,Overleden,0,7
2020-08-24,160,Hardenberg,Overijssel,23,Totaal,0,186
2020-08-24,160,Hardenberg,Overijssel,23,Ziekenhuisopname,0,23
2020-08-24,160,Hardenberg,Overijssel,23,Overleden,0,8
2020-08-24,163,Hellendoorn,Overijssel,23,Totaal,0,99
2020-08-24,163,Hellendoorn,Overijssel,23,Ziekenhuisopname,0,8
2020-08-24,163,Hellendoorn,Overijssel,23,Overleden,0,12
2020-08-24,164,Hengelo,Overijssel,23,Totaal,2,150
2020-08-24,164,Hengelo,Overijssel,23,Ziekenhuisopname,0,22
2020-08-24,164,Hengelo,Overijssel,23,Overleden,0,19
2020-08-24,166,Kampen,Overijssel,23,Totaal,0,351
2020-08-24,166,Kampen,Overijssel,23,Ziekenhuisopname,0,59
2020-08-24,166,Kampen,Overijssel,23,Overleden,0,27
2020-08-24,168,Losser,Overijssel,23,Totaal,0,29
2020-08-24,168,Losser,Overijssel,23,Ziekenhuisopname,0,7
2020-08-24,168,Losser,Overijssel,23,Overleden,0,0
2020-08-24,171,Noordoostpolder,Flevoland,24,Totaal,1,86
2020-08-24,171,Noordoostpolder,Flevoland,24,Ziekenhuisopname,0,14
2020-08-24,171,Noordoostpolder,Flevoland,24,Overleden,0,10
2020-08-24,173,Oldenzaal,Overijssel,23,Totaal,1,63
2020-08-24,173,Oldenzaal,Overijssel,23,Ziekenhuisopname,0,13
2020-08-24,173,Oldenzaal,Overijssel,23,Overleden,0,7
2020-08-24,175,Ommen,Overijssel,23,Totaal,1,55
2020-08-24,175,Ommen,Overijssel,23,Ziekenhuisopname,0,9
2020-08-24,175,Ommen,Overijssel,23,Overleden,0,2
2020-08-24,177,Raalte,Overijssel,23,Totaal,0,159
2020-08-24,177,Raalte,Overijssel,23,Ziekenhuisopname,0,24
2020-08-24,177,Raalte,Overijssel,23,Overleden,0,17
2020-08-24,180,Staphorst,Overijssel,23,Totaal,0,62
2020-08-24,180,Staphorst,Overijssel,23,Ziekenhuisopname,0,8
2020-08-24,180,Staphorst,Overijssel,23,Overleden,0,4
2020-08-24,183,Tubbergen,Overijssel,23,Totaal,0,82
2020-08-24,183,Tubbergen,Overijssel,23,Ziekenhuisopname,0,12
2020-08-24,183,Tubbergen,Overijssel,23,Overleden,0,5
2020-08-24,184,Urk,Flevoland,24,Totaal,0,86
2020-08-24,184,Urk,Flevoland,24,Ziekenhuisopname,0,23
2020-08-24,184,Urk,Flevoland,24,Overleden,0,4
2020-08-24,189,Wierden,Overijssel,23,Totaal,0,54
2020-08-24,189,Wierden,Overijssel,23,Ziekenhuisopname,0,5
2020-08-24,189,Wierden,Overijssel,23,Overleden,0,6
2020-08-24,193,Zwolle,Overijssel,23,Totaal,1,392
2020-08-24,193,Zwolle,Overijssel,23,Ziekenhuisopname,0,53
2020-08-24,193,Zwolle,Overijssel,23,Overleden,0,46
2020-08-24,197,Aalten,Gelderland,25,Totaal,6,70
2020-08-24,197,Aalten,Gelderland,25,Ziekenhuisopname,0,9
2020-08-24,197,Aalten,Gelderland,25,Overleden,0,7
2020-08-24,200,Apeldoorn,Gelderland,25,Totaal,0,499
2020-08-24,200,Apeldoorn,Gelderland,25,Ziekenhuisopname,0,97
2020-08-24,200,Apeldoorn,Gelderland,25,Overleden,0,50
2020-08-24,202,Arnhem,Gelderland,25,Totaal,4,504
2020-08-24,202,Arnhem,Gelderland,25,Ziekenhuisopname,0,67
2020-08-24,202,Arnhem,Gelderland,25,Overleden,0,32
2020-08-24,203,Barneveld,Gelderland,25,Totaal,0,166
2020-08-24,203,Barneveld,Gelderland,25,Ziekenhuisopname,0,18
2020-08-24,203,Barneveld,Gelderland,25,Overleden,0,6
2020-08-24,209,Beuningen,Gelderland,25,Totaal,1,89
2020-08-24,209,Beuningen,Gelderland,25,Ziekenhuisopname,0,19
2020-08-24,209,Beuningen,Gelderland,25,Overleden,0,5
2020-08-24,213,Brummen,Gelderland,25,Totaal,0,44
2020-08-24,213,Brummen,Gelderland,25,Ziekenhuisopname,0,18
2020-08-24,213,Brummen,Gelderland,25,Overleden,0,6
2020-08-24,214,Buren,Gelderland,25,Totaal,0,63
2020-08-24,214,Buren,Gelderland,25,Ziekenhuisopname,0,17
2020-08-24,214,Buren,Gelderland,25,Overleden,0,8
2020-08-24,216,Culemborg,Gelderland,25,Totaal,1,98
2020-08-24,216,Culemborg,Gelderland,25,Ziekenhuisopname,0,21
2020-08-24,216,Culemborg,Gelderland,25,Overleden,0,8
2020-08-24,221,Doesburg,Gelderland,25,Totaal,0,34
2020-08-24,221,Doesburg,Gelderland,25,Ziekenhuisopname,0,9
2020-08-24,221,Doesburg,Gelderland,25,Overleden,0,6
2020-08-24,222,Doetinchem,Gelderland,25,Totaal,1,119
2020-08-24,222,Doetinchem,Gelderland,25,Ziekenhuisopname,0,26
2020-08-24,222,Doetinchem,Gelderland,25,Overleden,0,15
2020-08-24,225,Druten,Gelderland,25,Totaal,0,115
2020-08-24,225,Druten,Gelderland,25,Ziekenhuisopname,0,25
2020-08-24,225,Druten,Gelderland,25,Overleden,0,8
2020-08-24,226,Duiven,Gelderland,25,Totaal,2,57
2020-08-24,226,Duiven,Gelderland,25,Ziekenhuisopname,0,14
2020-08-24,226,Duiven,Gelderland,25,Overleden,0,6
2020-08-24,228,Ede,Gelderland,25,Totaal,2,265
2020-08-24,228,Ede,Gelderland,25,Ziekenhuisopname,0,54
2020-08-24,228,Ede,Gelderland,25,Overleden,0,21
2020-08-24,230,Elburg,Gelderland,25,Totaal,1,154
2020-08-24,230,Elburg,Gelderland,25,Ziekenhuisopname,0,28
2020-08-24,230,Elburg,Gelderland,25,Overleden,0,8
2020-08-24,232,Epe,Gelderland,25,Totaal,0,139
2020-08-24,232,Epe,Gelderland,25,Ziekenhuisopname,0,48
2020-08-24,232,Epe,Gelderland,25,Overleden,0,23
2020-08-24,233,Ermelo,Gelderland,25,Totaal,4,158
2020-08-24,233,Ermelo,Gelderland,25,Ziekenhuisopname,0,33
2020-08-24,233,Ermelo,Gelderland,25,Overleden,0,23
2020-08-24,243,Harderwijk,Gelderland,25,Totaal,6,206
2020-08-24,243,Harderwijk,Gelderland,25,Ziekenhuisopname,0,43
2020-08-24,243,Harderwijk,Gelderland,25,Overleden,0,20
2020-08-24,244,Hattem,Gelderland,25,Totaal,1,44
2020-08-24,244,Hattem,Gelderland,25,Ziekenhuisopname,0,16
2020-08-24,244,Hattem,Gelderland,25,Overleden,0,5
2020-08-24,246,Heerde,Gelderland,25,Totaal,0,194
2020-08-24,246,Heerde,Gelderland,25,Ziekenhuisopname,0,55
2020-08-24,246,Heerde,Gelderland,25,Overleden,0,28
2020-08-24,252,Heumen,Gelderland,25,Totaal,1,80
2020-08-24,252,Heumen,Gelderland,25,Ziekenhuisopname,0,17
2020-08-24,252,Heumen,Gelderland,25,Overleden,0,9
2020-08-24,262,Lochem,Gelderland,25,Totaal,0,102
2020-08-24,262,Lochem,Gelderland,25,Ziekenhuisopname,0,15
2020-08-24,262,Lochem,Gelderland,25,Overleden,0,15
2020-08-24,263,Maasdriel,Gelderland,25,Totaal,0,66
2020-08-24,263,Maasdriel,Gelderland,25,Ziekenhuisopname,0,15
2020-08-24,263,Maasdriel,Gelderland,25,Overleden,0,7
2020-08-24,267,Nijkerk,Gelderland,25,Totaal,1,75
2020-08-24,267,Nijkerk,Gelderland,25,Ziekenhuisopname,0,22
2020-08-24,267,Nijkerk,Gelderland,25,Overleden,0,3
2020-08-24,268,Nijmegen,Gelderland,25,Totaal,6,768
2020-08-24,268,Nijmegen,Gelderland,25,Ziekenhuisopname,0,130
2020-08-24,268,Nijmegen,Gelderland,25,Overleden,0,70
2020-08-24,269,Oldebroek,Gelderland,25,Totaal,1,177
2020-08-24,269,Oldebroek,Gelderland,25,Ziekenhuisopname,0,40
2020-08-24,269,Oldebroek,Gelderland,25,Overleden,0,19
2020-08-24,273,Putten,Gelderland,25,Totaal,1,47
2020-08-24,273,Putten,Gelderland,25,Ziekenhuisopname,0,10
2020-08-24,273,Putten,Gelderland,25,Overleden,0,0
2020-08-24,274,Renkum,Gelderland,25,Totaal,1,91
2020-08-24,274,Renkum,Gelderland,25,Ziekenhuisopname,0,14
2020-08-24,274,Renkum,Gelderland,25,Overleden,0,7
2020-08-24,275,Rheden,Gelderland,25,Totaal,1,157
2020-08-24,275,Rheden,Gelderland,25,Ziekenhuisopname,0,34
2020-08-24,275,Rheden,Gelderland,25,Overleden,0,14
2020-08-24,277,Rozendaal,Gelderland,25,Totaal,0,3
2020-08-24,277,Rozendaal,Gelderland,25,Ziekenhuisopname,0,1
2020-08-24,277,Rozendaal,Gelderland,25,Overleden,0,0
2020-08-24,279,Scherpenzeel,Gelderland,25,Totaal,1,38
2020-08-24,279,Scherpenzeel,Gelderland,25,Ziekenhuisopname,0,4
2020-08-24,279,Scherpenzeel,Gelderland,25,Overleden,0,2
2020-08-24,281,Tiel,Gelderland,25,Totaal,0,160
2020-08-24,281,Tiel,Gelderland,25,Ziekenhuisopname,0,42
2020-08-24,281,Tiel,Gelderland,25,Overleden,0,19
2020-08-24,285,Voorst,Gelderland,25,Totaal,1,100
2020-08-24,285,Voorst,Gelderland,25,Ziekenhuisopname,0,17
2020-08-24,285,Voorst,Gelderland,25,Overleden,0,11
2020-08-24,289,Wageningen,Gelderland,25,Totaal,1,78
2020-08-24,289,Wageningen,Gelderland,25,Ziekenhuisopname,0,20
2020-08-24,289,Wageningen,Gelderland,25,Overleden,0,9
2020-08-24,293,Westervoort,Gelderland,25,Totaal,0,48
2020-08-24,293,Westervoort,Gelderland,25,Ziekenhuisopname,0,12
2020-08-24,293,Westervoort,Gelderland,25,Overleden,0,6
2020-08-24,294,Winterswijk,Gelderland,25,Totaal,0,59
2020-08-24,294,Winterswijk,Gelderland,25,Ziekenhuisopname,0,7
2020-08-24,294,Winterswijk,Gelderland,25,Overleden,0,3
2020-08-24,296,Wijchen,Gelderland,25,Totaal,2,164
2020-08-24,296,Wijchen,Gelderland,25,Ziekenhuisopname,0,44
2020-08-24,296,Wijchen,Gelderland,25,Overleden,0,13
2020-08-24,297,Zaltbommel,Gelderland,25,Totaal,1,112
2020-08-24,297,Zaltbommel,Gelderland,25,Ziekenhuisopname,0,21
2020-08-24,297,Zaltbommel,Gelderland,25,Overleden,0,9
2020-08-24,299,Zevenaar,Gelderland,25,Totaal,0,124
2020-08-24,299,Zevenaar,Gelderland,25,Ziekenhuisopname,0,45
2020-08-24,299,Zevenaar,Gelderland,25,Overleden,0,15
2020-08-24,301,Zutphen,Gelderland,25,Totaal,2,123
2020-08-24,301,Zutphen,Gelderland,25,Ziekenhuisopname,0,30
2020-08-24,301,Zutphen,Gelderland,25,Overleden,0,13
2020-08-24,302,Nunspeet,Gelderland,25,Totaal,0,225
2020-08-24,302,Nunspeet,Gelderland,25,Ziekenhuisopname,0,55
2020-08-24,302,Nunspeet,Gelderland,25,Overleden,0,21
2020-08-24,303,Dronten,Flevoland,24,Totaal,0,128
2020-08-24,303,Dronten,Flevoland,24,Ziekenhuisopname,0,30
2020-08-24,303,Dronten,Flevoland,24,Overleden,0,12
2020-08-24,307,Amersfoort,Utrecht,26,Totaal,2,338
2020-08-24,307,Amersfoort,Utrecht,26,Ziekenhuisopname,0,66
2020-08-24,307,Amersfoort,Utrecht,26,Overleden,0,23
2020-08-24,308,Baarn,Utrecht,26,Totaal,0,66
2020-08-24,308,Baarn,Utrecht,26,Ziekenhuisopname,0,12
2020-08-24,308,Baarn,Utrecht,26,Overleden,0,9
2020-08-24,310,De Bilt,Utrecht,26,Totaal,1,204
2020-08-24,310,De Bilt,Utrecht,26,Ziekenhuisopname,0,28
2020-08-24,310,De Bilt,Utrecht,26,Overleden,0,24
2020-08-24,312,Bunnik,Utrecht,26,Totaal,0,51
2020-08-24,312,Bunnik,Utrecht,26,Ziekenhuisopname,0,9
2020-08-24,312,Bunnik,Utrecht,26,Overleden,0,1
2020-08-24,313,Bunschoten,Utrecht,26,Totaal,0,80
2020-08-24,313,Bunschoten,Utrecht,26,Ziekenhuisopname,0,10
2020-08-24,313,Bunschoten,Utrecht,26,Overleden,0,7
2020-08-24,317,Eemnes,Utrecht,26,Totaal,1,25
2020-08-24,317,Eemnes,Utrecht,26,Ziekenhuisopname,0,2
2020-08-24,317,Eemnes,Utrecht,26,Overleden,0,1
2020-08-24,321,Houten,Utrecht,26,Totaal,2,172
2020-08-24,321,Houten,Utrecht,26,Ziekenhuisopname,0,25
2020-08-24,321,Houten,Utrecht,26,Overleden,0,14
2020-08-24,327,Leusden,Utrecht,26,Totaal,2,70
2020-08-24,327,Leusden,Utrecht,26,Ziekenhuisopname,0,9
2020-08-24,327,Leusden,Utrecht,26,Overleden,0,5
2020-08-24,331,Lopik,Utrecht,26,Totaal,1,78
2020-08-24,331,Lopik,Utrecht,26,Ziekenhuisopname,0,19
2020-08-24,331,Lopik,Utrecht,26,Overleden,0,8
2020-08-24,335,Montfoort,Utrecht,26,Totaal,0,53
2020-08-24,335,Montfoort,Utrecht,26,Ziekenhuisopname,0,14
2020-08-24,335,Montfoort,Utrecht,26,Overleden,0,5
2020-08-24,339,Renswoude,Utrecht,26,Totaal,0,20
2020-08-24,339,Renswoude,Utrecht,26,Ziekenhuisopname,0,5
2020-08-24,339,Renswoude,Utrecht,26,Overleden,0,5
2020-08-24,340,Rhenen,Utrecht,26,Totaal,0,51
2020-08-24,340,Rhenen,Utrecht,26,Ziekenhuisopname,0,11
2020-08-24,340,Rhenen,Utrecht,26,Overleden,0,6
2020-08-24,342,Soest,Utrecht,26,Totaal,1,115
2020-08-24,342,Soest,Utrecht,26,Ziekenhuisopname,0,24
2020-08-24,342,Soest,Utrecht,26,Overleden,0,13
2020-08-24,344,Utrecht,Utrecht,26,Totaal,14,1886
2020-08-24,344,Utrecht,Utrecht,26,Ziekenhuisopname,0,276
2020-08-24,344,Utrecht,Utrecht,26,Overleden,0,118
2020-08-24,345,Veenendaal,Utrecht,26,Totaal,0,212
2020-08-24,345,Veenendaal,Utrecht,26,Ziekenhuisopname,0,48
2020-08-24,345,Veenendaal,Utrecht,26,Overleden,0,11
2020-08-24,351,Woudenberg,Utrecht,26,Totaal,0,34
2020-08-24,351,Woudenberg,Utrecht,26,Ziekenhuisopname,0,9
2020-08-24,351,Woudenberg,Utrecht,26,Overleden,0,2
2020-08-24,352,Wijk bij Duurstede,Utrecht,26,Totaal,0,47
2020-08-24,352,Wijk bij Duurstede,Utrecht,26,Ziekenhuisopname,0,10
2020-08-24,352,Wijk bij Duurstede,Utrecht,26,Overleden,0,1
2020-08-24,353,IJsselstein,Utrecht,26,Totaal,1,185
2020-08-24,353,IJsselstein,Utrecht,26,Ziekenhuisopname,0,36
2020-08-24,353,IJsselstein,Utrecht,26,Overleden,0,35
2020-08-24,355,Zeist,Utrecht,26,Totaal,4,263
2020-08-24,355,Zeist,Utrecht,26,Ziekenhuisopname,0,37
2020-08-24,355,Zeist,Utrecht,26,Overleden,0,24
2020-08-24,356,Nieuwegein,Utrecht,26,Totaal,2,211
2020-08-24,356,Nieuwegein,Utrecht,26,Ziekenhuisopname,0,45
2020-08-24,356,Nieuwegein,Utrecht,26,Overleden,0,14
2020-08-24,358,Aalsmeer,Noord-Holland,27,Totaal,0,58
2020-08-24,358,Aalsmeer,Noord-Holland,27,Ziekenhuisopname,0,9
2020-08-24,358,Aalsmeer,Noord-Holland,27,Overleden,0,4
2020-08-24,361,Alkmaar,Noord-Holland,27,Totaal,0,296
2020-08-24,361,Alkmaar,Noord-Holland,27,Ziekenhuisopname,0,54
2020-08-24,361,Alkmaar,Noord-Holland,27,Overleden,0,31
2020-08-24,362,Amstelveen,Noord-Holland,27,Totaal,4,452
2020-08-24,362,Amstelveen,Noord-Holland,27,Ziekenhuisopname,0,59
2020-08-24,362,Amstelveen,Noord-Holland,27,Overleden,0,35
2020-08-24,363,Amsterdam,Noord-Holland,27,Totaal,124,5471
2020-08-24,363,Amsterdam,Noord-Holland,27,Ziekenhuisopname,1,655
2020-08-24,363,Amsterdam,Noord-Holland,27,Overleden,1,290
2020-08-24,370,Beemster,Noord-Holland,27,Totaal,0,28
2020-08-24,370,Beemster,Noord-Holland,27,Ziekenhuisopname,0,4
2020-08-24,370,Beemster,Noord-Holland,27,Overleden,0,1
2020-08-24,373,Bergen (NH.),Noord-Holland,27,Totaal,0,107
2020-08-24,373,Bergen (NH.),Noord-Holland,27,Ziekenhuisopname,0,16
2020-08-24,373,Bergen (NH.),Noord-Holland,27,Overleden,0,4
2020-08-24,375,Beverwijk,Noord-Holland,27,Totaal,1,98
2020-08-24,375,Beverwijk,Noord-Holland,27,Ziekenhuisopname,0,15
2020-08-24,375,Beverwijk,Noord-Holland,27,Overleden,0,10
2020-08-24,376,Blaricum,Noord-Holland,27,Totaal,0,44
2020-08-24,376,Blaricum,Noord-Holland,27,Ziekenhuisopname,0,8
2020-08-24,376,Blaricum,Noord-Holland,27,Overleden,0,2
2020-08-24,377,Bloemendaal,Noord-Holland,27,Totaal,1,72
2020-08-24,377,Bloemendaal,Noord-Holland,27,Ziekenhuisopname,0,7
2020-08-24,377,Bloemendaal,Noord-Holland,27,Overleden,0,5
2020-08-24,383,Castricum,Noord-Holland,27,Totaal,0,89
2020-08-24,383,Castricum,Noord-Holland,27,Ziekenhuisopname,0,15
2020-08-24,383,Castricum,Noord-Holland,27,Overleden,0,9
2020-08-24,384,Diemen,Noord-Holland,27,Totaal,0,173
2020-08-24,384,Diemen,Noord-Holland,27,Ziekenhuisopname,0,17
2020-08-24,384,Diemen,Noord-Holland,27,Overleden,1,14
2020-08-24,385,Edam-Volendam,Noord-Holland,27,Totaal,1,136
2020-08-24,385,Edam-Volendam,Noord-Holland,27,Ziekenhuisopname,0,25
2020-08-24,385,Edam-Volendam,Noord-Holland,27,Overleden,0,3
2020-08-24,388,Enkhuizen,Noord-Holland,27,Totaal,0,32
2020-08-24,388,Enkhuizen,Noord-Holland,27,Ziekenhuisopname,0,18
2020-08-24,388,Enkhuizen,Noord-Holland,27,Overleden,0,4
2020-08-24,392,Haarlem,Noord-Holland,27,Totaal,3,448
2020-08-24,392,Haarlem,Noord-Holland,27,Ziekenhuisopname,0,61
2020-08-24,392,Haarlem,Noord-Holland,27,Overleden,0,58
2020-08-24,394,Haarlemmermeer,Noord-Holland,27,Totaal,6,456
2020-08-24,394,Haarlemmermeer,Noord-Holland,27,Ziekenhuisopname,0,70
2020-08-24,394,Haarlemmermeer,Noord-Holland,27,Overleden,0,28
2020-08-24,396,Heemskerk,Noord-Holland,27,Totaal,0,100
2020-08-24,396,Heemskerk,Noord-Holland,27,Ziekenhuisopname,0,29
2020-08-24,396,Heemskerk,Noord-Holland,27,Overleden,0,10
2020-08-24,397,Heemstede,Noord-Holland,27,Totaal,1,119
2020-08-24,397,Heemstede,Noord-Holland,27,Ziekenhuisopname,0,11
2020-08-24,397,Heemstede,Noord-Holland,27,Overleden,0,32
2020-08-24,398,Heerhugowaard,Noord-Holland,27,Totaal,0,179
2020-08-24,398,Heerhugowaard,Noord-Holland,27,Ziekenhuisopname,0,27
2020-08-24,398,Heerhugowaard,Noord-Holland,27,Overleden,0,9
2020-08-24,399,Heiloo,Noord-Holland,27,Totaal,0,53
2020-08-24,399,Heiloo,Noord-Holland,27,Ziekenhuisopname,0,10
2020-08-24,399,Heiloo,Noord-Holland,27,Overleden,0,8
2020-08-24,400,Den Helder,Noord-Holland,27,Totaal,0,53
2020-08-24,400,Den Helder,Noord-Holland,27,Ziekenhuisopname,0,12
2020-08-24,400,Den Helder,Noord-Holland,27,Overleden,0,2
2020-08-24,402,Hilversum,Noord-Holland,27,Totaal,3,296
2020-08-24,402,Hilversum,Noord-Holland,27,Ziekenhuisopname,0,34
2020-08-24,402,Hilversum,Noord-Holland,27,Overleden,0,24
2020-08-24,405,Hoorn,Noord-Holland,27,Totaal,0,144
2020-08-24,405,Hoorn,Noord-Holland,27,Ziekenhuisopname,0,35
2020-08-24,405,Hoorn,Noord-Holland,27,Overleden,0,12
2020-08-24,406,Huizen,Noord-Holland,27,Totaal,1,201
2020-08-24,406,Huizen,Noord-Holland,27,Ziekenhuisopname,0,23
2020-08-24,406,Huizen,Noord-Holland,27,Overleden,0,10
2020-08-24,415,Landsmeer,Noord-Holland,27,Totaal,0,35
2020-08-24,415,Landsmeer,Noord-Holland,27,Ziekenhuisopname,0,3
2020-08-24,415,Landsmeer,Noord-Holland,27,Overleden,0,3
2020-08-24,416,Langedijk,Noord-Holland,27,Totaal,0,56
2020-08-24,416,Langedijk,Noord-Holland,27,Ziekenhuisopname,0,16
2020-08-24,416,Langedijk,Noord-Holland,27,Overleden,0,4
2020-08-24,417,Laren,Noord-Holland,27,Totaal,1,38
2020-08-24,417,Laren,Noord-Holland,27,Ziekenhuisopname,0,8
2020-08-24,417,Laren,Noord-Holland,27,Overleden,0,2
2020-08-24,420,Medemblik,Noord-Holland,27,Totaal,0,80
2020-08-24,420,Medemblik,Noord-Holland,27,Ziekenhuisopname,0,19
2020-08-24,420,Medemblik,Noord-Holland,27,Overleden,0,6
2020-08-24,431,Oostzaan,Noord-Holland,27,Totaal,0,37
2020-08-24,431,Oostzaan,Noord-Holland,27,Ziekenhuisopname,0,10
2020-08-24,431,Oostzaan,Noord-Holland,27,Overleden,0,2
2020-08-24,432,Opmeer,Noord-Holland,27,Totaal,0,12
2020-08-24,432,Opmeer,Noord-Holland,27,Ziekenhuisopname,0,1
2020-08-24,432,Opmeer,Noord-Holland,27,Overleden,0,1
2020-08-24,437,Ouder-Amstel,Noord-Holland,27,Totaal,2,60
2020-08-24,437,Ouder-Amstel,Noord-Holland,27,Ziekenhuisopname,0,5
2020-08-24,437,Ouder-Amstel,Noord-Holland,27,Overleden,0,0
2020-08-24,439,Purmerend,Noord-Holland,27,Totaal,2,279
2020-08-24,439,Purmerend,Noord-Holland,27,Ziekenhuisopname,0,69
2020-08-24,439,Purmerend,Noord-Holland,27,Overleden,0,35
2020-08-24,441,Schagen,Noord-Holland,27,Totaal,0,84
2020-08-24,441,Schagen,Noord-Holland,27,Ziekenhuisopname,0,18
2020-08-24,441,Schagen,Noord-Holland,27,Overleden,0,10
2020-08-24,448,Texel,Noord-Holland,27,Totaal,0,11
2020-08-24,448,Texel,Noord-Holland,27,Ziekenhuisopname,0,5
2020-08-24,448,Texel,Noord-Holland,27,Overleden,0,2
2020-08-24,450,Uitgeest,Noord-Holland,27,Totaal,0,27
2020-08-24,450,Uitgeest,Noord-Holland,27,Ziekenhuisopname,0,5
2020-08-24,450,Uitgeest,Noord-Holland,27,Overleden,0,1
2020-08-24,451,Uithoorn,Noord-Holland,27,Totaal,1,78
2020-08-24,451,Uithoorn,Noord-Holland,27,Ziekenhuisopname,0,16
2020-08-24,451,Uithoorn,Noord-Holland,27,Overleden,0,2
2020-08-24,453,Velsen,Noord-Holland,27,Totaal,1,315
2020-08-24,453,Velsen,Noord-Holland,27,Ziekenhuisopname,0,32
2020-08-24,453,Velsen,Noord-Holland,27,Overleden,0,39
2020-08-24,457,Weesp,Noord-Holland,27,Totaal,1,97
2020-08-24,457,Weesp,Noord-Holland,27,Ziekenhuisopname,0,9
2020-08-24,457,Weesp,Noord-Holland,27,Overleden,0,13
2020-08-24,473,Zandvoort,Noord-Holland,27,Totaal,1,72
2020-08-24,473,Zandvoort,Noord-Holland,27,Ziekenhuisopname,0,10
2020-08-24,473,Zandvoort,Noord-Holland,27,Overleden,0,8
2020-08-24,479,Zaanstad,Noord-Holland,27,Totaal,7,583
2020-08-24,479,Zaanstad,Noord-Holland,27,Ziekenhuisopname,0,121
2020-08-24,479,Zaanstad,Noord-Holland,27,Overleden,0,48
2020-08-24,482,Alblasserdam,Zuid-Holland,28,Totaal,0,52
2020-08-24,482,Alblasserdam,Zuid-Holland,28,Ziekenhuisopname,0,11
2020-08-24,482,Alblasserdam,Zuid-Holland,28,Overleden,0,4
2020-08-24,484,Alphen aan den Rijn,Zuid-Holland,28,Totaal,5,282
2020-08-24,484,Alphen aan den Rijn,Zuid-Holland,28,Ziekenhuisopname,0,63
2020-08-24,484,Alphen aan den Rijn,Zuid-Holland,28,Overleden,0,25
2020-08-24,489,Barendrecht,Zuid-Holland,28,Totaal,0,207
2020-08-24,489,Barendrecht,Zuid-Holland,28,Ziekenhuisopname,0,40
2020-08-24,489,Barendrecht,Zuid-Holland,28,Overleden,0,12
2020-08-24,498,Drechterland,Noord-Holland,27,Totaal,0,46
2020-08-24,498,Drechterland,Noord-Holland,27,Ziekenhuisopname,0,5
2020-08-24,498,Drechterland,Noord-Holland,27,Overleden,0,8
2020-08-24,501,Brielle,Zuid-Holland,28,Totaal,2,47
2020-08-24,501,Brielle,Zuid-Holland,28,Ziekenhuisopname,0,12
2020-08-24,501,Brielle,Zuid-Holland,28,Overleden,0,0
2020-08-24,502,Capelle aan den IJssel,Zuid-Holland,28,Totaal,5,460
2020-08-24,502,Capelle aan den IJssel,Zuid-Holland,28,Ziekenhuisopname,0,56
2020-08-24,502,Capelle aan den IJssel,Zuid-Holland,28,Overleden,0,55
2020-08-24,503,Delft,Zuid-Holland,28,Totaal,1,251
2020-08-24,503,Delft,Zuid-Holland,28,Ziekenhuisopname,0,38
2020-08-24,503,Delft,Zuid-Holland,28,Overleden,0,12
2020-08-24,505,Dordrecht,Zuid-Holland,28,Totaal,4,690
2020-08-24,505,Dordrecht,Zuid-Holland,28,Ziekenhuisopname,0,91
2020-08-24,505,Dordrecht,Zuid-Holland,28,Overleden,0,63
2020-08-24,512,Gorinchem,Zuid-Holland,28,Totaal,0,210
2020-08-24,512,Gorinchem,Zuid-Holland,28,Ziekenhuisopname,0,19
2020-08-24,512,Gorinchem,Zuid-Holland,28,Overleden,0,15
2020-08-24,513,Gouda,Zuid-Holland,28,Totaal,5,479
2020-08-24,513,Gouda,Zuid-Holland,28,Ziekenhuisopname,0,45
2020-08-24,513,Gouda,Zuid-Holland,28,Overleden,0,41
2020-08-24,518,'s-Gravenhage,Zuid-Holland,28,Totaal,60,3056
2020-08-24,518,'s-Gravenhage,Zuid-Holland,28,Ziekenhuisopname,0,363
2020-08-24,518,'s-Gravenhage,Zuid-Holland,28,Overleden,0,255
2020-08-24,523,Hardinxveld-Giessendam,Zuid-Holland,28,Totaal,2,50
2020-08-24,523,Hardinxveld-Giessendam,Zuid-Holland,28,Ziekenhuisopname,0,2
2020-08-24,523,Hardinxveld-Giessendam,Zuid-Holland,28,Overleden,0,2
2020-08-24,530,Hellevoetsluis,Zuid-Holland,28,Totaal,0,111
2020-08-24,530,Hellevoetsluis,Zuid-Holland,28,Ziekenhuisopname,0,16
2020-08-24,530,Hellevoetsluis,Zuid-Holland,28,Overleden,0,3
2020-08-24,531,Hendrik-Ido-Ambacht,Zuid-Holland,28,Totaal,0,103
2020-08-24,531,Hendrik-Ido-Ambacht,Zuid-Holland,28,Ziekenhuisopname,0,11
2020-08-24,531,Hendrik-Ido-Ambacht,Zuid-Holland,28,Overleden,0,6
2020-08-24,532,Stede Broec,Noord-Holland,27,Totaal,0,54
2020-08-24,532,Stede Broec,Noord-Holland,27,Ziekenhuisopname,0,18
2020-08-24,532,Stede Broec,Noord-Holland,27,Overleden,0,5
2020-08-24,534,Hillegom,Zuid-Holland,28,Totaal,1,91
2020-08-24,534,Hillegom,Zuid-Holland,28,Ziekenhuisopname,0,8
2020-08-24,534,Hillegom,Zuid-Holland,28,Overleden,0,2
2020-08-24,537,Katwijk,Zuid-Holland,28,Totaal,1,301
2020-08-24,537,Katwijk,Zuid-Holland,28,Ziekenhuisopname,0,31
2020-08-24,537,Katwijk,Zuid-Holland,28,Overleden,0,15
2020-08-24,542,Krimpen aan den IJssel,Zuid-Holland,28,Totaal,0,107
2020-08-24,542,Krimpen aan den IJssel,Zuid-Holland,28,Ziekenhuisopname,0,11
2020-08-24,542,Krimpen aan den IJssel,Zuid-Holland,28,Overleden,0,8
2020-08-24,546,Leiden,Zuid-Holland,28,Totaal,3,276
2020-08-24,546,Leiden,Zuid-Holland,28,Ziekenhuisopname,0,41
2020-08-24,546,Leiden,Zuid-Holland,28,Overleden,0,22
2020-08-24,547,Leiderdorp,Zuid-Holland,28,Totaal,0,56
2020-08-24,547,Leiderdorp,Zuid-Holland,28,Ziekenhuisopname,0,14
2020-08-24,547,Leiderdorp,Zuid-Holland,28,Overleden,0,6
2020-08-24,553,Lisse,Zuid-Holland,28,Totaal,0,47
2020-08-24,553,Lisse,Zuid-Holland,28,Ziekenhuisopname,0,8
2020-08-24,553,Lisse,Zuid-Holland,28,Overleden,0,2
2020-08-24,556,Maassluis,Zuid-Holland,28,Totaal,1,154
2020-08-24,556,Maassluis,Zuid-Holland,28,Ziekenhuisopname,0,21
2020-08-24,556,Maassluis,Zuid-Holland,28,Overleden,0,9
2020-08-24,569,Nieuwkoop,Zuid-Holland,28,Totaal,0,61
2020-08-24,569,Nieuwkoop,Zuid-Holland,28,Ziekenhuisopname,0,9
2020-08-24,569,Nieuwkoop,Zuid-Holland,28,Overleden,0,5
2020-08-24,575,Noordwijk,Zuid-Holland,28,Totaal,0,76
2020-08-24,575,Noordwijk,Zuid-Holland,28,Ziekenhuisopname,0,19
2020-08-24,575,Noordwijk,Zuid-Holland,28,Overleden,0,3
2020-08-24,579,Oegstgeest,Zuid-Holland,28,Totaal,0,57
2020-08-24,579,Oegstgeest,Zuid-Holland,28,Ziekenhuisopname,0,8
2020-08-24,579,Oegstgeest,Zuid-Holland,28,Overleden,0,3
2020-08-24,589,Oudewater,Utrecht,26,Totaal,1,66
2020-08-24,589,Oudewater,Utrecht,26,Ziekenhuisopname,0,26
2020-08-24,589,Oudewater,Utrecht,26,Overleden,0,9
2020-08-24,590,Papendrecht,Zuid-Holland,28,Totaal,0,96
2020-08-24,590,Papendrecht,Zuid-Holland,28,Ziekenhuisopname,0,9
2020-08-24,590,Papendrecht,Zuid-Holland,28,Overleden,0,8
2020-08-24,597,Ridderkerk,Zuid-Holland,28,Totaal,3,209
2020-08-24,597,Ridderkerk,Zuid-Holland,28,Ziekenhuisopname,0,37
2020-08-24,597,Ridderkerk,Zuid-Holland,28,Overleden,0,17
2020-08-24,599,Rotterdam,Zuid-Holland,28,Totaal,56,5324
2020-08-24,599,Rotterdam,Zuid-Holland,28,Ziekenhuisopname,2,560
2020-08-24,599,Rotterdam,Zuid-Holland,28,Overleden,0,355
2020-08-24,603,Rijswijk,Zuid-Holland,28,Totaal,1,231
2020-08-24,603,Rijswijk,Zuid-Holland,28,Ziekenhuisopname,0,38
2020-08-24,603,Rijswijk,Zuid-Holland,28,Overleden,0,23
2020-08-24,606,Schiedam,Zuid-Holland,28,Totaal,4,469
2020-08-24,606,Schiedam,Zuid-Holland,28,Ziekenhuisopname,0,59
2020-08-24,606,Schiedam,Zuid-Holland,28,Overleden,0,23
2020-08-24,610,Sliedrecht,Zuid-Holland,28,Totaal,1,79
2020-08-24,610,Sliedrecht,Zuid-Holland,28,Ziekenhuisopname,0,9
2020-08-24,610,Sliedrecht,Zuid-Holland,28,Overleden,0,5
2020-08-24,613,Albrandswaard,Zuid-Holland,28,Totaal,1,142
2020-08-24,613,Albrandswaard,Zuid-Holland,28,Ziekenhuisopname,0,14
2020-08-24,613,Albrandswaard,Zuid-Holland,28,Overleden,0,8
2020-08-24,614,Westvoorne,Zuid-Holland,28,Totaal,0,38
2020-08-24,614,Westvoorne,Zuid-Holland,28,Ziekenhuisopname,0,6
2020-08-24,614,Westvoorne,Zuid-Holland,28,Overleden,0,0
2020-08-24,622,Vlaardingen,Zuid-Holland,28,Totaal,2,456
2020-08-24,622,Vlaardingen,Zuid-Holland,28,Ziekenhuisopname,0,44
2020-08-24,622,Vlaardingen,Zuid-Holland,28,Overleden,0,30
2020-08-24,626,Voorschoten,Zuid-Holland,28,Totaal,2,80
2020-08-24,626,Voorschoten,Zuid-Holland,28,Ziekenhuisopname,0,9
2020-08-24,626,Voorschoten,Zuid-Holland,28,Overleden,0,11
2020-08-24,627,Waddinxveen,Zuid-Holland,28,Totaal,0,143
2020-08-24,627,Waddinxveen,Zuid-Holland,28,Ziekenhuisopname,0,18
2020-08-24,627,Waddinxveen,Zuid-Holland,28,Overleden,0,7
2020-08-24,629,Wassenaar,Zuid-Holland,28,Totaal,1,73
2020-08-24,629,Wassenaar,Zuid-Holland,28,Ziekenhuisopname,0,9
2020-08-24,629,Wassenaar,Zuid-Holland,28,Overleden,0,12
2020-08-24,632,Woerden,Utrecht,26,Totaal,0,209
2020-08-24,632,Woerden,Utrecht,26,Ziekenhuisopname,0,50
2020-08-24,632,Woerden,Utrecht,26,Overleden,0,20
2020-08-24,637,Zoetermeer,Zuid-Holland,28,Totaal,3,363
2020-08-24,637,Zoetermeer,Zuid-Holland,28,Ziekenhuisopname,0,53
2020-08-24,637,Zoetermeer,Zuid-Holland,28,Overleden,0,14
2020-08-24,638,Zoeterwoude,Zuid-Holland,28,Totaal,0,18
2020-08-24,638,Zoeterwoude,Zuid-Holland,28,Ziekenhuisopname,0,3
2020-08-24,638,Zoeterwoude,Zuid-Holland,28,Overleden,0,1
2020-08-24,642,Zwijndrecht,Zuid-Holland,28,Totaal,1,211
2020-08-24,642,Zwijndrecht,Zuid-Holland,28,Ziekenhuisopname,0,23
2020-08-24,642,Zwijndrecht,Zuid-Holland,28,Overleden,0,26
2020-08-24,654,Borsele,Zeeland,29,Totaal,0,30
2020-08-24,654,Borsele,Zeeland,29,Ziekenhuisopname,0,5
2020-08-24,654,Borsele,Zeeland,29,Overleden,0,0
2020-08-24,664,Goes,Zeeland,29,Totaal,2,171
2020-08-24,664,Goes,Zeeland,29,Ziekenhuisopname,0,12
2020-08-24,664,Goes,Zeeland,29,Overleden,0,11
2020-08-24,668,West Maas en Waal,Gelderland,25,Totaal,0,86
2020-08-24,668,West Maas en Waal,Gelderland,25,Ziekenhuisopname,0,20
2020-08-24,668,West Maas en Waal,Gelderland,25,Overleden,0,9
2020-08-24,677,Hulst,Zeeland,29,Totaal,1,42
2020-08-24,677,Hulst,Zeeland,29,Ziekenhuisopname,0,9
2020-08-24,677,Hulst,Zeeland,29,Overleden,0,5
2020-08-24,678,Kapelle,Zeeland,29,Totaal,0,31
2020-08-24,678,Kapelle,Zeeland,29,Ziekenhuisopname,0,3
2020-08-24,678,Kapelle,Zeeland,29,Overleden,0,1
2020-08-24,687,Middelburg,Zeeland,29,Totaal,1,108
2020-08-24,687,Middelburg,Zeeland,29,Ziekenhuisopname,0,18
2020-08-24,687,Middelburg,Zeeland,29,Overleden,0,10
2020-08-24,703,Reimerswaal,Zeeland,29,Totaal,0,44
2020-08-24,703,Reimerswaal,Zeeland,29,Ziekenhuisopname,0,4
2020-08-24,703,Reimerswaal,Zeeland,29,Overleden,0,2
2020-08-24,715,Terneuzen,Zeeland,29,Totaal,0,135
2020-08-24,715,Terneuzen,Zeeland,29,Ziekenhuisopname,0,25
2020-08-24,715,Terneuzen,Zeeland,29,Overleden,0,4
2020-08-24,716,Tholen,Zeeland,29,Totaal,0,179
2020-08-24,716,Tholen,Zeeland,29,Ziekenhuisopname,0,40
2020-08-24,716,Tholen,Zeeland,29,Overleden,0,16
2020-08-24,717,Veere,Zeeland,29,Totaal,0,46
2020-08-24,717,Veere,Zeeland,29,Ziekenhuisopname,0,6
2020-08-24,717,Veere,Zeeland,29,Overleden,0,2
2020-08-24,718,Vlissingen,Zeeland,29,Totaal,1,97
2020-08-24,718,Vlissingen,Zeeland,29,Ziekenhuisopname,0,9
2020-08-24,718,Vlissingen,Zeeland,29,Overleden,0,5
2020-08-24,736,De Ronde Venen,Utrecht,26,Totaal,2,146
2020-08-24,736,De Ronde Venen,Utrecht,26,Ziekenhuisopname,0,39
2020-08-24,736,De Ronde Venen,Utrecht,26,Overleden,0,13
2020-08-24,737,Tytsjerksteradiel,Friesland,21,Totaal,0,20
2020-08-24,737,Tytsjerksteradiel,Friesland,21,Ziekenhuisopname,0,4
2020-08-24,737,Tytsjerksteradiel,Friesland,21,Overleden,0,1
2020-08-24,743,Asten,Noord-Brabant,30,Totaal,0,80
2020-08-24,743,Asten,Noord-Brabant,30,Ziekenhuisopname,0,18
2020-08-24,743,Asten,Noord-Brabant,30,Overleden,0,12
2020-08-24,744,Baarle-Nassau,Noord-Brabant,30,Totaal,0,27
2020-08-24,744,Baarle-Nassau,Noord-Brabant,30,Ziekenhuisopname,0,9
2020-08-24,744,Baarle-Nassau,Noord-Brabant,30,Overleden,0,2
2020-08-24,748,Bergen op Zoom,Noord-Brabant,30,Totaal,1,407
2020-08-24,748,Bergen op Zoom,Noord-Brabant,30,Ziekenhuisopname,0,26
2020-08-24,748,Bergen op Zoom,Noord-Brabant,30,Overleden,0,13
2020-08-24,753,Best,Noord-Brabant,30,Totaal,0,98
2020-08-24,753,Best,Noord-Brabant,30,Ziekenhuisopname,0,31
2020-08-24,753,Best,Noord-Brabant,30,Overleden,0,10
2020-08-24,755,Boekel,Noord-Brabant,30,Totaal,0,89
2020-08-24,755,Boekel,Noord-Brabant,30,Ziekenhuisopname,0,34
2020-08-24,755,Boekel,Noord-Brabant,30,Overleden,0,20
2020-08-24,756,Boxmeer,Noord-Brabant,30,Totaal,0,135
2020-08-24,756,Boxmeer,Noord-Brabant,30,Ziekenhuisopname,0,20
2020-08-24,756,Boxmeer,Noord-Brabant,30,Overleden,0,27
2020-08-24,757,Boxtel,Noord-Brabant,30,Totaal,1,141
2020-08-24,757,Boxtel,Noord-Brabant,30,Ziekenhuisopname,0,24
2020-08-24,757,Boxtel,Noord-Brabant,30,Overleden,0,26
2020-08-24,758,Breda,Noord-Brabant,30,Totaal,14,864
2020-08-24,758,Breda,Noord-Brabant,30,Ziekenhuisopname,0,146
2020-08-24,758,Breda,Noord-Brabant,30,Overleden,0,67
2020-08-24,762,Deurne,Noord-Brabant,30,Totaal,1,210
2020-08-24,762,Deurne,Noord-Brabant,30,Ziekenhuisopname,0,56
2020-08-24,762,Deurne,Noord-Brabant,30,Overleden,0,25
2020-08-24,765,Pekela,Groningen,20,Totaal,0,7
2020-08-24,765,Pekela,Groningen,20,Ziekenhuisopname,0,4
2020-08-24,765,Pekela,Groningen,20,Overleden,0,0
2020-08-24,766,Dongen,Noord-Brabant,30,Totaal,0,98
2020-08-24,766,Dongen,Noord-Brabant,30,Ziekenhuisopname,0,20
2020-08-24,766,Dongen,Noord-Brabant,30,Overleden,0,13
2020-08-24,770,Eersel,Noord-Brabant,30,Totaal,0,75
2020-08-24,770,Eersel,Noord-Brabant,30,Ziekenhuisopname,0,27
2020-08-24,770,Eersel,Noord-Brabant,30,Overleden,0,10
2020-08-24,772,Eindhoven,Noord-Brabant,30,Totaal,8,687
2020-08-24,772,Eindhoven,Noord-Brabant,30,Ziekenhuisopname,0,183
2020-08-24,772,Eindhoven,Noord-Brabant,30,Overleden,0,87
2020-08-24,777,Etten-Leur,Noord-Brabant,30,Totaal,0,237
2020-08-24,777,Etten-Leur,Noord-Brabant,30,Ziekenhuisopname,0,42
2020-08-24,777,Etten-Leur,Noord-Brabant,30,Overleden,0,30
2020-08-24,779,Geertruidenberg,Noord-Brabant,30,Totaal,0,55
2020-08-24,779,Geertruidenberg,Noord-Brabant,30,Ziekenhuisopname,0,11
2020-08-24,779,Geertruidenberg,Noord-Brabant,30,Overleden,0,6
2020-08-24,784,Gilze en Rijen,Noord-Brabant,30,Totaal,0,113
2020-08-24,784,Gilze en Rijen,Noord-Brabant,30,Ziekenhuisopname,0,20
2020-08-24,784,Gilze en Rijen,Noord-Brabant,30,Overleden,0,15
2020-08-24,785,Goirle,Noord-Brabant,30,Totaal,0,96
2020-08-24,785,Goirle,Noord-Brabant,30,Ziekenhuisopname,0,32
2020-08-24,785,Goirle,Noord-Brabant,30,Overleden,0,17
2020-08-24,786,Grave,Noord-Brabant,30,Totaal,0,73
2020-08-24,786,Grave,Noord-Brabant,30,Ziekenhuisopname,0,21
2020-08-24,786,Grave,Noord-Brabant,30,Overleden,0,11
2020-08-24,788,Haaren,Noord-Brabant,30,Totaal,3,63
2020-08-24,788,Haaren,Noord-Brabant,30,Ziekenhuisopname,0,18
2020-08-24,788,Haaren,Noord-Brabant,30,Overleden,0,8
2020-08-24,794,Helmond,Noord-Brabant,30,Totaal,3,498
2020-08-24,794,Helmond,Noord-Brabant,30,Ziekenhuisopname,0,118
2020-08-24,794,Helmond,Noord-Brabant,30,Overleden,0,43
2020-08-24,796,'s-Hertogenbosch,Noord-Brabant,30,Totaal,2,634
2020-08-24,796,'s-Hertogenbosch,Noord-Brabant,30,Ziekenhuisopname,0,129
2020-08-24,796,'s-Hertogenbosch,Noord-Brabant,30,Overleden,0,78
2020-08-24,797,Heusden,Noord-Brabant,30,Totaal,1,180
2020-08-24,797,Heusden,Noord-Brabant,30,Ziekenhuisopname,0,45
2020-08-24,797,Heusden,Noord-Brabant,30,Overleden,0,23
2020-08-24,798,Hilvarenbeek,Noord-Brabant,30,Totaal,0,53
2020-08-24,798,Hilvarenbeek,Noord-Brabant,30,Ziekenhuisopname,0,9
2020-08-24,798,Hilvarenbeek,Noord-Brabant,30,Overleden,0,6
2020-08-24,809,Loon op Zand,Noord-Brabant,30,Totaal,0,73
2020-08-24,809,Loon op Zand,Noord-Brabant,30,Ziekenhuisopname,0,25
2020-08-24,809,Loon op Zand,Noord-Brabant,30,Overleden,0,7
2020-08-24,815,Mill en Sint Hubert,Noord-Brabant,30,Totaal,0,44
2020-08-24,815,Mill en Sint Hubert,Noord-Brabant,30,Ziekenhuisopname,0,9
2020-08-24,815,Mill en Sint Hubert,Noord-Brabant,30,Overleden,0,5
2020-08-24,820,"Nuenen, Gerwen en Nederwetten",Noord-Brabant,30,Totaal,2,66
2020-08-24,820,"Nuenen, Gerwen en Nederwetten",Noord-Brabant,30,Ziekenhuisopname,0,18
2020-08-24,820,"Nuenen, Gerwen en Nederwetten",Noord-Brabant,30,Overleden,0,9
2020-08-24,823,Oirschot,Noord-Brabant,30,Totaal,1,79
2020-08-24,823,Oirschot,Noord-Brabant,30,Ziekenhuisopname,0,13
2020-08-24,823,Oirschot,Noord-Brabant,30,Overleden,0,9
2020-08-24,824,Oisterwijk,Noord-Brabant,30,Totaal,1,86
2020-08-24,824,Oisterwijk,Noord-Brabant,30,Ziekenhuisopname,0,23
2020-08-24,824,Oisterwijk,Noord-Brabant,30,Overleden,0,11
2020-08-24,826,Oosterhout,Noord-Brabant,30,Totaal,2,193
2020-08-24,826,Oosterhout,Noord-Brabant,30,Ziekenhuisopname,0,48
2020-08-24,826,Oosterhout,Noord-Brabant,30,Overleden,0,17
2020-08-24,828,Oss,Noord-Brabant,30,Totaal,3,541
2020-08-24,828,Oss,Noord-Brabant,30,Ziekenhuisopname,0,166
2020-08-24,828,Oss,Noord-Brabant,30,Overleden,0,88
2020-08-24,840,Rucphen,Noord-Brabant,30,Totaal,1,74
2020-08-24,840,Rucphen,Noord-Brabant,30,Ziekenhuisopname,0,10
2020-08-24,840,Rucphen,Noord-Brabant,30,Overleden,0,10
2020-08-24,845,Sint-Michielsgestel,Noord-Brabant,30,Totaal,0,125
2020-08-24,845,Sint-Michielsgestel,Noord-Brabant,30,Ziekenhuisopname,0,36
2020-08-24,845,Sint-Michielsgestel,Noord-Brabant,30,Overleden,0,19
2020-08-24,847,Someren,Noord-Brabant,30,Totaal,1,113
2020-08-24,847,Someren,Noord-Brabant,30,Ziekenhuisopname,0,33
2020-08-24,847,Someren,Noord-Brabant,30,Overleden,0,8
2020-08-24,848,Son en Breugel,Noord-Brabant,30,Totaal,0,76
2020-08-24,848,Son en Breugel,Noord-Brabant,30,Ziekenhuisopname,0,31
2020-08-24,848,Son en Breugel,Noord-Brabant,30,Overleden,0,14
2020-08-24,851,Steenbergen,Noord-Brabant,30,Totaal,0,105
2020-08-24,851,Steenbergen,Noord-Brabant,30,Ziekenhuisopname,0,13
2020-08-24,851,Steenbergen,Noord-Brabant,30,Overleden,0,13
2020-08-24,852,Waterland,Noord-Holland,27,Totaal,3,51
2020-08-24,852,Waterland,Noord-Holland,27,Ziekenhuisopname,0,16
2020-08-24,852,Waterland,Noord-Holland,27,Overleden,0,4
2020-08-24,855,Tilburg,Noord-Brabant,30,Totaal,13,1029
2020-08-24,855,Tilburg,Noord-Brabant,30,Ziekenhuisopname,0,252
2020-08-24,855,Tilburg,Noord-Brabant,30,Overleden,0,163
2020-08-24,856,Uden,Noord-Brabant,30,Totaal,1,271
2020-08-24,856,Uden,Noord-Brabant,30,Ziekenhuisopname,0,115
2020-08-24,856,Uden,Noord-Brabant,30,Overleden,0,63
2020-08-24,858,Valkenswaard,Noord-Brabant,30,Totaal,2,194
2020-08-24,858,Valkenswaard,Noord-Brabant,30,Ziekenhuisopname,0,19
2020-08-24,858,Valkenswaard,Noord-Brabant,30,Overleden,0,37
2020-08-24,861,Veldhoven,Noord-Brabant,30,Totaal,3,152
2020-08-24,861,Veldhoven,Noord-Brabant,30,Ziekenhuisopname,0,31
2020-08-24,861,Veldhoven,Noord-Brabant,30,Overleden,0,16
2020-08-24,865,Vught,Noord-Brabant,30,Totaal,0,119
2020-08-24,865,Vught,Noord-Brabant,30,Ziekenhuisopname,0,43
2020-08-24,865,Vught,Noord-Brabant,30,Overleden,0,17
2020-08-24,866,Waalre,Noord-Brabant,30,Totaal,0,40
2020-08-24,866,Waalre,Noord-Brabant,30,Ziekenhuisopname,0,7
2020-08-24,866,Waalre,Noord-Brabant,30,Overleden,0,5
2020-08-24,867,Waalwijk,Noord-Brabant,30,Totaal,4,224
2020-08-24,867,Waalwijk,Noord-Brabant,30,Ziekenhuisopname,0,36
2020-08-24,867,Waalwijk,Noord-Brabant,30,Overleden,0,37
2020-08-24,873,Woensdrecht,Noord-Brabant,30,Totaal,0,87
2020-08-24,873,Woensdrecht,Noord-Brabant,30,Ziekenhuisopname,0,5
2020-08-24,873,Woensdrecht,Noord-Brabant,30,Overleden,0,7
2020-08-24,879,Zundert,Noord-Brabant,30,Totaal,0,116
2020-08-24,879,Zundert,Noord-Brabant,30,Ziekenhuisopname,0,24
2020-08-24,879,Zundert,Noord-Brabant,30,Overleden,0,11
2020-08-24,880,Wormerland,Noord-Holland,27,Totaal,1,55
2020-08-24,880,Wormerland,Noord-Holland,27,Ziekenhuisopname,0,20
2020-08-24,880,Wormerland,Noord-Holland,27,Overleden,0,6
2020-08-24,882,Landgraaf,Limburg,31,Totaal,1,149
2020-08-24,882,Landgraaf,Limburg,31,Ziekenhuisopname,0,52
2020-08-24,882,Landgraaf,Limburg,31,Overleden,0,13
2020-08-24,888,Beek,Limburg,31,Totaal,0,44
2020-08-24,888,Beek,Limburg,31,Ziekenhuisopname,0,16
2020-08-24,888,Beek,Limburg,31,Overleden,0,6
2020-08-24,889,Beesel,Limburg,31,Totaal,0,50
2020-08-24,889,Beesel,Limburg,31,Ziekenhuisopname,0,20
2020-08-24,889,Beesel,Limburg,31,Overleden,0,8
2020-08-24,893,Bergen (L.),Limburg,31,Totaal,0,26
2020-08-24,893,Bergen (L.),Limburg,31,Ziekenhuisopname,0,7
2020-08-24,893,Bergen (L.),Limburg,31,Overleden,0,2
2020-08-24,899,Brunssum,Limburg,31,Totaal,1,118
2020-08-24,899,Brunssum,Limburg,31,Ziekenhuisopname,0,44
2020-08-24,899,Brunssum,Limburg,31,Overleden,0,19
2020-08-24,907,Gennep,Limburg,31,Totaal,1,75
2020-08-24,907,Gennep,Limburg,31,Ziekenhuisopname,0,16
2020-08-24,907,Gennep,Limburg,31,Overleden,0,10
2020-08-24,917,Heerlen,Limburg,31,Totaal,5,410
2020-08-24,917,Heerlen,Limburg,31,Ziekenhuisopname,0,125
2020-08-24,917,Heerlen,Limburg,31,Overleden,0,54
2020-08-24,928,Kerkrade,Limburg,31,Totaal,0,216
2020-08-24,928,Kerkrade,Limburg,31,Ziekenhuisopname,0,64
2020-08-24,928,Kerkrade,Limburg,31,Overleden,0,35
2020-08-24,935,Maastricht,Limburg,31,Totaal,1,962
2020-08-24,935,Maastricht,Limburg,31,Ziekenhuisopname,0,188
2020-08-24,935,Maastricht,Limburg,31,Overleden,0,140
2020-08-24,938,Meerssen,Limburg,31,Totaal,0,125
2020-08-24,938,Meerssen,Limburg,31,Ziekenhuisopname,0,22
2020-08-24,938,Meerssen,Limburg,31,Overleden,0,13
2020-08-24,944,Mook en Middelaar,Limburg,31,Totaal,0,42
2020-08-24,944,Mook en Middelaar,Limburg,31,Ziekenhuisopname,0,6
2020-08-24,944,Mook en Middelaar,Limburg,31,Overleden,0,5
2020-08-24,946,Nederweert,Limburg,31,Totaal,0,55
2020-08-24,946,Nederweert,Limburg,31,Ziekenhuisopname,0,31
2020-08-24,946,Nederweert,Limburg,31,Overleden,0,7
2020-08-24,957,Roermond,Limburg,31,Totaal,3,177
2020-08-24,957,Roermond,Limburg,31,Ziekenhuisopname,0,59
2020-08-24,957,Roermond,Limburg,31,Overleden,0,23
2020-08-24,965,Simpelveld,Limburg,31,Totaal,0,49
2020-08-24,965,Simpelveld,Limburg,31,Ziekenhuisopname,0,19
2020-08-24,965,Simpelveld,Limburg,31,Overleden,0,5
2020-08-24,971,Stein,Limburg,31,Totaal,1,128
2020-08-24,971,Stein,Limburg,31,Ziekenhuisopname,0,43
2020-08-24,971,Stein,Limburg,31,Overleden,0,15
2020-08-24,981,Vaals,Limburg,31,Totaal,0,31
2020-08-24,981,Vaals,Limburg,31,Ziekenhuisopname,0,10
2020-08-24,981,Vaals,Limburg,31,Overleden,0,2
2020-08-24,983,Venlo,Limburg,31,Totaal,2,371
2020-08-24,983,Venlo,Limburg,31,Ziekenhuisopname,0,129
2020-08-24,983,Venlo,Limburg,31,Overleden,0,63
2020-08-24,984,Venray,Limburg,31,Totaal,0,145
2020-08-24,984,Venray,Limburg,31,Ziekenhuisopname,0,37
2020-08-24,984,Venray,Limburg,31,Overleden,0,17
2020-08-24,986,Voerendaal,Limburg,31,Totaal,0,51
2020-08-24,986,Voerendaal,Limburg,31,Ziekenhuisopname,0,17
2020-08-24,986,Voerendaal,Limburg,31,Overleden,0,8
2020-08-24,988,Weert,Limburg,31,Totaal,0,156
2020-08-24,988,Weert,Limburg,31,Ziekenhuisopname,0,67
2020-08-24,988,Weert,Limburg,31,Overleden,0,14
2020-08-24,994,Valkenburg aan de Geul,Limburg,31,Totaal,1,90
2020-08-24,994,Valkenburg aan de Geul,Limburg,31,Ziekenhuisopname,0,19
2020-08-24,994,Valkenburg aan de Geul,Limburg,31,Overleden,0,7
2020-08-24,995,Lelystad,Flevoland,24,Totaal,1,224
2020-08-24,995,Lelystad,Flevoland,24,Ziekenhuisopname,0,66
2020-08-24,995,Lelystad,Flevoland,24,Overleden,0,29
2020-08-24,1507,Horst aan de Maas,Limburg,31,Totaal,0,145
2020-08-24,1507,Horst aan de Maas,Limburg,31,Ziekenhuisopname,0,41
2020-08-24,1507,Horst aan de Maas,Limburg,31,Overleden,0,24
2020-08-24,1509,Oude IJsselstreek,Gelderland,25,Totaal,0,85
2020-08-24,1509,Oude IJsselstreek,Gelderland,25,Ziekenhuisopname,0,21
2020-08-24,1509,Oude IJsselstreek,Gelderland,25,Overleden,0,9
2020-08-24,1525,Teylingen,Zuid-Holland,28,Totaal,0,85
2020-08-24,1525,Teylingen,Zuid-Holland,28,Ziekenhuisopname,0,15
2020-08-24,1525,Teylingen,Zuid-Holland,28,Overleden,0,2
2020-08-24,1581,Utrechtse Heuvelrug,Utrecht,26,Totaal,0,141
2020-08-24,1581,Utrechtse Heuvelrug,Utrecht,26,Ziekenhuisopname,0,28
2020-08-24,1581,Utrechtse Heuvelrug,Utrecht,26,Overleden,0,14
2020-08-24,1586,Oost Gelre,Gelderland,25,Totaal,0,79
2020-08-24,1586,Oost Gelre,Gelderland,25,Ziekenhuisopname,0,18
2020-08-24,1586,Oost Gelre,Gelderland,25,Overleden,0,6
2020-08-24,1598,Koggenland,Noord-Holland,27,Totaal,0,39
2020-08-24,1598,Koggenland,Noord-Holland,27,Ziekenhuisopname,0,6
2020-08-24,1598,Koggenland,Noord-Holland,27,Overleden,0,6
2020-08-24,1621,Lansingerland,Zuid-Holland,28,Totaal,4,262
2020-08-24,1621,Lansingerland,Zuid-Holland,28,Ziekenhuisopname,0,43
2020-08-24,1621,Lansingerland,Zuid-Holland,28,Overleden,0,25
2020-08-24,1640,Leudal,Limburg,31,Totaal,0,199
2020-08-24,1640,Leudal,Limburg,31,Ziekenhuisopname,0,54
2020-08-24,1640,Leudal,Limburg,31,Overleden,0,33
2020-08-24,1641,Maasgouw,Limburg,31,Totaal,0,110
2020-08-24,1641,Maasgouw,Limburg,31,Ziekenhuisopname,0,27
2020-08-24,1641,Maasgouw,Limburg,31,Overleden,0,15
2020-08-24,1652,Gemert-Bakel,Noord-Brabant,30,Totaal,0,230
2020-08-24,1652,Gemert-Bakel,Noord-Brabant,30,Ziekenhuisopname,0,79
2020-08-24,1652,Gemert-Bakel,Noord-Brabant,30,Overleden,0,32
2020-08-24,1655,Halderberge,Noord-Brabant,30,Totaal,3,90
2020-08-24,1655,Halderberge,Noord-Brabant,30,Ziekenhuisopname,0,14
2020-08-24,1655,Halderberge,Noord-Brabant,30,Overleden,0,7
2020-08-24,1658,Heeze-Leende,Noord-Brabant,30,Totaal,0,79
2020-08-24,1658,Heeze-Leende,Noord-Brabant,30,Ziekenhuisopname,0,16
2020-08-24,1658,Heeze-Leende,Noord-Brabant,30,Overleden,0,8
2020-08-24,1659,Laarbeek,Noord-Brabant,30,Totaal,3,135
2020-08-24,1659,Laarbeek,Noord-Brabant,30,Ziekenhuisopname,0,41
2020-08-24,1659,Laarbeek,Noord-Brabant,30,Overleden,0,26
2020-08-24,1667,Reusel-De Mierden,Noord-Brabant,30,Totaal,1,30
2020-08-24,1667,Reusel-De Mierden,Noord-Brabant,30,Ziekenhuisopname,0,11
2020-08-24,1667,Reusel-De Mierden,Noord-Brabant,30,Overleden,0,2
2020-08-24,1669,Roerdalen,Limburg,31,Totaal,0,59
2020-08-24,1669,Roerdalen,Limburg,31,Ziekenhuisopname,0,27
2020-08-24,1669,Roerdalen,Limburg,31,Overleden,0,8
2020-08-24,1674,Roosendaal,Noord-Brabant,30,Totaal,1,325
2020-08-24,1674,Roosendaal,Noord-Brabant,30,Ziekenhuisopname,0,29
2020-08-24,1674,Roosendaal,Noord-Brabant,30,Overleden,0,22
2020-08-24,1676,Schouwen-Duiveland,Zeeland,29,Totaal,0,101
2020-08-24,1676,Schouwen-Duiveland,Zeeland,29,Ziekenhuisopname,0,11
2020-08-24,1676,Schouwen-Duiveland,Zeeland,29,Overleden,0,9
2020-08-24,1680,Aa en Hunze,Drenthe,22,Totaal,0,15
2020-08-24,1680,Aa en Hunze,Drenthe,22,Ziekenhuisopname,0,1
2020-08-24,1680,Aa en Hunze,Drenthe,22,Overleden,0,0
2020-08-24,1681,Borger-Odoorn,Drenthe,22,Totaal,0,10
2020-08-24,1681,Borger-Odoorn,Drenthe,22,Ziekenhuisopname,0,4
2020-08-24,1681,Borger-Odoorn,Drenthe,22,Overleden,0,3
2020-08-24,1684,Cuijk,Noord-Brabant,30,Totaal,1,87
2020-08-24,1684,Cuijk,Noord-Brabant,30,Ziekenhuisopname,0,12
2020-08-24,1684,Cuijk,Noord-Brabant,30,Overleden,0,10
2020-08-24,1685,Landerd,Noord-Brabant,30,Totaal,0,148
2020-08-24,1685,Landerd,Noord-Brabant,30,Ziekenhuisopname,0,39
2020-08-24,1685,Landerd,Noord-Brabant,30,Overleden,0,21
2020-08-24,1690,De Wolden,Drenthe,22,Totaal,0,48
2020-08-24,1690,De Wolden,Drenthe,22,Ziekenhuisopname,0,11
2020-08-24,1690,De Wolden,Drenthe,22,Overleden,0,5
2020-08-24,1695,Noord-Beveland,Zeeland,29,Totaal,0,13
2020-08-24,1695,Noord-Beveland,Zeeland,29,Ziekenhuisopname,0,1
2020-08-24,1695,Noord-Beveland,Zeeland,29,Overleden,0,0
2020-08-24,1696,Wijdemeren,Noord-Holland,27,Totaal,0,47
2020-08-24,1696,Wijdemeren,Noord-Holland,27,Ziekenhuisopname,0,8
2020-08-24,1696,Wijdemeren,Noord-Holland,27,Overleden,0,0
2020-08-24,1699,Noordenveld,Drenthe,22,Totaal,0,22
2020-08-24,1699,Noordenveld,Drenthe,22,Ziekenhuisopname,0,4
2020-08-24,1699,Noordenveld,Drenthe,22,Overleden,0,1
2020-08-24,1700,Twenterand,Overijssel,23,Totaal,0,62
2020-08-24,1700,Twenterand,Overijssel,23,Ziekenhuisopname,0,12
2020-08-24,1700,Twenterand,Overijssel,23,Overleden,0,2
2020-08-24,1701,Westerveld,Drenthe,22,Totaal,0,38
2020-08-24,1701,Westerveld,Drenthe,22,Ziekenhuisopname,0,9
2020-08-24,1701,Westerveld,Drenthe,22,Overleden,0,4
2020-08-24,1702,Sint Anthonis,Noord-Brabant,30,Totaal,0,72
2020-08-24,1702,Sint Anthonis,Noord-Brabant,30,Ziekenhuisopname,0,20
2020-08-24,1702,Sint Anthonis,Noord-Brabant,30,Overleden,0,11
2020-08-24,1705,Lingewaard,Gelderland,25,Totaal,0,138
2020-08-24,1705,Lingewaard,Gelderland,25,Ziekenhuisopname,0,31
2020-08-24,1705,Lingewaard,Gelderland,25,Overleden,0,10
2020-08-24,1706,Cranendonck,Noord-Brabant,30,Totaal,0,177
2020-08-24,1706,Cranendonck,Noord-Brabant,30,Ziekenhuisopname,0,63
2020-08-24,1706,Cranendonck,Noord-Brabant,30,Overleden,0,36
2020-08-24,1708,Steenwijkerland,Overijssel,23,Totaal,0,109
2020-08-24,1708,Steenwijkerland,Overijssel,23,Ziekenhuisopname,0,14
2020-08-24,1708,Steenwijkerland,Overijssel,23,Overleden,0,5
2020-08-24,1709,Moerdijk,Noord-Brabant,30,Totaal,2,97
2020-08-24,1709,Moerdijk,Noord-Brabant,30,Ziekenhuisopname,0,14
2020-08-24,1709,Moerdijk,Noord-Brabant,30,Overleden,0,8
2020-08-24,1711,Echt-Susteren,Limburg,31,Totaal,0,103
2020-08-24,1711,Echt-Susteren,Limburg,31,Ziekenhuisopname,0,39
2020-08-24,1711,Echt-Susteren,Limburg,31,Overleden,0,16
2020-08-24,1714,Sluis,Zeeland,29,Totaal,0,25
2020-08-24,1714,Sluis,Zeeland,29,Ziekenhuisopname,0,9
2020-08-24,1714,Sluis,Zeeland,29,Overleden,0,4
2020-08-24,1719,Drimmelen,Noord-Brabant,30,Totaal,0,86
2020-08-24,1719,Drimmelen,Noord-Brabant,30,Ziekenhuisopname,0,19
2020-08-24,1719,Drimmelen,Noord-Brabant,30,Overleden,0,8
2020-08-24,1721,Bernheze,Noord-Brabant,30,Totaal,1,294
2020-08-24,1721,Bernheze,Noord-Brabant,30,Ziekenhuisopname,0,95
2020-08-24,1721,Bernheze,Noord-Brabant,30,Overleden,0,65
2020-08-24,1723,Alphen-Chaam,Noord-Brabant,30,Totaal,1,65
2020-08-24,1723,Alphen-Chaam,Noord-Brabant,30,Ziekenhuisopname,0,18
2020-08-24,1723,Alphen-Chaam,Noord-Brabant,30,Overleden,0,5
2020-08-24,1724,Bergeijk,Noord-Brabant,30,Totaal,2,65
2020-08-24,1724,Bergeijk,Noord-Brabant,30,Ziekenhuisopname,0,19
2020-08-24,1724,Bergeijk,Noord-Brabant,30,Overleden,0,5
2020-08-24,1728,Bladel,Noord-Brabant,30,Totaal,2,96
2020-08-24,1728,Bladel,Noord-Brabant,30,Ziekenhuisopname,0,21
2020-08-24,1728,Bladel,Noord-Brabant,30,Overleden,0,8
2020-08-24,1729,Gulpen-Wittem,Limburg,31,Totaal,0,81
2020-08-24,1729,Gulpen-Wittem,Limburg,31,Ziekenhuisopname,0,21
2020-08-24,1729,Gulpen-Wittem,Limburg,31,Overleden,0,14
2020-08-24,1730,Tynaarlo,Drenthe,22,Totaal,0,43
2020-08-24,1730,Tynaarlo,Drenthe,22,Ziekenhuisopname,0,9
2020-08-24,1730,Tynaarlo,Drenthe,22,Overleden,0,0
2020-08-24,1731,Midden-Drenthe,Drenthe,22,Totaal,0,27
2020-08-24,1731,Midden-Drenthe,Drenthe,22,Ziekenhuisopname,0,6
2020-08-24,1731,Midden-Drenthe,Drenthe,22,Overleden,0,0
2020-08-24,1734,Overbetuwe,Gelderland,25,Totaal,0,148
2020-08-24,1734,Overbetuwe,Gelderland,25,Ziekenhuisopname,0,55
2020-08-24,1734,Overbetuwe,Gelderland,25,Overleden,0,16
2020-08-24,1735,Hof van Twente,Overijssel,23,Totaal,0,68
2020-08-24,1735,Hof van Twente,Overijssel,23,Ziekenhuisopname,0,15
2020-08-24,1735,Hof van Twente,Overijssel,23,Overleden,0,5
2020-08-24,1740,Neder-Betuwe,Gelderland,25,Totaal,0,147
2020-08-24,1740,Neder-Betuwe,Gelderland,25,Ziekenhuisopname,0,37
2020-08-24,1740,Neder-Betuwe,Gelderland,25,Overleden,0,21
2020-08-24,1742,Rijssen-Holten,Overijssel,23,Totaal,0,206
2020-08-24,1742,Rijssen-Holten,Overijssel,23,Ziekenhuisopname,0,29
2020-08-24,1742,Rijssen-Holten,Overijssel,23,Overleden,0,23
2020-08-24,1771,Geldrop-Mierlo,Noord-Brabant,30,Totaal,0,130
2020-08-24,1771,Geldrop-Mierlo,Noord-Brabant,30,Ziekenhuisopname,0,33
2020-08-24,1771,Geldrop-Mierlo,Noord-Brabant,30,Overleden,0,16
2020-08-24,1773,Olst-Wijhe,Overijssel,23,Totaal,1,56
2020-08-24,1773,Olst-Wijhe,Overijssel,23,Ziekenhuisopname,0,12
2020-08-24,1773,Olst-Wijhe,Overijssel,23,Overleden,0,8
2020-08-24,1774,Dinkelland,Overijssel,23,Totaal,0,84
2020-08-24,1774,Dinkelland,Overijssel,23,Ziekenhuisopname,0,20
2020-08-24,1774,Dinkelland,Overijssel,23,Overleden,0,10
2020-08-24,1783,Westland,Zuid-Holland,28,Totaal,3,431
2020-08-24,1783,Westland,Zuid-Holland,28,Ziekenhuisopname,0,58
2020-08-24,1783,Westland,Zuid-Holland,28,Overleden,0,30
2020-08-24,1842,Midden-Delfland,Zuid-Holland,28,Totaal,0,41
2020-08-24,1842,Midden-Delfland,Zuid-Holland,28,Ziekenhuisopname,0,4
2020-08-24,1842,Midden-Delfland,Zuid-Holland,28,Overleden,0,0
2020-08-24,1859,Berkelland,Gelderland,25,Totaal,0,98
2020-08-24,1859,Berkelland,Gelderland,25,Ziekenhuisopname,0,12
2020-08-24,1859,Berkelland,Gelderland,25,Overleden,0,7
2020-08-24,1876,Bronckhorst,Gelderland,25,Totaal,1,84
2020-08-24,1876,Bronckhorst,Gelderland,25,Ziekenhuisopname,0,17
2020-08-24,1876,Bronckhorst,Gelderland,25,Overleden,0,7
2020-08-24,1883,Sittard-Geleen,Limburg,31,Totaal,3,456
2020-08-24,1883,Sittard-Geleen,Limburg,31,Ziekenhuisopname,1,119
2020-08-24,1883,Sittard-Geleen,Limburg,31,Overleden,0,64
2020-08-24,1884,Kaag en Braassem,Zuid-Holland,28,Totaal,0,37
2020-08-24,1884,Kaag en Braassem,Zuid-Holland,28,Ziekenhuisopname,0,7
2020-08-24,1884,Kaag en Braassem,Zuid-Holland,28,Overleden,0,2
2020-08-24,1891,Dantumadiel,Friesland,21,Totaal,0,15
2020-08-24,1891,Dantumadiel,Friesland,21,Ziekenhuisopname,0,2
2020-08-24,1891,Dantumadiel,Friesland,21,Overleden,0,0
2020-08-24,1892,Zuidplas,Zuid-Holland,28,Totaal,3,195
2020-08-24,1892,Zuidplas,Zuid-Holland,28,Ziekenhuisopname,0,24
2020-08-24,1892,Zuidplas,Zuid-Holland,28,Overleden,0,21
2020-08-24,1894,Peel en Maas,Limburg,31,Totaal,0,290
2020-08-24,1894,Peel en Maas,Limburg,31,Ziekenhuisopname,0,144
2020-08-24,1894,Peel en Maas,Limburg,31,Overleden,0,65
2020-08-24,1895,Oldambt,Groningen,20,Totaal,0,16
2020-08-24,1895,Oldambt,Groningen,20,Ziekenhuisopname,0,7
2020-08-24,1895,Oldambt,Groningen,20,Overleden,0,2
2020-08-24,1896,Zwartewaterland,Overijssel,23,Totaal,0,148
2020-08-24,1896,Zwartewaterland,Overijssel,23,Ziekenhuisopname,0,35
2020-08-24,1896,Zwartewaterland,Overijssel,23,Overleden,0,19
2020-08-24,1900,Sdwest-Frysln,Friesland,21,Totaal,2,119
2020-08-24,1900,Sdwest-Frysln,Friesland,21,Ziekenhuisopname,0,18
2020-08-24,1900,Sdwest-Frysln,Friesland,21,Overleden,0,6
2020-08-24,1901,Bodegraven-Reeuwijk,Zuid-Holland,28,Totaal,1,111
2020-08-24,1901,Bodegraven-Reeuwijk,Zuid-Holland,28,Ziekenhuisopname,0,7
2020-08-24,1901,Bodegraven-Reeuwijk,Zuid-Holland,28,Overleden,0,1
2020-08-24,1903,Eijsden-Margraten,Limburg,31,Totaal,0,179
2020-08-24,1903,Eijsden-Margraten,Limburg,31,Ziekenhuisopname,0,54
2020-08-24,1903,Eijsden-Margraten,Limburg,31,Overleden,0,27
2020-08-24,1904,Stichtse Vecht,Utrecht,26,Totaal,1,182
2020-08-24,1904,Stichtse Vecht,Utrecht,26,Ziekenhuisopname,0,36
2020-08-24,1904,Stichtse Vecht,Utrecht,26,Overleden,0,14
2020-08-24,1911,Hollands Kroon,Noord-Holland,27,Totaal,0,74
2020-08-24,1911,Hollands Kroon,Noord-Holland,27,Ziekenhuisopname,0,26
2020-08-24,1911,Hollands Kroon,Noord-Holland,27,Overleden,0,6
2020-08-24,1916,Leidschendam-Voorburg,Zuid-Holland,28,Totaal,4,226
2020-08-24,1916,Leidschendam-Voorburg,Zuid-Holland,28,Ziekenhuisopname,0,23
2020-08-24,1916,Leidschendam-Voorburg,Zuid-Holland,28,Overleden,0,19
2020-08-24,1924,Goeree-Overflakkee,Zuid-Holland,28,Totaal,0,278
2020-08-24,1924,Goeree-Overflakkee,Zuid-Holland,28,Ziekenhuisopname,0,54
2020-08-24,1924,Goeree-Overflakkee,Zuid-Holland,28,Overleden,0,34
2020-08-24,1926,Pijnacker-Nootdorp,Zuid-Holland,28,Totaal,4,186
2020-08-24,1926,Pijnacker-Nootdorp,Zuid-Holland,28,Ziekenhuisopname,0,24
2020-08-24,1926,Pijnacker-Nootdorp,Zuid-Holland,28,Overleden,0,16
2020-08-24,1930,Nissewaard,Zuid-Holland,28,Totaal,0,277
2020-08-24,1930,Nissewaard,Zuid-Holland,28,Ziekenhuisopname,0,56
2020-08-24,1930,Nissewaard,Zuid-Holland,28,Overleden,0,17
2020-08-24,1931,Krimpenerwaard,Zuid-Holland,28,Totaal,1,242
2020-08-24,1931,Krimpenerwaard,Zuid-Holland,28,Ziekenhuisopname,0,45
2020-08-24,1931,Krimpenerwaard,Zuid-Holland,28,Overleden,0,34
2020-08-24,1940,De Fryske Marren,Friesland,21,Totaal,1,82
2020-08-24,1940,De Fryske Marren,Friesland,21,Ziekenhuisopname,0,16
2020-08-24,1940,De Fryske Marren,Friesland,21,Overleden,0,6
2020-08-24,1942,Gooise Meren,Noord-Holland,27,Totaal,3,162
2020-08-24,1942,Gooise Meren,Noord-Holland,27,Ziekenhuisopname,0,24
2020-08-24,1942,Gooise Meren,Noord-Holland,27,Overleden,0,9
2020-08-24,1945,Berg en Dal,Gelderland,25,Totaal,2,190
2020-08-24,1945,Berg en Dal,Gelderland,25,Ziekenhuisopname,0,29
2020-08-24,1945,Berg en Dal,Gelderland,25,Overleden,0,16
2020-08-24,1948,Meierijstad,Noord-Brabant,30,Totaal,0,583
2020-08-24,1948,Meierijstad,Noord-Brabant,30,Ziekenhuisopname,0,211
2020-08-24,1948,Meierijstad,Noord-Brabant,30,Overleden,0,131
2020-08-24,1949,Waadhoeke,Friesland,21,Totaal,0,101
2020-08-24,1949,Waadhoeke,Friesland,21,Ziekenhuisopname,0,12
2020-08-24,1949,Waadhoeke,Friesland,21,Overleden,0,15
2020-08-24,1950,Westerwolde,Groningen,20,Totaal,1,13
2020-08-24,1950,Westerwolde,Groningen,20,Ziekenhuisopname,0,5
2020-08-24,1950,Westerwolde,Groningen,20,Overleden,0,0
2020-08-24,1952,Midden-Groningen,Groningen,20,Totaal,0,44
2020-08-24,1952,Midden-Groningen,Groningen,20,Ziekenhuisopname,0,6
2020-08-24,1952,Midden-Groningen,Groningen,20,Overleden,0,3
2020-08-24,1954,Beekdaelen,Limburg,31,Totaal,0,176
2020-08-24,1954,Beekdaelen,Limburg,31,Ziekenhuisopname,0,52
2020-08-24,1954,Beekdaelen,Limburg,31,Overleden,0,23
2020-08-24,1955,Montferland,Gelderland,25,Totaal,0,112
2020-08-24,1955,Montferland,Gelderland,25,Ziekenhuisopname,0,21
2020-08-24,1955,Montferland,Gelderland,25,Overleden,0,9
2020-08-24,1959,Altena,Noord-Brabant,30,Totaal,0,167
2020-08-24,1959,Altena,Noord-Brabant,30,Ziekenhuisopname,0,32
2020-08-24,1959,Altena,Noord-Brabant,30,Overleden,0,11
2020-08-24,1960,West Betuwe,Gelderland,25,Totaal,0,226
2020-08-24,1960,West Betuwe,Gelderland,25,Ziekenhuisopname,0,44
2020-08-24,1960,West Betuwe,Gelderland,25,Overleden,0,27
2020-08-24,1961,Vijfheerenlanden,Utrecht,26,Totaal,0,300
2020-08-24,1961,Vijfheerenlanden,Utrecht,26,Ziekenhuisopname,0,35
2020-08-24,1961,Vijfheerenlanden,Utrecht,26,Overleden,0,36
2020-08-24,1963,Hoeksche Waard,Zuid-Holland,28,Totaal,0,362
2020-08-24,1963,Hoeksche Waard,Zuid-Holland,28,Ziekenhuisopname,0,78
2020-08-24,1963,Hoeksche Waard,Zuid-Holland,28,Overleden,0,20
2020-08-24,1966,Het Hogeland,Groningen,20,Totaal,0,40
2020-08-24,1966,Het Hogeland,Groningen,20,Ziekenhuisopname,0,7
2020-08-24,1966,Het Hogeland,Groningen,20,Overleden,0,3
2020-08-24,1969,Westerkwartier,Groningen,20,Totaal,0,62
2020-08-24,1969,Westerkwartier,Groningen,20,Ziekenhuisopname,0,14
2020-08-24,1969,Westerkwartier,Groningen,20,Overleden,0,4
2020-08-24,1970,Noardeast-Frysln,Friesland,21,Totaal,0,81
2020-08-24,1970,Noardeast-Frysln,Friesland,21,Ziekenhuisopname,0,6
2020-08-24,1970,Noardeast-Frysln,Friesland,21,Overleden,0,4
2020-08-24,1978,Molenlanden,Zuid-Holland,28,Totaal,0,131
2020-08-24,1978,Molenlanden,Zuid-Holland,28,Ziekenhuisopname,0,18
2020-08-24,1978,Molenlanden,Zuid-Holland,28,Overleden,0,8
