Datum,Gemeentecode,Gemeentenaam,Provincienaam,Provinciecode,Type,Aantal,AantalCumulatief
2020-04-23,-1,,,-1,Totaal,8,494
2020-04-23,-1,,,-1,Ziekenhuisopname,2,79
2020-04-23,-1,,,-1,Overleden,2,39
2020-04-23,3,Appingedam,Groningen,20,Totaal,0,4
2020-04-23,3,Appingedam,Groningen,20,Ziekenhuisopname,0,3
2020-04-23,3,Appingedam,Groningen,20,Overleden,0,0
2020-04-23,10,Delfzijl,Groningen,20,Totaal,0,15
2020-04-23,10,Delfzijl,Groningen,20,Ziekenhuisopname,0,5
2020-04-23,10,Delfzijl,Groningen,20,Overleden,0,0
2020-04-23,14,Groningen,Groningen,20,Totaal,3,153
2020-04-23,14,Groningen,Groningen,20,Ziekenhuisopname,1,17
2020-04-23,14,Groningen,Groningen,20,Overleden,1,3
2020-04-23,24,Loppersum,Groningen,20,Totaal,0,2
2020-04-23,24,Loppersum,Groningen,20,Ziekenhuisopname,0,0
2020-04-23,24,Loppersum,Groningen,20,Overleden,0,0
2020-04-23,34,Almere,Flevoland,24,Totaal,10,275
2020-04-23,34,Almere,Flevoland,24,Ziekenhuisopname,1,108
2020-04-23,34,Almere,Flevoland,24,Overleden,0,6
2020-04-23,37,Stadskanaal,Groningen,20,Totaal,0,5
2020-04-23,37,Stadskanaal,Groningen,20,Ziekenhuisopname,0,2
2020-04-23,37,Stadskanaal,Groningen,20,Overleden,0,1
2020-04-23,47,Veendam,Groningen,20,Totaal,0,8
2020-04-23,47,Veendam,Groningen,20,Ziekenhuisopname,0,2
2020-04-23,47,Veendam,Groningen,20,Overleden,0,0
2020-04-23,50,Zeewolde,Flevoland,24,Totaal,1,30
2020-04-23,50,Zeewolde,Flevoland,24,Ziekenhuisopname,0,9
2020-04-23,50,Zeewolde,Flevoland,24,Overleden,0,3
2020-04-23,59,Achtkarspelen,Friesland,21,Totaal,1,9
2020-04-23,59,Achtkarspelen,Friesland,21,Ziekenhuisopname,0,0
2020-04-23,59,Achtkarspelen,Friesland,21,Overleden,0,0
2020-04-23,60,Ameland,Friesland,21,Totaal,0,0
2020-04-23,60,Ameland,Friesland,21,Ziekenhuisopname,0,0
2020-04-23,60,Ameland,Friesland,21,Overleden,0,0
2020-04-23,72,Harlingen,Friesland,21,Totaal,0,16
2020-04-23,72,Harlingen,Friesland,21,Ziekenhuisopname,0,4
2020-04-23,72,Harlingen,Friesland,21,Overleden,0,1
2020-04-23,74,Heerenveen,Friesland,21,Totaal,1,79
2020-04-23,74,Heerenveen,Friesland,21,Ziekenhuisopname,0,13
2020-04-23,74,Heerenveen,Friesland,21,Overleden,0,15
2020-04-23,80,Leeuwarden,Friesland,21,Totaal,0,50
2020-04-23,80,Leeuwarden,Friesland,21,Ziekenhuisopname,0,33
2020-04-23,80,Leeuwarden,Friesland,21,Overleden,0,6
2020-04-23,85,Ooststellingwerf,Friesland,21,Totaal,1,7
2020-04-23,85,Ooststellingwerf,Friesland,21,Ziekenhuisopname,0,3
2020-04-23,85,Ooststellingwerf,Friesland,21,Overleden,0,0
2020-04-23,86,Opsterland,Friesland,21,Totaal,0,22
2020-04-23,86,Opsterland,Friesland,21,Ziekenhuisopname,0,6
2020-04-23,86,Opsterland,Friesland,21,Overleden,0,0
2020-04-23,88,Schiermonnikoog,Friesland,21,Totaal,0,0
2020-04-23,88,Schiermonnikoog,Friesland,21,Ziekenhuisopname,0,0
2020-04-23,88,Schiermonnikoog,Friesland,21,Overleden,0,0
2020-04-23,90,Smallingerland,Friesland,21,Totaal,1,44
2020-04-23,90,Smallingerland,Friesland,21,Ziekenhuisopname,0,7
2020-04-23,90,Smallingerland,Friesland,21,Overleden,0,4
2020-04-23,93,Terschelling,Friesland,21,Totaal,0,2
2020-04-23,93,Terschelling,Friesland,21,Ziekenhuisopname,0,0
2020-04-23,93,Terschelling,Friesland,21,Overleden,0,0
2020-04-23,96,Vlieland,Friesland,21,Totaal,0,0
2020-04-23,96,Vlieland,Friesland,21,Ziekenhuisopname,0,0
2020-04-23,96,Vlieland,Friesland,21,Overleden,0,0
2020-04-23,98,Weststellingwerf,Friesland,21,Totaal,1,24
2020-04-23,98,Weststellingwerf,Friesland,21,Ziekenhuisopname,1,3
2020-04-23,98,Weststellingwerf,Friesland,21,Overleden,1,3
2020-04-23,106,Assen,Drenthe,22,Totaal,1,36
2020-04-23,106,Assen,Drenthe,22,Ziekenhuisopname,0,12
2020-04-23,106,Assen,Drenthe,22,Overleden,0,2
2020-04-23,109,Coevorden,Drenthe,22,Totaal,1,47
2020-04-23,109,Coevorden,Drenthe,22,Ziekenhuisopname,0,12
2020-04-23,109,Coevorden,Drenthe,22,Overleden,0,1
2020-04-23,114,Emmen,Drenthe,22,Totaal,2,77
2020-04-23,114,Emmen,Drenthe,22,Ziekenhuisopname,0,19
2020-04-23,114,Emmen,Drenthe,22,Overleden,0,9
2020-04-23,118,Hoogeveen,Drenthe,22,Totaal,6,70
2020-04-23,118,Hoogeveen,Drenthe,22,Ziekenhuisopname,0,15
2020-04-23,118,Hoogeveen,Drenthe,22,Overleden,0,5
2020-04-23,119,Meppel,Drenthe,22,Totaal,3,31
2020-04-23,119,Meppel,Drenthe,22,Ziekenhuisopname,0,6
2020-04-23,119,Meppel,Drenthe,22,Overleden,0,3
2020-04-23,141,Almelo,Overijssel,23,Totaal,0,83
2020-04-23,141,Almelo,Overijssel,23,Ziekenhuisopname,0,20
2020-04-23,141,Almelo,Overijssel,23,Overleden,1,6
2020-04-23,147,Borne,Overijssel,23,Totaal,1,44
2020-04-23,147,Borne,Overijssel,23,Ziekenhuisopname,0,13
2020-04-23,147,Borne,Overijssel,23,Overleden,0,6
2020-04-23,148,Dalfsen,Overijssel,23,Totaal,1,72
2020-04-23,148,Dalfsen,Overijssel,23,Ziekenhuisopname,0,15
2020-04-23,148,Dalfsen,Overijssel,23,Overleden,0,6
2020-04-23,150,Deventer,Overijssel,23,Totaal,3,180
2020-04-23,150,Deventer,Overijssel,23,Ziekenhuisopname,0,41
2020-04-23,150,Deventer,Overijssel,23,Overleden,0,25
2020-04-23,153,Enschede,Overijssel,23,Totaal,6,168
2020-04-23,153,Enschede,Overijssel,23,Ziekenhuisopname,0,50
2020-04-23,153,Enschede,Overijssel,23,Overleden,1,14
2020-04-23,158,Haaksbergen,Overijssel,23,Totaal,0,49
2020-04-23,158,Haaksbergen,Overijssel,23,Ziekenhuisopname,0,14
2020-04-23,158,Haaksbergen,Overijssel,23,Overleden,0,3
2020-04-23,160,Hardenberg,Overijssel,23,Totaal,3,158
2020-04-23,160,Hardenberg,Overijssel,23,Ziekenhuisopname,0,23
2020-04-23,160,Hardenberg,Overijssel,23,Overleden,0,6
2020-04-23,163,Hellendoorn,Overijssel,23,Totaal,6,65
2020-04-23,163,Hellendoorn,Overijssel,23,Ziekenhuisopname,1,8
2020-04-23,163,Hellendoorn,Overijssel,23,Overleden,0,2
2020-04-23,164,Hengelo,Overijssel,23,Totaal,1,111
2020-04-23,164,Hengelo,Overijssel,23,Ziekenhuisopname,1,20
2020-04-23,164,Hengelo,Overijssel,23,Overleden,0,15
2020-04-23,166,Kampen,Overijssel,23,Totaal,8,296
2020-04-23,166,Kampen,Overijssel,23,Ziekenhuisopname,0,58
2020-04-23,166,Kampen,Overijssel,23,Overleden,2,26
2020-04-23,168,Losser,Overijssel,23,Totaal,0,21
2020-04-23,168,Losser,Overijssel,23,Ziekenhuisopname,0,7
2020-04-23,168,Losser,Overijssel,23,Overleden,0,0
2020-04-23,171,Noordoostpolder,Flevoland,24,Totaal,5,59
2020-04-23,171,Noordoostpolder,Flevoland,24,Ziekenhuisopname,0,14
2020-04-23,171,Noordoostpolder,Flevoland,24,Overleden,0,3
2020-04-23,173,Oldenzaal,Overijssel,23,Totaal,0,46
2020-04-23,173,Oldenzaal,Overijssel,23,Ziekenhuisopname,0,14
2020-04-23,173,Oldenzaal,Overijssel,23,Overleden,0,5
2020-04-23,175,Ommen,Overijssel,23,Totaal,0,46
2020-04-23,175,Ommen,Overijssel,23,Ziekenhuisopname,0,9
2020-04-23,175,Ommen,Overijssel,23,Overleden,0,2
2020-04-23,177,Raalte,Overijssel,23,Totaal,1,119
2020-04-23,177,Raalte,Overijssel,23,Ziekenhuisopname,0,23
2020-04-23,177,Raalte,Overijssel,23,Overleden,0,10
2020-04-23,180,Staphorst,Overijssel,23,Totaal,0,52
2020-04-23,180,Staphorst,Overijssel,23,Ziekenhuisopname,0,8
2020-04-23,180,Staphorst,Overijssel,23,Overleden,0,4
2020-04-23,183,Tubbergen,Overijssel,23,Totaal,0,72
2020-04-23,183,Tubbergen,Overijssel,23,Ziekenhuisopname,0,10
2020-04-23,183,Tubbergen,Overijssel,23,Overleden,0,3
2020-04-23,184,Urk,Flevoland,24,Totaal,3,60
2020-04-23,184,Urk,Flevoland,24,Ziekenhuisopname,0,19
2020-04-23,184,Urk,Flevoland,24,Overleden,0,4
2020-04-23,189,Wierden,Overijssel,23,Totaal,3,42
2020-04-23,189,Wierden,Overijssel,23,Ziekenhuisopname,0,4
2020-04-23,189,Wierden,Overijssel,23,Overleden,0,3
2020-04-23,193,Zwolle,Overijssel,23,Totaal,11,307
2020-04-23,193,Zwolle,Overijssel,23,Ziekenhuisopname,0,52
2020-04-23,193,Zwolle,Overijssel,23,Overleden,1,41
2020-04-23,197,Aalten,Gelderland,25,Totaal,3,49
2020-04-23,197,Aalten,Gelderland,25,Ziekenhuisopname,1,5
2020-04-23,197,Aalten,Gelderland,25,Overleden,0,3
2020-04-23,200,Apeldoorn,Gelderland,25,Totaal,10,302
2020-04-23,200,Apeldoorn,Gelderland,25,Ziekenhuisopname,1,51
2020-04-23,200,Apeldoorn,Gelderland,25,Overleden,1,33
2020-04-23,202,Arnhem,Gelderland,25,Totaal,9,228
2020-04-23,202,Arnhem,Gelderland,25,Ziekenhuisopname,1,58
2020-04-23,202,Arnhem,Gelderland,25,Overleden,1,20
2020-04-23,203,Barneveld,Gelderland,25,Totaal,1,96
2020-04-23,203,Barneveld,Gelderland,25,Ziekenhuisopname,0,17
2020-04-23,203,Barneveld,Gelderland,25,Overleden,0,6
2020-04-23,209,Beuningen,Gelderland,25,Totaal,4,55
2020-04-23,209,Beuningen,Gelderland,25,Ziekenhuisopname,0,19
2020-04-23,209,Beuningen,Gelderland,25,Overleden,0,4
2020-04-23,213,Brummen,Gelderland,25,Totaal,1,34
2020-04-23,213,Brummen,Gelderland,25,Ziekenhuisopname,0,16
2020-04-23,213,Brummen,Gelderland,25,Overleden,0,6
2020-04-23,214,Buren,Gelderland,25,Totaal,0,34
2020-04-23,214,Buren,Gelderland,25,Ziekenhuisopname,0,13
2020-04-23,214,Buren,Gelderland,25,Overleden,0,5
2020-04-23,216,Culemborg,Gelderland,25,Totaal,0,53
2020-04-23,216,Culemborg,Gelderland,25,Ziekenhuisopname,0,21
2020-04-23,216,Culemborg,Gelderland,25,Overleden,0,7
2020-04-23,221,Doesburg,Gelderland,25,Totaal,0,22
2020-04-23,221,Doesburg,Gelderland,25,Ziekenhuisopname,0,7
2020-04-23,221,Doesburg,Gelderland,25,Overleden,0,6
2020-04-23,222,Doetinchem,Gelderland,25,Totaal,3,78
2020-04-23,222,Doetinchem,Gelderland,25,Ziekenhuisopname,0,15
2020-04-23,222,Doetinchem,Gelderland,25,Overleden,1,13
2020-04-23,225,Druten,Gelderland,25,Totaal,0,103
2020-04-23,225,Druten,Gelderland,25,Ziekenhuisopname,0,21
2020-04-23,225,Druten,Gelderland,25,Overleden,0,6
2020-04-23,226,Duiven,Gelderland,25,Totaal,3,40
2020-04-23,226,Duiven,Gelderland,25,Ziekenhuisopname,1,13
2020-04-23,226,Duiven,Gelderland,25,Overleden,0,4
2020-04-23,228,Ede,Gelderland,25,Totaal,6,171
2020-04-23,228,Ede,Gelderland,25,Ziekenhuisopname,0,53
2020-04-23,228,Ede,Gelderland,25,Overleden,0,18
2020-04-23,230,Elburg,Gelderland,25,Totaal,3,101
2020-04-23,230,Elburg,Gelderland,25,Ziekenhuisopname,2,18
2020-04-23,230,Elburg,Gelderland,25,Overleden,1,5
2020-04-23,232,Epe,Gelderland,25,Totaal,6,114
2020-04-23,232,Epe,Gelderland,25,Ziekenhuisopname,1,31
2020-04-23,232,Epe,Gelderland,25,Overleden,1,17
2020-04-23,233,Ermelo,Gelderland,25,Totaal,5,91
2020-04-23,233,Ermelo,Gelderland,25,Ziekenhuisopname,2,20
2020-04-23,233,Ermelo,Gelderland,25,Overleden,1,12
2020-04-23,243,Harderwijk,Gelderland,25,Totaal,7,100
2020-04-23,243,Harderwijk,Gelderland,25,Ziekenhuisopname,1,24
2020-04-23,243,Harderwijk,Gelderland,25,Overleden,1,11
2020-04-23,244,Hattem,Gelderland,25,Totaal,0,39
2020-04-23,244,Hattem,Gelderland,25,Ziekenhuisopname,0,11
2020-04-23,244,Hattem,Gelderland,25,Overleden,0,5
2020-04-23,246,Heerde,Gelderland,25,Totaal,12,162
2020-04-23,246,Heerde,Gelderland,25,Ziekenhuisopname,0,33
2020-04-23,246,Heerde,Gelderland,25,Overleden,3,21
2020-04-23,252,Heumen,Gelderland,25,Totaal,2,60
2020-04-23,252,Heumen,Gelderland,25,Ziekenhuisopname,0,17
2020-04-23,252,Heumen,Gelderland,25,Overleden,0,5
2020-04-23,262,Lochem,Gelderland,25,Totaal,6,75
2020-04-23,262,Lochem,Gelderland,25,Ziekenhuisopname,0,12
2020-04-23,262,Lochem,Gelderland,25,Overleden,1,9
2020-04-23,263,Maasdriel,Gelderland,25,Totaal,1,32
2020-04-23,263,Maasdriel,Gelderland,25,Ziekenhuisopname,0,15
2020-04-23,263,Maasdriel,Gelderland,25,Overleden,0,4
2020-04-23,267,Nijkerk,Gelderland,25,Totaal,0,48
2020-04-23,267,Nijkerk,Gelderland,25,Ziekenhuisopname,0,21
2020-04-23,267,Nijkerk,Gelderland,25,Overleden,0,2
2020-04-23,268,Nijmegen,Gelderland,25,Totaal,9,493
2020-04-23,268,Nijmegen,Gelderland,25,Ziekenhuisopname,0,116
2020-04-23,268,Nijmegen,Gelderland,25,Overleden,2,47
2020-04-23,269,Oldebroek,Gelderland,25,Totaal,5,117
2020-04-23,269,Oldebroek,Gelderland,25,Ziekenhuisopname,1,27
2020-04-23,269,Oldebroek,Gelderland,25,Overleden,0,13
2020-04-23,273,Putten,Gelderland,25,Totaal,0,17
2020-04-23,273,Putten,Gelderland,25,Ziekenhuisopname,0,3
2020-04-23,273,Putten,Gelderland,25,Overleden,0,0
2020-04-23,274,Renkum,Gelderland,25,Totaal,4,59
2020-04-23,274,Renkum,Gelderland,25,Ziekenhuisopname,0,14
2020-04-23,274,Renkum,Gelderland,25,Overleden,0,3
2020-04-23,275,Rheden,Gelderland,25,Totaal,0,64
2020-04-23,275,Rheden,Gelderland,25,Ziekenhuisopname,0,31
2020-04-23,275,Rheden,Gelderland,25,Overleden,0,14
2020-04-23,277,Rozendaal,Gelderland,25,Totaal,0,3
2020-04-23,277,Rozendaal,Gelderland,25,Ziekenhuisopname,0,1
2020-04-23,277,Rozendaal,Gelderland,25,Overleden,0,0
2020-04-23,279,Scherpenzeel,Gelderland,25,Totaal,0,19
2020-04-23,279,Scherpenzeel,Gelderland,25,Ziekenhuisopname,0,3
2020-04-23,279,Scherpenzeel,Gelderland,25,Overleden,0,2
2020-04-23,281,Tiel,Gelderland,25,Totaal,0,87
2020-04-23,281,Tiel,Gelderland,25,Ziekenhuisopname,0,38
2020-04-23,281,Tiel,Gelderland,25,Overleden,0,16
2020-04-23,285,Voorst,Gelderland,25,Totaal,0,52
2020-04-23,285,Voorst,Gelderland,25,Ziekenhuisopname,0,11
2020-04-23,285,Voorst,Gelderland,25,Overleden,0,8
2020-04-23,289,Wageningen,Gelderland,25,Totaal,0,41
2020-04-23,289,Wageningen,Gelderland,25,Ziekenhuisopname,0,19
2020-04-23,289,Wageningen,Gelderland,25,Overleden,0,8
2020-04-23,293,Westervoort,Gelderland,25,Totaal,1,31
2020-04-23,293,Westervoort,Gelderland,25,Ziekenhuisopname,0,12
2020-04-23,293,Westervoort,Gelderland,25,Overleden,0,4
2020-04-23,294,Winterswijk,Gelderland,25,Totaal,0,29
2020-04-23,294,Winterswijk,Gelderland,25,Ziekenhuisopname,0,3
2020-04-23,294,Winterswijk,Gelderland,25,Overleden,1,2
2020-04-23,296,Wijchen,Gelderland,25,Totaal,4,123
2020-04-23,296,Wijchen,Gelderland,25,Ziekenhuisopname,0,38
2020-04-23,296,Wijchen,Gelderland,25,Overleden,1,10
2020-04-23,297,Zaltbommel,Gelderland,25,Totaal,3,63
2020-04-23,297,Zaltbommel,Gelderland,25,Ziekenhuisopname,0,18
2020-04-23,297,Zaltbommel,Gelderland,25,Overleden,0,6
2020-04-23,299,Zevenaar,Gelderland,25,Totaal,0,78
2020-04-23,299,Zevenaar,Gelderland,25,Ziekenhuisopname,0,42
2020-04-23,299,Zevenaar,Gelderland,25,Overleden,0,12
2020-04-23,301,Zutphen,Gelderland,25,Totaal,5,59
2020-04-23,301,Zutphen,Gelderland,25,Ziekenhuisopname,1,19
2020-04-23,301,Zutphen,Gelderland,25,Overleden,0,8
2020-04-23,302,Nunspeet,Gelderland,25,Totaal,1,159
2020-04-23,302,Nunspeet,Gelderland,25,Ziekenhuisopname,0,34
2020-04-23,302,Nunspeet,Gelderland,25,Overleden,0,16
2020-04-23,303,Dronten,Flevoland,24,Totaal,3,95
2020-04-23,303,Dronten,Flevoland,24,Ziekenhuisopname,0,25
2020-04-23,303,Dronten,Flevoland,24,Overleden,0,6
2020-04-23,307,Amersfoort,Utrecht,26,Totaal,1,151
2020-04-23,307,Amersfoort,Utrecht,26,Ziekenhuisopname,0,54
2020-04-23,307,Amersfoort,Utrecht,26,Overleden,1,19
2020-04-23,308,Baarn,Utrecht,26,Totaal,1,39
2020-04-23,308,Baarn,Utrecht,26,Ziekenhuisopname,0,11
2020-04-23,308,Baarn,Utrecht,26,Overleden,0,3
2020-04-23,310,De Bilt,Utrecht,26,Totaal,4,102
2020-04-23,310,De Bilt,Utrecht,26,Ziekenhuisopname,1,24
2020-04-23,310,De Bilt,Utrecht,26,Overleden,1,9
2020-04-23,312,Bunnik,Utrecht,26,Totaal,3,26
2020-04-23,312,Bunnik,Utrecht,26,Ziekenhuisopname,0,7
2020-04-23,312,Bunnik,Utrecht,26,Overleden,0,1
2020-04-23,313,Bunschoten,Utrecht,26,Totaal,1,49
2020-04-23,313,Bunschoten,Utrecht,26,Ziekenhuisopname,0,5
2020-04-23,313,Bunschoten,Utrecht,26,Overleden,0,5
2020-04-23,317,Eemnes,Utrecht,26,Totaal,0,14
2020-04-23,317,Eemnes,Utrecht,26,Ziekenhuisopname,0,2
2020-04-23,317,Eemnes,Utrecht,26,Overleden,0,1
2020-04-23,321,Houten,Utrecht,26,Totaal,0,98
2020-04-23,321,Houten,Utrecht,26,Ziekenhuisopname,0,24
2020-04-23,321,Houten,Utrecht,26,Overleden,0,11
2020-04-23,327,Leusden,Utrecht,26,Totaal,1,35
2020-04-23,327,Leusden,Utrecht,26,Ziekenhuisopname,0,8
2020-04-23,327,Leusden,Utrecht,26,Overleden,0,4
2020-04-23,331,Lopik,Utrecht,26,Totaal,0,49
2020-04-23,331,Lopik,Utrecht,26,Ziekenhuisopname,1,19
2020-04-23,331,Lopik,Utrecht,26,Overleden,2,7
2020-04-23,335,Montfoort,Utrecht,26,Totaal,1,33
2020-04-23,335,Montfoort,Utrecht,26,Ziekenhuisopname,0,12
2020-04-23,335,Montfoort,Utrecht,26,Overleden,0,4
2020-04-23,339,Renswoude,Utrecht,26,Totaal,0,16
2020-04-23,339,Renswoude,Utrecht,26,Ziekenhuisopname,1,5
2020-04-23,339,Renswoude,Utrecht,26,Overleden,0,5
2020-04-23,340,Rhenen,Utrecht,26,Totaal,0,20
2020-04-23,340,Rhenen,Utrecht,26,Ziekenhuisopname,0,7
2020-04-23,340,Rhenen,Utrecht,26,Overleden,0,4
2020-04-23,342,Soest,Utrecht,26,Totaal,0,70
2020-04-23,342,Soest,Utrecht,26,Ziekenhuisopname,0,22
2020-04-23,342,Soest,Utrecht,26,Overleden,0,10
2020-04-23,344,Utrecht,Utrecht,26,Totaal,16,699
2020-04-23,344,Utrecht,Utrecht,26,Ziekenhuisopname,1,208
2020-04-23,344,Utrecht,Utrecht,26,Overleden,1,71
2020-04-23,345,Veenendaal,Utrecht,26,Totaal,7,127
2020-04-23,345,Veenendaal,Utrecht,26,Ziekenhuisopname,0,39
2020-04-23,345,Veenendaal,Utrecht,26,Overleden,0,9
2020-04-23,351,Woudenberg,Utrecht,26,Totaal,0,24
2020-04-23,351,Woudenberg,Utrecht,26,Ziekenhuisopname,0,9
2020-04-23,351,Woudenberg,Utrecht,26,Overleden,0,1
2020-04-23,352,Wijk bij Duurstede,Utrecht,26,Totaal,0,25
2020-04-23,352,Wijk bij Duurstede,Utrecht,26,Ziekenhuisopname,0,8
2020-04-23,352,Wijk bij Duurstede,Utrecht,26,Overleden,0,1
2020-04-23,353,IJsselstein,Utrecht,26,Totaal,7,102
2020-04-23,353,IJsselstein,Utrecht,26,Ziekenhuisopname,0,33
2020-04-23,353,IJsselstein,Utrecht,26,Overleden,2,27
2020-04-23,355,Zeist,Utrecht,26,Totaal,3,120
2020-04-23,355,Zeist,Utrecht,26,Ziekenhuisopname,0,35
2020-04-23,355,Zeist,Utrecht,26,Overleden,0,16
2020-04-23,356,Nieuwegein,Utrecht,26,Totaal,4,92
2020-04-23,356,Nieuwegein,Utrecht,26,Ziekenhuisopname,1,38
2020-04-23,356,Nieuwegein,Utrecht,26,Overleden,0,11
2020-04-23,358,Aalsmeer,Noord-Holland,27,Totaal,1,37
2020-04-23,358,Aalsmeer,Noord-Holland,27,Ziekenhuisopname,0,8
2020-04-23,358,Aalsmeer,Noord-Holland,27,Overleden,0,2
2020-04-23,361,Alkmaar,Noord-Holland,27,Totaal,2,204
2020-04-23,361,Alkmaar,Noord-Holland,27,Ziekenhuisopname,0,50
2020-04-23,361,Alkmaar,Noord-Holland,27,Overleden,0,21
2020-04-23,362,Amstelveen,Noord-Holland,27,Totaal,5,272
2020-04-23,362,Amstelveen,Noord-Holland,27,Ziekenhuisopname,1,52
2020-04-23,362,Amstelveen,Noord-Holland,27,Overleden,0,31
2020-04-23,363,Amsterdam,Noord-Holland,27,Totaal,48,1628
2020-04-23,363,Amsterdam,Noord-Holland,27,Ziekenhuisopname,9,504
2020-04-23,363,Amsterdam,Noord-Holland,27,Overleden,2,135
2020-04-23,370,Beemster,Noord-Holland,27,Totaal,0,8
2020-04-23,370,Beemster,Noord-Holland,27,Ziekenhuisopname,0,4
2020-04-23,370,Beemster,Noord-Holland,27,Overleden,0,1
2020-04-23,373,Bergen (NH.),Noord-Holland,27,Totaal,1,50
2020-04-23,373,Bergen (NH.),Noord-Holland,27,Ziekenhuisopname,0,16
2020-04-23,373,Bergen (NH.),Noord-Holland,27,Overleden,0,3
2020-04-23,375,Beverwijk,Noord-Holland,27,Totaal,0,68
2020-04-23,375,Beverwijk,Noord-Holland,27,Ziekenhuisopname,0,15
2020-04-23,375,Beverwijk,Noord-Holland,27,Overleden,0,6
2020-04-23,376,Blaricum,Noord-Holland,27,Totaal,0,23
2020-04-23,376,Blaricum,Noord-Holland,27,Ziekenhuisopname,0,7
2020-04-23,376,Blaricum,Noord-Holland,27,Overleden,0,0
2020-04-23,377,Bloemendaal,Noord-Holland,27,Totaal,0,41
2020-04-23,377,Bloemendaal,Noord-Holland,27,Ziekenhuisopname,0,6
2020-04-23,377,Bloemendaal,Noord-Holland,27,Overleden,0,3
2020-04-23,383,Castricum,Noord-Holland,27,Totaal,-1,72
2020-04-23,383,Castricum,Noord-Holland,27,Ziekenhuisopname,0,14
2020-04-23,383,Castricum,Noord-Holland,27,Overleden,0,8
2020-04-23,384,Diemen,Noord-Holland,27,Totaal,7,70
2020-04-23,384,Diemen,Noord-Holland,27,Ziekenhuisopname,0,15
2020-04-23,384,Diemen,Noord-Holland,27,Overleden,1,7
2020-04-23,385,Edam-Volendam,Noord-Holland,27,Totaal,2,74
2020-04-23,385,Edam-Volendam,Noord-Holland,27,Ziekenhuisopname,0,20
2020-04-23,385,Edam-Volendam,Noord-Holland,27,Overleden,2,2
2020-04-23,388,Enkhuizen,Noord-Holland,27,Totaal,0,27
2020-04-23,388,Enkhuizen,Noord-Holland,27,Ziekenhuisopname,0,18
2020-04-23,388,Enkhuizen,Noord-Holland,27,Overleden,0,4
2020-04-23,392,Haarlem,Noord-Holland,27,Totaal,3,233
2020-04-23,392,Haarlem,Noord-Holland,27,Ziekenhuisopname,0,56
2020-04-23,392,Haarlem,Noord-Holland,27,Overleden,0,46
2020-04-23,394,Haarlemmermeer,Noord-Holland,27,Totaal,3,189
2020-04-23,394,Haarlemmermeer,Noord-Holland,27,Ziekenhuisopname,0,57
2020-04-23,394,Haarlemmermeer,Noord-Holland,27,Overleden,0,17
2020-04-23,396,Heemskerk,Noord-Holland,27,Totaal,0,75
2020-04-23,396,Heemskerk,Noord-Holland,27,Ziekenhuisopname,0,25
2020-04-23,396,Heemskerk,Noord-Holland,27,Overleden,1,9
2020-04-23,397,Heemstede,Noord-Holland,27,Totaal,0,87
2020-04-23,397,Heemstede,Noord-Holland,27,Ziekenhuisopname,0,10
2020-04-23,397,Heemstede,Noord-Holland,27,Overleden,2,29
2020-04-23,398,Heerhugowaard,Noord-Holland,27,Totaal,6,129
2020-04-23,398,Heerhugowaard,Noord-Holland,27,Ziekenhuisopname,0,25
2020-04-23,398,Heerhugowaard,Noord-Holland,27,Overleden,0,8
2020-04-23,399,Heiloo,Noord-Holland,27,Totaal,1,43
2020-04-23,399,Heiloo,Noord-Holland,27,Ziekenhuisopname,0,9
2020-04-23,399,Heiloo,Noord-Holland,27,Overleden,0,7
2020-04-23,400,Den Helder,Noord-Holland,27,Totaal,0,30
2020-04-23,400,Den Helder,Noord-Holland,27,Ziekenhuisopname,0,8
2020-04-23,400,Den Helder,Noord-Holland,27,Overleden,0,0
2020-04-23,402,Hilversum,Noord-Holland,27,Totaal,7,125
2020-04-23,402,Hilversum,Noord-Holland,27,Ziekenhuisopname,1,26
2020-04-23,402,Hilversum,Noord-Holland,27,Overleden,0,4
2020-04-23,405,Hoorn,Noord-Holland,27,Totaal,2,75
2020-04-23,405,Hoorn,Noord-Holland,27,Ziekenhuisopname,1,30
2020-04-23,405,Hoorn,Noord-Holland,27,Overleden,0,11
2020-04-23,406,Huizen,Noord-Holland,27,Totaal,4,84
2020-04-23,406,Huizen,Noord-Holland,27,Ziekenhuisopname,0,18
2020-04-23,406,Huizen,Noord-Holland,27,Overleden,0,3
2020-04-23,415,Landsmeer,Noord-Holland,27,Totaal,1,22
2020-04-23,415,Landsmeer,Noord-Holland,27,Ziekenhuisopname,0,3
2020-04-23,415,Landsmeer,Noord-Holland,27,Overleden,0,2
2020-04-23,416,Langedijk,Noord-Holland,27,Totaal,1,42
2020-04-23,416,Langedijk,Noord-Holland,27,Ziekenhuisopname,0,16
2020-04-23,416,Langedijk,Noord-Holland,27,Overleden,0,2
2020-04-23,417,Laren,Noord-Holland,27,Totaal,0,24
2020-04-23,417,Laren,Noord-Holland,27,Ziekenhuisopname,0,8
2020-04-23,417,Laren,Noord-Holland,27,Overleden,0,1
2020-04-23,420,Medemblik,Noord-Holland,27,Totaal,2,65
2020-04-23,420,Medemblik,Noord-Holland,27,Ziekenhuisopname,1,18
2020-04-23,420,Medemblik,Noord-Holland,27,Overleden,0,6
2020-04-23,431,Oostzaan,Noord-Holland,27,Totaal,2,25
2020-04-23,431,Oostzaan,Noord-Holland,27,Ziekenhuisopname,0,10
2020-04-23,431,Oostzaan,Noord-Holland,27,Overleden,0,1
2020-04-23,432,Opmeer,Noord-Holland,27,Totaal,0,7
2020-04-23,432,Opmeer,Noord-Holland,27,Ziekenhuisopname,0,1
2020-04-23,432,Opmeer,Noord-Holland,27,Overleden,0,1
2020-04-23,437,Ouder-Amstel,Noord-Holland,27,Totaal,0,25
2020-04-23,437,Ouder-Amstel,Noord-Holland,27,Ziekenhuisopname,0,5
2020-04-23,437,Ouder-Amstel,Noord-Holland,27,Overleden,0,0
2020-04-23,439,Purmerend,Noord-Holland,27,Totaal,8,182
2020-04-23,439,Purmerend,Noord-Holland,27,Ziekenhuisopname,0,61
2020-04-23,439,Purmerend,Noord-Holland,27,Overleden,1,21
2020-04-23,441,Schagen,Noord-Holland,27,Totaal,0,67
2020-04-23,441,Schagen,Noord-Holland,27,Ziekenhuisopname,0,19
2020-04-23,441,Schagen,Noord-Holland,27,Overleden,4,7
2020-04-23,448,Texel,Noord-Holland,27,Totaal,-1,10
2020-04-23,448,Texel,Noord-Holland,27,Ziekenhuisopname,0,4
2020-04-23,448,Texel,Noord-Holland,27,Overleden,0,1
2020-04-23,450,Uitgeest,Noord-Holland,27,Totaal,0,21
2020-04-23,450,Uitgeest,Noord-Holland,27,Ziekenhuisopname,0,5
2020-04-23,450,Uitgeest,Noord-Holland,27,Overleden,0,1
2020-04-23,451,Uithoorn,Noord-Holland,27,Totaal,2,45
2020-04-23,451,Uithoorn,Noord-Holland,27,Ziekenhuisopname,0,16
2020-04-23,451,Uithoorn,Noord-Holland,27,Overleden,1,2
2020-04-23,453,Velsen,Noord-Holland,27,Totaal,4,231
2020-04-23,453,Velsen,Noord-Holland,27,Ziekenhuisopname,0,28
2020-04-23,453,Velsen,Noord-Holland,27,Overleden,2,28
2020-04-23,457,Weesp,Noord-Holland,27,Totaal,4,41
2020-04-23,457,Weesp,Noord-Holland,27,Ziekenhuisopname,0,9
2020-04-23,457,Weesp,Noord-Holland,27,Overleden,0,1
2020-04-23,473,Zandvoort,Noord-Holland,27,Totaal,0,29
2020-04-23,473,Zandvoort,Noord-Holland,27,Ziekenhuisopname,0,10
2020-04-23,473,Zandvoort,Noord-Holland,27,Overleden,0,7
2020-04-23,479,Zaanstad,Noord-Holland,27,Totaal,17,308
2020-04-23,479,Zaanstad,Noord-Holland,27,Ziekenhuisopname,0,104
2020-04-23,479,Zaanstad,Noord-Holland,27,Overleden,0,35
2020-04-23,482,Alblasserdam,Zuid-Holland,28,Totaal,0,38
2020-04-23,482,Alblasserdam,Zuid-Holland,28,Ziekenhuisopname,0,9
2020-04-23,482,Alblasserdam,Zuid-Holland,28,Overleden,0,1
2020-04-23,484,Alphen aan den Rijn,Zuid-Holland,28,Totaal,5,149
2020-04-23,484,Alphen aan den Rijn,Zuid-Holland,28,Ziekenhuisopname,1,56
2020-04-23,484,Alphen aan den Rijn,Zuid-Holland,28,Overleden,0,18
2020-04-23,489,Barendrecht,Zuid-Holland,28,Totaal,2,94
2020-04-23,489,Barendrecht,Zuid-Holland,28,Ziekenhuisopname,0,29
2020-04-23,489,Barendrecht,Zuid-Holland,28,Overleden,0,5
2020-04-23,498,Drechterland,Noord-Holland,27,Totaal,1,42
2020-04-23,498,Drechterland,Noord-Holland,27,Ziekenhuisopname,0,3
2020-04-23,498,Drechterland,Noord-Holland,27,Overleden,0,8
2020-04-23,501,Brielle,Zuid-Holland,28,Totaal,1,27
2020-04-23,501,Brielle,Zuid-Holland,28,Ziekenhuisopname,0,11
2020-04-23,501,Brielle,Zuid-Holland,28,Overleden,0,0
2020-04-23,502,Capelle aan den IJssel,Zuid-Holland,28,Totaal,8,228
2020-04-23,502,Capelle aan den IJssel,Zuid-Holland,28,Ziekenhuisopname,0,39
2020-04-23,502,Capelle aan den IJssel,Zuid-Holland,28,Overleden,1,36
2020-04-23,503,Delft,Zuid-Holland,28,Totaal,3,109
2020-04-23,503,Delft,Zuid-Holland,28,Ziekenhuisopname,0,37
2020-04-23,503,Delft,Zuid-Holland,28,Overleden,0,8
2020-04-23,505,Dordrecht,Zuid-Holland,28,Totaal,5,230
2020-04-23,505,Dordrecht,Zuid-Holland,28,Ziekenhuisopname,1,75
2020-04-23,505,Dordrecht,Zuid-Holland,28,Overleden,0,19
2020-04-23,512,Gorinchem,Zuid-Holland,28,Totaal,2,132
2020-04-23,512,Gorinchem,Zuid-Holland,28,Ziekenhuisopname,1,17
2020-04-23,512,Gorinchem,Zuid-Holland,28,Overleden,0,12
2020-04-23,513,Gouda,Zuid-Holland,28,Totaal,3,211
2020-04-23,513,Gouda,Zuid-Holland,28,Ziekenhuisopname,0,32
2020-04-23,513,Gouda,Zuid-Holland,28,Overleden,2,26
2020-04-23,518,'s-Gravenhage,Zuid-Holland,28,Totaal,39,958
2020-04-23,518,'s-Gravenhage,Zuid-Holland,28,Ziekenhuisopname,2,261
2020-04-23,518,'s-Gravenhage,Zuid-Holland,28,Overleden,6,107
2020-04-23,523,Hardinxveld-Giessendam,Zuid-Holland,28,Totaal,1,28
2020-04-23,523,Hardinxveld-Giessendam,Zuid-Holland,28,Ziekenhuisopname,0,1
2020-04-23,523,Hardinxveld-Giessendam,Zuid-Holland,28,Overleden,0,2
2020-04-23,530,Hellevoetsluis,Zuid-Holland,28,Totaal,1,57
2020-04-23,530,Hellevoetsluis,Zuid-Holland,28,Ziekenhuisopname,0,14
2020-04-23,530,Hellevoetsluis,Zuid-Holland,28,Overleden,0,1
2020-04-23,531,Hendrik-Ido-Ambacht,Zuid-Holland,28,Totaal,1,28
2020-04-23,531,Hendrik-Ido-Ambacht,Zuid-Holland,28,Ziekenhuisopname,0,6
2020-04-23,531,Hendrik-Ido-Ambacht,Zuid-Holland,28,Overleden,0,3
2020-04-23,532,Stede Broec,Noord-Holland,27,Totaal,1,46
2020-04-23,532,Stede Broec,Noord-Holland,27,Ziekenhuisopname,1,19
2020-04-23,532,Stede Broec,Noord-Holland,27,Overleden,1,5
2020-04-23,534,Hillegom,Zuid-Holland,28,Totaal,0,28
2020-04-23,534,Hillegom,Zuid-Holland,28,Ziekenhuisopname,0,7
2020-04-23,534,Hillegom,Zuid-Holland,28,Overleden,0,1
2020-04-23,537,Katwijk,Zuid-Holland,28,Totaal,7,153
2020-04-23,537,Katwijk,Zuid-Holland,28,Ziekenhuisopname,1,23
2020-04-23,537,Katwijk,Zuid-Holland,28,Overleden,1,10
2020-04-23,542,Krimpen aan den IJssel,Zuid-Holland,28,Totaal,3,58
2020-04-23,542,Krimpen aan den IJssel,Zuid-Holland,28,Ziekenhuisopname,0,9
2020-04-23,542,Krimpen aan den IJssel,Zuid-Holland,28,Overleden,1,5
2020-04-23,546,Leiden,Zuid-Holland,28,Totaal,3,116
2020-04-23,546,Leiden,Zuid-Holland,28,Ziekenhuisopname,0,36
2020-04-23,546,Leiden,Zuid-Holland,28,Overleden,1,15
2020-04-23,547,Leiderdorp,Zuid-Holland,28,Totaal,1,25
2020-04-23,547,Leiderdorp,Zuid-Holland,28,Ziekenhuisopname,0,10
2020-04-23,547,Leiderdorp,Zuid-Holland,28,Overleden,1,4
2020-04-23,553,Lisse,Zuid-Holland,28,Totaal,0,20
2020-04-23,553,Lisse,Zuid-Holland,28,Ziekenhuisopname,0,6
2020-04-23,553,Lisse,Zuid-Holland,28,Overleden,0,2
2020-04-23,556,Maassluis,Zuid-Holland,28,Totaal,1,46
2020-04-23,556,Maassluis,Zuid-Holland,28,Ziekenhuisopname,0,17
2020-04-23,556,Maassluis,Zuid-Holland,28,Overleden,0,2
2020-04-23,569,Nieuwkoop,Zuid-Holland,28,Totaal,1,45
2020-04-23,569,Nieuwkoop,Zuid-Holland,28,Ziekenhuisopname,0,8
2020-04-23,569,Nieuwkoop,Zuid-Holland,28,Overleden,0,4
2020-04-23,575,Noordwijk,Zuid-Holland,28,Totaal,0,37
2020-04-23,575,Noordwijk,Zuid-Holland,28,Ziekenhuisopname,0,14
2020-04-23,575,Noordwijk,Zuid-Holland,28,Overleden,0,1
2020-04-23,579,Oegstgeest,Zuid-Holland,28,Totaal,0,36
2020-04-23,579,Oegstgeest,Zuid-Holland,28,Ziekenhuisopname,1,8
2020-04-23,579,Oegstgeest,Zuid-Holland,28,Overleden,0,1
2020-04-23,589,Oudewater,Utrecht,26,Totaal,1,47
2020-04-23,589,Oudewater,Utrecht,26,Ziekenhuisopname,0,25
2020-04-23,589,Oudewater,Utrecht,26,Overleden,0,7
2020-04-23,590,Papendrecht,Zuid-Holland,28,Totaal,0,46
2020-04-23,590,Papendrecht,Zuid-Holland,28,Ziekenhuisopname,0,7
2020-04-23,590,Papendrecht,Zuid-Holland,28,Overleden,-1,6
2020-04-23,597,Ridderkerk,Zuid-Holland,28,Totaal,0,89
2020-04-23,597,Ridderkerk,Zuid-Holland,28,Ziekenhuisopname,0,32
2020-04-23,597,Ridderkerk,Zuid-Holland,28,Overleden,0,10
2020-04-23,599,Rotterdam,Zuid-Holland,28,Totaal,50,1701
2020-04-23,599,Rotterdam,Zuid-Holland,28,Ziekenhuisopname,7,375
2020-04-23,599,Rotterdam,Zuid-Holland,28,Overleden,14,157
2020-04-23,603,Rijswijk,Zuid-Holland,28,Totaal,4,87
2020-04-23,603,Rijswijk,Zuid-Holland,28,Ziekenhuisopname,2,27
2020-04-23,603,Rijswijk,Zuid-Holland,28,Overleden,0,12
2020-04-23,606,Schiedam,Zuid-Holland,28,Totaal,5,159
2020-04-23,606,Schiedam,Zuid-Holland,28,Ziekenhuisopname,1,37
2020-04-23,606,Schiedam,Zuid-Holland,28,Overleden,0,7
2020-04-23,610,Sliedrecht,Zuid-Holland,28,Totaal,2,40
2020-04-23,610,Sliedrecht,Zuid-Holland,28,Ziekenhuisopname,0,7
2020-04-23,610,Sliedrecht,Zuid-Holland,28,Overleden,0,3
2020-04-23,613,Albrandswaard,Zuid-Holland,28,Totaal,2,77
2020-04-23,613,Albrandswaard,Zuid-Holland,28,Ziekenhuisopname,0,9
2020-04-23,613,Albrandswaard,Zuid-Holland,28,Overleden,0,6
2020-04-23,614,Westvoorne,Zuid-Holland,28,Totaal,0,22
2020-04-23,614,Westvoorne,Zuid-Holland,28,Ziekenhuisopname,0,6
2020-04-23,614,Westvoorne,Zuid-Holland,28,Overleden,0,0
2020-04-23,622,Vlaardingen,Zuid-Holland,28,Totaal,10,184
2020-04-23,622,Vlaardingen,Zuid-Holland,28,Ziekenhuisopname,0,31
2020-04-23,622,Vlaardingen,Zuid-Holland,28,Overleden,0,16
2020-04-23,626,Voorschoten,Zuid-Holland,28,Totaal,2,34
2020-04-23,626,Voorschoten,Zuid-Holland,28,Ziekenhuisopname,0,9
2020-04-23,626,Voorschoten,Zuid-Holland,28,Overleden,0,5
2020-04-23,627,Waddinxveen,Zuid-Holland,28,Totaal,1,46
2020-04-23,627,Waddinxveen,Zuid-Holland,28,Ziekenhuisopname,1,16
2020-04-23,627,Waddinxveen,Zuid-Holland,28,Overleden,0,5
2020-04-23,629,Wassenaar,Zuid-Holland,28,Totaal,1,40
2020-04-23,629,Wassenaar,Zuid-Holland,28,Ziekenhuisopname,0,8
2020-04-23,629,Wassenaar,Zuid-Holland,28,Overleden,0,9
2020-04-23,632,Woerden,Utrecht,26,Totaal,3,129
2020-04-23,632,Woerden,Utrecht,26,Ziekenhuisopname,-1,45
2020-04-23,632,Woerden,Utrecht,26,Overleden,1,16
2020-04-23,637,Zoetermeer,Zuid-Holland,28,Totaal,5,155
2020-04-23,637,Zoetermeer,Zuid-Holland,28,Ziekenhuisopname,1,39
2020-04-23,637,Zoetermeer,Zuid-Holland,28,Overleden,1,10
2020-04-23,638,Zoeterwoude,Zuid-Holland,28,Totaal,0,7
2020-04-23,638,Zoeterwoude,Zuid-Holland,28,Ziekenhuisopname,0,2
2020-04-23,638,Zoeterwoude,Zuid-Holland,28,Overleden,0,0
2020-04-23,642,Zwijndrecht,Zuid-Holland,28,Totaal,5,105
2020-04-23,642,Zwijndrecht,Zuid-Holland,28,Ziekenhuisopname,0,15
2020-04-23,642,Zwijndrecht,Zuid-Holland,28,Overleden,1,7
2020-04-23,654,Borsele,Zeeland,29,Totaal,1,22
2020-04-23,654,Borsele,Zeeland,29,Ziekenhuisopname,0,5
2020-04-23,654,Borsele,Zeeland,29,Overleden,0,0
2020-04-23,664,Goes,Zeeland,29,Totaal,1,67
2020-04-23,664,Goes,Zeeland,29,Ziekenhuisopname,0,11
2020-04-23,664,Goes,Zeeland,29,Overleden,0,9
2020-04-23,668,West Maas en Waal,Gelderland,25,Totaal,0,69
2020-04-23,668,West Maas en Waal,Gelderland,25,Ziekenhuisopname,0,16
2020-04-23,668,West Maas en Waal,Gelderland,25,Overleden,0,6
2020-04-23,677,Hulst,Zeeland,29,Totaal,0,26
2020-04-23,677,Hulst,Zeeland,29,Ziekenhuisopname,0,8
2020-04-23,677,Hulst,Zeeland,29,Overleden,0,4
2020-04-23,678,Kapelle,Zeeland,29,Totaal,1,19
2020-04-23,678,Kapelle,Zeeland,29,Ziekenhuisopname,0,2
2020-04-23,678,Kapelle,Zeeland,29,Overleden,0,1
2020-04-23,687,Middelburg,Zeeland,29,Totaal,0,43
2020-04-23,687,Middelburg,Zeeland,29,Ziekenhuisopname,0,14
2020-04-23,687,Middelburg,Zeeland,29,Overleden,0,7
2020-04-23,703,Reimerswaal,Zeeland,29,Totaal,3,28
2020-04-23,703,Reimerswaal,Zeeland,29,Ziekenhuisopname,0,4
2020-04-23,703,Reimerswaal,Zeeland,29,Overleden,0,2
2020-04-23,715,Terneuzen,Zeeland,29,Totaal,5,97
2020-04-23,715,Terneuzen,Zeeland,29,Ziekenhuisopname,2,24
2020-04-23,715,Terneuzen,Zeeland,29,Overleden,0,2
2020-04-23,716,Tholen,Zeeland,29,Totaal,2,128
2020-04-23,716,Tholen,Zeeland,29,Ziekenhuisopname,0,38
2020-04-23,716,Tholen,Zeeland,29,Overleden,0,13
2020-04-23,717,Veere,Zeeland,29,Totaal,0,24
2020-04-23,717,Veere,Zeeland,29,Ziekenhuisopname,0,6
2020-04-23,717,Veere,Zeeland,29,Overleden,1,2
2020-04-23,718,Vlissingen,Zeeland,29,Totaal,0,47
2020-04-23,718,Vlissingen,Zeeland,29,Ziekenhuisopname,0,9
2020-04-23,718,Vlissingen,Zeeland,29,Overleden,0,5
2020-04-23,736,De Ronde Venen,Utrecht,26,Totaal,4,76
2020-04-23,736,De Ronde Venen,Utrecht,26,Ziekenhuisopname,1,37
2020-04-23,736,De Ronde Venen,Utrecht,26,Overleden,1,9
2020-04-23,737,Tytsjerksteradiel,Friesland,21,Totaal,0,15
2020-04-23,737,Tytsjerksteradiel,Friesland,21,Ziekenhuisopname,0,4
2020-04-23,737,Tytsjerksteradiel,Friesland,21,Overleden,0,1
2020-04-23,743,Asten,Noord-Brabant,30,Totaal,2,65
2020-04-23,743,Asten,Noord-Brabant,30,Ziekenhuisopname,0,14
2020-04-23,743,Asten,Noord-Brabant,30,Overleden,0,8
2020-04-23,744,Baarle-Nassau,Noord-Brabant,30,Totaal,0,5
2020-04-23,744,Baarle-Nassau,Noord-Brabant,30,Ziekenhuisopname,0,1
2020-04-23,744,Baarle-Nassau,Noord-Brabant,30,Overleden,0,0
2020-04-23,748,Bergen op Zoom,Noord-Brabant,30,Totaal,5,90
2020-04-23,748,Bergen op Zoom,Noord-Brabant,30,Ziekenhuisopname,0,21
2020-04-23,748,Bergen op Zoom,Noord-Brabant,30,Overleden,0,7
2020-04-23,753,Best,Noord-Brabant,30,Totaal,0,50
2020-04-23,753,Best,Noord-Brabant,30,Ziekenhuisopname,0,31
2020-04-23,753,Best,Noord-Brabant,30,Overleden,0,9
2020-04-23,755,Boekel,Noord-Brabant,30,Totaal,1,86
2020-04-23,755,Boekel,Noord-Brabant,30,Ziekenhuisopname,2,34
2020-04-23,755,Boekel,Noord-Brabant,30,Overleden,0,21
2020-04-23,756,Boxmeer,Noord-Brabant,30,Totaal,1,96
2020-04-23,756,Boxmeer,Noord-Brabant,30,Ziekenhuisopname,0,18
2020-04-23,756,Boxmeer,Noord-Brabant,30,Overleden,1,17
2020-04-23,757,Boxtel,Noord-Brabant,30,Totaal,1,54
2020-04-23,757,Boxtel,Noord-Brabant,30,Ziekenhuisopname,0,21
2020-04-23,757,Boxtel,Noord-Brabant,30,Overleden,0,12
2020-04-23,758,Breda,Noord-Brabant,30,Totaal,7,412
2020-04-23,758,Breda,Noord-Brabant,30,Ziekenhuisopname,0,140
2020-04-23,758,Breda,Noord-Brabant,30,Overleden,0,53
2020-04-23,762,Deurne,Noord-Brabant,30,Totaal,1,129
2020-04-23,762,Deurne,Noord-Brabant,30,Ziekenhuisopname,0,50
2020-04-23,762,Deurne,Noord-Brabant,30,Overleden,0,16
2020-04-23,765,Pekela,Groningen,20,Totaal,0,5
2020-04-23,765,Pekela,Groningen,20,Ziekenhuisopname,0,4
2020-04-23,765,Pekela,Groningen,20,Overleden,0,0
2020-04-23,766,Dongen,Noord-Brabant,30,Totaal,0,62
2020-04-23,766,Dongen,Noord-Brabant,30,Ziekenhuisopname,0,16
2020-04-23,766,Dongen,Noord-Brabant,30,Overleden,0,10
2020-04-23,770,Eersel,Noord-Brabant,30,Totaal,2,58
2020-04-23,770,Eersel,Noord-Brabant,30,Ziekenhuisopname,0,22
2020-04-23,770,Eersel,Noord-Brabant,30,Overleden,1,9
2020-04-23,772,Eindhoven,Noord-Brabant,30,Totaal,5,390
2020-04-23,772,Eindhoven,Noord-Brabant,30,Ziekenhuisopname,3,145
2020-04-23,772,Eindhoven,Noord-Brabant,30,Overleden,2,67
2020-04-23,777,Etten-Leur,Noord-Brabant,30,Totaal,1,144
2020-04-23,777,Etten-Leur,Noord-Brabant,30,Ziekenhuisopname,0,40
2020-04-23,777,Etten-Leur,Noord-Brabant,30,Overleden,0,25
2020-04-23,779,Geertruidenberg,Noord-Brabant,30,Totaal,1,34
2020-04-23,779,Geertruidenberg,Noord-Brabant,30,Ziekenhuisopname,0,11
2020-04-23,779,Geertruidenberg,Noord-Brabant,30,Overleden,0,5
2020-04-23,784,Gilze en Rijen,Noord-Brabant,30,Totaal,0,64
2020-04-23,784,Gilze en Rijen,Noord-Brabant,30,Ziekenhuisopname,0,17
2020-04-23,784,Gilze en Rijen,Noord-Brabant,30,Overleden,0,12
2020-04-23,785,Goirle,Noord-Brabant,30,Totaal,1,64
2020-04-23,785,Goirle,Noord-Brabant,30,Ziekenhuisopname,0,26
2020-04-23,785,Goirle,Noord-Brabant,30,Overleden,0,15
2020-04-23,786,Grave,Noord-Brabant,30,Totaal,0,54
2020-04-23,786,Grave,Noord-Brabant,30,Ziekenhuisopname,0,19
2020-04-23,786,Grave,Noord-Brabant,30,Overleden,0,7
2020-04-23,788,Haaren,Noord-Brabant,30,Totaal,2,39
2020-04-23,788,Haaren,Noord-Brabant,30,Ziekenhuisopname,0,17
2020-04-23,788,Haaren,Noord-Brabant,30,Overleden,0,7
2020-04-23,794,Helmond,Noord-Brabant,30,Totaal,5,269
2020-04-23,794,Helmond,Noord-Brabant,30,Ziekenhuisopname,0,90
2020-04-23,794,Helmond,Noord-Brabant,30,Overleden,0,32
2020-04-23,796,'s-Hertogenbosch,Noord-Brabant,30,Totaal,12,389
2020-04-23,796,'s-Hertogenbosch,Noord-Brabant,30,Ziekenhuisopname,1,118
2020-04-23,796,'s-Hertogenbosch,Noord-Brabant,30,Overleden,0,61
2020-04-23,797,Heusden,Noord-Brabant,30,Totaal,5,115
2020-04-23,797,Heusden,Noord-Brabant,30,Ziekenhuisopname,0,42
2020-04-23,797,Heusden,Noord-Brabant,30,Overleden,0,14
2020-04-23,798,Hilvarenbeek,Noord-Brabant,30,Totaal,1,32
2020-04-23,798,Hilvarenbeek,Noord-Brabant,30,Ziekenhuisopname,0,7
2020-04-23,798,Hilvarenbeek,Noord-Brabant,30,Overleden,0,4
2020-04-23,809,Loon op Zand,Noord-Brabant,30,Totaal,1,50
2020-04-23,809,Loon op Zand,Noord-Brabant,30,Ziekenhuisopname,0,20
2020-04-23,809,Loon op Zand,Noord-Brabant,30,Overleden,0,6
2020-04-23,815,Mill en Sint Hubert,Noord-Brabant,30,Totaal,1,29
2020-04-23,815,Mill en Sint Hubert,Noord-Brabant,30,Ziekenhuisopname,0,9
2020-04-23,815,Mill en Sint Hubert,Noord-Brabant,30,Overleden,0,4
2020-04-23,820,"Nuenen, Gerwen en Nederwetten",Noord-Brabant,30,Totaal,1,42
2020-04-23,820,"Nuenen, Gerwen en Nederwetten",Noord-Brabant,30,Ziekenhuisopname,1,16
2020-04-23,820,"Nuenen, Gerwen en Nederwetten",Noord-Brabant,30,Overleden,2,8
2020-04-23,823,Oirschot,Noord-Brabant,30,Totaal,1,51
2020-04-23,823,Oirschot,Noord-Brabant,30,Ziekenhuisopname,0,12
2020-04-23,823,Oirschot,Noord-Brabant,30,Overleden,0,6
2020-04-23,824,Oisterwijk,Noord-Brabant,30,Totaal,1,55
2020-04-23,824,Oisterwijk,Noord-Brabant,30,Ziekenhuisopname,0,16
2020-04-23,824,Oisterwijk,Noord-Brabant,30,Overleden,0,9
2020-04-23,826,Oosterhout,Noord-Brabant,30,Totaal,1,86
2020-04-23,826,Oosterhout,Noord-Brabant,30,Ziekenhuisopname,0,39
2020-04-23,826,Oosterhout,Noord-Brabant,30,Overleden,0,12
2020-04-23,828,Oss,Noord-Brabant,30,Totaal,11,404
2020-04-23,828,Oss,Noord-Brabant,30,Ziekenhuisopname,12,132
2020-04-23,828,Oss,Noord-Brabant,30,Overleden,2,76
2020-04-23,840,Rucphen,Noord-Brabant,30,Totaal,0,44
2020-04-23,840,Rucphen,Noord-Brabant,30,Ziekenhuisopname,0,7
2020-04-23,840,Rucphen,Noord-Brabant,30,Overleden,0,7
2020-04-23,845,Sint-Michielsgestel,Noord-Brabant,30,Totaal,3,80
2020-04-23,845,Sint-Michielsgestel,Noord-Brabant,30,Ziekenhuisopname,0,34
2020-04-23,845,Sint-Michielsgestel,Noord-Brabant,30,Overleden,0,13
2020-04-23,847,Someren,Noord-Brabant,30,Totaal,1,82
2020-04-23,847,Someren,Noord-Brabant,30,Ziekenhuisopname,0,29
2020-04-23,847,Someren,Noord-Brabant,30,Overleden,0,6
2020-04-23,848,Son en Breugel,Noord-Brabant,30,Totaal,0,64
2020-04-23,848,Son en Breugel,Noord-Brabant,30,Ziekenhuisopname,0,27
2020-04-23,848,Son en Breugel,Noord-Brabant,30,Overleden,0,13
2020-04-23,851,Steenbergen,Noord-Brabant,30,Totaal,3,66
2020-04-23,851,Steenbergen,Noord-Brabant,30,Ziekenhuisopname,0,12
2020-04-23,851,Steenbergen,Noord-Brabant,30,Overleden,0,7
2020-04-23,852,Waterland,Noord-Holland,27,Totaal,2,28
2020-04-23,852,Waterland,Noord-Holland,27,Ziekenhuisopname,0,14
2020-04-23,852,Waterland,Noord-Holland,27,Overleden,0,3
2020-04-23,855,Tilburg,Noord-Brabant,30,Totaal,10,601
2020-04-23,855,Tilburg,Noord-Brabant,30,Ziekenhuisopname,0,166
2020-04-23,855,Tilburg,Noord-Brabant,30,Overleden,2,130
2020-04-23,856,Uden,Noord-Brabant,30,Totaal,1,236
2020-04-23,856,Uden,Noord-Brabant,30,Ziekenhuisopname,8,107
2020-04-23,856,Uden,Noord-Brabant,30,Overleden,1,59
2020-04-23,858,Valkenswaard,Noord-Brabant,30,Totaal,4,126
2020-04-23,858,Valkenswaard,Noord-Brabant,30,Ziekenhuisopname,0,15
2020-04-23,858,Valkenswaard,Noord-Brabant,30,Overleden,2,30
2020-04-23,861,Veldhoven,Noord-Brabant,30,Totaal,1,110
2020-04-23,861,Veldhoven,Noord-Brabant,30,Ziekenhuisopname,1,26
2020-04-23,861,Veldhoven,Noord-Brabant,30,Overleden,1,16
2020-04-23,865,Vught,Noord-Brabant,30,Totaal,0,90
2020-04-23,865,Vught,Noord-Brabant,30,Ziekenhuisopname,0,37
2020-04-23,865,Vught,Noord-Brabant,30,Overleden,0,15
2020-04-23,866,Waalre,Noord-Brabant,30,Totaal,1,27
2020-04-23,866,Waalre,Noord-Brabant,30,Ziekenhuisopname,0,6
2020-04-23,866,Waalre,Noord-Brabant,30,Overleden,0,4
2020-04-23,867,Waalwijk,Noord-Brabant,30,Totaal,0,124
2020-04-23,867,Waalwijk,Noord-Brabant,30,Ziekenhuisopname,0,23
2020-04-23,867,Waalwijk,Noord-Brabant,30,Overleden,0,27
2020-04-23,873,Woensdrecht,Noord-Brabant,30,Totaal,7,57
2020-04-23,873,Woensdrecht,Noord-Brabant,30,Ziekenhuisopname,0,5
2020-04-23,873,Woensdrecht,Noord-Brabant,30,Overleden,0,5
2020-04-23,879,Zundert,Noord-Brabant,30,Totaal,0,60
2020-04-23,879,Zundert,Noord-Brabant,30,Ziekenhuisopname,0,19
2020-04-23,879,Zundert,Noord-Brabant,30,Overleden,0,9
2020-04-23,880,Wormerland,Noord-Holland,27,Totaal,4,39
2020-04-23,880,Wormerland,Noord-Holland,27,Ziekenhuisopname,1,18
2020-04-23,880,Wormerland,Noord-Holland,27,Overleden,0,6
2020-04-23,882,Landgraaf,Limburg,31,Totaal,2,112
2020-04-23,882,Landgraaf,Limburg,31,Ziekenhuisopname,0,48
2020-04-23,882,Landgraaf,Limburg,31,Overleden,0,11
2020-04-23,888,Beek,Limburg,31,Totaal,1,38
2020-04-23,888,Beek,Limburg,31,Ziekenhuisopname,0,15
2020-04-23,888,Beek,Limburg,31,Overleden,0,3
2020-04-23,889,Beesel,Limburg,31,Totaal,0,40
2020-04-23,889,Beesel,Limburg,31,Ziekenhuisopname,0,20
2020-04-23,889,Beesel,Limburg,31,Overleden,0,8
2020-04-23,893,Bergen (L.),Limburg,31,Totaal,1,18
2020-04-23,893,Bergen (L.),Limburg,31,Ziekenhuisopname,1,7
2020-04-23,893,Bergen (L.),Limburg,31,Overleden,0,2
2020-04-23,899,Brunssum,Limburg,31,Totaal,1,71
2020-04-23,899,Brunssum,Limburg,31,Ziekenhuisopname,1,35
2020-04-23,899,Brunssum,Limburg,31,Overleden,0,11
2020-04-23,907,Gennep,Limburg,31,Totaal,1,49
2020-04-23,907,Gennep,Limburg,31,Ziekenhuisopname,0,15
2020-04-23,907,Gennep,Limburg,31,Overleden,0,10
2020-04-23,917,Heerlen,Limburg,31,Totaal,5,284
2020-04-23,917,Heerlen,Limburg,31,Ziekenhuisopname,2,110
2020-04-23,917,Heerlen,Limburg,31,Overleden,0,41
2020-04-23,928,Kerkrade,Limburg,31,Totaal,7,141
2020-04-23,928,Kerkrade,Limburg,31,Ziekenhuisopname,0,54
2020-04-23,928,Kerkrade,Limburg,31,Overleden,3,22
2020-04-23,935,Maastricht,Limburg,31,Totaal,10,572
2020-04-23,935,Maastricht,Limburg,31,Ziekenhuisopname,2,160
2020-04-23,935,Maastricht,Limburg,31,Overleden,4,70
2020-04-23,938,Meerssen,Limburg,31,Totaal,3,78
2020-04-23,938,Meerssen,Limburg,31,Ziekenhuisopname,2,20
2020-04-23,938,Meerssen,Limburg,31,Overleden,0,9
2020-04-23,944,Mook en Middelaar,Limburg,31,Totaal,0,31
2020-04-23,944,Mook en Middelaar,Limburg,31,Ziekenhuisopname,0,6
2020-04-23,944,Mook en Middelaar,Limburg,31,Overleden,0,4
2020-04-23,946,Nederweert,Limburg,31,Totaal,2,45
2020-04-23,946,Nederweert,Limburg,31,Ziekenhuisopname,0,28
2020-04-23,946,Nederweert,Limburg,31,Overleden,0,7
2020-04-23,957,Roermond,Limburg,31,Totaal,0,116
2020-04-23,957,Roermond,Limburg,31,Ziekenhuisopname,0,54
2020-04-23,957,Roermond,Limburg,31,Overleden,0,20
2020-04-23,965,Simpelveld,Limburg,31,Totaal,2,39
2020-04-23,965,Simpelveld,Limburg,31,Ziekenhuisopname,0,17
2020-04-23,965,Simpelveld,Limburg,31,Overleden,0,3
2020-04-23,971,Stein,Limburg,31,Totaal,3,97
2020-04-23,971,Stein,Limburg,31,Ziekenhuisopname,0,39
2020-04-23,971,Stein,Limburg,31,Overleden,0,15
2020-04-23,981,Vaals,Limburg,31,Totaal,0,28
2020-04-23,981,Vaals,Limburg,31,Ziekenhuisopname,0,10
2020-04-23,981,Vaals,Limburg,31,Overleden,0,1
2020-04-23,983,Venlo,Limburg,31,Totaal,4,264
2020-04-23,983,Venlo,Limburg,31,Ziekenhuisopname,1,119
2020-04-23,983,Venlo,Limburg,31,Overleden,0,51
2020-04-23,984,Venray,Limburg,31,Totaal,0,95
2020-04-23,984,Venray,Limburg,31,Ziekenhuisopname,0,36
2020-04-23,984,Venray,Limburg,31,Overleden,0,16
2020-04-23,986,Voerendaal,Limburg,31,Totaal,1,40
2020-04-23,986,Voerendaal,Limburg,31,Ziekenhuisopname,0,16
2020-04-23,986,Voerendaal,Limburg,31,Overleden,0,6
2020-04-23,988,Weert,Limburg,31,Totaal,1,111
2020-04-23,988,Weert,Limburg,31,Ziekenhuisopname,1,62
2020-04-23,988,Weert,Limburg,31,Overleden,0,10
2020-04-23,994,Valkenburg aan de Geul,Limburg,31,Totaal,1,62
2020-04-23,994,Valkenburg aan de Geul,Limburg,31,Ziekenhuisopname,0,16
2020-04-23,994,Valkenburg aan de Geul,Limburg,31,Overleden,0,6
2020-04-23,995,Lelystad,Flevoland,24,Totaal,6,128
2020-04-23,995,Lelystad,Flevoland,24,Ziekenhuisopname,0,51
2020-04-23,995,Lelystad,Flevoland,24,Overleden,0,10
2020-04-23,1507,Horst aan de Maas,Limburg,31,Totaal,5,110
2020-04-23,1507,Horst aan de Maas,Limburg,31,Ziekenhuisopname,0,40
2020-04-23,1507,Horst aan de Maas,Limburg,31,Overleden,0,19
2020-04-23,1509,Oude IJsselstreek,Gelderland,25,Totaal,3,57
2020-04-23,1509,Oude IJsselstreek,Gelderland,25,Ziekenhuisopname,0,14
2020-04-23,1509,Oude IJsselstreek,Gelderland,25,Overleden,0,6
2020-04-23,1525,Teylingen,Zuid-Holland,28,Totaal,0,41
2020-04-23,1525,Teylingen,Zuid-Holland,28,Ziekenhuisopname,0,12
2020-04-23,1525,Teylingen,Zuid-Holland,28,Overleden,0,0
2020-04-23,1581,Utrechtse Heuvelrug,Utrecht,26,Totaal,1,84
2020-04-23,1581,Utrechtse Heuvelrug,Utrecht,26,Ziekenhuisopname,1,27
2020-04-23,1581,Utrechtse Heuvelrug,Utrecht,26,Overleden,1,7
2020-04-23,1586,Oost Gelre,Gelderland,25,Totaal,2,48
2020-04-23,1586,Oost Gelre,Gelderland,25,Ziekenhuisopname,0,9
2020-04-23,1586,Oost Gelre,Gelderland,25,Overleden,0,5
2020-04-23,1598,Koggenland,Noord-Holland,27,Totaal,0,30
2020-04-23,1598,Koggenland,Noord-Holland,27,Ziekenhuisopname,0,6
2020-04-23,1598,Koggenland,Noord-Holland,27,Overleden,0,6
2020-04-23,1621,Lansingerland,Zuid-Holland,28,Totaal,6,156
2020-04-23,1621,Lansingerland,Zuid-Holland,28,Ziekenhuisopname,1,36
2020-04-23,1621,Lansingerland,Zuid-Holland,28,Overleden,0,15
2020-04-23,1640,Leudal,Limburg,31,Totaal,3,165
2020-04-23,1640,Leudal,Limburg,31,Ziekenhuisopname,0,53
2020-04-23,1640,Leudal,Limburg,31,Overleden,0,22
2020-04-23,1641,Maasgouw,Limburg,31,Totaal,1,75
2020-04-23,1641,Maasgouw,Limburg,31,Ziekenhuisopname,0,26
2020-04-23,1641,Maasgouw,Limburg,31,Overleden,0,10
2020-04-23,1652,Gemert-Bakel,Noord-Brabant,30,Totaal,1,157
2020-04-23,1652,Gemert-Bakel,Noord-Brabant,30,Ziekenhuisopname,0,71
2020-04-23,1652,Gemert-Bakel,Noord-Brabant,30,Overleden,0,29
2020-04-23,1655,Halderberge,Noord-Brabant,30,Totaal,0,51
2020-04-23,1655,Halderberge,Noord-Brabant,30,Ziekenhuisopname,0,13
2020-04-23,1655,Halderberge,Noord-Brabant,30,Overleden,0,6
2020-04-23,1658,Heeze-Leende,Noord-Brabant,30,Totaal,0,52
2020-04-23,1658,Heeze-Leende,Noord-Brabant,30,Ziekenhuisopname,0,13
2020-04-23,1658,Heeze-Leende,Noord-Brabant,30,Overleden,1,8
2020-04-23,1659,Laarbeek,Noord-Brabant,30,Totaal,1,92
2020-04-23,1659,Laarbeek,Noord-Brabant,30,Ziekenhuisopname,0,35
2020-04-23,1659,Laarbeek,Noord-Brabant,30,Overleden,1,26
2020-04-23,1667,Reusel-De Mierden,Noord-Brabant,30,Totaal,0,21
2020-04-23,1667,Reusel-De Mierden,Noord-Brabant,30,Ziekenhuisopname,0,10
2020-04-23,1667,Reusel-De Mierden,Noord-Brabant,30,Overleden,1,2
2020-04-23,1669,Roerdalen,Limburg,31,Totaal,1,44
2020-04-23,1669,Roerdalen,Limburg,31,Ziekenhuisopname,0,26
2020-04-23,1669,Roerdalen,Limburg,31,Overleden,0,7
2020-04-23,1674,Roosendaal,Noord-Brabant,30,Totaal,8,180
2020-04-23,1674,Roosendaal,Noord-Brabant,30,Ziekenhuisopname,0,24
2020-04-23,1674,Roosendaal,Noord-Brabant,30,Overleden,0,15
2020-04-23,1676,Schouwen-Duiveland,Zeeland,29,Totaal,0,30
2020-04-23,1676,Schouwen-Duiveland,Zeeland,29,Ziekenhuisopname,0,11
2020-04-23,1676,Schouwen-Duiveland,Zeeland,29,Overleden,0,0
2020-04-23,1680,Aa en Hunze,Drenthe,22,Totaal,0,13
2020-04-23,1680,Aa en Hunze,Drenthe,22,Ziekenhuisopname,0,1
2020-04-23,1680,Aa en Hunze,Drenthe,22,Overleden,0,0
2020-04-23,1681,Borger-Odoorn,Drenthe,22,Totaal,0,7
2020-04-23,1681,Borger-Odoorn,Drenthe,22,Ziekenhuisopname,0,2
2020-04-23,1681,Borger-Odoorn,Drenthe,22,Overleden,0,3
2020-04-23,1684,Cuijk,Noord-Brabant,30,Totaal,1,48
2020-04-23,1684,Cuijk,Noord-Brabant,30,Ziekenhuisopname,0,10
2020-04-23,1684,Cuijk,Noord-Brabant,30,Overleden,1,9
2020-04-23,1685,Landerd,Noord-Brabant,30,Totaal,0,115
2020-04-23,1685,Landerd,Noord-Brabant,30,Ziekenhuisopname,4,38
2020-04-23,1685,Landerd,Noord-Brabant,30,Overleden,0,17
2020-04-23,1690,De Wolden,Drenthe,22,Totaal,0,36
2020-04-23,1690,De Wolden,Drenthe,22,Ziekenhuisopname,0,10
2020-04-23,1690,De Wolden,Drenthe,22,Overleden,0,0
2020-04-23,1695,Noord-Beveland,Zeeland,29,Totaal,1,6
2020-04-23,1695,Noord-Beveland,Zeeland,29,Ziekenhuisopname,0,1
2020-04-23,1695,Noord-Beveland,Zeeland,29,Overleden,0,0
2020-04-23,1696,Wijdemeren,Noord-Holland,27,Totaal,0,23
2020-04-23,1696,Wijdemeren,Noord-Holland,27,Ziekenhuisopname,0,7
2020-04-23,1696,Wijdemeren,Noord-Holland,27,Overleden,0,0
2020-04-23,1699,Noordenveld,Drenthe,22,Totaal,0,17
2020-04-23,1699,Noordenveld,Drenthe,22,Ziekenhuisopname,0,3
2020-04-23,1699,Noordenveld,Drenthe,22,Overleden,0,1
2020-04-23,1700,Twenterand,Overijssel,23,Totaal,2,52
2020-04-23,1700,Twenterand,Overijssel,23,Ziekenhuisopname,0,11
2020-04-23,1700,Twenterand,Overijssel,23,Overleden,0,2
2020-04-23,1701,Westerveld,Drenthe,22,Totaal,3,32
2020-04-23,1701,Westerveld,Drenthe,22,Ziekenhuisopname,0,8
2020-04-23,1701,Westerveld,Drenthe,22,Overleden,0,2
2020-04-23,1702,Sint Anthonis,Noord-Brabant,30,Totaal,0,58
2020-04-23,1702,Sint Anthonis,Noord-Brabant,30,Ziekenhuisopname,0,19
2020-04-23,1702,Sint Anthonis,Noord-Brabant,30,Overleden,0,10
2020-04-23,1705,Lingewaard,Gelderland,25,Totaal,2,85
2020-04-23,1705,Lingewaard,Gelderland,25,Ziekenhuisopname,0,28
2020-04-23,1705,Lingewaard,Gelderland,25,Overleden,0,6
2020-04-23,1706,Cranendonck,Noord-Brabant,30,Totaal,0,154
2020-04-23,1706,Cranendonck,Noord-Brabant,30,Ziekenhuisopname,0,59
2020-04-23,1706,Cranendonck,Noord-Brabant,30,Overleden,1,27
2020-04-23,1708,Steenwijkerland,Overijssel,23,Totaal,2,78
2020-04-23,1708,Steenwijkerland,Overijssel,23,Ziekenhuisopname,1,13
2020-04-23,1708,Steenwijkerland,Overijssel,23,Overleden,1,5
2020-04-23,1709,Moerdijk,Noord-Brabant,30,Totaal,2,56
2020-04-23,1709,Moerdijk,Noord-Brabant,30,Ziekenhuisopname,0,13
2020-04-23,1709,Moerdijk,Noord-Brabant,30,Overleden,0,6
2020-04-23,1711,Echt-Susteren,Limburg,31,Totaal,1,78
2020-04-23,1711,Echt-Susteren,Limburg,31,Ziekenhuisopname,0,36
2020-04-23,1711,Echt-Susteren,Limburg,31,Overleden,0,14
2020-04-23,1714,Sluis,Zeeland,29,Totaal,0,16
2020-04-23,1714,Sluis,Zeeland,29,Ziekenhuisopname,0,7
2020-04-23,1714,Sluis,Zeeland,29,Overleden,0,4
2020-04-23,1719,Drimmelen,Noord-Brabant,30,Totaal,0,55
2020-04-23,1719,Drimmelen,Noord-Brabant,30,Ziekenhuisopname,0,18
2020-04-23,1719,Drimmelen,Noord-Brabant,30,Overleden,0,4
2020-04-23,1721,Bernheze,Noord-Brabant,30,Totaal,2,236
2020-04-23,1721,Bernheze,Noord-Brabant,30,Ziekenhuisopname,7,87
2020-04-23,1721,Bernheze,Noord-Brabant,30,Overleden,1,53
2020-04-23,1723,Alphen-Chaam,Noord-Brabant,30,Totaal,2,45
2020-04-23,1723,Alphen-Chaam,Noord-Brabant,30,Ziekenhuisopname,0,17
2020-04-23,1723,Alphen-Chaam,Noord-Brabant,30,Overleden,0,5
2020-04-23,1724,Bergeijk,Noord-Brabant,30,Totaal,0,47
2020-04-23,1724,Bergeijk,Noord-Brabant,30,Ziekenhuisopname,0,14
2020-04-23,1724,Bergeijk,Noord-Brabant,30,Overleden,0,4
2020-04-23,1728,Bladel,Noord-Brabant,30,Totaal,0,50
2020-04-23,1728,Bladel,Noord-Brabant,30,Ziekenhuisopname,1,18
2020-04-23,1728,Bladel,Noord-Brabant,30,Overleden,0,7
2020-04-23,1729,Gulpen-Wittem,Limburg,31,Totaal,0,61
2020-04-23,1729,Gulpen-Wittem,Limburg,31,Ziekenhuisopname,0,18
2020-04-23,1729,Gulpen-Wittem,Limburg,31,Overleden,0,8
2020-04-23,1730,Tynaarlo,Drenthe,22,Totaal,0,36
2020-04-23,1730,Tynaarlo,Drenthe,22,Ziekenhuisopname,0,8
2020-04-23,1730,Tynaarlo,Drenthe,22,Overleden,0,0
2020-04-23,1731,Midden-Drenthe,Drenthe,22,Totaal,0,19
2020-04-23,1731,Midden-Drenthe,Drenthe,22,Ziekenhuisopname,0,6
2020-04-23,1731,Midden-Drenthe,Drenthe,22,Overleden,0,0
2020-04-23,1734,Overbetuwe,Gelderland,25,Totaal,2,110
2020-04-23,1734,Overbetuwe,Gelderland,25,Ziekenhuisopname,1,56
2020-04-23,1734,Overbetuwe,Gelderland,25,Overleden,0,12
2020-04-23,1735,Hof van Twente,Overijssel,23,Totaal,0,57
2020-04-23,1735,Hof van Twente,Overijssel,23,Ziekenhuisopname,0,14
2020-04-23,1735,Hof van Twente,Overijssel,23,Overleden,0,2
2020-04-23,1740,Neder-Betuwe,Gelderland,25,Totaal,3,87
2020-04-23,1740,Neder-Betuwe,Gelderland,25,Ziekenhuisopname,0,31
2020-04-23,1740,Neder-Betuwe,Gelderland,25,Overleden,1,15
2020-04-23,1742,Rijssen-Holten,Overijssel,23,Totaal,7,114
2020-04-23,1742,Rijssen-Holten,Overijssel,23,Ziekenhuisopname,0,26
2020-04-23,1742,Rijssen-Holten,Overijssel,23,Overleden,0,6
2020-04-23,1771,Geldrop-Mierlo,Noord-Brabant,30,Totaal,1,88
2020-04-23,1771,Geldrop-Mierlo,Noord-Brabant,30,Ziekenhuisopname,1,26
2020-04-23,1771,Geldrop-Mierlo,Noord-Brabant,30,Overleden,0,14
2020-04-23,1773,Olst-Wijhe,Overijssel,23,Totaal,1,41
2020-04-23,1773,Olst-Wijhe,Overijssel,23,Ziekenhuisopname,0,12
2020-04-23,1773,Olst-Wijhe,Overijssel,23,Overleden,0,6
2020-04-23,1774,Dinkelland,Overijssel,23,Totaal,1,68
2020-04-23,1774,Dinkelland,Overijssel,23,Ziekenhuisopname,0,17
2020-04-23,1774,Dinkelland,Overijssel,23,Overleden,0,7
2020-04-23,1783,Westland,Zuid-Holland,28,Totaal,5,217
2020-04-23,1783,Westland,Zuid-Holland,28,Ziekenhuisopname,0,49
2020-04-23,1783,Westland,Zuid-Holland,28,Overleden,2,24
2020-04-23,1842,Midden-Delfland,Zuid-Holland,28,Totaal,0,14
2020-04-23,1842,Midden-Delfland,Zuid-Holland,28,Ziekenhuisopname,0,4
2020-04-23,1842,Midden-Delfland,Zuid-Holland,28,Overleden,0,0
2020-04-23,1859,Berkelland,Gelderland,25,Totaal,3,61
2020-04-23,1859,Berkelland,Gelderland,25,Ziekenhuisopname,0,6
2020-04-23,1859,Berkelland,Gelderland,25,Overleden,1,4
2020-04-23,1876,Bronckhorst,Gelderland,25,Totaal,1,53
2020-04-23,1876,Bronckhorst,Gelderland,25,Ziekenhuisopname,0,11
2020-04-23,1876,Bronckhorst,Gelderland,25,Overleden,0,5
2020-04-23,1883,Sittard-Geleen,Limburg,31,Totaal,6,319
2020-04-23,1883,Sittard-Geleen,Limburg,31,Ziekenhuisopname,5,103
2020-04-23,1883,Sittard-Geleen,Limburg,31,Overleden,2,46
2020-04-23,1884,Kaag en Braassem,Zuid-Holland,28,Totaal,2,25
2020-04-23,1884,Kaag en Braassem,Zuid-Holland,28,Ziekenhuisopname,0,6
2020-04-23,1884,Kaag en Braassem,Zuid-Holland,28,Overleden,0,2
2020-04-23,1891,Dantumadiel,Friesland,21,Totaal,0,6
2020-04-23,1891,Dantumadiel,Friesland,21,Ziekenhuisopname,0,2
2020-04-23,1891,Dantumadiel,Friesland,21,Overleden,0,0
2020-04-23,1892,Zuidplas,Zuid-Holland,28,Totaal,3,108
2020-04-23,1892,Zuidplas,Zuid-Holland,28,Ziekenhuisopname,1,21
2020-04-23,1892,Zuidplas,Zuid-Holland,28,Overleden,2,9
2020-04-23,1894,Peel en Maas,Limburg,31,Totaal,3,247
2020-04-23,1894,Peel en Maas,Limburg,31,Ziekenhuisopname,1,140
2020-04-23,1894,Peel en Maas,Limburg,31,Overleden,0,56
2020-04-23,1895,Oldambt,Groningen,20,Totaal,0,9
2020-04-23,1895,Oldambt,Groningen,20,Ziekenhuisopname,0,4
2020-04-23,1895,Oldambt,Groningen,20,Overleden,0,0
2020-04-23,1896,Zwartewaterland,Overijssel,23,Totaal,4,124
2020-04-23,1896,Zwartewaterland,Overijssel,23,Ziekenhuisopname,0,32
2020-04-23,1896,Zwartewaterland,Overijssel,23,Overleden,0,13
2020-04-23,1900,Sdwest-Frysln,Friesland,21,Totaal,0,69
2020-04-23,1900,Sdwest-Frysln,Friesland,21,Ziekenhuisopname,0,17
2020-04-23,1900,Sdwest-Frysln,Friesland,21,Overleden,0,1
2020-04-23,1901,Bodegraven-Reeuwijk,Zuid-Holland,28,Totaal,3,38
2020-04-23,1901,Bodegraven-Reeuwijk,Zuid-Holland,28,Ziekenhuisopname,0,7
2020-04-23,1901,Bodegraven-Reeuwijk,Zuid-Holland,28,Overleden,0,2
2020-04-23,1903,Eijsden-Margraten,Limburg,31,Totaal,2,133
2020-04-23,1903,Eijsden-Margraten,Limburg,31,Ziekenhuisopname,0,50
2020-04-23,1903,Eijsden-Margraten,Limburg,31,Overleden,0,20
2020-04-23,1904,Stichtse Vecht,Utrecht,26,Totaal,2,85
2020-04-23,1904,Stichtse Vecht,Utrecht,26,Ziekenhuisopname,0,30
2020-04-23,1904,Stichtse Vecht,Utrecht,26,Overleden,0,6
2020-04-23,1911,Hollands Kroon,Noord-Holland,27,Totaal,0,56
2020-04-23,1911,Hollands Kroon,Noord-Holland,27,Ziekenhuisopname,0,26
2020-04-23,1911,Hollands Kroon,Noord-Holland,27,Overleden,0,6
2020-04-23,1916,Leidschendam-Voorburg,Zuid-Holland,28,Totaal,3,84
2020-04-23,1916,Leidschendam-Voorburg,Zuid-Holland,28,Ziekenhuisopname,0,19
2020-04-23,1916,Leidschendam-Voorburg,Zuid-Holland,28,Overleden,0,7
2020-04-23,1924,Goeree-Overflakkee,Zuid-Holland,28,Totaal,1,240
2020-04-23,1924,Goeree-Overflakkee,Zuid-Holland,28,Ziekenhuisopname,1,53
2020-04-23,1924,Goeree-Overflakkee,Zuid-Holland,28,Overleden,0,25
2020-04-23,1926,Pijnacker-Nootdorp,Zuid-Holland,28,Totaal,2,89
2020-04-23,1926,Pijnacker-Nootdorp,Zuid-Holland,28,Ziekenhuisopname,-1,21
2020-04-23,1926,Pijnacker-Nootdorp,Zuid-Holland,28,Overleden,1,8
2020-04-23,1930,Nissewaard,Zuid-Holland,28,Totaal,1,130
2020-04-23,1930,Nissewaard,Zuid-Holland,28,Ziekenhuisopname,0,39
2020-04-23,1930,Nissewaard,Zuid-Holland,28,Overleden,0,9
2020-04-23,1931,Krimpenerwaard,Zuid-Holland,28,Totaal,3,125
2020-04-23,1931,Krimpenerwaard,Zuid-Holland,28,Ziekenhuisopname,0,40
2020-04-23,1931,Krimpenerwaard,Zuid-Holland,28,Overleden,0,19
2020-04-23,1940,De Fryske Marren,Friesland,21,Totaal,0,53
2020-04-23,1940,De Fryske Marren,Friesland,21,Ziekenhuisopname,0,14
2020-04-23,1940,De Fryske Marren,Friesland,21,Overleden,0,5
2020-04-23,1942,Gooise Meren,Noord-Holland,27,Totaal,1,89
2020-04-23,1942,Gooise Meren,Noord-Holland,27,Ziekenhuisopname,0,23
2020-04-23,1942,Gooise Meren,Noord-Holland,27,Overleden,0,2
2020-04-23,1945,Berg en Dal,Gelderland,25,Totaal,3,160
2020-04-23,1945,Berg en Dal,Gelderland,25,Ziekenhuisopname,2,32
2020-04-23,1945,Berg en Dal,Gelderland,25,Overleden,1,14
2020-04-23,1948,Meierijstad,Noord-Brabant,30,Totaal,3,456
2020-04-23,1948,Meierijstad,Noord-Brabant,30,Ziekenhuisopname,11,191
2020-04-23,1948,Meierijstad,Noord-Brabant,30,Overleden,1,115
2020-04-23,1949,Waadhoeke,Friesland,21,Totaal,2,79
2020-04-23,1949,Waadhoeke,Friesland,21,Ziekenhuisopname,0,10
2020-04-23,1949,Waadhoeke,Friesland,21,Overleden,1,8
2020-04-23,1950,Westerwolde,Groningen,20,Totaal,0,6
2020-04-23,1950,Westerwolde,Groningen,20,Ziekenhuisopname,0,5
2020-04-23,1950,Westerwolde,Groningen,20,Overleden,0,0
2020-04-23,1952,Midden-Groningen,Groningen,20,Totaal,1,27
2020-04-23,1952,Midden-Groningen,Groningen,20,Ziekenhuisopname,0,6
2020-04-23,1952,Midden-Groningen,Groningen,20,Overleden,0,1
2020-04-23,1954,Beekdaelen,Limburg,31,Totaal,10,127
2020-04-23,1954,Beekdaelen,Limburg,31,Ziekenhuisopname,1,44
2020-04-23,1954,Beekdaelen,Limburg,31,Overleden,0,19
2020-04-23,1955,Montferland,Gelderland,25,Totaal,0,70
2020-04-23,1955,Montferland,Gelderland,25,Ziekenhuisopname,0,11
2020-04-23,1955,Montferland,Gelderland,25,Overleden,0,4
2020-04-23,1959,Altena,Noord-Brabant,30,Totaal,1,107
2020-04-23,1959,Altena,Noord-Brabant,30,Ziekenhuisopname,0,30
2020-04-23,1959,Altena,Noord-Brabant,30,Overleden,0,11
2020-04-23,1960,West Betuwe,Gelderland,25,Totaal,2,149
2020-04-23,1960,West Betuwe,Gelderland,25,Ziekenhuisopname,0,40
2020-04-23,1960,West Betuwe,Gelderland,25,Overleden,1,18
2020-04-23,1961,Vijfheerenlanden,Utrecht,26,Totaal,3,191
2020-04-23,1961,Vijfheerenlanden,Utrecht,26,Ziekenhuisopname,0,27
2020-04-23,1961,Vijfheerenlanden,Utrecht,26,Overleden,0,33
2020-04-23,1963,Hoeksche Waard,Zuid-Holland,28,Totaal,6,214
2020-04-23,1963,Hoeksche Waard,Zuid-Holland,28,Ziekenhuisopname,0,69
2020-04-23,1963,Hoeksche Waard,Zuid-Holland,28,Overleden,0,13
2020-04-23,1966,Het Hogeland,Groningen,20,Totaal,0,26
2020-04-23,1966,Het Hogeland,Groningen,20,Ziekenhuisopname,0,7
2020-04-23,1966,Het Hogeland,Groningen,20,Overleden,1,2
2020-04-23,1969,Westerkwartier,Groningen,20,Totaal,0,54
2020-04-23,1969,Westerkwartier,Groningen,20,Ziekenhuisopname,0,14
2020-04-23,1969,Westerkwartier,Groningen,20,Overleden,0,4
2020-04-23,1970,Noardeast-Frysln,Friesland,21,Totaal,0,23
2020-04-23,1970,Noardeast-Frysln,Friesland,21,Ziekenhuisopname,0,6
2020-04-23,1970,Noardeast-Frysln,Friesland,21,Overleden,0,4
2020-04-23,1978,Molenlanden,Zuid-Holland,28,Totaal,2,94
2020-04-23,1978,Molenlanden,Zuid-Holland,28,Ziekenhuisopname,1,18
2020-04-23,1978,Molenlanden,Zuid-Holland,28,Overleden,1,5
