Datum,Gemeentecode,Gemeentenaam,Provincienaam,Provinciecode,Type,Aantal,AantalCumulatief
2020-10-09,-1,,,-1,Totaal,29,1327
2020-10-09,-1,,,-1,Ziekenhuisopname,0,77
2020-10-09,-1,,,-1,Overleden,0,18
2020-10-09,3,Appingedam,Groningen,20,Totaal,1,26
2020-10-09,3,Appingedam,Groningen,20,Ziekenhuisopname,0,4
2020-10-09,3,Appingedam,Groningen,20,Overleden,0,0
2020-10-09,10,Delfzijl,Groningen,20,Totaal,1,79
2020-10-09,10,Delfzijl,Groningen,20,Ziekenhuisopname,0,6
2020-10-09,10,Delfzijl,Groningen,20,Overleden,0,0
2020-10-09,14,Groningen,Groningen,20,Totaal,80,1896
2020-10-09,14,Groningen,Groningen,20,Ziekenhuisopname,0,22
2020-10-09,14,Groningen,Groningen,20,Overleden,0,3
2020-10-09,24,Loppersum,Groningen,20,Totaal,2,20
2020-10-09,24,Loppersum,Groningen,20,Ziekenhuisopname,0,0
2020-10-09,24,Loppersum,Groningen,20,Overleden,0,0
2020-10-09,34,Almere,Flevoland,24,Totaal,53,1792
2020-10-09,34,Almere,Flevoland,24,Ziekenhuisopname,0,141
2020-10-09,34,Almere,Flevoland,24,Overleden,0,37
2020-10-09,37,Stadskanaal,Groningen,20,Totaal,6,87
2020-10-09,37,Stadskanaal,Groningen,20,Ziekenhuisopname,0,2
2020-10-09,37,Stadskanaal,Groningen,20,Overleden,0,2
2020-10-09,47,Veendam,Groningen,20,Totaal,4,77
2020-10-09,47,Veendam,Groningen,20,Ziekenhuisopname,0,2
2020-10-09,47,Veendam,Groningen,20,Overleden,0,1
2020-10-09,50,Zeewolde,Flevoland,24,Totaal,3,128
2020-10-09,50,Zeewolde,Flevoland,24,Ziekenhuisopname,0,12
2020-10-09,50,Zeewolde,Flevoland,24,Overleden,0,6
2020-10-09,59,Achtkarspelen,Friesland,21,Totaal,9,70
2020-10-09,59,Achtkarspelen,Friesland,21,Ziekenhuisopname,0,0
2020-10-09,59,Achtkarspelen,Friesland,21,Overleden,0,0
2020-10-09,60,Ameland,Friesland,21,Totaal,0,14
2020-10-09,60,Ameland,Friesland,21,Ziekenhuisopname,0,0
2020-10-09,60,Ameland,Friesland,21,Overleden,0,0
2020-10-09,72,Harlingen,Friesland,21,Totaal,0,36
2020-10-09,72,Harlingen,Friesland,21,Ziekenhuisopname,0,4
2020-10-09,72,Harlingen,Friesland,21,Overleden,0,1
2020-10-09,74,Heerenveen,Friesland,21,Totaal,9,206
2020-10-09,74,Heerenveen,Friesland,21,Ziekenhuisopname,0,14
2020-10-09,74,Heerenveen,Friesland,21,Overleden,0,21
2020-10-09,80,Leeuwarden,Friesland,21,Totaal,32,739
2020-10-09,80,Leeuwarden,Friesland,21,Ziekenhuisopname,3,42
2020-10-09,80,Leeuwarden,Friesland,21,Overleden,0,6
2020-10-09,85,Ooststellingwerf,Friesland,21,Totaal,4,38
2020-10-09,85,Ooststellingwerf,Friesland,21,Ziekenhuisopname,0,3
2020-10-09,85,Ooststellingwerf,Friesland,21,Overleden,0,1
2020-10-09,86,Opsterland,Friesland,21,Totaal,2,75
2020-10-09,86,Opsterland,Friesland,21,Ziekenhuisopname,1,8
2020-10-09,86,Opsterland,Friesland,21,Overleden,0,0
2020-10-09,88,Schiermonnikoog,Friesland,21,Totaal,0,0
2020-10-09,88,Schiermonnikoog,Friesland,21,Ziekenhuisopname,0,0
2020-10-09,88,Schiermonnikoog,Friesland,21,Overleden,0,0
2020-10-09,90,Smallingerland,Friesland,21,Totaal,15,142
2020-10-09,90,Smallingerland,Friesland,21,Ziekenhuisopname,0,9
2020-10-09,90,Smallingerland,Friesland,21,Overleden,1,6
2020-10-09,93,Terschelling,Friesland,21,Totaal,0,12
2020-10-09,93,Terschelling,Friesland,21,Ziekenhuisopname,0,0
2020-10-09,93,Terschelling,Friesland,21,Overleden,0,0
2020-10-09,96,Vlieland,Friesland,21,Totaal,1,8
2020-10-09,96,Vlieland,Friesland,21,Ziekenhuisopname,0,0
2020-10-09,96,Vlieland,Friesland,21,Overleden,0,0
2020-10-09,98,Weststellingwerf,Friesland,21,Totaal,0,77
2020-10-09,98,Weststellingwerf,Friesland,21,Ziekenhuisopname,0,3
2020-10-09,98,Weststellingwerf,Friesland,21,Overleden,0,4
2020-10-09,106,Assen,Drenthe,22,Totaal,10,195
2020-10-09,106,Assen,Drenthe,22,Ziekenhuisopname,0,12
2020-10-09,106,Assen,Drenthe,22,Overleden,0,2
2020-10-09,109,Coevorden,Drenthe,22,Totaal,7,124
2020-10-09,109,Coevorden,Drenthe,22,Ziekenhuisopname,0,13
2020-10-09,109,Coevorden,Drenthe,22,Overleden,0,2
2020-10-09,114,Emmen,Drenthe,22,Totaal,37,581
2020-10-09,114,Emmen,Drenthe,22,Ziekenhuisopname,3,29
2020-10-09,114,Emmen,Drenthe,22,Overleden,0,17
2020-10-09,118,Hoogeveen,Drenthe,22,Totaal,9,181
2020-10-09,118,Hoogeveen,Drenthe,22,Ziekenhuisopname,0,21
2020-10-09,118,Hoogeveen,Drenthe,22,Overleden,0,8
2020-10-09,119,Meppel,Drenthe,22,Totaal,3,128
2020-10-09,119,Meppel,Drenthe,22,Ziekenhuisopname,0,11
2020-10-09,119,Meppel,Drenthe,22,Overleden,0,5
2020-10-09,141,Almelo,Overijssel,23,Totaal,23,394
2020-10-09,141,Almelo,Overijssel,23,Ziekenhuisopname,1,29
2020-10-09,141,Almelo,Overijssel,23,Overleden,0,10
2020-10-09,147,Borne,Overijssel,23,Totaal,9,115
2020-10-09,147,Borne,Overijssel,23,Ziekenhuisopname,0,14
2020-10-09,147,Borne,Overijssel,23,Overleden,0,6
2020-10-09,148,Dalfsen,Overijssel,23,Totaal,10,192
2020-10-09,148,Dalfsen,Overijssel,23,Ziekenhuisopname,0,16
2020-10-09,148,Dalfsen,Overijssel,23,Overleden,0,7
2020-10-09,150,Deventer,Overijssel,23,Totaal,27,720
2020-10-09,150,Deventer,Overijssel,23,Ziekenhuisopname,0,49
2020-10-09,150,Deventer,Overijssel,23,Overleden,-1,36
2020-10-09,153,Enschede,Overijssel,23,Totaal,30,808
2020-10-09,153,Enschede,Overijssel,23,Ziekenhuisopname,0,60
2020-10-09,153,Enschede,Overijssel,23,Overleden,0,26
2020-10-09,158,Haaksbergen,Overijssel,23,Totaal,9,265
2020-10-09,158,Haaksbergen,Overijssel,23,Ziekenhuisopname,0,15
2020-10-09,158,Haaksbergen,Overijssel,23,Overleden,0,7
2020-10-09,160,Hardenberg,Overijssel,23,Totaal,7,257
2020-10-09,160,Hardenberg,Overijssel,23,Ziekenhuisopname,0,23
2020-10-09,160,Hardenberg,Overijssel,23,Overleden,0,10
2020-10-09,163,Hellendoorn,Overijssel,23,Totaal,5,136
2020-10-09,163,Hellendoorn,Overijssel,23,Ziekenhuisopname,0,8
2020-10-09,163,Hellendoorn,Overijssel,23,Overleden,0,12
2020-10-09,164,Hengelo,Overijssel,23,Totaal,23,525
2020-10-09,164,Hengelo,Overijssel,23,Ziekenhuisopname,0,31
2020-10-09,164,Hengelo,Overijssel,23,Overleden,0,21
2020-10-09,166,Kampen,Overijssel,23,Totaal,3,482
2020-10-09,166,Kampen,Overijssel,23,Ziekenhuisopname,0,60
2020-10-09,166,Kampen,Overijssel,23,Overleden,0,37
2020-10-09,168,Losser,Overijssel,23,Totaal,2,133
2020-10-09,168,Losser,Overijssel,23,Ziekenhuisopname,0,11
2020-10-09,168,Losser,Overijssel,23,Overleden,0,0
2020-10-09,171,Noordoostpolder,Flevoland,24,Totaal,15,175
2020-10-09,171,Noordoostpolder,Flevoland,24,Ziekenhuisopname,0,17
2020-10-09,171,Noordoostpolder,Flevoland,24,Overleden,0,10
2020-10-09,173,Oldenzaal,Overijssel,23,Totaal,11,202
2020-10-09,173,Oldenzaal,Overijssel,23,Ziekenhuisopname,0,15
2020-10-09,173,Oldenzaal,Overijssel,23,Overleden,0,7
2020-10-09,175,Ommen,Overijssel,23,Totaal,0,114
2020-10-09,175,Ommen,Overijssel,23,Ziekenhuisopname,0,9
2020-10-09,175,Ommen,Overijssel,23,Overleden,0,4
2020-10-09,177,Raalte,Overijssel,23,Totaal,5,272
2020-10-09,177,Raalte,Overijssel,23,Ziekenhuisopname,0,24
2020-10-09,177,Raalte,Overijssel,23,Overleden,0,21
2020-10-09,180,Staphorst,Overijssel,23,Totaal,4,119
2020-10-09,180,Staphorst,Overijssel,23,Ziekenhuisopname,0,8
2020-10-09,180,Staphorst,Overijssel,23,Overleden,0,4
2020-10-09,183,Tubbergen,Overijssel,23,Totaal,12,197
2020-10-09,183,Tubbergen,Overijssel,23,Ziekenhuisopname,0,12
2020-10-09,183,Tubbergen,Overijssel,23,Overleden,0,5
2020-10-09,184,Urk,Flevoland,24,Totaal,2,100
2020-10-09,184,Urk,Flevoland,24,Ziekenhuisopname,0,23
2020-10-09,184,Urk,Flevoland,24,Overleden,0,4
2020-10-09,189,Wierden,Overijssel,23,Totaal,4,139
2020-10-09,189,Wierden,Overijssel,23,Ziekenhuisopname,0,7
2020-10-09,189,Wierden,Overijssel,23,Overleden,0,6
2020-10-09,193,Zwolle,Overijssel,23,Totaal,17,744
2020-10-09,193,Zwolle,Overijssel,23,Ziekenhuisopname,0,53
2020-10-09,193,Zwolle,Overijssel,23,Overleden,0,49
2020-10-09,197,Aalten,Gelderland,25,Totaal,12,149
2020-10-09,197,Aalten,Gelderland,25,Ziekenhuisopname,1,11
2020-10-09,197,Aalten,Gelderland,25,Overleden,0,7
2020-10-09,200,Apeldoorn,Gelderland,25,Totaal,24,1001
2020-10-09,200,Apeldoorn,Gelderland,25,Ziekenhuisopname,1,105
2020-10-09,200,Apeldoorn,Gelderland,25,Overleden,0,52
2020-10-09,202,Arnhem,Gelderland,25,Totaal,42,1119
2020-10-09,202,Arnhem,Gelderland,25,Ziekenhuisopname,0,75
2020-10-09,202,Arnhem,Gelderland,25,Overleden,0,34
2020-10-09,203,Barneveld,Gelderland,25,Totaal,11,318
2020-10-09,203,Barneveld,Gelderland,25,Ziekenhuisopname,0,19
2020-10-09,203,Barneveld,Gelderland,25,Overleden,0,8
2020-10-09,209,Beuningen,Gelderland,25,Totaal,8,229
2020-10-09,209,Beuningen,Gelderland,25,Ziekenhuisopname,0,19
2020-10-09,209,Beuningen,Gelderland,25,Overleden,0,5
2020-10-09,213,Brummen,Gelderland,25,Totaal,4,101
2020-10-09,213,Brummen,Gelderland,25,Ziekenhuisopname,0,18
2020-10-09,213,Brummen,Gelderland,25,Overleden,0,6
2020-10-09,214,Buren,Gelderland,25,Totaal,9,139
2020-10-09,214,Buren,Gelderland,25,Ziekenhuisopname,0,19
2020-10-09,214,Buren,Gelderland,25,Overleden,0,8
2020-10-09,216,Culemborg,Gelderland,25,Totaal,13,255
2020-10-09,216,Culemborg,Gelderland,25,Ziekenhuisopname,0,24
2020-10-09,216,Culemborg,Gelderland,25,Overleden,0,8
2020-10-09,221,Doesburg,Gelderland,25,Totaal,7,85
2020-10-09,221,Doesburg,Gelderland,25,Ziekenhuisopname,0,10
2020-10-09,221,Doesburg,Gelderland,25,Overleden,0,6
2020-10-09,222,Doetinchem,Gelderland,25,Totaal,15,334
2020-10-09,222,Doetinchem,Gelderland,25,Ziekenhuisopname,0,27
2020-10-09,222,Doetinchem,Gelderland,25,Overleden,0,15
2020-10-09,225,Druten,Gelderland,25,Totaal,2,159
2020-10-09,225,Druten,Gelderland,25,Ziekenhuisopname,0,25
2020-10-09,225,Druten,Gelderland,25,Overleden,0,8
2020-10-09,226,Duiven,Gelderland,25,Totaal,12,173
2020-10-09,226,Duiven,Gelderland,25,Ziekenhuisopname,0,15
2020-10-09,226,Duiven,Gelderland,25,Overleden,0,6
2020-10-09,228,Ede,Gelderland,25,Totaal,48,854
2020-10-09,228,Ede,Gelderland,25,Ziekenhuisopname,1,62
2020-10-09,228,Ede,Gelderland,25,Overleden,1,24
2020-10-09,230,Elburg,Gelderland,25,Totaal,4,195
2020-10-09,230,Elburg,Gelderland,25,Ziekenhuisopname,0,28
2020-10-09,230,Elburg,Gelderland,25,Overleden,0,8
2020-10-09,232,Epe,Gelderland,25,Totaal,4,213
2020-10-09,232,Epe,Gelderland,25,Ziekenhuisopname,0,49
2020-10-09,232,Epe,Gelderland,25,Overleden,0,23
2020-10-09,233,Ermelo,Gelderland,25,Totaal,3,228
2020-10-09,233,Ermelo,Gelderland,25,Ziekenhuisopname,0,33
2020-10-09,233,Ermelo,Gelderland,25,Overleden,0,23
2020-10-09,243,Harderwijk,Gelderland,25,Totaal,9,395
2020-10-09,243,Harderwijk,Gelderland,25,Ziekenhuisopname,0,44
2020-10-09,243,Harderwijk,Gelderland,25,Overleden,0,20
2020-10-09,244,Hattem,Gelderland,25,Totaal,1,79
2020-10-09,244,Hattem,Gelderland,25,Ziekenhuisopname,0,18
2020-10-09,244,Hattem,Gelderland,25,Overleden,0,5
2020-10-09,246,Heerde,Gelderland,25,Totaal,0,252
2020-10-09,246,Heerde,Gelderland,25,Ziekenhuisopname,0,55
2020-10-09,246,Heerde,Gelderland,25,Overleden,0,28
2020-10-09,252,Heumen,Gelderland,25,Totaal,8,200
2020-10-09,252,Heumen,Gelderland,25,Ziekenhuisopname,0,19
2020-10-09,252,Heumen,Gelderland,25,Overleden,0,11
2020-10-09,262,Lochem,Gelderland,25,Totaal,7,211
2020-10-09,262,Lochem,Gelderland,25,Ziekenhuisopname,0,16
2020-10-09,262,Lochem,Gelderland,25,Overleden,0,15
2020-10-09,263,Maasdriel,Gelderland,25,Totaal,9,151
2020-10-09,263,Maasdriel,Gelderland,25,Ziekenhuisopname,0,16
2020-10-09,263,Maasdriel,Gelderland,25,Overleden,0,7
2020-10-09,267,Nijkerk,Gelderland,25,Totaal,28,348
2020-10-09,267,Nijkerk,Gelderland,25,Ziekenhuisopname,0,22
2020-10-09,267,Nijkerk,Gelderland,25,Overleden,0,3
2020-10-09,268,Nijmegen,Gelderland,25,Totaal,56,2212
2020-10-09,268,Nijmegen,Gelderland,25,Ziekenhuisopname,1,152
2020-10-09,268,Nijmegen,Gelderland,25,Overleden,0,73
2020-10-09,269,Oldebroek,Gelderland,25,Totaal,1,215
2020-10-09,269,Oldebroek,Gelderland,25,Ziekenhuisopname,0,40
2020-10-09,269,Oldebroek,Gelderland,25,Overleden,0,19
2020-10-09,273,Putten,Gelderland,25,Totaal,1,119
2020-10-09,273,Putten,Gelderland,25,Ziekenhuisopname,0,10
2020-10-09,273,Putten,Gelderland,25,Overleden,0,1
2020-10-09,274,Renkum,Gelderland,25,Totaal,18,254
2020-10-09,274,Renkum,Gelderland,25,Ziekenhuisopname,0,14
2020-10-09,274,Renkum,Gelderland,25,Overleden,0,9
2020-10-09,275,Rheden,Gelderland,25,Totaal,5,262
2020-10-09,275,Rheden,Gelderland,25,Ziekenhuisopname,0,34
2020-10-09,275,Rheden,Gelderland,25,Overleden,0,14
2020-10-09,277,Rozendaal,Gelderland,25,Totaal,1,8
2020-10-09,277,Rozendaal,Gelderland,25,Ziekenhuisopname,0,1
2020-10-09,277,Rozendaal,Gelderland,25,Overleden,0,0
2020-10-09,279,Scherpenzeel,Gelderland,25,Totaal,1,63
2020-10-09,279,Scherpenzeel,Gelderland,25,Ziekenhuisopname,0,4
2020-10-09,279,Scherpenzeel,Gelderland,25,Overleden,0,2
2020-10-09,281,Tiel,Gelderland,25,Totaal,10,342
2020-10-09,281,Tiel,Gelderland,25,Ziekenhuisopname,1,44
2020-10-09,281,Tiel,Gelderland,25,Overleden,0,21
2020-10-09,285,Voorst,Gelderland,25,Totaal,2,156
2020-10-09,285,Voorst,Gelderland,25,Ziekenhuisopname,0,17
2020-10-09,285,Voorst,Gelderland,25,Overleden,0,11
2020-10-09,289,Wageningen,Gelderland,25,Totaal,28,334
2020-10-09,289,Wageningen,Gelderland,25,Ziekenhuisopname,0,21
2020-10-09,289,Wageningen,Gelderland,25,Overleden,0,9
2020-10-09,293,Westervoort,Gelderland,25,Totaal,5,88
2020-10-09,293,Westervoort,Gelderland,25,Ziekenhuisopname,0,12
2020-10-09,293,Westervoort,Gelderland,25,Overleden,0,6
2020-10-09,294,Winterswijk,Gelderland,25,Totaal,3,96
2020-10-09,294,Winterswijk,Gelderland,25,Ziekenhuisopname,0,7
2020-10-09,294,Winterswijk,Gelderland,25,Overleden,0,3
2020-10-09,296,Wijchen,Gelderland,25,Totaal,12,357
2020-10-09,296,Wijchen,Gelderland,25,Ziekenhuisopname,0,46
2020-10-09,296,Wijchen,Gelderland,25,Overleden,0,13
2020-10-09,297,Zaltbommel,Gelderland,25,Totaal,10,200
2020-10-09,297,Zaltbommel,Gelderland,25,Ziekenhuisopname,0,21
2020-10-09,297,Zaltbommel,Gelderland,25,Overleden,0,9
2020-10-09,299,Zevenaar,Gelderland,25,Totaal,10,270
2020-10-09,299,Zevenaar,Gelderland,25,Ziekenhuisopname,0,49
2020-10-09,299,Zevenaar,Gelderland,25,Overleden,0,16
2020-10-09,301,Zutphen,Gelderland,25,Totaal,10,229
2020-10-09,301,Zutphen,Gelderland,25,Ziekenhuisopname,0,31
2020-10-09,301,Zutphen,Gelderland,25,Overleden,0,13
2020-10-09,302,Nunspeet,Gelderland,25,Totaal,4,306
2020-10-09,302,Nunspeet,Gelderland,25,Ziekenhuisopname,1,58
2020-10-09,302,Nunspeet,Gelderland,25,Overleden,0,21
2020-10-09,303,Dronten,Flevoland,24,Totaal,6,189
2020-10-09,303,Dronten,Flevoland,24,Ziekenhuisopname,1,34
2020-10-09,303,Dronten,Flevoland,24,Overleden,0,13
2020-10-09,307,Amersfoort,Utrecht,26,Totaal,78,1182
2020-10-09,307,Amersfoort,Utrecht,26,Ziekenhuisopname,0,81
2020-10-09,307,Amersfoort,Utrecht,26,Overleden,0,25
2020-10-09,308,Baarn,Utrecht,26,Totaal,6,162
2020-10-09,308,Baarn,Utrecht,26,Ziekenhuisopname,0,12
2020-10-09,308,Baarn,Utrecht,26,Overleden,0,9
2020-10-09,310,De Bilt,Utrecht,26,Totaal,23,449
2020-10-09,310,De Bilt,Utrecht,26,Ziekenhuisopname,0,30
2020-10-09,310,De Bilt,Utrecht,26,Overleden,0,24
2020-10-09,312,Bunnik,Utrecht,26,Totaal,4,122
2020-10-09,312,Bunnik,Utrecht,26,Ziekenhuisopname,0,10
2020-10-09,312,Bunnik,Utrecht,26,Overleden,0,1
2020-10-09,313,Bunschoten,Utrecht,26,Totaal,10,169
2020-10-09,313,Bunschoten,Utrecht,26,Ziekenhuisopname,0,12
2020-10-09,313,Bunschoten,Utrecht,26,Overleden,0,7
2020-10-09,317,Eemnes,Utrecht,26,Totaal,0,55
2020-10-09,317,Eemnes,Utrecht,26,Ziekenhuisopname,0,2
2020-10-09,317,Eemnes,Utrecht,26,Overleden,0,1
2020-10-09,321,Houten,Utrecht,26,Totaal,13,377
2020-10-09,321,Houten,Utrecht,26,Ziekenhuisopname,0,28
2020-10-09,321,Houten,Utrecht,26,Overleden,0,15
2020-10-09,327,Leusden,Utrecht,26,Totaal,12,230
2020-10-09,327,Leusden,Utrecht,26,Ziekenhuisopname,0,9
2020-10-09,327,Leusden,Utrecht,26,Overleden,0,8
2020-10-09,331,Lopik,Utrecht,26,Totaal,3,155
2020-10-09,331,Lopik,Utrecht,26,Ziekenhuisopname,0,20
2020-10-09,331,Lopik,Utrecht,26,Overleden,0,8
2020-10-09,335,Montfoort,Utrecht,26,Totaal,6,130
2020-10-09,335,Montfoort,Utrecht,26,Ziekenhuisopname,0,15
2020-10-09,335,Montfoort,Utrecht,26,Overleden,0,6
2020-10-09,339,Renswoude,Utrecht,26,Totaal,3,40
2020-10-09,339,Renswoude,Utrecht,26,Ziekenhuisopname,0,5
2020-10-09,339,Renswoude,Utrecht,26,Overleden,0,5
2020-10-09,340,Rhenen,Utrecht,26,Totaal,2,105
2020-10-09,340,Rhenen,Utrecht,26,Ziekenhuisopname,0,11
2020-10-09,340,Rhenen,Utrecht,26,Overleden,0,6
2020-10-09,342,Soest,Utrecht,26,Totaal,22,416
2020-10-09,342,Soest,Utrecht,26,Ziekenhuisopname,0,26
2020-10-09,342,Soest,Utrecht,26,Overleden,0,13
2020-10-09,344,Utrecht,Utrecht,26,Totaal,216,4997
2020-10-09,344,Utrecht,Utrecht,26,Ziekenhuisopname,0,312
2020-10-09,344,Utrecht,Utrecht,26,Overleden,0,122
2020-10-09,345,Veenendaal,Utrecht,26,Totaal,25,517
2020-10-09,345,Veenendaal,Utrecht,26,Ziekenhuisopname,0,49
2020-10-09,345,Veenendaal,Utrecht,26,Overleden,0,14
2020-10-09,351,Woudenberg,Utrecht,26,Totaal,6,86
2020-10-09,351,Woudenberg,Utrecht,26,Ziekenhuisopname,0,9
2020-10-09,351,Woudenberg,Utrecht,26,Overleden,0,2
2020-10-09,352,Wijk bij Duurstede,Utrecht,26,Totaal,2,122
2020-10-09,352,Wijk bij Duurstede,Utrecht,26,Ziekenhuisopname,0,10
2020-10-09,352,Wijk bij Duurstede,Utrecht,26,Overleden,0,1
2020-10-09,353,IJsselstein,Utrecht,26,Totaal,12,322
2020-10-09,353,IJsselstein,Utrecht,26,Ziekenhuisopname,0,37
2020-10-09,353,IJsselstein,Utrecht,26,Overleden,0,35
2020-10-09,355,Zeist,Utrecht,26,Totaal,30,640
2020-10-09,355,Zeist,Utrecht,26,Ziekenhuisopname,0,39
2020-10-09,355,Zeist,Utrecht,26,Overleden,0,27
2020-10-09,356,Nieuwegein,Utrecht,26,Totaal,31,498
2020-10-09,356,Nieuwegein,Utrecht,26,Ziekenhuisopname,0,47
2020-10-09,356,Nieuwegein,Utrecht,26,Overleden,0,14
2020-10-09,358,Aalsmeer,Noord-Holland,27,Totaal,15,266
2020-10-09,358,Aalsmeer,Noord-Holland,27,Ziekenhuisopname,0,10
2020-10-09,358,Aalsmeer,Noord-Holland,27,Overleden,0,5
2020-10-09,361,Alkmaar,Noord-Holland,27,Totaal,22,663
2020-10-09,361,Alkmaar,Noord-Holland,27,Ziekenhuisopname,0,58
2020-10-09,361,Alkmaar,Noord-Holland,27,Overleden,0,31
2020-10-09,362,Amstelveen,Noord-Holland,27,Totaal,28,1176
2020-10-09,362,Amstelveen,Noord-Holland,27,Ziekenhuisopname,-1,69
2020-10-09,362,Amstelveen,Noord-Holland,27,Overleden,1,42
2020-10-09,363,Amsterdam,Noord-Holland,27,Totaal,498,16789
2020-10-09,363,Amsterdam,Noord-Holland,27,Ziekenhuisopname,10,828
2020-10-09,363,Amsterdam,Noord-Holland,27,Overleden,2,307
2020-10-09,370,Beemster,Noord-Holland,27,Totaal,2,63
2020-10-09,370,Beemster,Noord-Holland,27,Ziekenhuisopname,0,4
2020-10-09,370,Beemster,Noord-Holland,27,Overleden,0,1
2020-10-09,373,Bergen (NH.),Noord-Holland,27,Totaal,11,265
2020-10-09,373,Bergen (NH.),Noord-Holland,27,Ziekenhuisopname,0,20
2020-10-09,373,Bergen (NH.),Noord-Holland,27,Overleden,0,6
2020-10-09,375,Beverwijk,Noord-Holland,27,Totaal,15,334
2020-10-09,375,Beverwijk,Noord-Holland,27,Ziekenhuisopname,0,16
2020-10-09,375,Beverwijk,Noord-Holland,27,Overleden,0,12
2020-10-09,376,Blaricum,Noord-Holland,27,Totaal,3,95
2020-10-09,376,Blaricum,Noord-Holland,27,Ziekenhuisopname,0,8
2020-10-09,376,Blaricum,Noord-Holland,27,Overleden,0,2
2020-10-09,377,Bloemendaal,Noord-Holland,27,Totaal,3,200
2020-10-09,377,Bloemendaal,Noord-Holland,27,Ziekenhuisopname,1,8
2020-10-09,377,Bloemendaal,Noord-Holland,27,Overleden,0,5
2020-10-09,383,Castricum,Noord-Holland,27,Totaal,6,183
2020-10-09,383,Castricum,Noord-Holland,27,Ziekenhuisopname,0,16
2020-10-09,383,Castricum,Noord-Holland,27,Overleden,0,10
2020-10-09,384,Diemen,Noord-Holland,27,Totaal,13,560
2020-10-09,384,Diemen,Noord-Holland,27,Ziekenhuisopname,0,20
2020-10-09,384,Diemen,Noord-Holland,27,Overleden,0,14
2020-10-09,385,Edam-Volendam,Noord-Holland,27,Totaal,20,410
2020-10-09,385,Edam-Volendam,Noord-Holland,27,Ziekenhuisopname,0,28
2020-10-09,385,Edam-Volendam,Noord-Holland,27,Overleden,0,3
2020-10-09,388,Enkhuizen,Noord-Holland,27,Totaal,1,61
2020-10-09,388,Enkhuizen,Noord-Holland,27,Ziekenhuisopname,1,19
2020-10-09,388,Enkhuizen,Noord-Holland,27,Overleden,0,4
2020-10-09,392,Haarlem,Noord-Holland,27,Totaal,43,1395
2020-10-09,392,Haarlem,Noord-Holland,27,Ziekenhuisopname,1,84
2020-10-09,392,Haarlem,Noord-Holland,27,Overleden,0,67
2020-10-09,394,Haarlemmermeer,Noord-Holland,27,Totaal,63,1494
2020-10-09,394,Haarlemmermeer,Noord-Holland,27,Ziekenhuisopname,0,80
2020-10-09,394,Haarlemmermeer,Noord-Holland,27,Overleden,0,33
2020-10-09,396,Heemskerk,Noord-Holland,27,Totaal,12,263
2020-10-09,396,Heemskerk,Noord-Holland,27,Ziekenhuisopname,0,32
2020-10-09,396,Heemskerk,Noord-Holland,27,Overleden,0,11
2020-10-09,397,Heemstede,Noord-Holland,27,Totaal,2,261
2020-10-09,397,Heemstede,Noord-Holland,27,Ziekenhuisopname,0,13
2020-10-09,397,Heemstede,Noord-Holland,27,Overleden,0,33
2020-10-09,398,Heerhugowaard,Noord-Holland,27,Totaal,7,360
2020-10-09,398,Heerhugowaard,Noord-Holland,27,Ziekenhuisopname,0,27
2020-10-09,398,Heerhugowaard,Noord-Holland,27,Overleden,0,9
2020-10-09,399,Heiloo,Noord-Holland,27,Totaal,6,106
2020-10-09,399,Heiloo,Noord-Holland,27,Ziekenhuisopname,0,11
2020-10-09,399,Heiloo,Noord-Holland,27,Overleden,0,8
2020-10-09,400,Den Helder,Noord-Holland,27,Totaal,5,131
2020-10-09,400,Den Helder,Noord-Holland,27,Ziekenhuisopname,0,13
2020-10-09,400,Den Helder,Noord-Holland,27,Overleden,0,2
2020-10-09,402,Hilversum,Noord-Holland,27,Totaal,30,750
2020-10-09,402,Hilversum,Noord-Holland,27,Ziekenhuisopname,0,37
2020-10-09,402,Hilversum,Noord-Holland,27,Overleden,0,25
2020-10-09,405,Hoorn,Noord-Holland,27,Totaal,17,393
2020-10-09,405,Hoorn,Noord-Holland,27,Ziekenhuisopname,1,37
2020-10-09,405,Hoorn,Noord-Holland,27,Overleden,0,12
2020-10-09,406,Huizen,Noord-Holland,27,Totaal,21,396
2020-10-09,406,Huizen,Noord-Holland,27,Ziekenhuisopname,0,25
2020-10-09,406,Huizen,Noord-Holland,27,Overleden,0,10
2020-10-09,415,Landsmeer,Noord-Holland,27,Totaal,-1,117
2020-10-09,415,Landsmeer,Noord-Holland,27,Ziekenhuisopname,0,3
2020-10-09,415,Landsmeer,Noord-Holland,27,Overleden,0,3
2020-10-09,416,Langedijk,Noord-Holland,27,Totaal,15,194
2020-10-09,416,Langedijk,Noord-Holland,27,Ziekenhuisopname,1,19
2020-10-09,416,Langedijk,Noord-Holland,27,Overleden,0,4
2020-10-09,417,Laren,Noord-Holland,27,Totaal,6,105
2020-10-09,417,Laren,Noord-Holland,27,Ziekenhuisopname,0,8
2020-10-09,417,Laren,Noord-Holland,27,Overleden,0,2
2020-10-09,420,Medemblik,Noord-Holland,27,Totaal,10,175
2020-10-09,420,Medemblik,Noord-Holland,27,Ziekenhuisopname,0,19
2020-10-09,420,Medemblik,Noord-Holland,27,Overleden,0,6
2020-10-09,431,Oostzaan,Noord-Holland,27,Totaal,4,104
2020-10-09,431,Oostzaan,Noord-Holland,27,Ziekenhuisopname,0,12
2020-10-09,431,Oostzaan,Noord-Holland,27,Overleden,0,2
2020-10-09,432,Opmeer,Noord-Holland,27,Totaal,2,39
2020-10-09,432,Opmeer,Noord-Holland,27,Ziekenhuisopname,0,1
2020-10-09,432,Opmeer,Noord-Holland,27,Overleden,0,1
2020-10-09,437,Ouder-Amstel,Noord-Holland,27,Totaal,5,212
2020-10-09,437,Ouder-Amstel,Noord-Holland,27,Ziekenhuisopname,0,6
2020-10-09,437,Ouder-Amstel,Noord-Holland,27,Overleden,0,0
2020-10-09,439,Purmerend,Noord-Holland,27,Totaal,33,635
2020-10-09,439,Purmerend,Noord-Holland,27,Ziekenhuisopname,0,74
2020-10-09,439,Purmerend,Noord-Holland,27,Overleden,0,35
2020-10-09,441,Schagen,Noord-Holland,27,Totaal,7,202
2020-10-09,441,Schagen,Noord-Holland,27,Ziekenhuisopname,0,19
2020-10-09,441,Schagen,Noord-Holland,27,Overleden,0,10
2020-10-09,448,Texel,Noord-Holland,27,Totaal,1,43
2020-10-09,448,Texel,Noord-Holland,27,Ziekenhuisopname,0,5
2020-10-09,448,Texel,Noord-Holland,27,Overleden,0,2
2020-10-09,450,Uitgeest,Noord-Holland,27,Totaal,6,92
2020-10-09,450,Uitgeest,Noord-Holland,27,Ziekenhuisopname,0,5
2020-10-09,450,Uitgeest,Noord-Holland,27,Overleden,0,1
2020-10-09,451,Uithoorn,Noord-Holland,27,Totaal,15,282
2020-10-09,451,Uithoorn,Noord-Holland,27,Ziekenhuisopname,0,18
2020-10-09,451,Uithoorn,Noord-Holland,27,Overleden,0,2
2020-10-09,453,Velsen,Noord-Holland,27,Totaal,15,636
2020-10-09,453,Velsen,Noord-Holland,27,Ziekenhuisopname,0,38
2020-10-09,453,Velsen,Noord-Holland,27,Overleden,0,42
2020-10-09,457,Weesp,Noord-Holland,27,Totaal,8,314
2020-10-09,457,Weesp,Noord-Holland,27,Ziekenhuisopname,0,9
2020-10-09,457,Weesp,Noord-Holland,27,Overleden,0,13
2020-10-09,473,Zandvoort,Noord-Holland,27,Totaal,2,141
2020-10-09,473,Zandvoort,Noord-Holland,27,Ziekenhuisopname,0,12
2020-10-09,473,Zandvoort,Noord-Holland,27,Overleden,0,9
2020-10-09,479,Zaanstad,Noord-Holland,27,Totaal,80,1520
2020-10-09,479,Zaanstad,Noord-Holland,27,Ziekenhuisopname,0,137
2020-10-09,479,Zaanstad,Noord-Holland,27,Overleden,0,54
2020-10-09,482,Alblasserdam,Zuid-Holland,28,Totaal,17,244
2020-10-09,482,Alblasserdam,Zuid-Holland,28,Ziekenhuisopname,0,11
2020-10-09,482,Alblasserdam,Zuid-Holland,28,Overleden,0,5
2020-10-09,484,Alphen aan den Rijn,Zuid-Holland,28,Totaal,23,942
2020-10-09,484,Alphen aan den Rijn,Zuid-Holland,28,Ziekenhuisopname,0,71
2020-10-09,484,Alphen aan den Rijn,Zuid-Holland,28,Overleden,0,26
2020-10-09,489,Barendrecht,Zuid-Holland,28,Totaal,30,685
2020-10-09,489,Barendrecht,Zuid-Holland,28,Ziekenhuisopname,1,43
2020-10-09,489,Barendrecht,Zuid-Holland,28,Overleden,1,13
2020-10-09,498,Drechterland,Noord-Holland,27,Totaal,2,92
2020-10-09,498,Drechterland,Noord-Holland,27,Ziekenhuisopname,0,5
2020-10-09,498,Drechterland,Noord-Holland,27,Overleden,0,8
2020-10-09,501,Brielle,Zuid-Holland,28,Totaal,10,148
2020-10-09,501,Brielle,Zuid-Holland,28,Ziekenhuisopname,0,12
2020-10-09,501,Brielle,Zuid-Holland,28,Overleden,0,0
2020-10-09,502,Capelle aan den IJssel,Zuid-Holland,28,Totaal,61,997
2020-10-09,502,Capelle aan den IJssel,Zuid-Holland,28,Ziekenhuisopname,0,60
2020-10-09,502,Capelle aan den IJssel,Zuid-Holland,28,Overleden,1,62
2020-10-09,503,Delft,Zuid-Holland,28,Totaal,69,1342
2020-10-09,503,Delft,Zuid-Holland,28,Ziekenhuisopname,0,42
2020-10-09,503,Delft,Zuid-Holland,28,Overleden,0,12
2020-10-09,505,Dordrecht,Zuid-Holland,28,Totaal,47,1350
2020-10-09,505,Dordrecht,Zuid-Holland,28,Ziekenhuisopname,0,96
2020-10-09,505,Dordrecht,Zuid-Holland,28,Overleden,0,69
2020-10-09,512,Gorinchem,Zuid-Holland,28,Totaal,10,388
2020-10-09,512,Gorinchem,Zuid-Holland,28,Ziekenhuisopname,0,19
2020-10-09,512,Gorinchem,Zuid-Holland,28,Overleden,0,16
2020-10-09,513,Gouda,Zuid-Holland,28,Totaal,27,984
2020-10-09,513,Gouda,Zuid-Holland,28,Ziekenhuisopname,1,51
2020-10-09,513,Gouda,Zuid-Holland,28,Overleden,0,43
2020-10-09,518,'s-Gravenhage,Zuid-Holland,28,Totaal,409,9547
2020-10-09,518,'s-Gravenhage,Zuid-Holland,28,Ziekenhuisopname,6,473
2020-10-09,518,'s-Gravenhage,Zuid-Holland,28,Overleden,1,288
2020-10-09,523,Hardinxveld-Giessendam,Zuid-Holland,28,Totaal,10,118
2020-10-09,523,Hardinxveld-Giessendam,Zuid-Holland,28,Ziekenhuisopname,0,2
2020-10-09,523,Hardinxveld-Giessendam,Zuid-Holland,28,Overleden,0,2
2020-10-09,530,Hellevoetsluis,Zuid-Holland,28,Totaal,18,325
2020-10-09,530,Hellevoetsluis,Zuid-Holland,28,Ziekenhuisopname,1,17
2020-10-09,530,Hellevoetsluis,Zuid-Holland,28,Overleden,0,5
2020-10-09,531,Hendrik-Ido-Ambacht,Zuid-Holland,28,Totaal,17,351
2020-10-09,531,Hendrik-Ido-Ambacht,Zuid-Holland,28,Ziekenhuisopname,0,13
2020-10-09,531,Hendrik-Ido-Ambacht,Zuid-Holland,28,Overleden,0,6
2020-10-09,532,Stede Broec,Noord-Holland,27,Totaal,3,98
2020-10-09,532,Stede Broec,Noord-Holland,27,Ziekenhuisopname,1,19
2020-10-09,532,Stede Broec,Noord-Holland,27,Overleden,0,5
2020-10-09,534,Hillegom,Zuid-Holland,28,Totaal,9,194
2020-10-09,534,Hillegom,Zuid-Holland,28,Ziekenhuisopname,0,8
2020-10-09,534,Hillegom,Zuid-Holland,28,Overleden,0,2
2020-10-09,537,Katwijk,Zuid-Holland,28,Totaal,26,615
2020-10-09,537,Katwijk,Zuid-Holland,28,Ziekenhuisopname,0,37
2020-10-09,537,Katwijk,Zuid-Holland,28,Overleden,0,15
2020-10-09,542,Krimpen aan den IJssel,Zuid-Holland,28,Totaal,15,342
2020-10-09,542,Krimpen aan den IJssel,Zuid-Holland,28,Ziekenhuisopname,0,13
2020-10-09,542,Krimpen aan den IJssel,Zuid-Holland,28,Overleden,0,8
2020-10-09,546,Leiden,Zuid-Holland,28,Totaal,31,1325
2020-10-09,546,Leiden,Zuid-Holland,28,Ziekenhuisopname,1,50
2020-10-09,546,Leiden,Zuid-Holland,28,Overleden,0,22
2020-10-09,547,Leiderdorp,Zuid-Holland,28,Totaal,12,192
2020-10-09,547,Leiderdorp,Zuid-Holland,28,Ziekenhuisopname,0,17
2020-10-09,547,Leiderdorp,Zuid-Holland,28,Overleden,0,7
2020-10-09,553,Lisse,Zuid-Holland,28,Totaal,1,104
2020-10-09,553,Lisse,Zuid-Holland,28,Ziekenhuisopname,0,9
2020-10-09,553,Lisse,Zuid-Holland,28,Overleden,0,2
2020-10-09,556,Maassluis,Zuid-Holland,28,Totaal,17,395
2020-10-09,556,Maassluis,Zuid-Holland,28,Ziekenhuisopname,0,23
2020-10-09,556,Maassluis,Zuid-Holland,28,Overleden,0,9
2020-10-09,569,Nieuwkoop,Zuid-Holland,28,Totaal,7,179
2020-10-09,569,Nieuwkoop,Zuid-Holland,28,Ziekenhuisopname,0,10
2020-10-09,569,Nieuwkoop,Zuid-Holland,28,Overleden,0,6
2020-10-09,575,Noordwijk,Zuid-Holland,28,Totaal,13,322
2020-10-09,575,Noordwijk,Zuid-Holland,28,Ziekenhuisopname,0,22
2020-10-09,575,Noordwijk,Zuid-Holland,28,Overleden,0,3
2020-10-09,579,Oegstgeest,Zuid-Holland,28,Totaal,8,185
2020-10-09,579,Oegstgeest,Zuid-Holland,28,Ziekenhuisopname,0,10
2020-10-09,579,Oegstgeest,Zuid-Holland,28,Overleden,0,3
2020-10-09,589,Oudewater,Utrecht,26,Totaal,5,113
2020-10-09,589,Oudewater,Utrecht,26,Ziekenhuisopname,0,26
2020-10-09,589,Oudewater,Utrecht,26,Overleden,0,9
2020-10-09,590,Papendrecht,Zuid-Holland,28,Totaal,9,229
2020-10-09,590,Papendrecht,Zuid-Holland,28,Ziekenhuisopname,0,9
2020-10-09,590,Papendrecht,Zuid-Holland,28,Overleden,0,8
2020-10-09,597,Ridderkerk,Zuid-Holland,28,Totaal,26,507
2020-10-09,597,Ridderkerk,Zuid-Holland,28,Ziekenhuisopname,0,40
2020-10-09,597,Ridderkerk,Zuid-Holland,28,Overleden,1,19
2020-10-09,599,Rotterdam,Zuid-Holland,28,Totaal,447,12832
2020-10-09,599,Rotterdam,Zuid-Holland,28,Ziekenhuisopname,6,686
2020-10-09,599,Rotterdam,Zuid-Holland,28,Overleden,2,376
2020-10-09,603,Rijswijk,Zuid-Holland,28,Totaal,26,656
2020-10-09,603,Rijswijk,Zuid-Holland,28,Ziekenhuisopname,3,47
2020-10-09,603,Rijswijk,Zuid-Holland,28,Overleden,0,27
2020-10-09,606,Schiedam,Zuid-Holland,28,Totaal,31,1196
2020-10-09,606,Schiedam,Zuid-Holland,28,Ziekenhuisopname,0,64
2020-10-09,606,Schiedam,Zuid-Holland,28,Overleden,0,25
2020-10-09,610,Sliedrecht,Zuid-Holland,28,Totaal,7,184
2020-10-09,610,Sliedrecht,Zuid-Holland,28,Ziekenhuisopname,0,9
2020-10-09,610,Sliedrecht,Zuid-Holland,28,Overleden,0,5
2020-10-09,613,Albrandswaard,Zuid-Holland,28,Totaal,15,359
2020-10-09,613,Albrandswaard,Zuid-Holland,28,Ziekenhuisopname,0,16
2020-10-09,613,Albrandswaard,Zuid-Holland,28,Overleden,0,8
2020-10-09,614,Westvoorne,Zuid-Holland,28,Totaal,6,120
2020-10-09,614,Westvoorne,Zuid-Holland,28,Ziekenhuisopname,0,6
2020-10-09,614,Westvoorne,Zuid-Holland,28,Overleden,0,0
2020-10-09,622,Vlaardingen,Zuid-Holland,28,Totaal,30,1031
2020-10-09,622,Vlaardingen,Zuid-Holland,28,Ziekenhuisopname,1,50
2020-10-09,622,Vlaardingen,Zuid-Holland,28,Overleden,0,30
2020-10-09,626,Voorschoten,Zuid-Holland,28,Totaal,11,206
2020-10-09,626,Voorschoten,Zuid-Holland,28,Ziekenhuisopname,1,10
2020-10-09,626,Voorschoten,Zuid-Holland,28,Overleden,0,11
2020-10-09,627,Waddinxveen,Zuid-Holland,28,Totaal,10,292
2020-10-09,627,Waddinxveen,Zuid-Holland,28,Ziekenhuisopname,1,21
2020-10-09,627,Waddinxveen,Zuid-Holland,28,Overleden,0,7
2020-10-09,629,Wassenaar,Zuid-Holland,28,Totaal,14,247
2020-10-09,629,Wassenaar,Zuid-Holland,28,Ziekenhuisopname,0,10
2020-10-09,629,Wassenaar,Zuid-Holland,28,Overleden,0,13
2020-10-09,632,Woerden,Utrecht,26,Totaal,22,442
2020-10-09,632,Woerden,Utrecht,26,Ziekenhuisopname,0,55
2020-10-09,632,Woerden,Utrecht,26,Overleden,0,20
2020-10-09,637,Zoetermeer,Zuid-Holland,28,Totaal,69,1320
2020-10-09,637,Zoetermeer,Zuid-Holland,28,Ziekenhuisopname,0,62
2020-10-09,637,Zoetermeer,Zuid-Holland,28,Overleden,0,14
2020-10-09,638,Zoeterwoude,Zuid-Holland,28,Totaal,2,57
2020-10-09,638,Zoeterwoude,Zuid-Holland,28,Ziekenhuisopname,0,3
2020-10-09,638,Zoeterwoude,Zuid-Holland,28,Overleden,0,1
2020-10-09,642,Zwijndrecht,Zuid-Holland,28,Totaal,15,535
2020-10-09,642,Zwijndrecht,Zuid-Holland,28,Ziekenhuisopname,0,27
2020-10-09,642,Zwijndrecht,Zuid-Holland,28,Overleden,0,28
2020-10-09,654,Borsele,Zeeland,29,Totaal,3,84
2020-10-09,654,Borsele,Zeeland,29,Ziekenhuisopname,0,5
2020-10-09,654,Borsele,Zeeland,29,Overleden,0,1
2020-10-09,664,Goes,Zeeland,29,Totaal,6,262
2020-10-09,664,Goes,Zeeland,29,Ziekenhuisopname,0,12
2020-10-09,664,Goes,Zeeland,29,Overleden,0,13
2020-10-09,668,West Maas en Waal,Gelderland,25,Totaal,3,142
2020-10-09,668,West Maas en Waal,Gelderland,25,Ziekenhuisopname,0,21
2020-10-09,668,West Maas en Waal,Gelderland,25,Overleden,0,9
2020-10-09,677,Hulst,Zeeland,29,Totaal,8,104
2020-10-09,677,Hulst,Zeeland,29,Ziekenhuisopname,0,9
2020-10-09,677,Hulst,Zeeland,29,Overleden,0,5
2020-10-09,678,Kapelle,Zeeland,29,Totaal,3,47
2020-10-09,678,Kapelle,Zeeland,29,Ziekenhuisopname,0,3
2020-10-09,678,Kapelle,Zeeland,29,Overleden,0,1
2020-10-09,687,Middelburg,Zeeland,29,Totaal,5,204
2020-10-09,687,Middelburg,Zeeland,29,Ziekenhuisopname,0,19
2020-10-09,687,Middelburg,Zeeland,29,Overleden,0,10
2020-10-09,703,Reimerswaal,Zeeland,29,Totaal,5,84
2020-10-09,703,Reimerswaal,Zeeland,29,Ziekenhuisopname,0,5
2020-10-09,703,Reimerswaal,Zeeland,29,Overleden,0,2
2020-10-09,715,Terneuzen,Zeeland,29,Totaal,5,225
2020-10-09,715,Terneuzen,Zeeland,29,Ziekenhuisopname,0,25
2020-10-09,715,Terneuzen,Zeeland,29,Overleden,0,4
2020-10-09,716,Tholen,Zeeland,29,Totaal,5,238
2020-10-09,716,Tholen,Zeeland,29,Ziekenhuisopname,0,40
2020-10-09,716,Tholen,Zeeland,29,Overleden,0,16
2020-10-09,717,Veere,Zeeland,29,Totaal,1,72
2020-10-09,717,Veere,Zeeland,29,Ziekenhuisopname,0,6
2020-10-09,717,Veere,Zeeland,29,Overleden,0,2
2020-10-09,718,Vlissingen,Zeeland,29,Totaal,4,163
2020-10-09,718,Vlissingen,Zeeland,29,Ziekenhuisopname,0,9
2020-10-09,718,Vlissingen,Zeeland,29,Overleden,0,5
2020-10-09,736,De Ronde Venen,Utrecht,26,Totaal,20,425
2020-10-09,736,De Ronde Venen,Utrecht,26,Ziekenhuisopname,0,41
2020-10-09,736,De Ronde Venen,Utrecht,26,Overleden,0,13
2020-10-09,737,Tytsjerksteradiel,Friesland,21,Totaal,7,114
2020-10-09,737,Tytsjerksteradiel,Friesland,21,Ziekenhuisopname,0,6
2020-10-09,737,Tytsjerksteradiel,Friesland,21,Overleden,0,1
2020-10-09,743,Asten,Noord-Brabant,30,Totaal,2,138
2020-10-09,743,Asten,Noord-Brabant,30,Ziekenhuisopname,0,18
2020-10-09,743,Asten,Noord-Brabant,30,Overleden,0,12
2020-10-09,744,Baarle-Nassau,Noord-Brabant,30,Totaal,0,44
2020-10-09,744,Baarle-Nassau,Noord-Brabant,30,Ziekenhuisopname,0,9
2020-10-09,744,Baarle-Nassau,Noord-Brabant,30,Overleden,0,2
2020-10-09,748,Bergen op Zoom,Noord-Brabant,30,Totaal,23,794
2020-10-09,748,Bergen op Zoom,Noord-Brabant,30,Ziekenhuisopname,0,32
2020-10-09,748,Bergen op Zoom,Noord-Brabant,30,Overleden,0,13
2020-10-09,753,Best,Noord-Brabant,30,Totaal,3,191
2020-10-09,753,Best,Noord-Brabant,30,Ziekenhuisopname,0,31
2020-10-09,753,Best,Noord-Brabant,30,Overleden,0,11
2020-10-09,755,Boekel,Noord-Brabant,30,Totaal,0,106
2020-10-09,755,Boekel,Noord-Brabant,30,Ziekenhuisopname,0,34
2020-10-09,755,Boekel,Noord-Brabant,30,Overleden,0,20
2020-10-09,756,Boxmeer,Noord-Brabant,30,Totaal,17,232
2020-10-09,756,Boxmeer,Noord-Brabant,30,Ziekenhuisopname,0,20
2020-10-09,756,Boxmeer,Noord-Brabant,30,Overleden,0,28
2020-10-09,757,Boxtel,Noord-Brabant,30,Totaal,11,215
2020-10-09,757,Boxtel,Noord-Brabant,30,Ziekenhuisopname,0,24
2020-10-09,757,Boxtel,Noord-Brabant,30,Overleden,0,26
2020-10-09,758,Breda,Noord-Brabant,30,Totaal,61,1602
2020-10-09,758,Breda,Noord-Brabant,30,Ziekenhuisopname,0,154
2020-10-09,758,Breda,Noord-Brabant,30,Overleden,0,69
2020-10-09,762,Deurne,Noord-Brabant,30,Totaal,9,338
2020-10-09,762,Deurne,Noord-Brabant,30,Ziekenhuisopname,0,56
2020-10-09,762,Deurne,Noord-Brabant,30,Overleden,0,25
2020-10-09,765,Pekela,Groningen,20,Totaal,1,18
2020-10-09,765,Pekela,Groningen,20,Ziekenhuisopname,0,4
2020-10-09,765,Pekela,Groningen,20,Overleden,0,0
2020-10-09,766,Dongen,Noord-Brabant,30,Totaal,4,184
2020-10-09,766,Dongen,Noord-Brabant,30,Ziekenhuisopname,0,21
2020-10-09,766,Dongen,Noord-Brabant,30,Overleden,0,13
2020-10-09,770,Eersel,Noord-Brabant,30,Totaal,2,225
2020-10-09,770,Eersel,Noord-Brabant,30,Ziekenhuisopname,0,27
2020-10-09,770,Eersel,Noord-Brabant,30,Overleden,0,10
2020-10-09,772,Eindhoven,Noord-Brabant,30,Totaal,66,1878
2020-10-09,772,Eindhoven,Noord-Brabant,30,Ziekenhuisopname,1,190
2020-10-09,772,Eindhoven,Noord-Brabant,30,Overleden,0,92
2020-10-09,777,Etten-Leur,Noord-Brabant,30,Totaal,14,382
2020-10-09,777,Etten-Leur,Noord-Brabant,30,Ziekenhuisopname,0,43
2020-10-09,777,Etten-Leur,Noord-Brabant,30,Overleden,0,30
2020-10-09,779,Geertruidenberg,Noord-Brabant,30,Totaal,4,113
2020-10-09,779,Geertruidenberg,Noord-Brabant,30,Ziekenhuisopname,0,12
2020-10-09,779,Geertruidenberg,Noord-Brabant,30,Overleden,0,6
2020-10-09,784,Gilze en Rijen,Noord-Brabant,30,Totaal,7,203
2020-10-09,784,Gilze en Rijen,Noord-Brabant,30,Ziekenhuisopname,0,20
2020-10-09,784,Gilze en Rijen,Noord-Brabant,30,Overleden,0,15
2020-10-09,785,Goirle,Noord-Brabant,30,Totaal,9,238
2020-10-09,785,Goirle,Noord-Brabant,30,Ziekenhuisopname,0,32
2020-10-09,785,Goirle,Noord-Brabant,30,Overleden,0,19
2020-10-09,786,Grave,Noord-Brabant,30,Totaal,3,126
2020-10-09,786,Grave,Noord-Brabant,30,Ziekenhuisopname,0,21
2020-10-09,786,Grave,Noord-Brabant,30,Overleden,0,11
2020-10-09,788,Haaren,Noord-Brabant,30,Totaal,2,102
2020-10-09,788,Haaren,Noord-Brabant,30,Ziekenhuisopname,0,19
2020-10-09,788,Haaren,Noord-Brabant,30,Overleden,0,8
2020-10-09,794,Helmond,Noord-Brabant,30,Totaal,35,1026
2020-10-09,794,Helmond,Noord-Brabant,30,Ziekenhuisopname,1,119
2020-10-09,794,Helmond,Noord-Brabant,30,Overleden,0,45
2020-10-09,796,'s-Hertogenbosch,Noord-Brabant,30,Totaal,42,1293
2020-10-09,796,'s-Hertogenbosch,Noord-Brabant,30,Ziekenhuisopname,0,137
2020-10-09,796,'s-Hertogenbosch,Noord-Brabant,30,Overleden,0,80
2020-10-09,797,Heusden,Noord-Brabant,30,Totaal,13,364
2020-10-09,797,Heusden,Noord-Brabant,30,Ziekenhuisopname,0,45
2020-10-09,797,Heusden,Noord-Brabant,30,Overleden,0,25
2020-10-09,798,Hilvarenbeek,Noord-Brabant,30,Totaal,4,137
2020-10-09,798,Hilvarenbeek,Noord-Brabant,30,Ziekenhuisopname,0,10
2020-10-09,798,Hilvarenbeek,Noord-Brabant,30,Overleden,0,7
2020-10-09,809,Loon op Zand,Noord-Brabant,30,Totaal,14,187
2020-10-09,809,Loon op Zand,Noord-Brabant,30,Ziekenhuisopname,0,27
2020-10-09,809,Loon op Zand,Noord-Brabant,30,Overleden,0,7
2020-10-09,815,Mill en Sint Hubert,Noord-Brabant,30,Totaal,5,104
2020-10-09,815,Mill en Sint Hubert,Noord-Brabant,30,Ziekenhuisopname,0,9
2020-10-09,815,Mill en Sint Hubert,Noord-Brabant,30,Overleden,0,5
2020-10-09,820,"Nuenen, Gerwen en Nederwetten",Noord-Brabant,30,Totaal,12,192
2020-10-09,820,"Nuenen, Gerwen en Nederwetten",Noord-Brabant,30,Ziekenhuisopname,0,18
2020-10-09,820,"Nuenen, Gerwen en Nederwetten",Noord-Brabant,30,Overleden,0,9
2020-10-09,823,Oirschot,Noord-Brabant,30,Totaal,14,191
2020-10-09,823,Oirschot,Noord-Brabant,30,Ziekenhuisopname,0,13
2020-10-09,823,Oirschot,Noord-Brabant,30,Overleden,0,9
2020-10-09,824,Oisterwijk,Noord-Brabant,30,Totaal,5,164
2020-10-09,824,Oisterwijk,Noord-Brabant,30,Ziekenhuisopname,0,24
2020-10-09,824,Oisterwijk,Noord-Brabant,30,Overleden,0,11
2020-10-09,826,Oosterhout,Noord-Brabant,30,Totaal,13,394
2020-10-09,826,Oosterhout,Noord-Brabant,30,Ziekenhuisopname,0,51
2020-10-09,826,Oosterhout,Noord-Brabant,30,Overleden,0,17
2020-10-09,828,Oss,Noord-Brabant,30,Totaal,27,1094
2020-10-09,828,Oss,Noord-Brabant,30,Ziekenhuisopname,1,171
2020-10-09,828,Oss,Noord-Brabant,30,Overleden,0,88
2020-10-09,840,Rucphen,Noord-Brabant,30,Totaal,5,200
2020-10-09,840,Rucphen,Noord-Brabant,30,Ziekenhuisopname,0,11
2020-10-09,840,Rucphen,Noord-Brabant,30,Overleden,0,10
2020-10-09,845,Sint-Michielsgestel,Noord-Brabant,30,Totaal,4,267
2020-10-09,845,Sint-Michielsgestel,Noord-Brabant,30,Ziekenhuisopname,1,37
2020-10-09,845,Sint-Michielsgestel,Noord-Brabant,30,Overleden,0,19
2020-10-09,847,Someren,Noord-Brabant,30,Totaal,4,140
2020-10-09,847,Someren,Noord-Brabant,30,Ziekenhuisopname,0,33
2020-10-09,847,Someren,Noord-Brabant,30,Overleden,0,8
2020-10-09,848,Son en Breugel,Noord-Brabant,30,Totaal,5,133
2020-10-09,848,Son en Breugel,Noord-Brabant,30,Ziekenhuisopname,0,31
2020-10-09,848,Son en Breugel,Noord-Brabant,30,Overleden,0,14
2020-10-09,851,Steenbergen,Noord-Brabant,30,Totaal,7,190
2020-10-09,851,Steenbergen,Noord-Brabant,30,Ziekenhuisopname,0,13
2020-10-09,851,Steenbergen,Noord-Brabant,30,Overleden,0,13
2020-10-09,852,Waterland,Noord-Holland,27,Totaal,10,144
2020-10-09,852,Waterland,Noord-Holland,27,Ziekenhuisopname,1,17
2020-10-09,852,Waterland,Noord-Holland,27,Overleden,0,4
2020-10-09,855,Tilburg,Noord-Brabant,30,Totaal,62,2167
2020-10-09,855,Tilburg,Noord-Brabant,30,Ziekenhuisopname,0,259
2020-10-09,855,Tilburg,Noord-Brabant,30,Overleden,0,168
2020-10-09,856,Uden,Noord-Brabant,30,Totaal,8,375
2020-10-09,856,Uden,Noord-Brabant,30,Ziekenhuisopname,0,115
2020-10-09,856,Uden,Noord-Brabant,30,Overleden,0,63
2020-10-09,858,Valkenswaard,Noord-Brabant,30,Totaal,6,308
2020-10-09,858,Valkenswaard,Noord-Brabant,30,Ziekenhuisopname,0,19
2020-10-09,858,Valkenswaard,Noord-Brabant,30,Overleden,0,37
2020-10-09,861,Veldhoven,Noord-Brabant,30,Totaal,18,372
2020-10-09,861,Veldhoven,Noord-Brabant,30,Ziekenhuisopname,0,31
2020-10-09,861,Veldhoven,Noord-Brabant,30,Overleden,2,18
2020-10-09,865,Vught,Noord-Brabant,30,Totaal,10,213
2020-10-09,865,Vught,Noord-Brabant,30,Ziekenhuisopname,-1,43
2020-10-09,865,Vught,Noord-Brabant,30,Overleden,0,17
2020-10-09,866,Waalre,Noord-Brabant,30,Totaal,5,121
2020-10-09,866,Waalre,Noord-Brabant,30,Ziekenhuisopname,0,7
2020-10-09,866,Waalre,Noord-Brabant,30,Overleden,0,5
2020-10-09,867,Waalwijk,Noord-Brabant,30,Totaal,7,401
2020-10-09,867,Waalwijk,Noord-Brabant,30,Ziekenhuisopname,0,40
2020-10-09,867,Waalwijk,Noord-Brabant,30,Overleden,0,37
2020-10-09,873,Woensdrecht,Noord-Brabant,30,Totaal,5,156
2020-10-09,873,Woensdrecht,Noord-Brabant,30,Ziekenhuisopname,0,7
2020-10-09,873,Woensdrecht,Noord-Brabant,30,Overleden,0,7
2020-10-09,879,Zundert,Noord-Brabant,30,Totaal,7,186
2020-10-09,879,Zundert,Noord-Brabant,30,Ziekenhuisopname,0,24
2020-10-09,879,Zundert,Noord-Brabant,30,Overleden,0,11
2020-10-09,880,Wormerland,Noord-Holland,27,Totaal,9,116
2020-10-09,880,Wormerland,Noord-Holland,27,Ziekenhuisopname,0,20
2020-10-09,880,Wormerland,Noord-Holland,27,Overleden,0,6
2020-10-09,882,Landgraaf,Limburg,31,Totaal,5,208
2020-10-09,882,Landgraaf,Limburg,31,Ziekenhuisopname,0,53
2020-10-09,882,Landgraaf,Limburg,31,Overleden,0,14
2020-10-09,888,Beek,Limburg,31,Totaal,0,68
2020-10-09,888,Beek,Limburg,31,Ziekenhuisopname,0,16
2020-10-09,888,Beek,Limburg,31,Overleden,0,6
2020-10-09,889,Beesel,Limburg,31,Totaal,1,64
2020-10-09,889,Beesel,Limburg,31,Ziekenhuisopname,0,20
2020-10-09,889,Beesel,Limburg,31,Overleden,0,8
2020-10-09,893,Bergen (L.),Limburg,31,Totaal,3,68
2020-10-09,893,Bergen (L.),Limburg,31,Ziekenhuisopname,0,7
2020-10-09,893,Bergen (L.),Limburg,31,Overleden,0,2
2020-10-09,899,Brunssum,Limburg,31,Totaal,5,198
2020-10-09,899,Brunssum,Limburg,31,Ziekenhuisopname,0,46
2020-10-09,899,Brunssum,Limburg,31,Overleden,0,19
2020-10-09,907,Gennep,Limburg,31,Totaal,1,122
2020-10-09,907,Gennep,Limburg,31,Ziekenhuisopname,0,17
2020-10-09,907,Gennep,Limburg,31,Overleden,0,10
2020-10-09,917,Heerlen,Limburg,31,Totaal,6,588
2020-10-09,917,Heerlen,Limburg,31,Ziekenhuisopname,0,126
2020-10-09,917,Heerlen,Limburg,31,Overleden,0,54
2020-10-09,928,Kerkrade,Limburg,31,Totaal,5,305
2020-10-09,928,Kerkrade,Limburg,31,Ziekenhuisopname,0,64
2020-10-09,928,Kerkrade,Limburg,31,Overleden,0,35
2020-10-09,935,Maastricht,Limburg,31,Totaal,12,1311
2020-10-09,935,Maastricht,Limburg,31,Ziekenhuisopname,0,193
2020-10-09,935,Maastricht,Limburg,31,Overleden,0,140
2020-10-09,938,Meerssen,Limburg,31,Totaal,0,153
2020-10-09,938,Meerssen,Limburg,31,Ziekenhuisopname,0,23
2020-10-09,938,Meerssen,Limburg,31,Overleden,0,13
2020-10-09,944,Mook en Middelaar,Limburg,31,Totaal,1,87
2020-10-09,944,Mook en Middelaar,Limburg,31,Ziekenhuisopname,0,7
2020-10-09,944,Mook en Middelaar,Limburg,31,Overleden,0,5
2020-10-09,946,Nederweert,Limburg,31,Totaal,1,105
2020-10-09,946,Nederweert,Limburg,31,Ziekenhuisopname,0,31
2020-10-09,946,Nederweert,Limburg,31,Overleden,0,7
2020-10-09,957,Roermond,Limburg,31,Totaal,9,316
2020-10-09,957,Roermond,Limburg,31,Ziekenhuisopname,0,62
2020-10-09,957,Roermond,Limburg,31,Overleden,0,23
2020-10-09,965,Simpelveld,Limburg,31,Totaal,0,61
2020-10-09,965,Simpelveld,Limburg,31,Ziekenhuisopname,0,19
2020-10-09,965,Simpelveld,Limburg,31,Overleden,0,5
2020-10-09,971,Stein,Limburg,31,Totaal,5,158
2020-10-09,971,Stein,Limburg,31,Ziekenhuisopname,0,44
2020-10-09,971,Stein,Limburg,31,Overleden,0,15
2020-10-09,981,Vaals,Limburg,31,Totaal,0,38
2020-10-09,981,Vaals,Limburg,31,Ziekenhuisopname,0,10
2020-10-09,981,Vaals,Limburg,31,Overleden,0,2
2020-10-09,983,Venlo,Limburg,31,Totaal,20,780
2020-10-09,983,Venlo,Limburg,31,Ziekenhuisopname,0,135
2020-10-09,983,Venlo,Limburg,31,Overleden,0,67
2020-10-09,984,Venray,Limburg,31,Totaal,7,295
2020-10-09,984,Venray,Limburg,31,Ziekenhuisopname,0,37
2020-10-09,984,Venray,Limburg,31,Overleden,0,18
2020-10-09,986,Voerendaal,Limburg,31,Totaal,1,66
2020-10-09,986,Voerendaal,Limburg,31,Ziekenhuisopname,0,17
2020-10-09,986,Voerendaal,Limburg,31,Overleden,0,8
2020-10-09,988,Weert,Limburg,31,Totaal,9,294
2020-10-09,988,Weert,Limburg,31,Ziekenhuisopname,0,68
2020-10-09,988,Weert,Limburg,31,Overleden,0,16
2020-10-09,994,Valkenburg aan de Geul,Limburg,31,Totaal,3,115
2020-10-09,994,Valkenburg aan de Geul,Limburg,31,Ziekenhuisopname,0,19
2020-10-09,994,Valkenburg aan de Geul,Limburg,31,Overleden,0,7
2020-10-09,995,Lelystad,Flevoland,24,Totaal,26,510
2020-10-09,995,Lelystad,Flevoland,24,Ziekenhuisopname,1,73
2020-10-09,995,Lelystad,Flevoland,24,Overleden,0,31
2020-10-09,1507,Horst aan de Maas,Limburg,31,Totaal,9,266
2020-10-09,1507,Horst aan de Maas,Limburg,31,Ziekenhuisopname,0,41
2020-10-09,1507,Horst aan de Maas,Limburg,31,Overleden,0,27
2020-10-09,1509,Oude IJsselstreek,Gelderland,25,Totaal,8,215
2020-10-09,1509,Oude IJsselstreek,Gelderland,25,Ziekenhuisopname,1,22
2020-10-09,1509,Oude IJsselstreek,Gelderland,25,Overleden,0,9
2020-10-09,1525,Teylingen,Zuid-Holland,28,Totaal,22,301
2020-10-09,1525,Teylingen,Zuid-Holland,28,Ziekenhuisopname,0,17
2020-10-09,1525,Teylingen,Zuid-Holland,28,Overleden,0,2
2020-10-09,1581,Utrechtse Heuvelrug,Utrecht,26,Totaal,15,375
2020-10-09,1581,Utrechtse Heuvelrug,Utrecht,26,Ziekenhuisopname,0,29
2020-10-09,1581,Utrechtse Heuvelrug,Utrecht,26,Overleden,0,14
2020-10-09,1586,Oost Gelre,Gelderland,25,Totaal,12,207
2020-10-09,1586,Oost Gelre,Gelderland,25,Ziekenhuisopname,0,18
2020-10-09,1586,Oost Gelre,Gelderland,25,Overleden,0,6
2020-10-09,1598,Koggenland,Noord-Holland,27,Totaal,8,144
2020-10-09,1598,Koggenland,Noord-Holland,27,Ziekenhuisopname,0,7
2020-10-09,1598,Koggenland,Noord-Holland,27,Overleden,0,7
2020-10-09,1621,Lansingerland,Zuid-Holland,28,Totaal,42,768
2020-10-09,1621,Lansingerland,Zuid-Holland,28,Ziekenhuisopname,0,46
2020-10-09,1621,Lansingerland,Zuid-Holland,28,Overleden,0,27
2020-10-09,1640,Leudal,Limburg,31,Totaal,4,246
2020-10-09,1640,Leudal,Limburg,31,Ziekenhuisopname,0,54
2020-10-09,1640,Leudal,Limburg,31,Overleden,0,33
2020-10-09,1641,Maasgouw,Limburg,31,Totaal,2,151
2020-10-09,1641,Maasgouw,Limburg,31,Ziekenhuisopname,0,28
2020-10-09,1641,Maasgouw,Limburg,31,Overleden,0,15
2020-10-09,1652,Gemert-Bakel,Noord-Brabant,30,Totaal,2,307
2020-10-09,1652,Gemert-Bakel,Noord-Brabant,30,Ziekenhuisopname,0,79
2020-10-09,1652,Gemert-Bakel,Noord-Brabant,30,Overleden,0,32
2020-10-09,1655,Halderberge,Noord-Brabant,30,Totaal,6,228
2020-10-09,1655,Halderberge,Noord-Brabant,30,Ziekenhuisopname,0,16
2020-10-09,1655,Halderberge,Noord-Brabant,30,Overleden,0,8
2020-10-09,1658,Heeze-Leende,Noord-Brabant,30,Totaal,6,132
2020-10-09,1658,Heeze-Leende,Noord-Brabant,30,Ziekenhuisopname,0,16
2020-10-09,1658,Heeze-Leende,Noord-Brabant,30,Overleden,0,8
2020-10-09,1659,Laarbeek,Noord-Brabant,30,Totaal,9,211
2020-10-09,1659,Laarbeek,Noord-Brabant,30,Ziekenhuisopname,0,41
2020-10-09,1659,Laarbeek,Noord-Brabant,30,Overleden,0,26
2020-10-09,1667,Reusel-De Mierden,Noord-Brabant,30,Totaal,7,196
2020-10-09,1667,Reusel-De Mierden,Noord-Brabant,30,Ziekenhuisopname,0,12
2020-10-09,1667,Reusel-De Mierden,Noord-Brabant,30,Overleden,0,2
2020-10-09,1669,Roerdalen,Limburg,31,Totaal,2,81
2020-10-09,1669,Roerdalen,Limburg,31,Ziekenhuisopname,0,27
2020-10-09,1669,Roerdalen,Limburg,31,Overleden,0,8
2020-10-09,1674,Roosendaal,Noord-Brabant,30,Totaal,26,675
2020-10-09,1674,Roosendaal,Noord-Brabant,30,Ziekenhuisopname,0,36
2020-10-09,1674,Roosendaal,Noord-Brabant,30,Overleden,0,24
2020-10-09,1676,Schouwen-Duiveland,Zeeland,29,Totaal,6,176
2020-10-09,1676,Schouwen-Duiveland,Zeeland,29,Ziekenhuisopname,0,12
2020-10-09,1676,Schouwen-Duiveland,Zeeland,29,Overleden,0,9
2020-10-09,1680,Aa en Hunze,Drenthe,22,Totaal,7,80
2020-10-09,1680,Aa en Hunze,Drenthe,22,Ziekenhuisopname,0,1
2020-10-09,1680,Aa en Hunze,Drenthe,22,Overleden,0,0
2020-10-09,1681,Borger-Odoorn,Drenthe,22,Totaal,3,59
2020-10-09,1681,Borger-Odoorn,Drenthe,22,Ziekenhuisopname,0,4
2020-10-09,1681,Borger-Odoorn,Drenthe,22,Overleden,0,4
2020-10-09,1684,Cuijk,Noord-Brabant,30,Totaal,12,170
2020-10-09,1684,Cuijk,Noord-Brabant,30,Ziekenhuisopname,0,12
2020-10-09,1684,Cuijk,Noord-Brabant,30,Overleden,0,10
2020-10-09,1685,Landerd,Noord-Brabant,30,Totaal,6,224
2020-10-09,1685,Landerd,Noord-Brabant,30,Ziekenhuisopname,0,42
2020-10-09,1685,Landerd,Noord-Brabant,30,Overleden,0,21
2020-10-09,1690,De Wolden,Drenthe,22,Totaal,2,89
2020-10-09,1690,De Wolden,Drenthe,22,Ziekenhuisopname,0,11
2020-10-09,1690,De Wolden,Drenthe,22,Overleden,0,5
2020-10-09,1695,Noord-Beveland,Zeeland,29,Totaal,2,32
2020-10-09,1695,Noord-Beveland,Zeeland,29,Ziekenhuisopname,0,1
2020-10-09,1695,Noord-Beveland,Zeeland,29,Overleden,0,0
2020-10-09,1696,Wijdemeren,Noord-Holland,27,Totaal,3,173
2020-10-09,1696,Wijdemeren,Noord-Holland,27,Ziekenhuisopname,0,9
2020-10-09,1696,Wijdemeren,Noord-Holland,27,Overleden,0,0
2020-10-09,1699,Noordenveld,Drenthe,22,Totaal,7,130
2020-10-09,1699,Noordenveld,Drenthe,22,Ziekenhuisopname,0,4
2020-10-09,1699,Noordenveld,Drenthe,22,Overleden,0,13
2020-10-09,1700,Twenterand,Overijssel,23,Totaal,11,113
2020-10-09,1700,Twenterand,Overijssel,23,Ziekenhuisopname,0,12
2020-10-09,1700,Twenterand,Overijssel,23,Overleden,0,2
2020-10-09,1701,Westerveld,Drenthe,22,Totaal,2,60
2020-10-09,1701,Westerveld,Drenthe,22,Ziekenhuisopname,0,9
2020-10-09,1701,Westerveld,Drenthe,22,Overleden,0,4
2020-10-09,1702,Sint Anthonis,Noord-Brabant,30,Totaal,4,106
2020-10-09,1702,Sint Anthonis,Noord-Brabant,30,Ziekenhuisopname,0,20
2020-10-09,1702,Sint Anthonis,Noord-Brabant,30,Overleden,0,11
2020-10-09,1705,Lingewaard,Gelderland,25,Totaal,8,337
2020-10-09,1705,Lingewaard,Gelderland,25,Ziekenhuisopname,0,36
2020-10-09,1705,Lingewaard,Gelderland,25,Overleden,0,10
2020-10-09,1706,Cranendonck,Noord-Brabant,30,Totaal,4,277
2020-10-09,1706,Cranendonck,Noord-Brabant,30,Ziekenhuisopname,0,63
2020-10-09,1706,Cranendonck,Noord-Brabant,30,Overleden,0,36
2020-10-09,1708,Steenwijkerland,Overijssel,23,Totaal,12,227
2020-10-09,1708,Steenwijkerland,Overijssel,23,Ziekenhuisopname,1,15
2020-10-09,1708,Steenwijkerland,Overijssel,23,Overleden,0,8
2020-10-09,1709,Moerdijk,Noord-Brabant,30,Totaal,12,238
2020-10-09,1709,Moerdijk,Noord-Brabant,30,Ziekenhuisopname,0,17
2020-10-09,1709,Moerdijk,Noord-Brabant,30,Overleden,0,8
2020-10-09,1711,Echt-Susteren,Limburg,31,Totaal,4,128
2020-10-09,1711,Echt-Susteren,Limburg,31,Ziekenhuisopname,0,40
2020-10-09,1711,Echt-Susteren,Limburg,31,Overleden,0,18
2020-10-09,1714,Sluis,Zeeland,29,Totaal,0,36
2020-10-09,1714,Sluis,Zeeland,29,Ziekenhuisopname,0,9
2020-10-09,1714,Sluis,Zeeland,29,Overleden,0,4
2020-10-09,1719,Drimmelen,Noord-Brabant,30,Totaal,3,164
2020-10-09,1719,Drimmelen,Noord-Brabant,30,Ziekenhuisopname,0,20
2020-10-09,1719,Drimmelen,Noord-Brabant,30,Overleden,0,9
2020-10-09,1721,Bernheze,Noord-Brabant,30,Totaal,10,407
2020-10-09,1721,Bernheze,Noord-Brabant,30,Ziekenhuisopname,0,95
2020-10-09,1721,Bernheze,Noord-Brabant,30,Overleden,0,65
2020-10-09,1723,Alphen-Chaam,Noord-Brabant,30,Totaal,0,90
2020-10-09,1723,Alphen-Chaam,Noord-Brabant,30,Ziekenhuisopname,0,18
2020-10-09,1723,Alphen-Chaam,Noord-Brabant,30,Overleden,0,5
2020-10-09,1724,Bergeijk,Noord-Brabant,30,Totaal,6,225
2020-10-09,1724,Bergeijk,Noord-Brabant,30,Ziekenhuisopname,0,19
2020-10-09,1724,Bergeijk,Noord-Brabant,30,Overleden,0,5
2020-10-09,1728,Bladel,Noord-Brabant,30,Totaal,28,358
2020-10-09,1728,Bladel,Noord-Brabant,30,Ziekenhuisopname,0,21
2020-10-09,1728,Bladel,Noord-Brabant,30,Overleden,0,9
2020-10-09,1729,Gulpen-Wittem,Limburg,31,Totaal,3,125
2020-10-09,1729,Gulpen-Wittem,Limburg,31,Ziekenhuisopname,0,22
2020-10-09,1729,Gulpen-Wittem,Limburg,31,Overleden,0,15
2020-10-09,1730,Tynaarlo,Drenthe,22,Totaal,7,112
2020-10-09,1730,Tynaarlo,Drenthe,22,Ziekenhuisopname,0,9
2020-10-09,1730,Tynaarlo,Drenthe,22,Overleden,0,0
2020-10-09,1731,Midden-Drenthe,Drenthe,22,Totaal,2,67
2020-10-09,1731,Midden-Drenthe,Drenthe,22,Ziekenhuisopname,0,6
2020-10-09,1731,Midden-Drenthe,Drenthe,22,Overleden,0,0
2020-10-09,1734,Overbetuwe,Gelderland,25,Totaal,11,359
2020-10-09,1734,Overbetuwe,Gelderland,25,Ziekenhuisopname,0,56
2020-10-09,1734,Overbetuwe,Gelderland,25,Overleden,0,16
2020-10-09,1735,Hof van Twente,Overijssel,23,Totaal,7,207
2020-10-09,1735,Hof van Twente,Overijssel,23,Ziekenhuisopname,0,15
2020-10-09,1735,Hof van Twente,Overijssel,23,Overleden,0,5
2020-10-09,1740,Neder-Betuwe,Gelderland,25,Totaal,6,206
2020-10-09,1740,Neder-Betuwe,Gelderland,25,Ziekenhuisopname,1,40
2020-10-09,1740,Neder-Betuwe,Gelderland,25,Overleden,0,21
2020-10-09,1742,Rijssen-Holten,Overijssel,23,Totaal,6,310
2020-10-09,1742,Rijssen-Holten,Overijssel,23,Ziekenhuisopname,0,29
2020-10-09,1742,Rijssen-Holten,Overijssel,23,Overleden,0,25
2020-10-09,1771,Geldrop-Mierlo,Noord-Brabant,30,Totaal,12,270
2020-10-09,1771,Geldrop-Mierlo,Noord-Brabant,30,Ziekenhuisopname,1,34
2020-10-09,1771,Geldrop-Mierlo,Noord-Brabant,30,Overleden,0,16
2020-10-09,1773,Olst-Wijhe,Overijssel,23,Totaal,3,103
2020-10-09,1773,Olst-Wijhe,Overijssel,23,Ziekenhuisopname,0,12
2020-10-09,1773,Olst-Wijhe,Overijssel,23,Overleden,0,8
2020-10-09,1774,Dinkelland,Overijssel,23,Totaal,15,192
2020-10-09,1774,Dinkelland,Overijssel,23,Ziekenhuisopname,0,20
2020-10-09,1774,Dinkelland,Overijssel,23,Overleden,0,10
2020-10-09,1783,Westland,Zuid-Holland,28,Totaal,47,1074
2020-10-09,1783,Westland,Zuid-Holland,28,Ziekenhuisopname,1,66
2020-10-09,1783,Westland,Zuid-Holland,28,Overleden,0,30
2020-10-09,1842,Midden-Delfland,Zuid-Holland,28,Totaal,11,153
2020-10-09,1842,Midden-Delfland,Zuid-Holland,28,Ziekenhuisopname,0,5
2020-10-09,1842,Midden-Delfland,Zuid-Holland,28,Overleden,0,0
2020-10-09,1859,Berkelland,Gelderland,25,Totaal,15,236
2020-10-09,1859,Berkelland,Gelderland,25,Ziekenhuisopname,0,14
2020-10-09,1859,Berkelland,Gelderland,25,Overleden,0,7
2020-10-09,1876,Bronckhorst,Gelderland,25,Totaal,9,183
2020-10-09,1876,Bronckhorst,Gelderland,25,Ziekenhuisopname,0,17
2020-10-09,1876,Bronckhorst,Gelderland,25,Overleden,0,7
2020-10-09,1883,Sittard-Geleen,Limburg,31,Totaal,11,601
2020-10-09,1883,Sittard-Geleen,Limburg,31,Ziekenhuisopname,0,120
2020-10-09,1883,Sittard-Geleen,Limburg,31,Overleden,0,64
2020-10-09,1884,Kaag en Braassem,Zuid-Holland,28,Totaal,7,151
2020-10-09,1884,Kaag en Braassem,Zuid-Holland,28,Ziekenhuisopname,0,8
2020-10-09,1884,Kaag en Braassem,Zuid-Holland,28,Overleden,0,3
2020-10-09,1891,Dantumadiel,Friesland,21,Totaal,2,75
2020-10-09,1891,Dantumadiel,Friesland,21,Ziekenhuisopname,0,2
2020-10-09,1891,Dantumadiel,Friesland,21,Overleden,0,0
2020-10-09,1892,Zuidplas,Zuid-Holland,28,Totaal,14,587
2020-10-09,1892,Zuidplas,Zuid-Holland,28,Ziekenhuisopname,0,28
2020-10-09,1892,Zuidplas,Zuid-Holland,28,Overleden,0,21
2020-10-09,1894,Peel en Maas,Limburg,31,Totaal,10,373
2020-10-09,1894,Peel en Maas,Limburg,31,Ziekenhuisopname,0,144
2020-10-09,1894,Peel en Maas,Limburg,31,Overleden,0,65
2020-10-09,1895,Oldambt,Groningen,20,Totaal,4,106
2020-10-09,1895,Oldambt,Groningen,20,Ziekenhuisopname,0,8
2020-10-09,1895,Oldambt,Groningen,20,Overleden,0,3
2020-10-09,1896,Zwartewaterland,Overijssel,23,Totaal,4,202
2020-10-09,1896,Zwartewaterland,Overijssel,23,Ziekenhuisopname,0,35
2020-10-09,1896,Zwartewaterland,Overijssel,23,Overleden,0,21
2020-10-09,1900,Sdwest-Frysln,Friesland,21,Totaal,10,302
2020-10-09,1900,Sdwest-Frysln,Friesland,21,Ziekenhuisopname,0,19
2020-10-09,1900,Sdwest-Frysln,Friesland,21,Overleden,0,6
2020-10-09,1901,Bodegraven-Reeuwijk,Zuid-Holland,28,Totaal,17,301
2020-10-09,1901,Bodegraven-Reeuwijk,Zuid-Holland,28,Ziekenhuisopname,0,9
2020-10-09,1901,Bodegraven-Reeuwijk,Zuid-Holland,28,Overleden,0,8
2020-10-09,1903,Eijsden-Margraten,Limburg,31,Totaal,8,243
2020-10-09,1903,Eijsden-Margraten,Limburg,31,Ziekenhuisopname,0,54
2020-10-09,1903,Eijsden-Margraten,Limburg,31,Overleden,0,27
2020-10-09,1904,Stichtse Vecht,Utrecht,26,Totaal,23,566
2020-10-09,1904,Stichtse Vecht,Utrecht,26,Ziekenhuisopname,0,42
2020-10-09,1904,Stichtse Vecht,Utrecht,26,Overleden,0,14
2020-10-09,1911,Hollands Kroon,Noord-Holland,27,Totaal,8,160
2020-10-09,1911,Hollands Kroon,Noord-Holland,27,Ziekenhuisopname,0,26
2020-10-09,1911,Hollands Kroon,Noord-Holland,27,Overleden,0,6
2020-10-09,1916,Leidschendam-Voorburg,Zuid-Holland,28,Totaal,43,828
2020-10-09,1916,Leidschendam-Voorburg,Zuid-Holland,28,Ziekenhuisopname,0,34
2020-10-09,1916,Leidschendam-Voorburg,Zuid-Holland,28,Overleden,1,25
2020-10-09,1924,Goeree-Overflakkee,Zuid-Holland,28,Totaal,21,501
2020-10-09,1924,Goeree-Overflakkee,Zuid-Holland,28,Ziekenhuisopname,1,57
2020-10-09,1924,Goeree-Overflakkee,Zuid-Holland,28,Overleden,0,35
2020-10-09,1926,Pijnacker-Nootdorp,Zuid-Holland,28,Totaal,30,594
2020-10-09,1926,Pijnacker-Nootdorp,Zuid-Holland,28,Ziekenhuisopname,0,30
2020-10-09,1926,Pijnacker-Nootdorp,Zuid-Holland,28,Overleden,0,17
2020-10-09,1930,Nissewaard,Zuid-Holland,28,Totaal,50,782
2020-10-09,1930,Nissewaard,Zuid-Holland,28,Ziekenhuisopname,1,63
2020-10-09,1930,Nissewaard,Zuid-Holland,28,Overleden,0,22
2020-10-09,1931,Krimpenerwaard,Zuid-Holland,28,Totaal,19,625
2020-10-09,1931,Krimpenerwaard,Zuid-Holland,28,Ziekenhuisopname,0,47
2020-10-09,1931,Krimpenerwaard,Zuid-Holland,28,Overleden,0,35
2020-10-09,1940,De Fryske Marren,Friesland,21,Totaal,4,202
2020-10-09,1940,De Fryske Marren,Friesland,21,Ziekenhuisopname,0,18
2020-10-09,1940,De Fryske Marren,Friesland,21,Overleden,0,6
2020-10-09,1942,Gooise Meren,Noord-Holland,27,Totaal,21,499
2020-10-09,1942,Gooise Meren,Noord-Holland,27,Ziekenhuisopname,0,25
2020-10-09,1942,Gooise Meren,Noord-Holland,27,Overleden,0,15
2020-10-09,1945,Berg en Dal,Gelderland,25,Totaal,13,382
2020-10-09,1945,Berg en Dal,Gelderland,25,Ziekenhuisopname,0,32
2020-10-09,1945,Berg en Dal,Gelderland,25,Overleden,0,20
2020-10-09,1948,Meierijstad,Noord-Brabant,30,Totaal,20,859
2020-10-09,1948,Meierijstad,Noord-Brabant,30,Ziekenhuisopname,0,211
2020-10-09,1948,Meierijstad,Noord-Brabant,30,Overleden,0,131
2020-10-09,1949,Waadhoeke,Friesland,21,Totaal,10,200
2020-10-09,1949,Waadhoeke,Friesland,21,Ziekenhuisopname,0,13
2020-10-09,1949,Waadhoeke,Friesland,21,Overleden,0,15
2020-10-09,1950,Westerwolde,Groningen,20,Totaal,4,59
2020-10-09,1950,Westerwolde,Groningen,20,Ziekenhuisopname,1,6
2020-10-09,1950,Westerwolde,Groningen,20,Overleden,0,1
2020-10-09,1952,Midden-Groningen,Groningen,20,Totaal,7,147
2020-10-09,1952,Midden-Groningen,Groningen,20,Ziekenhuisopname,0,7
2020-10-09,1952,Midden-Groningen,Groningen,20,Overleden,0,4
2020-10-09,1954,Beekdaelen,Limburg,31,Totaal,11,258
2020-10-09,1954,Beekdaelen,Limburg,31,Ziekenhuisopname,0,52
2020-10-09,1954,Beekdaelen,Limburg,31,Overleden,0,23
2020-10-09,1955,Montferland,Gelderland,25,Totaal,10,177
2020-10-09,1955,Montferland,Gelderland,25,Ziekenhuisopname,0,22
2020-10-09,1955,Montferland,Gelderland,25,Overleden,0,9
2020-10-09,1959,Altena,Noord-Brabant,30,Totaal,26,366
2020-10-09,1959,Altena,Noord-Brabant,30,Ziekenhuisopname,1,35
2020-10-09,1959,Altena,Noord-Brabant,30,Overleden,0,11
2020-10-09,1960,West Betuwe,Gelderland,25,Totaal,6,353
2020-10-09,1960,West Betuwe,Gelderland,25,Ziekenhuisopname,0,44
2020-10-09,1960,West Betuwe,Gelderland,25,Overleden,0,28
2020-10-09,1961,Vijfheerenlanden,Utrecht,26,Totaal,24,683
2020-10-09,1961,Vijfheerenlanden,Utrecht,26,Ziekenhuisopname,0,40
2020-10-09,1961,Vijfheerenlanden,Utrecht,26,Overleden,0,43
2020-10-09,1963,Hoeksche Waard,Zuid-Holland,28,Totaal,34,930
2020-10-09,1963,Hoeksche Waard,Zuid-Holland,28,Ziekenhuisopname,0,80
2020-10-09,1963,Hoeksche Waard,Zuid-Holland,28,Overleden,0,21
2020-10-09,1966,Het Hogeland,Groningen,20,Totaal,11,175
2020-10-09,1966,Het Hogeland,Groningen,20,Ziekenhuisopname,0,7
2020-10-09,1966,Het Hogeland,Groningen,20,Overleden,0,3
2020-10-09,1969,Westerkwartier,Groningen,20,Totaal,8,181
2020-10-09,1969,Westerkwartier,Groningen,20,Ziekenhuisopname,0,15
2020-10-09,1969,Westerkwartier,Groningen,20,Overleden,0,4
2020-10-09,1970,Noardeast-Frysln,Friesland,21,Totaal,3,147
2020-10-09,1970,Noardeast-Frysln,Friesland,21,Ziekenhuisopname,0,7
2020-10-09,1970,Noardeast-Frysln,Friesland,21,Overleden,0,4
2020-10-09,1978,Molenlanden,Zuid-Holland,28,Totaal,13,305
2020-10-09,1978,Molenlanden,Zuid-Holland,28,Ziekenhuisopname,0,20
2020-10-09,1978,Molenlanden,Zuid-Holland,28,Overleden,0,9
