Datum,Gemeentecode,Gemeentenaam,Provincienaam,Provinciecode,Type,Aantal,AantalCumulatief
2021-04-10,-1,,,-1,Totaal,38,4995
2021-04-10,-1,,,-1,Ziekenhuisopname,0,126
2021-04-10,-1,,,-1,Overleden,1,36
2021-04-10,3,Appingedam,Groningen,20,Totaal,,
2021-04-10,3,Appingedam,Groningen,20,Ziekenhuisopname,,
2021-04-10,3,Appingedam,Groningen,20,Overleden,,
2021-04-10,10,Delfzijl,Groningen,20,Totaal,,
2021-04-10,10,Delfzijl,Groningen,20,Ziekenhuisopname,,
2021-04-10,10,Delfzijl,Groningen,20,Overleden,,
2021-04-10,14,Groningen,Groningen,20,Totaal,59,11080
2021-04-10,14,Groningen,Groningen,20,Ziekenhuisopname,0,80
2021-04-10,14,Groningen,Groningen,20,Overleden,0,43
2021-04-10,24,Loppersum,Groningen,20,Totaal,,
2021-04-10,24,Loppersum,Groningen,20,Ziekenhuisopname,,
2021-04-10,24,Loppersum,Groningen,20,Overleden,,
2021-04-10,34,Almere,Flevoland,24,Totaal,72,16916
2021-04-10,34,Almere,Flevoland,24,Ziekenhuisopname,1,305
2021-04-10,34,Almere,Flevoland,24,Overleden,0,93
2021-04-10,37,Stadskanaal,Groningen,20,Totaal,20,2129
2021-04-10,37,Stadskanaal,Groningen,20,Ziekenhuisopname,0,17
2021-04-10,37,Stadskanaal,Groningen,20,Overleden,0,16
2021-04-10,47,Veendam,Groningen,20,Totaal,5,1558
2021-04-10,47,Veendam,Groningen,20,Ziekenhuisopname,0,10
2021-04-10,47,Veendam,Groningen,20,Overleden,0,10
2021-04-10,50,Zeewolde,Flevoland,24,Totaal,7,1388
2021-04-10,50,Zeewolde,Flevoland,24,Ziekenhuisopname,0,21
2021-04-10,50,Zeewolde,Flevoland,24,Overleden,0,13
2021-04-10,59,Achtkarspelen,Friesland,21,Totaal,12,1868
2021-04-10,59,Achtkarspelen,Friesland,21,Ziekenhuisopname,0,18
2021-04-10,59,Achtkarspelen,Friesland,21,Overleden,0,37
2021-04-10,60,Ameland,Friesland,21,Totaal,0,160
2021-04-10,60,Ameland,Friesland,21,Ziekenhuisopname,0,0
2021-04-10,60,Ameland,Friesland,21,Overleden,0,0
2021-04-10,72,Harlingen,Friesland,21,Totaal,13,606
2021-04-10,72,Harlingen,Friesland,21,Ziekenhuisopname,0,8
2021-04-10,72,Harlingen,Friesland,21,Overleden,0,3
2021-04-10,74,Heerenveen,Friesland,21,Totaal,20,2140
2021-04-10,74,Heerenveen,Friesland,21,Ziekenhuisopname,0,30
2021-04-10,74,Heerenveen,Friesland,21,Overleden,0,36
2021-04-10,80,Leeuwarden,Friesland,21,Totaal,18,6066
2021-04-10,80,Leeuwarden,Friesland,21,Ziekenhuisopname,0,85
2021-04-10,80,Leeuwarden,Friesland,21,Overleden,0,69
2021-04-10,85,Ooststellingwerf,Friesland,21,Totaal,10,1146
2021-04-10,85,Ooststellingwerf,Friesland,21,Ziekenhuisopname,0,13
2021-04-10,85,Ooststellingwerf,Friesland,21,Overleden,0,6
2021-04-10,86,Opsterland,Friesland,21,Totaal,14,1284
2021-04-10,86,Opsterland,Friesland,21,Ziekenhuisopname,0,25
2021-04-10,86,Opsterland,Friesland,21,Overleden,0,7
2021-04-10,88,Schiermonnikoog,Friesland,21,Totaal,0,43
2021-04-10,88,Schiermonnikoog,Friesland,21,Ziekenhuisopname,0,1
2021-04-10,88,Schiermonnikoog,Friesland,21,Overleden,0,2
2021-04-10,90,Smallingerland,Friesland,21,Totaal,18,2711
2021-04-10,90,Smallingerland,Friesland,21,Ziekenhuisopname,0,31
2021-04-10,90,Smallingerland,Friesland,21,Overleden,0,32
2021-04-10,93,Terschelling,Friesland,21,Totaal,1,214
2021-04-10,93,Terschelling,Friesland,21,Ziekenhuisopname,0,3
2021-04-10,93,Terschelling,Friesland,21,Overleden,0,2
2021-04-10,96,Vlieland,Friesland,21,Totaal,0,47
2021-04-10,96,Vlieland,Friesland,21,Ziekenhuisopname,0,0
2021-04-10,96,Vlieland,Friesland,21,Overleden,0,0
2021-04-10,98,Weststellingwerf,Friesland,21,Totaal,15,1348
2021-04-10,98,Weststellingwerf,Friesland,21,Ziekenhuisopname,0,13
2021-04-10,98,Weststellingwerf,Friesland,21,Overleden,0,28
2021-04-10,106,Assen,Drenthe,22,Totaal,18,3062
2021-04-10,106,Assen,Drenthe,22,Ziekenhuisopname,1,49
2021-04-10,106,Assen,Drenthe,22,Overleden,0,14
2021-04-10,109,Coevorden,Drenthe,22,Totaal,4,2453
2021-04-10,109,Coevorden,Drenthe,22,Ziekenhuisopname,1,51
2021-04-10,109,Coevorden,Drenthe,22,Overleden,0,31
2021-04-10,114,Emmen,Drenthe,22,Totaal,45,7670
2021-04-10,114,Emmen,Drenthe,22,Ziekenhuisopname,2,128
2021-04-10,114,Emmen,Drenthe,22,Overleden,1,71
2021-04-10,118,Hoogeveen,Drenthe,22,Totaal,5,3831
2021-04-10,118,Hoogeveen,Drenthe,22,Ziekenhuisopname,1,65
2021-04-10,118,Hoogeveen,Drenthe,22,Overleden,0,40
2021-04-10,119,Meppel,Drenthe,22,Totaal,10,1916
2021-04-10,119,Meppel,Drenthe,22,Ziekenhuisopname,0,24
2021-04-10,119,Meppel,Drenthe,22,Overleden,0,25
2021-04-10,141,Almelo,Overijssel,23,Totaal,25,6216
2021-04-10,141,Almelo,Overijssel,23,Ziekenhuisopname,0,91
2021-04-10,141,Almelo,Overijssel,23,Overleden,0,54
2021-04-10,147,Borne,Overijssel,23,Totaal,5,2024
2021-04-10,147,Borne,Overijssel,23,Ziekenhuisopname,0,28
2021-04-10,147,Borne,Overijssel,23,Overleden,0,37
2021-04-10,148,Dalfsen,Overijssel,23,Totaal,6,1883
2021-04-10,148,Dalfsen,Overijssel,23,Ziekenhuisopname,0,25
2021-04-10,148,Dalfsen,Overijssel,23,Overleden,0,19
2021-04-10,150,Deventer,Overijssel,23,Totaal,39,6454
2021-04-10,150,Deventer,Overijssel,23,Ziekenhuisopname,1,83
2021-04-10,150,Deventer,Overijssel,23,Overleden,0,82
2021-04-10,153,Enschede,Overijssel,23,Totaal,55,11230
2021-04-10,153,Enschede,Overijssel,23,Ziekenhuisopname,0,196
2021-04-10,153,Enschede,Overijssel,23,Overleden,0,165
2021-04-10,158,Haaksbergen,Overijssel,23,Totaal,8,2280
2021-04-10,158,Haaksbergen,Overijssel,23,Ziekenhuisopname,0,32
2021-04-10,158,Haaksbergen,Overijssel,23,Overleden,0,32
2021-04-10,160,Hardenberg,Overijssel,23,Totaal,12,4820
2021-04-10,160,Hardenberg,Overijssel,23,Ziekenhuisopname,0,55
2021-04-10,160,Hardenberg,Overijssel,23,Overleden,0,37
2021-04-10,163,Hellendoorn,Overijssel,23,Totaal,17,3690
2021-04-10,163,Hellendoorn,Overijssel,23,Ziekenhuisopname,0,40
2021-04-10,163,Hellendoorn,Overijssel,23,Overleden,0,49
2021-04-10,164,Hengelo,Overijssel,23,Totaal,30,5991
2021-04-10,164,Hengelo,Overijssel,23,Ziekenhuisopname,0,66
2021-04-10,164,Hengelo,Overijssel,23,Overleden,0,65
2021-04-10,166,Kampen,Overijssel,23,Totaal,17,2857
2021-04-10,166,Kampen,Overijssel,23,Ziekenhuisopname,0,75
2021-04-10,166,Kampen,Overijssel,23,Overleden,0,42
2021-04-10,168,Losser,Overijssel,23,Totaal,7,2205
2021-04-10,168,Losser,Overijssel,23,Ziekenhuisopname,0,46
2021-04-10,168,Losser,Overijssel,23,Overleden,0,32
2021-04-10,171,Noordoostpolder,Flevoland,24,Totaal,13,2787
2021-04-10,171,Noordoostpolder,Flevoland,24,Ziekenhuisopname,0,30
2021-04-10,171,Noordoostpolder,Flevoland,24,Overleden,0,27
2021-04-10,173,Oldenzaal,Overijssel,23,Totaal,10,2692
2021-04-10,173,Oldenzaal,Overijssel,23,Ziekenhuisopname,0,51
2021-04-10,173,Oldenzaal,Overijssel,23,Overleden,0,43
2021-04-10,175,Ommen,Overijssel,23,Totaal,4,1244
2021-04-10,175,Ommen,Overijssel,23,Ziekenhuisopname,1,15
2021-04-10,175,Ommen,Overijssel,23,Overleden,0,15
2021-04-10,177,Raalte,Overijssel,23,Totaal,8,2911
2021-04-10,177,Raalte,Overijssel,23,Ziekenhuisopname,0,39
2021-04-10,177,Raalte,Overijssel,23,Overleden,0,40
2021-04-10,180,Staphorst,Overijssel,23,Totaal,4,1784
2021-04-10,180,Staphorst,Overijssel,23,Ziekenhuisopname,0,14
2021-04-10,180,Staphorst,Overijssel,23,Overleden,0,19
2021-04-10,183,Tubbergen,Overijssel,23,Totaal,20,2401
2021-04-10,183,Tubbergen,Overijssel,23,Ziekenhuisopname,0,19
2021-04-10,183,Tubbergen,Overijssel,23,Overleden,0,18
2021-04-10,184,Urk,Flevoland,24,Totaal,9,2064
2021-04-10,184,Urk,Flevoland,24,Ziekenhuisopname,0,44
2021-04-10,184,Urk,Flevoland,24,Overleden,0,12
2021-04-10,189,Wierden,Overijssel,23,Totaal,7,2704
2021-04-10,189,Wierden,Overijssel,23,Ziekenhuisopname,0,19
2021-04-10,189,Wierden,Overijssel,23,Overleden,0,27
2021-04-10,193,Zwolle,Overijssel,23,Totaal,25,6629
2021-04-10,193,Zwolle,Overijssel,23,Ziekenhuisopname,0,90
2021-04-10,193,Zwolle,Overijssel,23,Overleden,1,105
2021-04-10,197,Aalten,Gelderland,25,Totaal,19,2010
2021-04-10,197,Aalten,Gelderland,25,Ziekenhuisopname,0,24
2021-04-10,197,Aalten,Gelderland,25,Overleden,0,20
2021-04-10,200,Apeldoorn,Gelderland,25,Totaal,61,9931
2021-04-10,200,Apeldoorn,Gelderland,25,Ziekenhuisopname,0,188
2021-04-10,200,Apeldoorn,Gelderland,25,Overleden,0,139
2021-04-10,202,Arnhem,Gelderland,25,Totaal,74,10169
2021-04-10,202,Arnhem,Gelderland,25,Ziekenhuisopname,0,170
2021-04-10,202,Arnhem,Gelderland,25,Overleden,0,121
2021-04-10,203,Barneveld,Gelderland,25,Totaal,21,6422
2021-04-10,203,Barneveld,Gelderland,25,Ziekenhuisopname,0,48
2021-04-10,203,Barneveld,Gelderland,25,Overleden,0,58
2021-04-10,209,Beuningen,Gelderland,25,Totaal,11,1817
2021-04-10,209,Beuningen,Gelderland,25,Ziekenhuisopname,0,36
2021-04-10,209,Beuningen,Gelderland,25,Overleden,0,19
2021-04-10,213,Brummen,Gelderland,25,Totaal,8,1117
2021-04-10,213,Brummen,Gelderland,25,Ziekenhuisopname,0,30
2021-04-10,213,Brummen,Gelderland,25,Overleden,1,17
2021-04-10,214,Buren,Gelderland,25,Totaal,14,1985
2021-04-10,214,Buren,Gelderland,25,Ziekenhuisopname,0,38
2021-04-10,214,Buren,Gelderland,25,Overleden,0,19
2021-04-10,216,Culemborg,Gelderland,25,Totaal,17,2234
2021-04-10,216,Culemborg,Gelderland,25,Ziekenhuisopname,0,44
2021-04-10,216,Culemborg,Gelderland,25,Overleden,0,22
2021-04-10,221,Doesburg,Gelderland,25,Totaal,3,643
2021-04-10,221,Doesburg,Gelderland,25,Ziekenhuisopname,0,17
2021-04-10,221,Doesburg,Gelderland,25,Overleden,0,9
2021-04-10,222,Doetinchem,Gelderland,25,Totaal,18,3816
2021-04-10,222,Doetinchem,Gelderland,25,Ziekenhuisopname,0,56
2021-04-10,222,Doetinchem,Gelderland,25,Overleden,0,27
2021-04-10,225,Druten,Gelderland,25,Totaal,10,1580
2021-04-10,225,Druten,Gelderland,25,Ziekenhuisopname,0,40
2021-04-10,225,Druten,Gelderland,25,Overleden,0,27
2021-04-10,226,Duiven,Gelderland,25,Totaal,17,1662
2021-04-10,226,Duiven,Gelderland,25,Ziekenhuisopname,0,27
2021-04-10,226,Duiven,Gelderland,25,Overleden,0,13
2021-04-10,228,Ede,Gelderland,25,Totaal,38,9833
2021-04-10,228,Ede,Gelderland,25,Ziekenhuisopname,0,132
2021-04-10,228,Ede,Gelderland,25,Overleden,1,80
2021-04-10,230,Elburg,Gelderland,25,Totaal,11,1630
2021-04-10,230,Elburg,Gelderland,25,Ziekenhuisopname,1,37
2021-04-10,230,Elburg,Gelderland,25,Overleden,0,13
2021-04-10,232,Epe,Gelderland,25,Totaal,10,2215
2021-04-10,232,Epe,Gelderland,25,Ziekenhuisopname,0,70
2021-04-10,232,Epe,Gelderland,25,Overleden,0,47
2021-04-10,233,Ermelo,Gelderland,25,Totaal,9,2065
2021-04-10,233,Ermelo,Gelderland,25,Ziekenhuisopname,0,39
2021-04-10,233,Ermelo,Gelderland,25,Overleden,0,33
2021-04-10,243,Harderwijk,Gelderland,25,Totaal,18,3611
2021-04-10,243,Harderwijk,Gelderland,25,Ziekenhuisopname,0,79
2021-04-10,243,Harderwijk,Gelderland,25,Overleden,0,46
2021-04-10,244,Hattem,Gelderland,25,Totaal,3,696
2021-04-10,244,Hattem,Gelderland,25,Ziekenhuisopname,0,19
2021-04-10,244,Hattem,Gelderland,25,Overleden,0,7
2021-04-10,246,Heerde,Gelderland,25,Totaal,6,1073
2021-04-10,246,Heerde,Gelderland,25,Ziekenhuisopname,0,55
2021-04-10,246,Heerde,Gelderland,25,Overleden,0,31
2021-04-10,252,Heumen,Gelderland,25,Totaal,3,1115
2021-04-10,252,Heumen,Gelderland,25,Ziekenhuisopname,0,25
2021-04-10,252,Heumen,Gelderland,25,Overleden,0,17
2021-04-10,262,Lochem,Gelderland,25,Totaal,8,1654
2021-04-10,262,Lochem,Gelderland,25,Ziekenhuisopname,0,34
2021-04-10,262,Lochem,Gelderland,25,Overleden,0,28
2021-04-10,263,Maasdriel,Gelderland,25,Totaal,27,2821
2021-04-10,263,Maasdriel,Gelderland,25,Ziekenhuisopname,0,40
2021-04-10,263,Maasdriel,Gelderland,25,Overleden,0,41
2021-04-10,267,Nijkerk,Gelderland,25,Totaal,22,3834
2021-04-10,267,Nijkerk,Gelderland,25,Ziekenhuisopname,0,49
2021-04-10,267,Nijkerk,Gelderland,25,Overleden,0,28
2021-04-10,268,Nijmegen,Gelderland,25,Totaal,126,12027
2021-04-10,268,Nijmegen,Gelderland,25,Ziekenhuisopname,0,248
2021-04-10,268,Nijmegen,Gelderland,25,Overleden,0,176
2021-04-10,269,Oldebroek,Gelderland,25,Totaal,10,1844
2021-04-10,269,Oldebroek,Gelderland,25,Ziekenhuisopname,0,47
2021-04-10,269,Oldebroek,Gelderland,25,Overleden,0,29
2021-04-10,273,Putten,Gelderland,25,Totaal,3,2047
2021-04-10,273,Putten,Gelderland,25,Ziekenhuisopname,0,19
2021-04-10,273,Putten,Gelderland,25,Overleden,0,14
2021-04-10,274,Renkum,Gelderland,25,Totaal,9,1689
2021-04-10,274,Renkum,Gelderland,25,Ziekenhuisopname,0,32
2021-04-10,274,Renkum,Gelderland,25,Overleden,0,25
2021-04-10,275,Rheden,Gelderland,25,Totaal,6,2983
2021-04-10,275,Rheden,Gelderland,25,Ziekenhuisopname,0,59
2021-04-10,275,Rheden,Gelderland,25,Overleden,0,56
2021-04-10,277,Rozendaal,Gelderland,25,Totaal,0,83
2021-04-10,277,Rozendaal,Gelderland,25,Ziekenhuisopname,0,1
2021-04-10,277,Rozendaal,Gelderland,25,Overleden,0,0
2021-04-10,279,Scherpenzeel,Gelderland,25,Totaal,3,894
2021-04-10,279,Scherpenzeel,Gelderland,25,Ziekenhuisopname,0,5
2021-04-10,279,Scherpenzeel,Gelderland,25,Overleden,0,12
2021-04-10,281,Tiel,Gelderland,25,Totaal,16,3549
2021-04-10,281,Tiel,Gelderland,25,Ziekenhuisopname,0,82
2021-04-10,281,Tiel,Gelderland,25,Overleden,0,72
2021-04-10,285,Voorst,Gelderland,25,Totaal,11,1477
2021-04-10,285,Voorst,Gelderland,25,Ziekenhuisopname,0,30
2021-04-10,285,Voorst,Gelderland,25,Overleden,0,28
2021-04-10,289,Wageningen,Gelderland,25,Totaal,25,2478
2021-04-10,289,Wageningen,Gelderland,25,Ziekenhuisopname,0,40
2021-04-10,289,Wageningen,Gelderland,25,Overleden,0,41
2021-04-10,293,Westervoort,Gelderland,25,Totaal,7,921
2021-04-10,293,Westervoort,Gelderland,25,Ziekenhuisopname,0,19
2021-04-10,293,Westervoort,Gelderland,25,Overleden,0,8
2021-04-10,294,Winterswijk,Gelderland,25,Totaal,11,1542
2021-04-10,294,Winterswijk,Gelderland,25,Ziekenhuisopname,0,15
2021-04-10,294,Winterswijk,Gelderland,25,Overleden,0,15
2021-04-10,296,Wijchen,Gelderland,25,Totaal,11,3074
2021-04-10,296,Wijchen,Gelderland,25,Ziekenhuisopname,0,74
2021-04-10,296,Wijchen,Gelderland,25,Overleden,0,51
2021-04-10,297,Zaltbommel,Gelderland,25,Totaal,13,3210
2021-04-10,297,Zaltbommel,Gelderland,25,Ziekenhuisopname,0,37
2021-04-10,297,Zaltbommel,Gelderland,25,Overleden,0,41
2021-04-10,299,Zevenaar,Gelderland,25,Totaal,23,2561
2021-04-10,299,Zevenaar,Gelderland,25,Ziekenhuisopname,0,75
2021-04-10,299,Zevenaar,Gelderland,25,Overleden,0,46
2021-04-10,301,Zutphen,Gelderland,25,Totaal,20,2348
2021-04-10,301,Zutphen,Gelderland,25,Ziekenhuisopname,0,48
2021-04-10,301,Zutphen,Gelderland,25,Overleden,0,29
2021-04-10,302,Nunspeet,Gelderland,25,Totaal,6,1831
2021-04-10,302,Nunspeet,Gelderland,25,Ziekenhuisopname,0,77
2021-04-10,302,Nunspeet,Gelderland,25,Overleden,0,30
2021-04-10,303,Dronten,Flevoland,24,Totaal,16,2499
2021-04-10,303,Dronten,Flevoland,24,Ziekenhuisopname,0,59
2021-04-10,303,Dronten,Flevoland,24,Overleden,0,23
2021-04-10,307,Amersfoort,Utrecht,26,Totaal,45,11803
2021-04-10,307,Amersfoort,Utrecht,26,Ziekenhuisopname,0,228
2021-04-10,307,Amersfoort,Utrecht,26,Overleden,0,131
2021-04-10,308,Baarn,Utrecht,26,Totaal,8,1791
2021-04-10,308,Baarn,Utrecht,26,Ziekenhuisopname,0,33
2021-04-10,308,Baarn,Utrecht,26,Overleden,0,27
2021-04-10,310,De Bilt,Utrecht,26,Totaal,11,3156
2021-04-10,310,De Bilt,Utrecht,26,Ziekenhuisopname,0,72
2021-04-10,310,De Bilt,Utrecht,26,Overleden,0,75
2021-04-10,312,Bunnik,Utrecht,26,Totaal,7,977
2021-04-10,312,Bunnik,Utrecht,26,Ziekenhuisopname,0,21
2021-04-10,312,Bunnik,Utrecht,26,Overleden,1,12
2021-04-10,313,Bunschoten,Utrecht,26,Totaal,14,3784
2021-04-10,313,Bunschoten,Utrecht,26,Ziekenhuisopname,0,55
2021-04-10,313,Bunschoten,Utrecht,26,Overleden,0,39
2021-04-10,317,Eemnes,Utrecht,26,Totaal,6,783
2021-04-10,317,Eemnes,Utrecht,26,Ziekenhuisopname,0,18
2021-04-10,317,Eemnes,Utrecht,26,Overleden,0,5
2021-04-10,321,Houten,Utrecht,26,Totaal,12,3275
2021-04-10,321,Houten,Utrecht,26,Ziekenhuisopname,0,64
2021-04-10,321,Houten,Utrecht,26,Overleden,0,51
2021-04-10,327,Leusden,Utrecht,26,Totaal,6,2001
2021-04-10,327,Leusden,Utrecht,26,Ziekenhuisopname,0,37
2021-04-10,327,Leusden,Utrecht,26,Overleden,0,23
2021-04-10,331,Lopik,Utrecht,26,Totaal,1,1353
2021-04-10,331,Lopik,Utrecht,26,Ziekenhuisopname,0,38
2021-04-10,331,Lopik,Utrecht,26,Overleden,0,12
2021-04-10,335,Montfoort,Utrecht,26,Totaal,2,1189
2021-04-10,335,Montfoort,Utrecht,26,Ziekenhuisopname,0,24
2021-04-10,335,Montfoort,Utrecht,26,Overleden,0,8
2021-04-10,339,Renswoude,Utrecht,26,Totaal,2,494
2021-04-10,339,Renswoude,Utrecht,26,Ziekenhuisopname,0,7
2021-04-10,339,Renswoude,Utrecht,26,Overleden,0,5
2021-04-10,340,Rhenen,Utrecht,26,Totaal,7,2005
2021-04-10,340,Rhenen,Utrecht,26,Ziekenhuisopname,0,33
2021-04-10,340,Rhenen,Utrecht,26,Overleden,0,19
2021-04-10,342,Soest,Utrecht,26,Totaal,6,3281
2021-04-10,342,Soest,Utrecht,26,Ziekenhuisopname,0,68
2021-04-10,342,Soest,Utrecht,26,Overleden,0,46
2021-04-10,344,Utrecht,Utrecht,26,Totaal,155,26168
2021-04-10,344,Utrecht,Utrecht,26,Ziekenhuisopname,0,639
2021-04-10,344,Utrecht,Utrecht,26,Overleden,0,229
2021-04-10,345,Veenendaal,Utrecht,26,Totaal,25,6910
2021-04-10,345,Veenendaal,Utrecht,26,Ziekenhuisopname,1,125
2021-04-10,345,Veenendaal,Utrecht,26,Overleden,0,70
2021-04-10,351,Woudenberg,Utrecht,26,Totaal,2,1267
2021-04-10,351,Woudenberg,Utrecht,26,Ziekenhuisopname,0,22
2021-04-10,351,Woudenberg,Utrecht,26,Overleden,0,8
2021-04-10,352,Wijk bij Duurstede,Utrecht,26,Totaal,9,1515
2021-04-10,352,Wijk bij Duurstede,Utrecht,26,Ziekenhuisopname,0,32
2021-04-10,352,Wijk bij Duurstede,Utrecht,26,Overleden,0,11
2021-04-10,353,IJsselstein,Utrecht,26,Totaal,12,2491
2021-04-10,353,IJsselstein,Utrecht,26,Ziekenhuisopname,0,78
2021-04-10,353,IJsselstein,Utrecht,26,Overleden,0,55
2021-04-10,355,Zeist,Utrecht,26,Totaal,18,4200
2021-04-10,355,Zeist,Utrecht,26,Ziekenhuisopname,0,81
2021-04-10,355,Zeist,Utrecht,26,Overleden,0,70
2021-04-10,356,Nieuwegein,Utrecht,26,Totaal,23,4361
2021-04-10,356,Nieuwegein,Utrecht,26,Ziekenhuisopname,0,113
2021-04-10,356,Nieuwegein,Utrecht,26,Overleden,0,27
2021-04-10,358,Aalsmeer,Noord-Holland,27,Totaal,16,2429
2021-04-10,358,Aalsmeer,Noord-Holland,27,Ziekenhuisopname,0,33
2021-04-10,358,Aalsmeer,Noord-Holland,27,Overleden,0,25
2021-04-10,361,Alkmaar,Noord-Holland,27,Totaal,26,7954
2021-04-10,361,Alkmaar,Noord-Holland,27,Ziekenhuisopname,0,124
2021-04-10,361,Alkmaar,Noord-Holland,27,Overleden,0,74
2021-04-10,362,Amstelveen,Noord-Holland,27,Totaal,36,6000
2021-04-10,362,Amstelveen,Noord-Holland,27,Ziekenhuisopname,0,122
2021-04-10,362,Amstelveen,Noord-Holland,27,Overleden,0,89
2021-04-10,363,Amsterdam,Noord-Holland,27,Totaal,325,74063
2021-04-10,363,Amsterdam,Noord-Holland,27,Ziekenhuisopname,6,1745
2021-04-10,363,Amsterdam,Noord-Holland,27,Overleden,3,741
2021-04-10,370,Beemster,Noord-Holland,27,Totaal,6,782
2021-04-10,370,Beemster,Noord-Holland,27,Ziekenhuisopname,0,8
2021-04-10,370,Beemster,Noord-Holland,27,Overleden,0,3
2021-04-10,373,Bergen (NH.),Noord-Holland,27,Totaal,13,2108
2021-04-10,373,Bergen (NH.),Noord-Holland,27,Ziekenhuisopname,0,36
2021-04-10,373,Bergen (NH.),Noord-Holland,27,Overleden,0,36
2021-04-10,375,Beverwijk,Noord-Holland,27,Totaal,17,3580
2021-04-10,375,Beverwijk,Noord-Holland,27,Ziekenhuisopname,1,41
2021-04-10,375,Beverwijk,Noord-Holland,27,Overleden,0,41
2021-04-10,376,Blaricum,Noord-Holland,27,Totaal,5,827
2021-04-10,376,Blaricum,Noord-Holland,27,Ziekenhuisopname,0,12
2021-04-10,376,Blaricum,Noord-Holland,27,Overleden,0,6
2021-04-10,377,Bloemendaal,Noord-Holland,27,Totaal,10,1357
2021-04-10,377,Bloemendaal,Noord-Holland,27,Ziekenhuisopname,0,13
2021-04-10,377,Bloemendaal,Noord-Holland,27,Overleden,0,16
2021-04-10,383,Castricum,Noord-Holland,27,Totaal,15,2589
2021-04-10,383,Castricum,Noord-Holland,27,Ziekenhuisopname,0,25
2021-04-10,383,Castricum,Noord-Holland,27,Overleden,0,22
2021-04-10,384,Diemen,Noord-Holland,27,Totaal,10,2577
2021-04-10,384,Diemen,Noord-Holland,27,Ziekenhuisopname,0,42
2021-04-10,384,Diemen,Noord-Holland,27,Overleden,0,31
2021-04-10,385,Edam-Volendam,Noord-Holland,27,Totaal,28,4128
2021-04-10,385,Edam-Volendam,Noord-Holland,27,Ziekenhuisopname,0,85
2021-04-10,385,Edam-Volendam,Noord-Holland,27,Overleden,0,17
2021-04-10,388,Enkhuizen,Noord-Holland,27,Totaal,2,1744
2021-04-10,388,Enkhuizen,Noord-Holland,27,Ziekenhuisopname,0,30
2021-04-10,388,Enkhuizen,Noord-Holland,27,Overleden,0,11
2021-04-10,392,Haarlem,Noord-Holland,27,Totaal,54,10687
2021-04-10,392,Haarlem,Noord-Holland,27,Ziekenhuisopname,0,190
2021-04-10,392,Haarlem,Noord-Holland,27,Overleden,0,145
2021-04-10,394,Haarlemmermeer,Noord-Holland,27,Totaal,67,11400
2021-04-10,394,Haarlemmermeer,Noord-Holland,27,Ziekenhuisopname,0,167
2021-04-10,394,Haarlemmermeer,Noord-Holland,27,Overleden,0,104
2021-04-10,396,Heemskerk,Noord-Holland,27,Totaal,38,3402
2021-04-10,396,Heemskerk,Noord-Holland,27,Ziekenhuisopname,0,58
2021-04-10,396,Heemskerk,Noord-Holland,27,Overleden,0,32
2021-04-10,397,Heemstede,Noord-Holland,27,Totaal,8,1593
2021-04-10,397,Heemstede,Noord-Holland,27,Ziekenhuisopname,0,22
2021-04-10,397,Heemstede,Noord-Holland,27,Overleden,0,57
2021-04-10,398,Heerhugowaard,Noord-Holland,27,Totaal,16,4621
2021-04-10,398,Heerhugowaard,Noord-Holland,27,Ziekenhuisopname,0,56
2021-04-10,398,Heerhugowaard,Noord-Holland,27,Overleden,0,34
2021-04-10,399,Heiloo,Noord-Holland,27,Totaal,3,1390
2021-04-10,399,Heiloo,Noord-Holland,27,Ziekenhuisopname,0,22
2021-04-10,399,Heiloo,Noord-Holland,27,Overleden,0,15
2021-04-10,400,Den Helder,Noord-Holland,27,Totaal,9,4478
2021-04-10,400,Den Helder,Noord-Holland,27,Ziekenhuisopname,0,54
2021-04-10,400,Den Helder,Noord-Holland,27,Overleden,0,34
2021-04-10,402,Hilversum,Noord-Holland,27,Totaal,17,5443
2021-04-10,402,Hilversum,Noord-Holland,27,Ziekenhuisopname,0,76
2021-04-10,402,Hilversum,Noord-Holland,27,Overleden,0,78
2021-04-10,405,Hoorn,Noord-Holland,27,Totaal,20,7643
2021-04-10,405,Hoorn,Noord-Holland,27,Ziekenhuisopname,0,91
2021-04-10,405,Hoorn,Noord-Holland,27,Overleden,0,54
2021-04-10,406,Huizen,Noord-Holland,27,Totaal,27,3483
2021-04-10,406,Huizen,Noord-Holland,27,Ziekenhuisopname,1,56
2021-04-10,406,Huizen,Noord-Holland,27,Overleden,0,53
2021-04-10,415,Landsmeer,Noord-Holland,27,Totaal,2,981
2021-04-10,415,Landsmeer,Noord-Holland,27,Ziekenhuisopname,0,12
2021-04-10,415,Landsmeer,Noord-Holland,27,Overleden,0,6
2021-04-10,416,Langedijk,Noord-Holland,27,Totaal,3,2122
2021-04-10,416,Langedijk,Noord-Holland,27,Ziekenhuisopname,0,30
2021-04-10,416,Langedijk,Noord-Holland,27,Overleden,0,13
2021-04-10,417,Laren,Noord-Holland,27,Totaal,3,834
2021-04-10,417,Laren,Noord-Holland,27,Ziekenhuisopname,0,16
2021-04-10,417,Laren,Noord-Holland,27,Overleden,0,26
2021-04-10,420,Medemblik,Noord-Holland,27,Totaal,26,4789
2021-04-10,420,Medemblik,Noord-Holland,27,Ziekenhuisopname,1,54
2021-04-10,420,Medemblik,Noord-Holland,27,Overleden,0,25
2021-04-10,431,Oostzaan,Noord-Holland,27,Totaal,4,847
2021-04-10,431,Oostzaan,Noord-Holland,27,Ziekenhuisopname,0,16
2021-04-10,431,Oostzaan,Noord-Holland,27,Overleden,0,8
2021-04-10,432,Opmeer,Noord-Holland,27,Totaal,4,1151
2021-04-10,432,Opmeer,Noord-Holland,27,Ziekenhuisopname,0,9
2021-04-10,432,Opmeer,Noord-Holland,27,Overleden,0,5
2021-04-10,437,Ouder-Amstel,Noord-Holland,27,Totaal,8,1068
2021-04-10,437,Ouder-Amstel,Noord-Holland,27,Ziekenhuisopname,0,14
2021-04-10,437,Ouder-Amstel,Noord-Holland,27,Overleden,0,5
2021-04-10,439,Purmerend,Noord-Holland,27,Totaal,48,6750
2021-04-10,439,Purmerend,Noord-Holland,27,Ziekenhuisopname,1,173
2021-04-10,439,Purmerend,Noord-Holland,27,Overleden,0,82
2021-04-10,441,Schagen,Noord-Holland,27,Totaal,9,3751
2021-04-10,441,Schagen,Noord-Holland,27,Ziekenhuisopname,0,49
2021-04-10,441,Schagen,Noord-Holland,27,Overleden,0,54
2021-04-10,448,Texel,Noord-Holland,27,Totaal,1,383
2021-04-10,448,Texel,Noord-Holland,27,Ziekenhuisopname,0,6
2021-04-10,448,Texel,Noord-Holland,27,Overleden,0,4
2021-04-10,450,Uitgeest,Noord-Holland,27,Totaal,10,1094
2021-04-10,450,Uitgeest,Noord-Holland,27,Ziekenhuisopname,0,12
2021-04-10,450,Uitgeest,Noord-Holland,27,Overleden,0,7
2021-04-10,451,Uithoorn,Noord-Holland,27,Totaal,13,2079
2021-04-10,451,Uithoorn,Noord-Holland,27,Ziekenhuisopname,0,33
2021-04-10,451,Uithoorn,Noord-Holland,27,Overleden,0,15
2021-04-10,453,Velsen,Noord-Holland,27,Totaal,34,5961
2021-04-10,453,Velsen,Noord-Holland,27,Ziekenhuisopname,0,94
2021-04-10,453,Velsen,Noord-Holland,27,Overleden,0,88
2021-04-10,457,Weesp,Noord-Holland,27,Totaal,14,1759
2021-04-10,457,Weesp,Noord-Holland,27,Ziekenhuisopname,0,17
2021-04-10,457,Weesp,Noord-Holland,27,Overleden,0,20
2021-04-10,473,Zandvoort,Noord-Holland,27,Totaal,8,1122
2021-04-10,473,Zandvoort,Noord-Holland,27,Ziekenhuisopname,0,19
2021-04-10,473,Zandvoort,Noord-Holland,27,Overleden,0,42
2021-04-10,479,Zaanstad,Noord-Holland,27,Totaal,92,13162
2021-04-10,479,Zaanstad,Noord-Holland,27,Ziekenhuisopname,1,273
2021-04-10,479,Zaanstad,Noord-Holland,27,Overleden,1,167
2021-04-10,482,Alblasserdam,Zuid-Holland,28,Totaal,10,2126
2021-04-10,482,Alblasserdam,Zuid-Holland,28,Ziekenhuisopname,0,37
2021-04-10,482,Alblasserdam,Zuid-Holland,28,Overleden,0,21
2021-04-10,484,Alphen aan den Rijn,Zuid-Holland,28,Totaal,54,9472
2021-04-10,484,Alphen aan den Rijn,Zuid-Holland,28,Ziekenhuisopname,0,169
2021-04-10,484,Alphen aan den Rijn,Zuid-Holland,28,Overleden,0,112
2021-04-10,489,Barendrecht,Zuid-Holland,28,Totaal,39,4413
2021-04-10,489,Barendrecht,Zuid-Holland,28,Ziekenhuisopname,0,93
2021-04-10,489,Barendrecht,Zuid-Holland,28,Overleden,0,45
2021-04-10,498,Drechterland,Noord-Holland,27,Totaal,3,1890
2021-04-10,498,Drechterland,Noord-Holland,27,Ziekenhuisopname,0,18
2021-04-10,498,Drechterland,Noord-Holland,27,Overleden,0,12
2021-04-10,501,Brielle,Zuid-Holland,28,Totaal,12,1209
2021-04-10,501,Brielle,Zuid-Holland,28,Ziekenhuisopname,0,30
2021-04-10,501,Brielle,Zuid-Holland,28,Overleden,0,9
2021-04-10,502,Capelle aan den IJssel,Zuid-Holland,28,Totaal,42,6346
2021-04-10,502,Capelle aan den IJssel,Zuid-Holland,28,Ziekenhuisopname,0,160
2021-04-10,502,Capelle aan den IJssel,Zuid-Holland,28,Overleden,1,132
2021-04-10,503,Delft,Zuid-Holland,28,Totaal,33,7570
2021-04-10,503,Delft,Zuid-Holland,28,Ziekenhuisopname,0,91
2021-04-10,503,Delft,Zuid-Holland,28,Overleden,0,74
2021-04-10,505,Dordrecht,Zuid-Holland,28,Totaal,64,11532
2021-04-10,505,Dordrecht,Zuid-Holland,28,Ziekenhuisopname,1,239
2021-04-10,505,Dordrecht,Zuid-Holland,28,Overleden,0,161
2021-04-10,512,Gorinchem,Zuid-Holland,28,Totaal,11,3342
2021-04-10,512,Gorinchem,Zuid-Holland,28,Ziekenhuisopname,0,44
2021-04-10,512,Gorinchem,Zuid-Holland,28,Overleden,0,37
2021-04-10,513,Gouda,Zuid-Holland,28,Totaal,32,6243
2021-04-10,513,Gouda,Zuid-Holland,28,Ziekenhuisopname,2,204
2021-04-10,513,Gouda,Zuid-Holland,28,Overleden,0,151
2021-04-10,518,'s-Gravenhage,Zuid-Holland,28,Totaal,247,42739
2021-04-10,518,'s-Gravenhage,Zuid-Holland,28,Ziekenhuisopname,7,1359
2021-04-10,518,'s-Gravenhage,Zuid-Holland,28,Overleden,0,541
2021-04-10,523,Hardinxveld-Giessendam,Zuid-Holland,28,Totaal,7,2234
2021-04-10,523,Hardinxveld-Giessendam,Zuid-Holland,28,Ziekenhuisopname,0,16
2021-04-10,523,Hardinxveld-Giessendam,Zuid-Holland,28,Overleden,0,23
2021-04-10,530,Hellevoetsluis,Zuid-Holland,28,Totaal,20,2668
2021-04-10,530,Hellevoetsluis,Zuid-Holland,28,Ziekenhuisopname,0,52
2021-04-10,530,Hellevoetsluis,Zuid-Holland,28,Overleden,0,40
2021-04-10,531,Hendrik-Ido-Ambacht,Zuid-Holland,28,Totaal,12,2921
2021-04-10,531,Hendrik-Ido-Ambacht,Zuid-Holland,28,Ziekenhuisopname,0,37
2021-04-10,531,Hendrik-Ido-Ambacht,Zuid-Holland,28,Overleden,0,30
2021-04-10,532,Stede Broec,Noord-Holland,27,Totaal,9,2257
2021-04-10,532,Stede Broec,Noord-Holland,27,Ziekenhuisopname,0,29
2021-04-10,532,Stede Broec,Noord-Holland,27,Overleden,0,15
2021-04-10,534,Hillegom,Zuid-Holland,28,Totaal,10,1480
2021-04-10,534,Hillegom,Zuid-Holland,28,Ziekenhuisopname,0,17
2021-04-10,534,Hillegom,Zuid-Holland,28,Overleden,0,17
2021-04-10,537,Katwijk,Zuid-Holland,28,Totaal,63,7362
2021-04-10,537,Katwijk,Zuid-Holland,28,Ziekenhuisopname,1,103
2021-04-10,537,Katwijk,Zuid-Holland,28,Overleden,0,55
2021-04-10,542,Krimpen aan den IJssel,Zuid-Holland,28,Totaal,18,3097
2021-04-10,542,Krimpen aan den IJssel,Zuid-Holland,28,Ziekenhuisopname,0,45
2021-04-10,542,Krimpen aan den IJssel,Zuid-Holland,28,Overleden,0,68
2021-04-10,546,Leiden,Zuid-Holland,28,Totaal,54,8353
2021-04-10,546,Leiden,Zuid-Holland,28,Ziekenhuisopname,0,118
2021-04-10,546,Leiden,Zuid-Holland,28,Overleden,0,65
2021-04-10,547,Leiderdorp,Zuid-Holland,28,Totaal,11,1837
2021-04-10,547,Leiderdorp,Zuid-Holland,28,Ziekenhuisopname,0,34
2021-04-10,547,Leiderdorp,Zuid-Holland,28,Overleden,0,21
2021-04-10,553,Lisse,Zuid-Holland,28,Totaal,12,1745
2021-04-10,553,Lisse,Zuid-Holland,28,Ziekenhuisopname,0,26
2021-04-10,553,Lisse,Zuid-Holland,28,Overleden,0,17
2021-04-10,556,Maassluis,Zuid-Holland,28,Totaal,25,2833
2021-04-10,556,Maassluis,Zuid-Holland,28,Ziekenhuisopname,1,62
2021-04-10,556,Maassluis,Zuid-Holland,28,Overleden,0,34
2021-04-10,569,Nieuwkoop,Zuid-Holland,28,Totaal,20,2726
2021-04-10,569,Nieuwkoop,Zuid-Holland,28,Ziekenhuisopname,0,37
2021-04-10,569,Nieuwkoop,Zuid-Holland,28,Overleden,0,21
2021-04-10,575,Noordwijk,Zuid-Holland,28,Totaal,40,3420
2021-04-10,575,Noordwijk,Zuid-Holland,28,Ziekenhuisopname,1,65
2021-04-10,575,Noordwijk,Zuid-Holland,28,Overleden,0,20
2021-04-10,579,Oegstgeest,Zuid-Holland,28,Totaal,12,1626
2021-04-10,579,Oegstgeest,Zuid-Holland,28,Ziekenhuisopname,0,22
2021-04-10,579,Oegstgeest,Zuid-Holland,28,Overleden,0,30
2021-04-10,589,Oudewater,Utrecht,26,Totaal,3,850
2021-04-10,589,Oudewater,Utrecht,26,Ziekenhuisopname,0,38
2021-04-10,589,Oudewater,Utrecht,26,Overleden,0,12
2021-04-10,590,Papendrecht,Zuid-Holland,28,Totaal,12,2791
2021-04-10,590,Papendrecht,Zuid-Holland,28,Ziekenhuisopname,0,44
2021-04-10,590,Papendrecht,Zuid-Holland,28,Overleden,1,46
2021-04-10,597,Ridderkerk,Zuid-Holland,28,Totaal,31,4569
2021-04-10,597,Ridderkerk,Zuid-Holland,28,Ziekenhuisopname,0,100
2021-04-10,597,Ridderkerk,Zuid-Holland,28,Overleden,0,86
2021-04-10,599,Rotterdam,Zuid-Holland,28,Totaal,375,61778
2021-04-10,599,Rotterdam,Zuid-Holland,28,Ziekenhuisopname,4,1695
2021-04-10,599,Rotterdam,Zuid-Holland,28,Overleden,1,895
2021-04-10,603,Rijswijk,Zuid-Holland,28,Totaal,22,4002
2021-04-10,603,Rijswijk,Zuid-Holland,28,Ziekenhuisopname,0,115
2021-04-10,603,Rijswijk,Zuid-Holland,28,Overleden,0,72
2021-04-10,606,Schiedam,Zuid-Holland,28,Totaal,48,7679
2021-04-10,606,Schiedam,Zuid-Holland,28,Ziekenhuisopname,0,207
2021-04-10,606,Schiedam,Zuid-Holland,28,Overleden,1,106
2021-04-10,610,Sliedrecht,Zuid-Holland,28,Totaal,13,2776
2021-04-10,610,Sliedrecht,Zuid-Holland,28,Ziekenhuisopname,0,29
2021-04-10,610,Sliedrecht,Zuid-Holland,28,Overleden,0,41
2021-04-10,613,Albrandswaard,Zuid-Holland,28,Totaal,12,2430
2021-04-10,613,Albrandswaard,Zuid-Holland,28,Ziekenhuisopname,0,41
2021-04-10,613,Albrandswaard,Zuid-Holland,28,Overleden,0,20
2021-04-10,614,Westvoorne,Zuid-Holland,28,Totaal,8,866
2021-04-10,614,Westvoorne,Zuid-Holland,28,Ziekenhuisopname,0,20
2021-04-10,614,Westvoorne,Zuid-Holland,28,Overleden,0,16
2021-04-10,622,Vlaardingen,Zuid-Holland,28,Totaal,49,6968
2021-04-10,622,Vlaardingen,Zuid-Holland,28,Ziekenhuisopname,0,157
2021-04-10,622,Vlaardingen,Zuid-Holland,28,Overleden,0,89
2021-04-10,626,Voorschoten,Zuid-Holland,28,Totaal,10,1501
2021-04-10,626,Voorschoten,Zuid-Holland,28,Ziekenhuisopname,0,21
2021-04-10,626,Voorschoten,Zuid-Holland,28,Overleden,0,22
2021-04-10,627,Waddinxveen,Zuid-Holland,28,Totaal,11,2428
2021-04-10,627,Waddinxveen,Zuid-Holland,28,Ziekenhuisopname,0,63
2021-04-10,627,Waddinxveen,Zuid-Holland,28,Overleden,0,14
2021-04-10,629,Wassenaar,Zuid-Holland,28,Totaal,25,1657
2021-04-10,629,Wassenaar,Zuid-Holland,28,Ziekenhuisopname,0,34
2021-04-10,629,Wassenaar,Zuid-Holland,28,Overleden,0,30
2021-04-10,632,Woerden,Utrecht,26,Totaal,11,4088
2021-04-10,632,Woerden,Utrecht,26,Ziekenhuisopname,0,123
2021-04-10,632,Woerden,Utrecht,26,Overleden,0,38
2021-04-10,637,Zoetermeer,Zuid-Holland,28,Totaal,57,9122
2021-04-10,637,Zoetermeer,Zuid-Holland,28,Ziekenhuisopname,1,145
2021-04-10,637,Zoetermeer,Zuid-Holland,28,Overleden,0,64
2021-04-10,638,Zoeterwoude,Zuid-Holland,28,Totaal,3,647
2021-04-10,638,Zoeterwoude,Zuid-Holland,28,Ziekenhuisopname,0,8
2021-04-10,638,Zoeterwoude,Zuid-Holland,28,Overleden,0,1
2021-04-10,642,Zwijndrecht,Zuid-Holland,28,Totaal,19,4375
2021-04-10,642,Zwijndrecht,Zuid-Holland,28,Ziekenhuisopname,0,79
2021-04-10,642,Zwijndrecht,Zuid-Holland,28,Overleden,0,89
2021-04-10,654,Borsele,Zeeland,29,Totaal,1,1116
2021-04-10,654,Borsele,Zeeland,29,Ziekenhuisopname,0,35
2021-04-10,654,Borsele,Zeeland,29,Overleden,0,6
2021-04-10,664,Goes,Zeeland,29,Totaal,14,2009
2021-04-10,664,Goes,Zeeland,29,Ziekenhuisopname,0,68
2021-04-10,664,Goes,Zeeland,29,Overleden,0,26
2021-04-10,668,West Maas en Waal,Gelderland,25,Totaal,9,1532
2021-04-10,668,West Maas en Waal,Gelderland,25,Ziekenhuisopname,0,24
2021-04-10,668,West Maas en Waal,Gelderland,25,Overleden,0,19
2021-04-10,677,Hulst,Zeeland,29,Totaal,9,1445
2021-04-10,677,Hulst,Zeeland,29,Ziekenhuisopname,0,36
2021-04-10,677,Hulst,Zeeland,29,Overleden,0,13
2021-04-10,678,Kapelle,Zeeland,29,Totaal,4,756
2021-04-10,678,Kapelle,Zeeland,29,Ziekenhuisopname,0,11
2021-04-10,678,Kapelle,Zeeland,29,Overleden,0,6
2021-04-10,687,Middelburg,Zeeland,29,Totaal,22,2773
2021-04-10,687,Middelburg,Zeeland,29,Ziekenhuisopname,1,70
2021-04-10,687,Middelburg,Zeeland,29,Overleden,0,24
2021-04-10,703,Reimerswaal,Zeeland,29,Totaal,18,2067
2021-04-10,703,Reimerswaal,Zeeland,29,Ziekenhuisopname,0,37
2021-04-10,703,Reimerswaal,Zeeland,29,Overleden,0,15
2021-04-10,715,Terneuzen,Zeeland,29,Totaal,16,3294
2021-04-10,715,Terneuzen,Zeeland,29,Ziekenhuisopname,0,104
2021-04-10,715,Terneuzen,Zeeland,29,Overleden,0,28
2021-04-10,716,Tholen,Zeeland,29,Totaal,14,1975
2021-04-10,716,Tholen,Zeeland,29,Ziekenhuisopname,0,60
2021-04-10,716,Tholen,Zeeland,29,Overleden,0,23
2021-04-10,717,Veere,Zeeland,29,Totaal,3,1134
2021-04-10,717,Veere,Zeeland,29,Ziekenhuisopname,0,27
2021-04-10,717,Veere,Zeeland,29,Overleden,0,7
2021-04-10,718,Vlissingen,Zeeland,29,Totaal,17,2649
2021-04-10,718,Vlissingen,Zeeland,29,Ziekenhuisopname,0,106
2021-04-10,718,Vlissingen,Zeeland,29,Overleden,0,31
2021-04-10,736,De Ronde Venen,Utrecht,26,Totaal,18,3272
2021-04-10,736,De Ronde Venen,Utrecht,26,Ziekenhuisopname,0,106
2021-04-10,736,De Ronde Venen,Utrecht,26,Overleden,0,34
2021-04-10,737,Tytsjerksteradiel,Friesland,21,Totaal,5,1647
2021-04-10,737,Tytsjerksteradiel,Friesland,21,Ziekenhuisopname,0,20
2021-04-10,737,Tytsjerksteradiel,Friesland,21,Overleden,0,28
2021-04-10,743,Asten,Noord-Brabant,30,Totaal,9,1302
2021-04-10,743,Asten,Noord-Brabant,30,Ziekenhuisopname,0,32
2021-04-10,743,Asten,Noord-Brabant,30,Overleden,0,17
2021-04-10,744,Baarle-Nassau,Noord-Brabant,30,Totaal,1,406
2021-04-10,744,Baarle-Nassau,Noord-Brabant,30,Ziekenhuisopname,0,12
2021-04-10,744,Baarle-Nassau,Noord-Brabant,30,Overleden,0,4
2021-04-10,748,Bergen op Zoom,Noord-Brabant,30,Totaal,30,5455
2021-04-10,748,Bergen op Zoom,Noord-Brabant,30,Ziekenhuisopname,0,87
2021-04-10,748,Bergen op Zoom,Noord-Brabant,30,Overleden,0,41
2021-04-10,753,Best,Noord-Brabant,30,Totaal,8,2479
2021-04-10,753,Best,Noord-Brabant,30,Ziekenhuisopname,0,51
2021-04-10,753,Best,Noord-Brabant,30,Overleden,0,30
2021-04-10,755,Boekel,Noord-Brabant,30,Totaal,8,785
2021-04-10,755,Boekel,Noord-Brabant,30,Ziekenhuisopname,0,40
2021-04-10,755,Boekel,Noord-Brabant,30,Overleden,0,23
2021-04-10,756,Boxmeer,Noord-Brabant,30,Totaal,6,2692
2021-04-10,756,Boxmeer,Noord-Brabant,30,Ziekenhuisopname,0,36
2021-04-10,756,Boxmeer,Noord-Brabant,30,Overleden,0,43
2021-04-10,757,Boxtel,Noord-Brabant,30,Totaal,20,2707
2021-04-10,757,Boxtel,Noord-Brabant,30,Ziekenhuisopname,0,49
2021-04-10,757,Boxtel,Noord-Brabant,30,Overleden,0,67
2021-04-10,758,Breda,Noord-Brabant,30,Totaal,76,12583
2021-04-10,758,Breda,Noord-Brabant,30,Ziekenhuisopname,1,234
2021-04-10,758,Breda,Noord-Brabant,30,Overleden,0,143
2021-04-10,762,Deurne,Noord-Brabant,30,Totaal,8,2771
2021-04-10,762,Deurne,Noord-Brabant,30,Ziekenhuisopname,0,82
2021-04-10,762,Deurne,Noord-Brabant,30,Overleden,0,41
2021-04-10,765,Pekela,Groningen,20,Totaal,10,819
2021-04-10,765,Pekela,Groningen,20,Ziekenhuisopname,0,19
2021-04-10,765,Pekela,Groningen,20,Overleden,0,10
2021-04-10,766,Dongen,Noord-Brabant,30,Totaal,12,2460
2021-04-10,766,Dongen,Noord-Brabant,30,Ziekenhuisopname,0,43
2021-04-10,766,Dongen,Noord-Brabant,30,Overleden,0,25
2021-04-10,770,Eersel,Noord-Brabant,30,Totaal,17,1956
2021-04-10,770,Eersel,Noord-Brabant,30,Ziekenhuisopname,0,44
2021-04-10,770,Eersel,Noord-Brabant,30,Overleden,0,25
2021-04-10,772,Eindhoven,Noord-Brabant,30,Totaal,118,17674
2021-04-10,772,Eindhoven,Noord-Brabant,30,Ziekenhuisopname,1,391
2021-04-10,772,Eindhoven,Noord-Brabant,30,Overleden,2,333
2021-04-10,777,Etten-Leur,Noord-Brabant,30,Totaal,14,2963
2021-04-10,777,Etten-Leur,Noord-Brabant,30,Ziekenhuisopname,0,64
2021-04-10,777,Etten-Leur,Noord-Brabant,30,Overleden,0,38
2021-04-10,779,Geertruidenberg,Noord-Brabant,30,Totaal,9,1784
2021-04-10,779,Geertruidenberg,Noord-Brabant,30,Ziekenhuisopname,0,28
2021-04-10,779,Geertruidenberg,Noord-Brabant,30,Overleden,0,25
2021-04-10,784,Gilze en Rijen,Noord-Brabant,30,Totaal,18,2040
2021-04-10,784,Gilze en Rijen,Noord-Brabant,30,Ziekenhuisopname,0,32
2021-04-10,784,Gilze en Rijen,Noord-Brabant,30,Overleden,0,19
2021-04-10,785,Goirle,Noord-Brabant,30,Totaal,13,1902
2021-04-10,785,Goirle,Noord-Brabant,30,Ziekenhuisopname,0,39
2021-04-10,785,Goirle,Noord-Brabant,30,Overleden,0,36
2021-04-10,786,Grave,Noord-Brabant,30,Totaal,3,1167
2021-04-10,786,Grave,Noord-Brabant,30,Ziekenhuisopname,0,29
2021-04-10,786,Grave,Noord-Brabant,30,Overleden,0,24
2021-04-10,788,Haaren,Noord-Brabant,30,Totaal,,
2021-04-10,788,Haaren,Noord-Brabant,30,Ziekenhuisopname,,
2021-04-10,788,Haaren,Noord-Brabant,30,Overleden,,
2021-04-10,794,Helmond,Noord-Brabant,30,Totaal,70,8687
2021-04-10,794,Helmond,Noord-Brabant,30,Ziekenhuisopname,0,193
2021-04-10,794,Helmond,Noord-Brabant,30,Overleden,0,83
2021-04-10,796,'s-Hertogenbosch,Noord-Brabant,30,Totaal,94,12798
2021-04-10,796,'s-Hertogenbosch,Noord-Brabant,30,Ziekenhuisopname,0,225
2021-04-10,796,'s-Hertogenbosch,Noord-Brabant,30,Overleden,0,158
2021-04-10,797,Heusden,Noord-Brabant,30,Totaal,32,3922
2021-04-10,797,Heusden,Noord-Brabant,30,Ziekenhuisopname,0,74
2021-04-10,797,Heusden,Noord-Brabant,30,Overleden,0,47
2021-04-10,798,Hilvarenbeek,Noord-Brabant,30,Totaal,3,1365
2021-04-10,798,Hilvarenbeek,Noord-Brabant,30,Ziekenhuisopname,0,19
2021-04-10,798,Hilvarenbeek,Noord-Brabant,30,Overleden,0,20
2021-04-10,809,Loon op Zand,Noord-Brabant,30,Totaal,8,2153
2021-04-10,809,Loon op Zand,Noord-Brabant,30,Ziekenhuisopname,1,46
2021-04-10,809,Loon op Zand,Noord-Brabant,30,Overleden,0,35
2021-04-10,815,Mill en Sint Hubert,Noord-Brabant,30,Totaal,3,1009
2021-04-10,815,Mill en Sint Hubert,Noord-Brabant,30,Ziekenhuisopname,0,17
2021-04-10,815,Mill en Sint Hubert,Noord-Brabant,30,Overleden,0,10
2021-04-10,820,"Nuenen, Gerwen en Nederwetten",Noord-Brabant,30,Totaal,9,1712
2021-04-10,820,"Nuenen, Gerwen en Nederwetten",Noord-Brabant,30,Ziekenhuisopname,0,31
2021-04-10,820,"Nuenen, Gerwen en Nederwetten",Noord-Brabant,30,Overleden,1,21
2021-04-10,823,Oirschot,Noord-Brabant,30,Totaal,15,1886
2021-04-10,823,Oirschot,Noord-Brabant,30,Ziekenhuisopname,0,27
2021-04-10,823,Oirschot,Noord-Brabant,30,Overleden,0,26
2021-04-10,824,Oisterwijk,Noord-Brabant,30,Totaal,14,2532
2021-04-10,824,Oisterwijk,Noord-Brabant,30,Ziekenhuisopname,0,54
2021-04-10,824,Oisterwijk,Noord-Brabant,30,Overleden,0,22
2021-04-10,826,Oosterhout,Noord-Brabant,30,Totaal,34,4094
2021-04-10,826,Oosterhout,Noord-Brabant,30,Ziekenhuisopname,-1,78
2021-04-10,826,Oosterhout,Noord-Brabant,30,Overleden,0,35
2021-04-10,828,Oss,Noord-Brabant,30,Totaal,49,8243
2021-04-10,828,Oss,Noord-Brabant,30,Ziekenhuisopname,0,232
2021-04-10,828,Oss,Noord-Brabant,30,Overleden,0,126
2021-04-10,840,Rucphen,Noord-Brabant,30,Totaal,12,1871
2021-04-10,840,Rucphen,Noord-Brabant,30,Ziekenhuisopname,0,42
2021-04-10,840,Rucphen,Noord-Brabant,30,Overleden,0,16
2021-04-10,845,Sint-Michielsgestel,Noord-Brabant,30,Totaal,13,2562
2021-04-10,845,Sint-Michielsgestel,Noord-Brabant,30,Ziekenhuisopname,0,48
2021-04-10,845,Sint-Michielsgestel,Noord-Brabant,30,Overleden,0,34
2021-04-10,847,Someren,Noord-Brabant,30,Totaal,18,1775
2021-04-10,847,Someren,Noord-Brabant,30,Ziekenhuisopname,0,46
2021-04-10,847,Someren,Noord-Brabant,30,Overleden,0,13
2021-04-10,848,Son en Breugel,Noord-Brabant,30,Totaal,6,1219
2021-04-10,848,Son en Breugel,Noord-Brabant,30,Ziekenhuisopname,0,39
2021-04-10,848,Son en Breugel,Noord-Brabant,30,Overleden,0,27
2021-04-10,851,Steenbergen,Noord-Brabant,30,Totaal,16,1811
2021-04-10,851,Steenbergen,Noord-Brabant,30,Ziekenhuisopname,0,31
2021-04-10,851,Steenbergen,Noord-Brabant,30,Overleden,0,18
2021-04-10,852,Waterland,Noord-Holland,27,Totaal,9,1532
2021-04-10,852,Waterland,Noord-Holland,27,Ziekenhuisopname,0,32
2021-04-10,852,Waterland,Noord-Holland,27,Overleden,0,15
2021-04-10,855,Tilburg,Noord-Brabant,30,Totaal,121,18706
2021-04-10,855,Tilburg,Noord-Brabant,30,Ziekenhuisopname,0,370
2021-04-10,855,Tilburg,Noord-Brabant,30,Overleden,0,272
2021-04-10,856,Uden,Noord-Brabant,30,Totaal,23,3197
2021-04-10,856,Uden,Noord-Brabant,30,Ziekenhuisopname,0,132
2021-04-10,856,Uden,Noord-Brabant,30,Overleden,0,85
2021-04-10,858,Valkenswaard,Noord-Brabant,30,Totaal,8,2841
2021-04-10,858,Valkenswaard,Noord-Brabant,30,Ziekenhuisopname,0,51
2021-04-10,858,Valkenswaard,Noord-Brabant,30,Overleden,0,59
2021-04-10,861,Veldhoven,Noord-Brabant,30,Totaal,27,4186
2021-04-10,861,Veldhoven,Noord-Brabant,30,Ziekenhuisopname,0,76
2021-04-10,861,Veldhoven,Noord-Brabant,30,Overleden,0,48
2021-04-10,865,Vught,Noord-Brabant,30,Totaal,16,2637
2021-04-10,865,Vught,Noord-Brabant,30,Ziekenhuisopname,0,70
2021-04-10,865,Vught,Noord-Brabant,30,Overleden,0,53
2021-04-10,866,Waalre,Noord-Brabant,30,Totaal,13,1270
2021-04-10,866,Waalre,Noord-Brabant,30,Ziekenhuisopname,0,16
2021-04-10,866,Waalre,Noord-Brabant,30,Overleden,0,14
2021-04-10,867,Waalwijk,Noord-Brabant,30,Totaal,25,4097
2021-04-10,867,Waalwijk,Noord-Brabant,30,Ziekenhuisopname,0,66
2021-04-10,867,Waalwijk,Noord-Brabant,30,Overleden,0,76
2021-04-10,873,Woensdrecht,Noord-Brabant,30,Totaal,7,1598
2021-04-10,873,Woensdrecht,Noord-Brabant,30,Ziekenhuisopname,0,19
2021-04-10,873,Woensdrecht,Noord-Brabant,30,Overleden,1,25
2021-04-10,879,Zundert,Noord-Brabant,30,Totaal,2,1294
2021-04-10,879,Zundert,Noord-Brabant,30,Ziekenhuisopname,0,35
2021-04-10,879,Zundert,Noord-Brabant,30,Overleden,0,17
2021-04-10,880,Wormerland,Noord-Holland,27,Totaal,6,1332
2021-04-10,880,Wormerland,Noord-Holland,27,Ziekenhuisopname,0,35
2021-04-10,880,Wormerland,Noord-Holland,27,Overleden,0,33
2021-04-10,882,Landgraaf,Limburg,31,Totaal,22,2781
2021-04-10,882,Landgraaf,Limburg,31,Ziekenhuisopname,0,86
2021-04-10,882,Landgraaf,Limburg,31,Overleden,0,64
2021-04-10,888,Beek,Limburg,31,Totaal,14,1085
2021-04-10,888,Beek,Limburg,31,Ziekenhuisopname,0,26
2021-04-10,888,Beek,Limburg,31,Overleden,0,12
2021-04-10,889,Beesel,Limburg,31,Totaal,8,1079
2021-04-10,889,Beesel,Limburg,31,Ziekenhuisopname,0,27
2021-04-10,889,Beesel,Limburg,31,Overleden,0,12
2021-04-10,893,Bergen (L.),Limburg,31,Totaal,8,1266
2021-04-10,893,Bergen (L.),Limburg,31,Ziekenhuisopname,0,19
2021-04-10,893,Bergen (L.),Limburg,31,Overleden,0,11
2021-04-10,899,Brunssum,Limburg,31,Totaal,16,2074
2021-04-10,899,Brunssum,Limburg,31,Ziekenhuisopname,1,77
2021-04-10,899,Brunssum,Limburg,31,Overleden,0,47
2021-04-10,907,Gennep,Limburg,31,Totaal,9,1468
2021-04-10,907,Gennep,Limburg,31,Ziekenhuisopname,0,28
2021-04-10,907,Gennep,Limburg,31,Overleden,0,19
2021-04-10,917,Heerlen,Limburg,31,Totaal,42,5680
2021-04-10,917,Heerlen,Limburg,31,Ziekenhuisopname,0,208
2021-04-10,917,Heerlen,Limburg,31,Overleden,0,119
2021-04-10,928,Kerkrade,Limburg,31,Totaal,16,3087
2021-04-10,928,Kerkrade,Limburg,31,Ziekenhuisopname,0,118
2021-04-10,928,Kerkrade,Limburg,31,Overleden,0,95
2021-04-10,935,Maastricht,Limburg,31,Totaal,58,7569
2021-04-10,935,Maastricht,Limburg,31,Ziekenhuisopname,0,282
2021-04-10,935,Maastricht,Limburg,31,Overleden,0,193
2021-04-10,938,Meerssen,Limburg,31,Totaal,11,1096
2021-04-10,938,Meerssen,Limburg,31,Ziekenhuisopname,0,33
2021-04-10,938,Meerssen,Limburg,31,Overleden,0,22
2021-04-10,944,Mook en Middelaar,Limburg,31,Totaal,0,514
2021-04-10,944,Mook en Middelaar,Limburg,31,Ziekenhuisopname,0,11
2021-04-10,944,Mook en Middelaar,Limburg,31,Overleden,0,11
2021-04-10,946,Nederweert,Limburg,31,Totaal,12,1961
2021-04-10,946,Nederweert,Limburg,31,Ziekenhuisopname,0,44
2021-04-10,946,Nederweert,Limburg,31,Overleden,0,20
2021-04-10,957,Roermond,Limburg,31,Totaal,51,4757
2021-04-10,957,Roermond,Limburg,31,Ziekenhuisopname,3,91
2021-04-10,957,Roermond,Limburg,31,Overleden,1,50
2021-04-10,965,Simpelveld,Limburg,31,Totaal,2,708
2021-04-10,965,Simpelveld,Limburg,31,Ziekenhuisopname,0,26
2021-04-10,965,Simpelveld,Limburg,31,Overleden,0,7
2021-04-10,971,Stein,Limburg,31,Totaal,17,1814
2021-04-10,971,Stein,Limburg,31,Ziekenhuisopname,0,66
2021-04-10,971,Stein,Limburg,31,Overleden,0,21
2021-04-10,981,Vaals,Limburg,31,Totaal,8,552
2021-04-10,981,Vaals,Limburg,31,Ziekenhuisopname,0,20
2021-04-10,981,Vaals,Limburg,31,Overleden,0,14
2021-04-10,983,Venlo,Limburg,31,Totaal,94,10246
2021-04-10,983,Venlo,Limburg,31,Ziekenhuisopname,0,193
2021-04-10,983,Venlo,Limburg,31,Overleden,0,146
2021-04-10,984,Venray,Limburg,31,Totaal,17,4692
2021-04-10,984,Venray,Limburg,31,Ziekenhuisopname,0,60
2021-04-10,984,Venray,Limburg,31,Overleden,0,43
2021-04-10,986,Voerendaal,Limburg,31,Totaal,8,789
2021-04-10,986,Voerendaal,Limburg,31,Ziekenhuisopname,0,24
2021-04-10,986,Voerendaal,Limburg,31,Overleden,0,11
2021-04-10,988,Weert,Limburg,31,Totaal,19,5105
2021-04-10,988,Weert,Limburg,31,Ziekenhuisopname,0,106
2021-04-10,988,Weert,Limburg,31,Overleden,0,68
2021-04-10,994,Valkenburg aan de Geul,Limburg,31,Totaal,9,974
2021-04-10,994,Valkenburg aan de Geul,Limburg,31,Ziekenhuisopname,0,31
2021-04-10,994,Valkenburg aan de Geul,Limburg,31,Overleden,0,21
2021-04-10,995,Lelystad,Flevoland,24,Totaal,35,4817
2021-04-10,995,Lelystad,Flevoland,24,Ziekenhuisopname,0,126
2021-04-10,995,Lelystad,Flevoland,24,Overleden,0,58
2021-04-10,1507,Horst aan de Maas,Limburg,31,Totaal,45,4624
2021-04-10,1507,Horst aan de Maas,Limburg,31,Ziekenhuisopname,0,60
2021-04-10,1507,Horst aan de Maas,Limburg,31,Overleden,0,61
2021-04-10,1509,Oude IJsselstreek,Gelderland,25,Totaal,37,3172
2021-04-10,1509,Oude IJsselstreek,Gelderland,25,Ziekenhuisopname,0,39
2021-04-10,1509,Oude IJsselstreek,Gelderland,25,Overleden,0,43
2021-04-10,1525,Teylingen,Zuid-Holland,28,Totaal,17,3159
2021-04-10,1525,Teylingen,Zuid-Holland,28,Ziekenhuisopname,0,34
2021-04-10,1525,Teylingen,Zuid-Holland,28,Overleden,0,23
2021-04-10,1581,Utrechtse Heuvelrug,Utrecht,26,Totaal,8,3456
2021-04-10,1581,Utrechtse Heuvelrug,Utrecht,26,Ziekenhuisopname,0,80
2021-04-10,1581,Utrechtse Heuvelrug,Utrecht,26,Overleden,0,70
2021-04-10,1586,Oost Gelre,Gelderland,25,Totaal,19,2290
2021-04-10,1586,Oost Gelre,Gelderland,25,Ziekenhuisopname,0,30
2021-04-10,1586,Oost Gelre,Gelderland,25,Overleden,0,38
2021-04-10,1598,Koggenland,Noord-Holland,27,Totaal,6,2323
2021-04-10,1598,Koggenland,Noord-Holland,27,Ziekenhuisopname,0,24
2021-04-10,1598,Koggenland,Noord-Holland,27,Overleden,0,21
2021-04-10,1621,Lansingerland,Zuid-Holland,28,Totaal,20,5381
2021-04-10,1621,Lansingerland,Zuid-Holland,28,Ziekenhuisopname,0,85
2021-04-10,1621,Lansingerland,Zuid-Holland,28,Overleden,0,61
2021-04-10,1640,Leudal,Limburg,31,Totaal,20,3255
2021-04-10,1640,Leudal,Limburg,31,Ziekenhuisopname,0,69
2021-04-10,1640,Leudal,Limburg,31,Overleden,0,47
2021-04-10,1641,Maasgouw,Limburg,31,Totaal,10,2025
2021-04-10,1641,Maasgouw,Limburg,31,Ziekenhuisopname,0,41
2021-04-10,1641,Maasgouw,Limburg,31,Overleden,0,34
2021-04-10,1652,Gemert-Bakel,Noord-Brabant,30,Totaal,25,2179
2021-04-10,1652,Gemert-Bakel,Noord-Brabant,30,Ziekenhuisopname,0,96
2021-04-10,1652,Gemert-Bakel,Noord-Brabant,30,Overleden,0,38
2021-04-10,1655,Halderberge,Noord-Brabant,30,Totaal,6,2315
2021-04-10,1655,Halderberge,Noord-Brabant,30,Ziekenhuisopname,0,51
2021-04-10,1655,Halderberge,Noord-Brabant,30,Overleden,0,26
2021-04-10,1658,Heeze-Leende,Noord-Brabant,30,Totaal,10,1373
2021-04-10,1658,Heeze-Leende,Noord-Brabant,30,Ziekenhuisopname,0,23
2021-04-10,1658,Heeze-Leende,Noord-Brabant,30,Overleden,0,13
2021-04-10,1659,Laarbeek,Noord-Brabant,30,Totaal,7,1996
2021-04-10,1659,Laarbeek,Noord-Brabant,30,Ziekenhuisopname,0,57
2021-04-10,1659,Laarbeek,Noord-Brabant,30,Overleden,0,36
2021-04-10,1667,Reusel-De Mierden,Noord-Brabant,30,Totaal,10,1347
2021-04-10,1667,Reusel-De Mierden,Noord-Brabant,30,Ziekenhuisopname,0,23
2021-04-10,1667,Reusel-De Mierden,Noord-Brabant,30,Overleden,0,8
2021-04-10,1669,Roerdalen,Limburg,31,Totaal,12,1602
2021-04-10,1669,Roerdalen,Limburg,31,Ziekenhuisopname,0,43
2021-04-10,1669,Roerdalen,Limburg,31,Overleden,1,32
2021-04-10,1674,Roosendaal,Noord-Brabant,30,Totaal,39,6323
2021-04-10,1674,Roosendaal,Noord-Brabant,30,Ziekenhuisopname,0,97
2021-04-10,1674,Roosendaal,Noord-Brabant,30,Overleden,0,70
2021-04-10,1676,Schouwen-Duiveland,Zeeland,29,Totaal,14,1536
2021-04-10,1676,Schouwen-Duiveland,Zeeland,29,Ziekenhuisopname,0,40
2021-04-10,1676,Schouwen-Duiveland,Zeeland,29,Overleden,0,22
2021-04-10,1680,Aa en Hunze,Drenthe,22,Totaal,15,1190
2021-04-10,1680,Aa en Hunze,Drenthe,22,Ziekenhuisopname,0,5
2021-04-10,1680,Aa en Hunze,Drenthe,22,Overleden,0,20
2021-04-10,1681,Borger-Odoorn,Drenthe,22,Totaal,7,1294
2021-04-10,1681,Borger-Odoorn,Drenthe,22,Ziekenhuisopname,0,24
2021-04-10,1681,Borger-Odoorn,Drenthe,22,Overleden,0,14
2021-04-10,1684,Cuijk,Noord-Brabant,30,Totaal,12,2102
2021-04-10,1684,Cuijk,Noord-Brabant,30,Ziekenhuisopname,0,35
2021-04-10,1684,Cuijk,Noord-Brabant,30,Overleden,0,25
2021-04-10,1685,Landerd,Noord-Brabant,30,Totaal,18,1554
2021-04-10,1685,Landerd,Noord-Brabant,30,Ziekenhuisopname,0,48
2021-04-10,1685,Landerd,Noord-Brabant,30,Overleden,0,26
2021-04-10,1690,De Wolden,Drenthe,22,Totaal,7,1538
2021-04-10,1690,De Wolden,Drenthe,22,Ziekenhuisopname,0,29
2021-04-10,1690,De Wolden,Drenthe,22,Overleden,0,22
2021-04-10,1695,Noord-Beveland,Zeeland,29,Totaal,1,424
2021-04-10,1695,Noord-Beveland,Zeeland,29,Ziekenhuisopname,0,14
2021-04-10,1695,Noord-Beveland,Zeeland,29,Overleden,0,9
2021-04-10,1696,Wijdemeren,Noord-Holland,27,Totaal,9,1622
2021-04-10,1696,Wijdemeren,Noord-Holland,27,Ziekenhuisopname,0,22
2021-04-10,1696,Wijdemeren,Noord-Holland,27,Overleden,0,16
2021-04-10,1699,Noordenveld,Drenthe,22,Totaal,4,1407
2021-04-10,1699,Noordenveld,Drenthe,22,Ziekenhuisopname,0,23
2021-04-10,1699,Noordenveld,Drenthe,22,Overleden,0,25
2021-04-10,1700,Twenterand,Overijssel,23,Totaal,17,3719
2021-04-10,1700,Twenterand,Overijssel,23,Ziekenhuisopname,0,38
2021-04-10,1700,Twenterand,Overijssel,23,Overleden,0,29
2021-04-10,1701,Westerveld,Drenthe,22,Totaal,2,809
2021-04-10,1701,Westerveld,Drenthe,22,Ziekenhuisopname,0,13
2021-04-10,1701,Westerveld,Drenthe,22,Overleden,0,21
2021-04-10,1702,Sint Anthonis,Noord-Brabant,30,Totaal,2,949
2021-04-10,1702,Sint Anthonis,Noord-Brabant,30,Ziekenhuisopname,0,26
2021-04-10,1702,Sint Anthonis,Noord-Brabant,30,Overleden,0,11
2021-04-10,1705,Lingewaard,Gelderland,25,Totaal,16,3056
2021-04-10,1705,Lingewaard,Gelderland,25,Ziekenhuisopname,0,59
2021-04-10,1705,Lingewaard,Gelderland,25,Overleden,1,29
2021-04-10,1706,Cranendonck,Noord-Brabant,30,Totaal,12,2145
2021-04-10,1706,Cranendonck,Noord-Brabant,30,Ziekenhuisopname,0,75
2021-04-10,1706,Cranendonck,Noord-Brabant,30,Overleden,0,50
2021-04-10,1708,Steenwijkerland,Overijssel,23,Totaal,25,2459
2021-04-10,1708,Steenwijkerland,Overijssel,23,Ziekenhuisopname,0,25
2021-04-10,1708,Steenwijkerland,Overijssel,23,Overleden,0,23
2021-04-10,1709,Moerdijk,Noord-Brabant,30,Totaal,20,2637
2021-04-10,1709,Moerdijk,Noord-Brabant,30,Ziekenhuisopname,1,42
2021-04-10,1709,Moerdijk,Noord-Brabant,30,Overleden,0,38
2021-04-10,1711,Echt-Susteren,Limburg,31,Totaal,24,2354
2021-04-10,1711,Echt-Susteren,Limburg,31,Ziekenhuisopname,0,59
2021-04-10,1711,Echt-Susteren,Limburg,31,Overleden,0,31
2021-04-10,1714,Sluis,Zeeland,29,Totaal,11,1208
2021-04-10,1714,Sluis,Zeeland,29,Ziekenhuisopname,0,41
2021-04-10,1714,Sluis,Zeeland,29,Overleden,0,18
2021-04-10,1719,Drimmelen,Noord-Brabant,30,Totaal,14,1932
2021-04-10,1719,Drimmelen,Noord-Brabant,30,Ziekenhuisopname,1,41
2021-04-10,1719,Drimmelen,Noord-Brabant,30,Overleden,0,25
2021-04-10,1721,Bernheze,Noord-Brabant,30,Totaal,29,2919
2021-04-10,1721,Bernheze,Noord-Brabant,30,Ziekenhuisopname,0,108
2021-04-10,1721,Bernheze,Noord-Brabant,30,Overleden,0,78
2021-04-10,1723,Alphen-Chaam,Noord-Brabant,30,Totaal,5,644
2021-04-10,1723,Alphen-Chaam,Noord-Brabant,30,Ziekenhuisopname,0,24
2021-04-10,1723,Alphen-Chaam,Noord-Brabant,30,Overleden,0,5
2021-04-10,1724,Bergeijk,Noord-Brabant,30,Totaal,4,1919
2021-04-10,1724,Bergeijk,Noord-Brabant,30,Ziekenhuisopname,0,28
2021-04-10,1724,Bergeijk,Noord-Brabant,30,Overleden,0,10
2021-04-10,1728,Bladel,Noord-Brabant,30,Totaal,8,2351
2021-04-10,1728,Bladel,Noord-Brabant,30,Ziekenhuisopname,0,36
2021-04-10,1728,Bladel,Noord-Brabant,30,Overleden,0,26
2021-04-10,1729,Gulpen-Wittem,Limburg,31,Totaal,7,946
2021-04-10,1729,Gulpen-Wittem,Limburg,31,Ziekenhuisopname,0,30
2021-04-10,1729,Gulpen-Wittem,Limburg,31,Overleden,0,19
2021-04-10,1730,Tynaarlo,Drenthe,22,Totaal,6,1285
2021-04-10,1730,Tynaarlo,Drenthe,22,Ziekenhuisopname,1,19
2021-04-10,1730,Tynaarlo,Drenthe,22,Overleden,0,22
2021-04-10,1731,Midden-Drenthe,Drenthe,22,Totaal,10,1696
2021-04-10,1731,Midden-Drenthe,Drenthe,22,Ziekenhuisopname,0,28
2021-04-10,1731,Midden-Drenthe,Drenthe,22,Overleden,0,28
2021-04-10,1734,Overbetuwe,Gelderland,25,Totaal,27,2693
2021-04-10,1734,Overbetuwe,Gelderland,25,Ziekenhuisopname,0,71
2021-04-10,1734,Overbetuwe,Gelderland,25,Overleden,0,29
2021-04-10,1735,Hof van Twente,Overijssel,23,Totaal,12,2982
2021-04-10,1735,Hof van Twente,Overijssel,23,Ziekenhuisopname,0,32
2021-04-10,1735,Hof van Twente,Overijssel,23,Overleden,0,28
2021-04-10,1740,Neder-Betuwe,Gelderland,25,Totaal,5,2295
2021-04-10,1740,Neder-Betuwe,Gelderland,25,Ziekenhuisopname,0,61
2021-04-10,1740,Neder-Betuwe,Gelderland,25,Overleden,0,32
2021-04-10,1742,Rijssen-Holten,Overijssel,23,Totaal,13,3856
2021-04-10,1742,Rijssen-Holten,Overijssel,23,Ziekenhuisopname,0,49
2021-04-10,1742,Rijssen-Holten,Overijssel,23,Overleden,0,48
2021-04-10,1771,Geldrop-Mierlo,Noord-Brabant,30,Totaal,22,3541
2021-04-10,1771,Geldrop-Mierlo,Noord-Brabant,30,Ziekenhuisopname,0,74
2021-04-10,1771,Geldrop-Mierlo,Noord-Brabant,30,Overleden,0,26
2021-04-10,1773,Olst-Wijhe,Overijssel,23,Totaal,6,1047
2021-04-10,1773,Olst-Wijhe,Overijssel,23,Ziekenhuisopname,0,17
2021-04-10,1773,Olst-Wijhe,Overijssel,23,Overleden,0,9
2021-04-10,1774,Dinkelland,Overijssel,23,Totaal,15,2588
2021-04-10,1774,Dinkelland,Overijssel,23,Ziekenhuisopname,0,34
2021-04-10,1774,Dinkelland,Overijssel,23,Overleden,0,34
2021-04-10,1783,Westland,Zuid-Holland,28,Totaal,66,11214
2021-04-10,1783,Westland,Zuid-Holland,28,Ziekenhuisopname,0,170
2021-04-10,1783,Westland,Zuid-Holland,28,Overleden,0,86
2021-04-10,1842,Midden-Delfland,Zuid-Holland,28,Totaal,8,1629
2021-04-10,1842,Midden-Delfland,Zuid-Holland,28,Ziekenhuisopname,0,17
2021-04-10,1842,Midden-Delfland,Zuid-Holland,28,Overleden,1,14
2021-04-10,1859,Berkelland,Gelderland,25,Totaal,16,3073
2021-04-10,1859,Berkelland,Gelderland,25,Ziekenhuisopname,0,37
2021-04-10,1859,Berkelland,Gelderland,25,Overleden,0,42
2021-04-10,1876,Bronckhorst,Gelderland,25,Totaal,9,2535
2021-04-10,1876,Bronckhorst,Gelderland,25,Ziekenhuisopname,0,32
2021-04-10,1876,Bronckhorst,Gelderland,25,Overleden,0,18
2021-04-10,1883,Sittard-Geleen,Limburg,31,Totaal,78,6051
2021-04-10,1883,Sittard-Geleen,Limburg,31,Ziekenhuisopname,1,184
2021-04-10,1883,Sittard-Geleen,Limburg,31,Overleden,0,130
2021-04-10,1884,Kaag en Braassem,Zuid-Holland,28,Totaal,12,2122
2021-04-10,1884,Kaag en Braassem,Zuid-Holland,28,Ziekenhuisopname,0,23
2021-04-10,1884,Kaag en Braassem,Zuid-Holland,28,Overleden,0,10
2021-04-10,1891,Dantumadiel,Friesland,21,Totaal,6,1222
2021-04-10,1891,Dantumadiel,Friesland,21,Ziekenhuisopname,0,13
2021-04-10,1891,Dantumadiel,Friesland,21,Overleden,0,17
2021-04-10,1892,Zuidplas,Zuid-Holland,28,Totaal,27,3810
2021-04-10,1892,Zuidplas,Zuid-Holland,28,Ziekenhuisopname,0,102
2021-04-10,1892,Zuidplas,Zuid-Holland,28,Overleden,0,45
2021-04-10,1894,Peel en Maas,Limburg,31,Totaal,16,3790
2021-04-10,1894,Peel en Maas,Limburg,31,Ziekenhuisopname,0,161
2021-04-10,1894,Peel en Maas,Limburg,31,Overleden,0,81
2021-04-10,1895,Oldambt,Groningen,20,Totaal,11,2386
2021-04-10,1895,Oldambt,Groningen,20,Ziekenhuisopname,0,40
2021-04-10,1895,Oldambt,Groningen,20,Overleden,0,36
2021-04-10,1896,Zwartewaterland,Overijssel,23,Totaal,7,2057
2021-04-10,1896,Zwartewaterland,Overijssel,23,Ziekenhuisopname,0,47
2021-04-10,1896,Zwartewaterland,Overijssel,23,Overleden,0,29
2021-04-10,1900,Sdwest-Frysln,Friesland,21,Totaal,28,6586
2021-04-10,1900,Sdwest-Frysln,Friesland,21,Ziekenhuisopname,1,61
2021-04-10,1900,Sdwest-Frysln,Friesland,21,Overleden,1,86
2021-04-10,1901,Bodegraven-Reeuwijk,Zuid-Holland,28,Totaal,9,3336
2021-04-10,1901,Bodegraven-Reeuwijk,Zuid-Holland,28,Ziekenhuisopname,0,68
2021-04-10,1901,Bodegraven-Reeuwijk,Zuid-Holland,28,Overleden,0,36
2021-04-10,1903,Eijsden-Margraten,Limburg,31,Totaal,27,1701
2021-04-10,1903,Eijsden-Margraten,Limburg,31,Ziekenhuisopname,0,71
2021-04-10,1903,Eijsden-Margraten,Limburg,31,Overleden,0,44
2021-04-10,1904,Stichtse Vecht,Utrecht,26,Totaal,20,4728
2021-04-10,1904,Stichtse Vecht,Utrecht,26,Ziekenhuisopname,1,126
2021-04-10,1904,Stichtse Vecht,Utrecht,26,Overleden,0,65
2021-04-10,1911,Hollands Kroon,Noord-Holland,27,Totaal,8,3760
2021-04-10,1911,Hollands Kroon,Noord-Holland,27,Ziekenhuisopname,0,47
2021-04-10,1911,Hollands Kroon,Noord-Holland,27,Overleden,0,32
2021-04-10,1916,Leidschendam-Voorburg,Zuid-Holland,28,Totaal,27,5253
2021-04-10,1916,Leidschendam-Voorburg,Zuid-Holland,28,Ziekenhuisopname,1,130
2021-04-10,1916,Leidschendam-Voorburg,Zuid-Holland,28,Overleden,0,82
2021-04-10,1924,Goeree-Overflakkee,Zuid-Holland,28,Totaal,22,3581
2021-04-10,1924,Goeree-Overflakkee,Zuid-Holland,28,Ziekenhuisopname,0,120
2021-04-10,1924,Goeree-Overflakkee,Zuid-Holland,28,Overleden,0,85
2021-04-10,1926,Pijnacker-Nootdorp,Zuid-Holland,28,Totaal,16,4378
2021-04-10,1926,Pijnacker-Nootdorp,Zuid-Holland,28,Ziekenhuisopname,0,61
2021-04-10,1926,Pijnacker-Nootdorp,Zuid-Holland,28,Overleden,0,34
2021-04-10,1930,Nissewaard,Zuid-Holland,28,Totaal,47,7061
2021-04-10,1930,Nissewaard,Zuid-Holland,28,Ziekenhuisopname,0,155
2021-04-10,1930,Nissewaard,Zuid-Holland,28,Overleden,0,93
2021-04-10,1931,Krimpenerwaard,Zuid-Holland,28,Totaal,25,5155
2021-04-10,1931,Krimpenerwaard,Zuid-Holland,28,Ziekenhuisopname,0,130
2021-04-10,1931,Krimpenerwaard,Zuid-Holland,28,Overleden,0,62
2021-04-10,1940,De Fryske Marren,Friesland,21,Totaal,25,2804
2021-04-10,1940,De Fryske Marren,Friesland,21,Ziekenhuisopname,0,43
2021-04-10,1940,De Fryske Marren,Friesland,21,Overleden,0,31
2021-04-10,1942,Gooise Meren,Noord-Holland,27,Totaal,8,4171
2021-04-10,1942,Gooise Meren,Noord-Holland,27,Ziekenhuisopname,0,51
2021-04-10,1942,Gooise Meren,Noord-Holland,27,Overleden,0,31
2021-04-10,1945,Berg en Dal,Gelderland,25,Totaal,12,2511
2021-04-10,1945,Berg en Dal,Gelderland,25,Ziekenhuisopname,0,53
2021-04-10,1945,Berg en Dal,Gelderland,25,Overleden,0,47
2021-04-10,1948,Meierijstad,Noord-Brabant,30,Totaal,38,6880
2021-04-10,1948,Meierijstad,Noord-Brabant,30,Ziekenhuisopname,2,252
2021-04-10,1948,Meierijstad,Noord-Brabant,30,Overleden,0,163
2021-04-10,1949,Waadhoeke,Friesland,21,Totaal,16,2443
2021-04-10,1949,Waadhoeke,Friesland,21,Ziekenhuisopname,0,27
2021-04-10,1949,Waadhoeke,Friesland,21,Overleden,0,35
2021-04-10,1950,Westerwolde,Groningen,20,Totaal,12,1964
2021-04-10,1950,Westerwolde,Groningen,20,Ziekenhuisopname,0,35
2021-04-10,1950,Westerwolde,Groningen,20,Overleden,0,20
2021-04-10,1952,Midden-Groningen,Groningen,20,Totaal,14,3144
2021-04-10,1952,Midden-Groningen,Groningen,20,Ziekenhuisopname,0,48
2021-04-10,1952,Midden-Groningen,Groningen,20,Overleden,0,37
2021-04-10,1954,Beekdaelen,Limburg,31,Totaal,31,2567
2021-04-10,1954,Beekdaelen,Limburg,31,Ziekenhuisopname,0,81
2021-04-10,1954,Beekdaelen,Limburg,31,Overleden,0,44
2021-04-10,1955,Montferland,Gelderland,25,Totaal,8,2394
2021-04-10,1955,Montferland,Gelderland,25,Ziekenhuisopname,0,41
2021-04-10,1955,Montferland,Gelderland,25,Overleden,0,23
2021-04-10,1959,Altena,Noord-Brabant,30,Totaal,19,5695
2021-04-10,1959,Altena,Noord-Brabant,30,Ziekenhuisopname,0,81
2021-04-10,1959,Altena,Noord-Brabant,30,Overleden,0,67
2021-04-10,1960,West Betuwe,Gelderland,25,Totaal,39,4693
2021-04-10,1960,West Betuwe,Gelderland,25,Ziekenhuisopname,0,83
2021-04-10,1960,West Betuwe,Gelderland,25,Overleden,0,59
2021-04-10,1961,Vijfheerenlanden,Utrecht,26,Totaal,22,5133
2021-04-10,1961,Vijfheerenlanden,Utrecht,26,Ziekenhuisopname,0,107
2021-04-10,1961,Vijfheerenlanden,Utrecht,26,Overleden,0,66
2021-04-10,1963,Hoeksche Waard,Zuid-Holland,28,Totaal,38,6864
2021-04-10,1963,Hoeksche Waard,Zuid-Holland,28,Ziekenhuisopname,0,143
2021-04-10,1963,Hoeksche Waard,Zuid-Holland,28,Overleden,0,61
2021-04-10,1966,Het Hogeland,Groningen,20,Totaal,12,2798
2021-04-10,1966,Het Hogeland,Groningen,20,Ziekenhuisopname,0,27
2021-04-10,1966,Het Hogeland,Groningen,20,Overleden,0,20
2021-04-10,1969,Westerkwartier,Groningen,20,Totaal,19,2586
2021-04-10,1969,Westerkwartier,Groningen,20,Ziekenhuisopname,0,34
2021-04-10,1969,Westerkwartier,Groningen,20,Overleden,0,22
2021-04-10,1970,Noardeast-Frysln,Friesland,21,Totaal,20,2644
2021-04-10,1970,Noardeast-Frysln,Friesland,21,Ziekenhuisopname,0,40
2021-04-10,1970,Noardeast-Frysln,Friesland,21,Overleden,0,36
2021-04-10,1978,Molenlanden,Zuid-Holland,28,Totaal,32,4397
2021-04-10,1978,Molenlanden,Zuid-Holland,28,Ziekenhuisopname,0,47
2021-04-10,1978,Molenlanden,Zuid-Holland,28,Overleden,0,32
