Datum,Gemeentecode,Gemeentenaam,Provincienaam,Provinciecode,Type,Aantal,AantalCumulatief
2020-03-24,-1,,,-1,Totaal,7,137
2020-03-24,-1,,,-1,Ziekenhuisopname,0,20
2020-03-24,-1,,,-1,Overleden,2,5
2020-03-24,3,Appingedam,Groningen,20,Totaal,0,0
2020-03-24,3,Appingedam,Groningen,20,Ziekenhuisopname,0,0
2020-03-24,3,Appingedam,Groningen,20,Overleden,0,0
2020-03-24,10,Delfzijl,Groningen,20,Totaal,0,1
2020-03-24,10,Delfzijl,Groningen,20,Ziekenhuisopname,0,0
2020-03-24,10,Delfzijl,Groningen,20,Overleden,0,0
2020-03-24,14,Groningen,Groningen,20,Totaal,0,53
2020-03-24,14,Groningen,Groningen,20,Ziekenhuisopname,0,1
2020-03-24,14,Groningen,Groningen,20,Overleden,0,0
2020-03-24,24,Loppersum,Groningen,20,Totaal,0,0
2020-03-24,24,Loppersum,Groningen,20,Ziekenhuisopname,0,0
2020-03-24,24,Loppersum,Groningen,20,Overleden,0,0
2020-03-24,34,Almere,Flevoland,24,Totaal,3,22
2020-03-24,34,Almere,Flevoland,24,Ziekenhuisopname,0,11
2020-03-24,34,Almere,Flevoland,24,Overleden,0,0
2020-03-24,37,Stadskanaal,Groningen,20,Totaal,0,0
2020-03-24,37,Stadskanaal,Groningen,20,Ziekenhuisopname,0,0
2020-03-24,37,Stadskanaal,Groningen,20,Overleden,0,0
2020-03-24,47,Veendam,Groningen,20,Totaal,0,0
2020-03-24,47,Veendam,Groningen,20,Ziekenhuisopname,0,0
2020-03-24,47,Veendam,Groningen,20,Overleden,0,0
2020-03-24,50,Zeewolde,Flevoland,24,Totaal,0,4
2020-03-24,50,Zeewolde,Flevoland,24,Ziekenhuisopname,0,1
2020-03-24,50,Zeewolde,Flevoland,24,Overleden,0,0
2020-03-24,59,Achtkarspelen,Friesland,21,Totaal,0,0
2020-03-24,59,Achtkarspelen,Friesland,21,Ziekenhuisopname,0,0
2020-03-24,59,Achtkarspelen,Friesland,21,Overleden,0,0
2020-03-24,60,Ameland,Friesland,21,Totaal,0,0
2020-03-24,60,Ameland,Friesland,21,Ziekenhuisopname,0,0
2020-03-24,60,Ameland,Friesland,21,Overleden,0,0
2020-03-24,72,Harlingen,Friesland,21,Totaal,0,3
2020-03-24,72,Harlingen,Friesland,21,Ziekenhuisopname,0,1
2020-03-24,72,Harlingen,Friesland,21,Overleden,0,0
2020-03-24,74,Heerenveen,Friesland,21,Totaal,0,3
2020-03-24,74,Heerenveen,Friesland,21,Ziekenhuisopname,0,2
2020-03-24,74,Heerenveen,Friesland,21,Overleden,0,0
2020-03-24,80,Leeuwarden,Friesland,21,Totaal,0,10
2020-03-24,80,Leeuwarden,Friesland,21,Ziekenhuisopname,0,4
2020-03-24,80,Leeuwarden,Friesland,21,Overleden,0,1
2020-03-24,85,Ooststellingwerf,Friesland,21,Totaal,0,0
2020-03-24,85,Ooststellingwerf,Friesland,21,Ziekenhuisopname,0,0
2020-03-24,85,Ooststellingwerf,Friesland,21,Overleden,0,0
2020-03-24,86,Opsterland,Friesland,21,Totaal,0,3
2020-03-24,86,Opsterland,Friesland,21,Ziekenhuisopname,0,1
2020-03-24,86,Opsterland,Friesland,21,Overleden,0,0
2020-03-24,88,Schiermonnikoog,Friesland,21,Totaal,0,0
2020-03-24,88,Schiermonnikoog,Friesland,21,Ziekenhuisopname,0,0
2020-03-24,88,Schiermonnikoog,Friesland,21,Overleden,0,0
2020-03-24,90,Smallingerland,Friesland,21,Totaal,0,3
2020-03-24,90,Smallingerland,Friesland,21,Ziekenhuisopname,0,1
2020-03-24,90,Smallingerland,Friesland,21,Overleden,0,0
2020-03-24,93,Terschelling,Friesland,21,Totaal,0,0
2020-03-24,93,Terschelling,Friesland,21,Ziekenhuisopname,0,0
2020-03-24,93,Terschelling,Friesland,21,Overleden,0,0
2020-03-24,96,Vlieland,Friesland,21,Totaal,0,0
2020-03-24,96,Vlieland,Friesland,21,Ziekenhuisopname,0,0
2020-03-24,96,Vlieland,Friesland,21,Overleden,0,0
2020-03-24,98,Weststellingwerf,Friesland,21,Totaal,0,1
2020-03-24,98,Weststellingwerf,Friesland,21,Ziekenhuisopname,0,1
2020-03-24,98,Weststellingwerf,Friesland,21,Overleden,0,0
2020-03-24,106,Assen,Drenthe,22,Totaal,1,5
2020-03-24,106,Assen,Drenthe,22,Ziekenhuisopname,0,1
2020-03-24,106,Assen,Drenthe,22,Overleden,0,0
2020-03-24,109,Coevorden,Drenthe,22,Totaal,1,15
2020-03-24,109,Coevorden,Drenthe,22,Ziekenhuisopname,1,2
2020-03-24,109,Coevorden,Drenthe,22,Overleden,0,0
2020-03-24,114,Emmen,Drenthe,22,Totaal,1,7
2020-03-24,114,Emmen,Drenthe,22,Ziekenhuisopname,1,3
2020-03-24,114,Emmen,Drenthe,22,Overleden,0,0
2020-03-24,118,Hoogeveen,Drenthe,22,Totaal,1,6
2020-03-24,118,Hoogeveen,Drenthe,22,Ziekenhuisopname,1,1
2020-03-24,118,Hoogeveen,Drenthe,22,Overleden,0,0
2020-03-24,119,Meppel,Drenthe,22,Totaal,0,3
2020-03-24,119,Meppel,Drenthe,22,Ziekenhuisopname,0,0
2020-03-24,119,Meppel,Drenthe,22,Overleden,0,0
2020-03-24,141,Almelo,Overijssel,23,Totaal,1,8
2020-03-24,141,Almelo,Overijssel,23,Ziekenhuisopname,0,2
2020-03-24,141,Almelo,Overijssel,23,Overleden,0,0
2020-03-24,147,Borne,Overijssel,23,Totaal,1,8
2020-03-24,147,Borne,Overijssel,23,Ziekenhuisopname,1,2
2020-03-24,147,Borne,Overijssel,23,Overleden,0,0
2020-03-24,148,Dalfsen,Overijssel,23,Totaal,2,11
2020-03-24,148,Dalfsen,Overijssel,23,Ziekenhuisopname,1,4
2020-03-24,148,Dalfsen,Overijssel,23,Overleden,0,0
2020-03-24,150,Deventer,Overijssel,23,Totaal,3,20
2020-03-24,150,Deventer,Overijssel,23,Ziekenhuisopname,1,4
2020-03-24,150,Deventer,Overijssel,23,Overleden,0,3
2020-03-24,153,Enschede,Overijssel,23,Totaal,0,20
2020-03-24,153,Enschede,Overijssel,23,Ziekenhuisopname,1,7
2020-03-24,153,Enschede,Overijssel,23,Overleden,1,1
2020-03-24,158,Haaksbergen,Overijssel,23,Totaal,0,3
2020-03-24,158,Haaksbergen,Overijssel,23,Ziekenhuisopname,0,0
2020-03-24,158,Haaksbergen,Overijssel,23,Overleden,0,0
2020-03-24,160,Hardenberg,Overijssel,23,Totaal,2,6
2020-03-24,160,Hardenberg,Overijssel,23,Ziekenhuisopname,1,2
2020-03-24,160,Hardenberg,Overijssel,23,Overleden,0,0
2020-03-24,163,Hellendoorn,Overijssel,23,Totaal,1,6
2020-03-24,163,Hellendoorn,Overijssel,23,Ziekenhuisopname,1,2
2020-03-24,163,Hellendoorn,Overijssel,23,Overleden,0,0
2020-03-24,164,Hengelo,Overijssel,23,Totaal,1,16
2020-03-24,164,Hengelo,Overijssel,23,Ziekenhuisopname,1,3
2020-03-24,164,Hengelo,Overijssel,23,Overleden,0,0
2020-03-24,166,Kampen,Overijssel,23,Totaal,3,20
2020-03-24,166,Kampen,Overijssel,23,Ziekenhuisopname,1,2
2020-03-24,166,Kampen,Overijssel,23,Overleden,0,0
2020-03-24,168,Losser,Overijssel,23,Totaal,0,1
2020-03-24,168,Losser,Overijssel,23,Ziekenhuisopname,0,0
2020-03-24,168,Losser,Overijssel,23,Overleden,0,0
2020-03-24,171,Noordoostpolder,Flevoland,24,Totaal,1,4
2020-03-24,171,Noordoostpolder,Flevoland,24,Ziekenhuisopname,0,1
2020-03-24,171,Noordoostpolder,Flevoland,24,Overleden,0,0
2020-03-24,173,Oldenzaal,Overijssel,23,Totaal,2,8
2020-03-24,173,Oldenzaal,Overijssel,23,Ziekenhuisopname,1,2
2020-03-24,173,Oldenzaal,Overijssel,23,Overleden,0,0
2020-03-24,175,Ommen,Overijssel,23,Totaal,0,6
2020-03-24,175,Ommen,Overijssel,23,Ziekenhuisopname,0,2
2020-03-24,175,Ommen,Overijssel,23,Overleden,0,0
2020-03-24,177,Raalte,Overijssel,23,Totaal,1,6
2020-03-24,177,Raalte,Overijssel,23,Ziekenhuisopname,2,4
2020-03-24,177,Raalte,Overijssel,23,Overleden,0,0
2020-03-24,180,Staphorst,Overijssel,23,Totaal,0,4
2020-03-24,180,Staphorst,Overijssel,23,Ziekenhuisopname,1,1
2020-03-24,180,Staphorst,Overijssel,23,Overleden,0,0
2020-03-24,183,Tubbergen,Overijssel,23,Totaal,0,4
2020-03-24,183,Tubbergen,Overijssel,23,Ziekenhuisopname,0,1
2020-03-24,183,Tubbergen,Overijssel,23,Overleden,0,0
2020-03-24,184,Urk,Flevoland,24,Totaal,0,7
2020-03-24,184,Urk,Flevoland,24,Ziekenhuisopname,0,6
2020-03-24,184,Urk,Flevoland,24,Overleden,0,0
2020-03-24,189,Wierden,Overijssel,23,Totaal,0,1
2020-03-24,189,Wierden,Overijssel,23,Ziekenhuisopname,0,0
2020-03-24,189,Wierden,Overijssel,23,Overleden,0,0
2020-03-24,193,Zwolle,Overijssel,23,Totaal,5,40
2020-03-24,193,Zwolle,Overijssel,23,Ziekenhuisopname,6,9
2020-03-24,193,Zwolle,Overijssel,23,Overleden,1,2
2020-03-24,197,Aalten,Gelderland,25,Totaal,0,1
2020-03-24,197,Aalten,Gelderland,25,Ziekenhuisopname,0,0
2020-03-24,197,Aalten,Gelderland,25,Overleden,0,0
2020-03-24,200,Apeldoorn,Gelderland,25,Totaal,3,30
2020-03-24,200,Apeldoorn,Gelderland,25,Ziekenhuisopname,0,9
2020-03-24,200,Apeldoorn,Gelderland,25,Overleden,0,1
2020-03-24,202,Arnhem,Gelderland,25,Totaal,3,23
2020-03-24,202,Arnhem,Gelderland,25,Ziekenhuisopname,1,5
2020-03-24,202,Arnhem,Gelderland,25,Overleden,1,1
2020-03-24,203,Barneveld,Gelderland,25,Totaal,1,12
2020-03-24,203,Barneveld,Gelderland,25,Ziekenhuisopname,1,2
2020-03-24,203,Barneveld,Gelderland,25,Overleden,1,1
2020-03-24,209,Beuningen,Gelderland,25,Totaal,1,13
2020-03-24,209,Beuningen,Gelderland,25,Ziekenhuisopname,1,4
2020-03-24,209,Beuningen,Gelderland,25,Overleden,0,1
2020-03-24,213,Brummen,Gelderland,25,Totaal,0,4
2020-03-24,213,Brummen,Gelderland,25,Ziekenhuisopname,1,2
2020-03-24,213,Brummen,Gelderland,25,Overleden,1,1
2020-03-24,214,Buren,Gelderland,25,Totaal,1,6
2020-03-24,214,Buren,Gelderland,25,Ziekenhuisopname,1,2
2020-03-24,214,Buren,Gelderland,25,Overleden,0,0
2020-03-24,216,Culemborg,Gelderland,25,Totaal,3,8
2020-03-24,216,Culemborg,Gelderland,25,Ziekenhuisopname,2,4
2020-03-24,216,Culemborg,Gelderland,25,Overleden,0,0
2020-03-24,221,Doesburg,Gelderland,25,Totaal,0,4
2020-03-24,221,Doesburg,Gelderland,25,Ziekenhuisopname,0,1
2020-03-24,221,Doesburg,Gelderland,25,Overleden,0,1
2020-03-24,222,Doetinchem,Gelderland,25,Totaal,2,8
2020-03-24,222,Doetinchem,Gelderland,25,Ziekenhuisopname,2,2
2020-03-24,222,Doetinchem,Gelderland,25,Overleden,0,0
2020-03-24,225,Druten,Gelderland,25,Totaal,0,6
2020-03-24,225,Druten,Gelderland,25,Ziekenhuisopname,0,3
2020-03-24,225,Druten,Gelderland,25,Overleden,0,0
2020-03-24,226,Duiven,Gelderland,25,Totaal,0,2
2020-03-24,226,Duiven,Gelderland,25,Ziekenhuisopname,0,0
2020-03-24,226,Duiven,Gelderland,25,Overleden,0,0
2020-03-24,228,Ede,Gelderland,25,Totaal,1,23
2020-03-24,228,Ede,Gelderland,25,Ziekenhuisopname,2,5
2020-03-24,228,Ede,Gelderland,25,Overleden,0,0
2020-03-24,230,Elburg,Gelderland,25,Totaal,0,4
2020-03-24,230,Elburg,Gelderland,25,Ziekenhuisopname,0,1
2020-03-24,230,Elburg,Gelderland,25,Overleden,0,0
2020-03-24,232,Epe,Gelderland,25,Totaal,3,14
2020-03-24,232,Epe,Gelderland,25,Ziekenhuisopname,0,4
2020-03-24,232,Epe,Gelderland,25,Overleden,0,0
2020-03-24,233,Ermelo,Gelderland,25,Totaal,1,14
2020-03-24,233,Ermelo,Gelderland,25,Ziekenhuisopname,0,4
2020-03-24,233,Ermelo,Gelderland,25,Overleden,0,1
2020-03-24,243,Harderwijk,Gelderland,25,Totaal,1,9
2020-03-24,243,Harderwijk,Gelderland,25,Ziekenhuisopname,0,4
2020-03-24,243,Harderwijk,Gelderland,25,Overleden,0,2
2020-03-24,244,Hattem,Gelderland,25,Totaal,1,2
2020-03-24,244,Hattem,Gelderland,25,Ziekenhuisopname,0,0
2020-03-24,244,Hattem,Gelderland,25,Overleden,0,0
2020-03-24,246,Heerde,Gelderland,25,Totaal,2,15
2020-03-24,246,Heerde,Gelderland,25,Ziekenhuisopname,3,12
2020-03-24,246,Heerde,Gelderland,25,Overleden,1,2
2020-03-24,252,Heumen,Gelderland,25,Totaal,2,11
2020-03-24,252,Heumen,Gelderland,25,Ziekenhuisopname,0,2
2020-03-24,252,Heumen,Gelderland,25,Overleden,0,1
2020-03-24,262,Lochem,Gelderland,25,Totaal,0,2
2020-03-24,262,Lochem,Gelderland,25,Ziekenhuisopname,0,0
2020-03-24,262,Lochem,Gelderland,25,Overleden,0,0
2020-03-24,263,Maasdriel,Gelderland,25,Totaal,1,3
2020-03-24,263,Maasdriel,Gelderland,25,Ziekenhuisopname,0,1
2020-03-24,263,Maasdriel,Gelderland,25,Overleden,1,1
2020-03-24,267,Nijkerk,Gelderland,25,Totaal,1,8
2020-03-24,267,Nijkerk,Gelderland,25,Ziekenhuisopname,0,2
2020-03-24,267,Nijkerk,Gelderland,25,Overleden,1,1
2020-03-24,268,Nijmegen,Gelderland,25,Totaal,16,100
2020-03-24,268,Nijmegen,Gelderland,25,Ziekenhuisopname,10,28
2020-03-24,268,Nijmegen,Gelderland,25,Overleden,2,3
2020-03-24,269,Oldebroek,Gelderland,25,Totaal,1,9
2020-03-24,269,Oldebroek,Gelderland,25,Ziekenhuisopname,0,3
2020-03-24,269,Oldebroek,Gelderland,25,Overleden,0,1
2020-03-24,273,Putten,Gelderland,25,Totaal,0,3
2020-03-24,273,Putten,Gelderland,25,Ziekenhuisopname,0,0
2020-03-24,273,Putten,Gelderland,25,Overleden,0,0
2020-03-24,274,Renkum,Gelderland,25,Totaal,1,11
2020-03-24,274,Renkum,Gelderland,25,Ziekenhuisopname,0,3
2020-03-24,274,Renkum,Gelderland,25,Overleden,0,0
2020-03-24,275,Rheden,Gelderland,25,Totaal,3,15
2020-03-24,275,Rheden,Gelderland,25,Ziekenhuisopname,0,5
2020-03-24,275,Rheden,Gelderland,25,Overleden,0,0
2020-03-24,277,Rozendaal,Gelderland,25,Totaal,0,2
2020-03-24,277,Rozendaal,Gelderland,25,Ziekenhuisopname,0,1
2020-03-24,277,Rozendaal,Gelderland,25,Overleden,0,0
2020-03-24,279,Scherpenzeel,Gelderland,25,Totaal,0,2
2020-03-24,279,Scherpenzeel,Gelderland,25,Ziekenhuisopname,0,0
2020-03-24,279,Scherpenzeel,Gelderland,25,Overleden,0,0
2020-03-24,281,Tiel,Gelderland,25,Totaal,2,8
2020-03-24,281,Tiel,Gelderland,25,Ziekenhuisopname,2,4
2020-03-24,281,Tiel,Gelderland,25,Overleden,0,0
2020-03-24,285,Voorst,Gelderland,25,Totaal,1,3
2020-03-24,285,Voorst,Gelderland,25,Ziekenhuisopname,0,1
2020-03-24,285,Voorst,Gelderland,25,Overleden,0,0
2020-03-24,289,Wageningen,Gelderland,25,Totaal,0,3
2020-03-24,289,Wageningen,Gelderland,25,Ziekenhuisopname,0,2
2020-03-24,289,Wageningen,Gelderland,25,Overleden,0,0
2020-03-24,293,Westervoort,Gelderland,25,Totaal,0,2
2020-03-24,293,Westervoort,Gelderland,25,Ziekenhuisopname,0,0
2020-03-24,293,Westervoort,Gelderland,25,Overleden,0,0
2020-03-24,294,Winterswijk,Gelderland,25,Totaal,0,2
2020-03-24,294,Winterswijk,Gelderland,25,Ziekenhuisopname,0,1
2020-03-24,294,Winterswijk,Gelderland,25,Overleden,0,0
2020-03-24,296,Wijchen,Gelderland,25,Totaal,2,24
2020-03-24,296,Wijchen,Gelderland,25,Ziekenhuisopname,2,15
2020-03-24,296,Wijchen,Gelderland,25,Overleden,0,0
2020-03-24,297,Zaltbommel,Gelderland,25,Totaal,0,7
2020-03-24,297,Zaltbommel,Gelderland,25,Ziekenhuisopname,0,3
2020-03-24,297,Zaltbommel,Gelderland,25,Overleden,0,0
2020-03-24,299,Zevenaar,Gelderland,25,Totaal,1,10
2020-03-24,299,Zevenaar,Gelderland,25,Ziekenhuisopname,0,4
2020-03-24,299,Zevenaar,Gelderland,25,Overleden,1,1
2020-03-24,301,Zutphen,Gelderland,25,Totaal,0,7
2020-03-24,301,Zutphen,Gelderland,25,Ziekenhuisopname,0,3
2020-03-24,301,Zutphen,Gelderland,25,Overleden,0,2
2020-03-24,302,Nunspeet,Gelderland,25,Totaal,5,22
2020-03-24,302,Nunspeet,Gelderland,25,Ziekenhuisopname,0,9
2020-03-24,302,Nunspeet,Gelderland,25,Overleden,0,2
2020-03-24,303,Dronten,Flevoland,24,Totaal,0,11
2020-03-24,303,Dronten,Flevoland,24,Ziekenhuisopname,0,6
2020-03-24,303,Dronten,Flevoland,24,Overleden,0,1
2020-03-24,307,Amersfoort,Utrecht,26,Totaal,3,44
2020-03-24,307,Amersfoort,Utrecht,26,Ziekenhuisopname,0,12
2020-03-24,307,Amersfoort,Utrecht,26,Overleden,0,2
2020-03-24,308,Baarn,Utrecht,26,Totaal,0,2
2020-03-24,308,Baarn,Utrecht,26,Ziekenhuisopname,0,0
2020-03-24,308,Baarn,Utrecht,26,Overleden,0,0
2020-03-24,310,De Bilt,Utrecht,26,Totaal,6,29
2020-03-24,310,De Bilt,Utrecht,26,Ziekenhuisopname,1,4
2020-03-24,310,De Bilt,Utrecht,26,Overleden,1,1
2020-03-24,312,Bunnik,Utrecht,26,Totaal,2,6
2020-03-24,312,Bunnik,Utrecht,26,Ziekenhuisopname,0,1
2020-03-24,312,Bunnik,Utrecht,26,Overleden,0,0
2020-03-24,313,Bunschoten,Utrecht,26,Totaal,1,1
2020-03-24,313,Bunschoten,Utrecht,26,Ziekenhuisopname,0,0
2020-03-24,313,Bunschoten,Utrecht,26,Overleden,0,0
2020-03-24,317,Eemnes,Utrecht,26,Totaal,0,1
2020-03-24,317,Eemnes,Utrecht,26,Ziekenhuisopname,0,0
2020-03-24,317,Eemnes,Utrecht,26,Overleden,0,0
2020-03-24,321,Houten,Utrecht,26,Totaal,4,29
2020-03-24,321,Houten,Utrecht,26,Ziekenhuisopname,0,1
2020-03-24,321,Houten,Utrecht,26,Overleden,0,0
2020-03-24,327,Leusden,Utrecht,26,Totaal,2,9
2020-03-24,327,Leusden,Utrecht,26,Ziekenhuisopname,1,3
2020-03-24,327,Leusden,Utrecht,26,Overleden,0,2
2020-03-24,331,Lopik,Utrecht,26,Totaal,1,10
2020-03-24,331,Lopik,Utrecht,26,Ziekenhuisopname,0,5
2020-03-24,331,Lopik,Utrecht,26,Overleden,0,0
2020-03-24,335,Montfoort,Utrecht,26,Totaal,1,3
2020-03-24,335,Montfoort,Utrecht,26,Ziekenhuisopname,0,0
2020-03-24,335,Montfoort,Utrecht,26,Overleden,0,0
2020-03-24,339,Renswoude,Utrecht,26,Totaal,0,0
2020-03-24,339,Renswoude,Utrecht,26,Ziekenhuisopname,0,0
2020-03-24,339,Renswoude,Utrecht,26,Overleden,0,0
2020-03-24,340,Rhenen,Utrecht,26,Totaal,0,1
2020-03-24,340,Rhenen,Utrecht,26,Ziekenhuisopname,0,0
2020-03-24,340,Rhenen,Utrecht,26,Overleden,0,0
2020-03-24,342,Soest,Utrecht,26,Totaal,4,20
2020-03-24,342,Soest,Utrecht,26,Ziekenhuisopname,1,3
2020-03-24,342,Soest,Utrecht,26,Overleden,0,0
2020-03-24,344,Utrecht,Utrecht,26,Totaal,15,162
2020-03-24,344,Utrecht,Utrecht,26,Ziekenhuisopname,3,26
2020-03-24,344,Utrecht,Utrecht,26,Overleden,0,1
2020-03-24,345,Veenendaal,Utrecht,26,Totaal,0,6
2020-03-24,345,Veenendaal,Utrecht,26,Ziekenhuisopname,0,3
2020-03-24,345,Veenendaal,Utrecht,26,Overleden,0,1
2020-03-24,351,Woudenberg,Utrecht,26,Totaal,0,4
2020-03-24,351,Woudenberg,Utrecht,26,Ziekenhuisopname,0,1
2020-03-24,351,Woudenberg,Utrecht,26,Overleden,0,0
2020-03-24,352,Wijk bij Duurstede,Utrecht,26,Totaal,0,6
2020-03-24,352,Wijk bij Duurstede,Utrecht,26,Ziekenhuisopname,0,3
2020-03-24,352,Wijk bij Duurstede,Utrecht,26,Overleden,0,0
2020-03-24,353,IJsselstein,Utrecht,26,Totaal,0,16
2020-03-24,353,IJsselstein,Utrecht,26,Ziekenhuisopname,0,5
2020-03-24,353,IJsselstein,Utrecht,26,Overleden,2,2
2020-03-24,355,Zeist,Utrecht,26,Totaal,1,20
2020-03-24,355,Zeist,Utrecht,26,Ziekenhuisopname,0,1
2020-03-24,355,Zeist,Utrecht,26,Overleden,0,0
2020-03-24,356,Nieuwegein,Utrecht,26,Totaal,0,11
2020-03-24,356,Nieuwegein,Utrecht,26,Ziekenhuisopname,0,3
2020-03-24,356,Nieuwegein,Utrecht,26,Overleden,0,0
2020-03-24,358,Aalsmeer,Noord-Holland,27,Totaal,1,9
2020-03-24,358,Aalsmeer,Noord-Holland,27,Ziekenhuisopname,0,0
2020-03-24,358,Aalsmeer,Noord-Holland,27,Overleden,0,0
2020-03-24,361,Alkmaar,Noord-Holland,27,Totaal,4,20
2020-03-24,361,Alkmaar,Noord-Holland,27,Ziekenhuisopname,1,6
2020-03-24,361,Alkmaar,Noord-Holland,27,Overleden,0,0
2020-03-24,362,Amstelveen,Noord-Holland,27,Totaal,4,34
2020-03-24,362,Amstelveen,Noord-Holland,27,Ziekenhuisopname,1,5
2020-03-24,362,Amstelveen,Noord-Holland,27,Overleden,0,0
2020-03-24,363,Amsterdam,Noord-Holland,27,Totaal,47,252
2020-03-24,363,Amsterdam,Noord-Holland,27,Ziekenhuisopname,15,65
2020-03-24,363,Amsterdam,Noord-Holland,27,Overleden,3,5
2020-03-24,370,Beemster,Noord-Holland,27,Totaal,1,1
2020-03-24,370,Beemster,Noord-Holland,27,Ziekenhuisopname,0,0
2020-03-24,370,Beemster,Noord-Holland,27,Overleden,0,0
2020-03-24,373,Bergen (NH.),Noord-Holland,27,Totaal,3,12
2020-03-24,373,Bergen (NH.),Noord-Holland,27,Ziekenhuisopname,0,1
2020-03-24,373,Bergen (NH.),Noord-Holland,27,Overleden,0,0
2020-03-24,375,Beverwijk,Noord-Holland,27,Totaal,4,11
2020-03-24,375,Beverwijk,Noord-Holland,27,Ziekenhuisopname,0,2
2020-03-24,375,Beverwijk,Noord-Holland,27,Overleden,0,0
2020-03-24,376,Blaricum,Noord-Holland,27,Totaal,0,4
2020-03-24,376,Blaricum,Noord-Holland,27,Ziekenhuisopname,0,0
2020-03-24,376,Blaricum,Noord-Holland,27,Overleden,0,0
2020-03-24,377,Bloemendaal,Noord-Holland,27,Totaal,2,13
2020-03-24,377,Bloemendaal,Noord-Holland,27,Ziekenhuisopname,0,2
2020-03-24,377,Bloemendaal,Noord-Holland,27,Overleden,0,0
2020-03-24,383,Castricum,Noord-Holland,27,Totaal,2,10
2020-03-24,383,Castricum,Noord-Holland,27,Ziekenhuisopname,1,2
2020-03-24,383,Castricum,Noord-Holland,27,Overleden,0,0
2020-03-24,384,Diemen,Noord-Holland,27,Totaal,0,7
2020-03-24,384,Diemen,Noord-Holland,27,Ziekenhuisopname,0,2
2020-03-24,384,Diemen,Noord-Holland,27,Overleden,0,0
2020-03-24,385,Edam-Volendam,Noord-Holland,27,Totaal,1,7
2020-03-24,385,Edam-Volendam,Noord-Holland,27,Ziekenhuisopname,2,4
2020-03-24,385,Edam-Volendam,Noord-Holland,27,Overleden,0,0
2020-03-24,388,Enkhuizen,Noord-Holland,27,Totaal,2,10
2020-03-24,388,Enkhuizen,Noord-Holland,27,Ziekenhuisopname,2,4
2020-03-24,388,Enkhuizen,Noord-Holland,27,Overleden,0,1
2020-03-24,392,Haarlem,Noord-Holland,27,Totaal,12,41
2020-03-24,392,Haarlem,Noord-Holland,27,Ziekenhuisopname,2,9
2020-03-24,392,Haarlem,Noord-Holland,27,Overleden,0,2
2020-03-24,394,Haarlemmermeer,Noord-Holland,27,Totaal,5,23
2020-03-24,394,Haarlemmermeer,Noord-Holland,27,Ziekenhuisopname,1,8
2020-03-24,394,Haarlemmermeer,Noord-Holland,27,Overleden,0,2
2020-03-24,396,Heemskerk,Noord-Holland,27,Totaal,3,8
2020-03-24,396,Heemskerk,Noord-Holland,27,Ziekenhuisopname,1,3
2020-03-24,396,Heemskerk,Noord-Holland,27,Overleden,0,0
2020-03-24,397,Heemstede,Noord-Holland,27,Totaal,3,16
2020-03-24,397,Heemstede,Noord-Holland,27,Ziekenhuisopname,1,1
2020-03-24,397,Heemstede,Noord-Holland,27,Overleden,0,0
2020-03-24,398,Heerhugowaard,Noord-Holland,27,Totaal,5,15
2020-03-24,398,Heerhugowaard,Noord-Holland,27,Ziekenhuisopname,2,4
2020-03-24,398,Heerhugowaard,Noord-Holland,27,Overleden,1,1
2020-03-24,399,Heiloo,Noord-Holland,27,Totaal,2,8
2020-03-24,399,Heiloo,Noord-Holland,27,Ziekenhuisopname,0,0
2020-03-24,399,Heiloo,Noord-Holland,27,Overleden,1,1
2020-03-24,400,Den Helder,Noord-Holland,27,Totaal,1,5
2020-03-24,400,Den Helder,Noord-Holland,27,Ziekenhuisopname,0,1
2020-03-24,400,Den Helder,Noord-Holland,27,Overleden,0,0
2020-03-24,402,Hilversum,Noord-Holland,27,Totaal,0,7
2020-03-24,402,Hilversum,Noord-Holland,27,Ziekenhuisopname,1,2
2020-03-24,402,Hilversum,Noord-Holland,27,Overleden,0,0
2020-03-24,405,Hoorn,Noord-Holland,27,Totaal,2,15
2020-03-24,405,Hoorn,Noord-Holland,27,Ziekenhuisopname,0,5
2020-03-24,405,Hoorn,Noord-Holland,27,Overleden,0,1
2020-03-24,406,Huizen,Noord-Holland,27,Totaal,0,3
2020-03-24,406,Huizen,Noord-Holland,27,Ziekenhuisopname,0,0
2020-03-24,406,Huizen,Noord-Holland,27,Overleden,0,0
2020-03-24,415,Landsmeer,Noord-Holland,27,Totaal,1,6
2020-03-24,415,Landsmeer,Noord-Holland,27,Ziekenhuisopname,1,2
2020-03-24,415,Landsmeer,Noord-Holland,27,Overleden,0,0
2020-03-24,416,Langedijk,Noord-Holland,27,Totaal,7,12
2020-03-24,416,Langedijk,Noord-Holland,27,Ziekenhuisopname,2,3
2020-03-24,416,Langedijk,Noord-Holland,27,Overleden,0,0
2020-03-24,417,Laren,Noord-Holland,27,Totaal,3,3
2020-03-24,417,Laren,Noord-Holland,27,Ziekenhuisopname,1,1
2020-03-24,417,Laren,Noord-Holland,27,Overleden,0,0
2020-03-24,420,Medemblik,Noord-Holland,27,Totaal,0,4
2020-03-24,420,Medemblik,Noord-Holland,27,Ziekenhuisopname,0,0
2020-03-24,420,Medemblik,Noord-Holland,27,Overleden,0,0
2020-03-24,431,Oostzaan,Noord-Holland,27,Totaal,0,5
2020-03-24,431,Oostzaan,Noord-Holland,27,Ziekenhuisopname,0,1
2020-03-24,431,Oostzaan,Noord-Holland,27,Overleden,0,0
2020-03-24,432,Opmeer,Noord-Holland,27,Totaal,0,0
2020-03-24,432,Opmeer,Noord-Holland,27,Ziekenhuisopname,0,0
2020-03-24,432,Opmeer,Noord-Holland,27,Overleden,0,0
2020-03-24,437,Ouder-Amstel,Noord-Holland,27,Totaal,2,8
2020-03-24,437,Ouder-Amstel,Noord-Holland,27,Ziekenhuisopname,1,2
2020-03-24,437,Ouder-Amstel,Noord-Holland,27,Overleden,0,0
2020-03-24,439,Purmerend,Noord-Holland,27,Totaal,1,23
2020-03-24,439,Purmerend,Noord-Holland,27,Ziekenhuisopname,3,9
2020-03-24,439,Purmerend,Noord-Holland,27,Overleden,1,1
2020-03-24,441,Schagen,Noord-Holland,27,Totaal,3,10
2020-03-24,441,Schagen,Noord-Holland,27,Ziekenhuisopname,2,2
2020-03-24,441,Schagen,Noord-Holland,27,Overleden,0,0
2020-03-24,448,Texel,Noord-Holland,27,Totaal,0,3
2020-03-24,448,Texel,Noord-Holland,27,Ziekenhuisopname,0,1
2020-03-24,448,Texel,Noord-Holland,27,Overleden,0,0
2020-03-24,450,Uitgeest,Noord-Holland,27,Totaal,0,4
2020-03-24,450,Uitgeest,Noord-Holland,27,Ziekenhuisopname,0,1
2020-03-24,450,Uitgeest,Noord-Holland,27,Overleden,0,0
2020-03-24,451,Uithoorn,Noord-Holland,27,Totaal,2,4
2020-03-24,451,Uithoorn,Noord-Holland,27,Ziekenhuisopname,1,2
2020-03-24,451,Uithoorn,Noord-Holland,27,Overleden,0,0
2020-03-24,453,Velsen,Noord-Holland,27,Totaal,4,15
2020-03-24,453,Velsen,Noord-Holland,27,Ziekenhuisopname,2,5
2020-03-24,453,Velsen,Noord-Holland,27,Overleden,0,0
2020-03-24,457,Weesp,Noord-Holland,27,Totaal,1,2
2020-03-24,457,Weesp,Noord-Holland,27,Ziekenhuisopname,0,0
2020-03-24,457,Weesp,Noord-Holland,27,Overleden,0,0
2020-03-24,473,Zandvoort,Noord-Holland,27,Totaal,3,6
2020-03-24,473,Zandvoort,Noord-Holland,27,Ziekenhuisopname,3,4
2020-03-24,473,Zandvoort,Noord-Holland,27,Overleden,0,1
2020-03-24,479,Zaanstad,Noord-Holland,27,Totaal,1,21
2020-03-24,479,Zaanstad,Noord-Holland,27,Ziekenhuisopname,2,8
2020-03-24,479,Zaanstad,Noord-Holland,27,Overleden,1,2
2020-03-24,482,Alblasserdam,Zuid-Holland,28,Totaal,0,4
2020-03-24,482,Alblasserdam,Zuid-Holland,28,Ziekenhuisopname,0,1
2020-03-24,482,Alblasserdam,Zuid-Holland,28,Overleden,0,0
2020-03-24,484,Alphen aan den Rijn,Zuid-Holland,28,Totaal,4,21
2020-03-24,484,Alphen aan den Rijn,Zuid-Holland,28,Ziekenhuisopname,2,8
2020-03-24,484,Alphen aan den Rijn,Zuid-Holland,28,Overleden,0,1
2020-03-24,489,Barendrecht,Zuid-Holland,28,Totaal,2,15
2020-03-24,489,Barendrecht,Zuid-Holland,28,Ziekenhuisopname,0,4
2020-03-24,489,Barendrecht,Zuid-Holland,28,Overleden,0,0
2020-03-24,498,Drechterland,Noord-Holland,27,Totaal,1,4
2020-03-24,498,Drechterland,Noord-Holland,27,Ziekenhuisopname,0,2
2020-03-24,498,Drechterland,Noord-Holland,27,Overleden,0,0
2020-03-24,501,Brielle,Zuid-Holland,28,Totaal,0,1
2020-03-24,501,Brielle,Zuid-Holland,28,Ziekenhuisopname,0,0
2020-03-24,501,Brielle,Zuid-Holland,28,Overleden,0,0
2020-03-24,502,Capelle aan den IJssel,Zuid-Holland,28,Totaal,6,13
2020-03-24,502,Capelle aan den IJssel,Zuid-Holland,28,Ziekenhuisopname,1,3
2020-03-24,502,Capelle aan den IJssel,Zuid-Holland,28,Overleden,0,0
2020-03-24,503,Delft,Zuid-Holland,28,Totaal,1,18
2020-03-24,503,Delft,Zuid-Holland,28,Ziekenhuisopname,3,11
2020-03-24,503,Delft,Zuid-Holland,28,Overleden,0,0
2020-03-24,505,Dordrecht,Zuid-Holland,28,Totaal,6,23
2020-03-24,505,Dordrecht,Zuid-Holland,28,Ziekenhuisopname,3,8
2020-03-24,505,Dordrecht,Zuid-Holland,28,Overleden,0,0
2020-03-24,512,Gorinchem,Zuid-Holland,28,Totaal,2,6
2020-03-24,512,Gorinchem,Zuid-Holland,28,Ziekenhuisopname,1,2
2020-03-24,512,Gorinchem,Zuid-Holland,28,Overleden,0,0
2020-03-24,513,Gouda,Zuid-Holland,28,Totaal,1,17
2020-03-24,513,Gouda,Zuid-Holland,28,Ziekenhuisopname,1,6
2020-03-24,513,Gouda,Zuid-Holland,28,Overleden,1,1
2020-03-24,518,'s-Gravenhage,Zuid-Holland,28,Totaal,10,64
2020-03-24,518,'s-Gravenhage,Zuid-Holland,28,Ziekenhuisopname,6,25
2020-03-24,518,'s-Gravenhage,Zuid-Holland,28,Overleden,0,0
2020-03-24,523,Hardinxveld-Giessendam,Zuid-Holland,28,Totaal,0,6
2020-03-24,523,Hardinxveld-Giessendam,Zuid-Holland,28,Ziekenhuisopname,0,0
2020-03-24,523,Hardinxveld-Giessendam,Zuid-Holland,28,Overleden,0,0
2020-03-24,530,Hellevoetsluis,Zuid-Holland,28,Totaal,0,5
2020-03-24,530,Hellevoetsluis,Zuid-Holland,28,Ziekenhuisopname,1,1
2020-03-24,530,Hellevoetsluis,Zuid-Holland,28,Overleden,0,0
2020-03-24,531,Hendrik-Ido-Ambacht,Zuid-Holland,28,Totaal,0,3
2020-03-24,531,Hendrik-Ido-Ambacht,Zuid-Holland,28,Ziekenhuisopname,0,1
2020-03-24,531,Hendrik-Ido-Ambacht,Zuid-Holland,28,Overleden,0,0
2020-03-24,532,Stede Broec,Noord-Holland,27,Totaal,1,9
2020-03-24,532,Stede Broec,Noord-Holland,27,Ziekenhuisopname,2,4
2020-03-24,532,Stede Broec,Noord-Holland,27,Overleden,0,0
2020-03-24,534,Hillegom,Zuid-Holland,28,Totaal,1,4
2020-03-24,534,Hillegom,Zuid-Holland,28,Ziekenhuisopname,0,1
2020-03-24,534,Hillegom,Zuid-Holland,28,Overleden,0,0
2020-03-24,537,Katwijk,Zuid-Holland,28,Totaal,0,6
2020-03-24,537,Katwijk,Zuid-Holland,28,Ziekenhuisopname,0,0
2020-03-24,537,Katwijk,Zuid-Holland,28,Overleden,0,0
2020-03-24,542,Krimpen aan den IJssel,Zuid-Holland,28,Totaal,0,3
2020-03-24,542,Krimpen aan den IJssel,Zuid-Holland,28,Ziekenhuisopname,0,0
2020-03-24,542,Krimpen aan den IJssel,Zuid-Holland,28,Overleden,0,0
2020-03-24,546,Leiden,Zuid-Holland,28,Totaal,4,20
2020-03-24,546,Leiden,Zuid-Holland,28,Ziekenhuisopname,1,6
2020-03-24,546,Leiden,Zuid-Holland,28,Overleden,0,0
2020-03-24,547,Leiderdorp,Zuid-Holland,28,Totaal,0,2
2020-03-24,547,Leiderdorp,Zuid-Holland,28,Ziekenhuisopname,0,0
2020-03-24,547,Leiderdorp,Zuid-Holland,28,Overleden,0,0
2020-03-24,553,Lisse,Zuid-Holland,28,Totaal,0,1
2020-03-24,553,Lisse,Zuid-Holland,28,Ziekenhuisopname,0,1
2020-03-24,553,Lisse,Zuid-Holland,28,Overleden,0,0
2020-03-24,556,Maassluis,Zuid-Holland,28,Totaal,1,7
2020-03-24,556,Maassluis,Zuid-Holland,28,Ziekenhuisopname,0,4
2020-03-24,556,Maassluis,Zuid-Holland,28,Overleden,0,0
2020-03-24,569,Nieuwkoop,Zuid-Holland,28,Totaal,1,4
2020-03-24,569,Nieuwkoop,Zuid-Holland,28,Ziekenhuisopname,0,1
2020-03-24,569,Nieuwkoop,Zuid-Holland,28,Overleden,0,0
2020-03-24,575,Noordwijk,Zuid-Holland,28,Totaal,0,7
2020-03-24,575,Noordwijk,Zuid-Holland,28,Ziekenhuisopname,0,3
2020-03-24,575,Noordwijk,Zuid-Holland,28,Overleden,0,0
2020-03-24,579,Oegstgeest,Zuid-Holland,28,Totaal,1,8
2020-03-24,579,Oegstgeest,Zuid-Holland,28,Ziekenhuisopname,0,2
2020-03-24,579,Oegstgeest,Zuid-Holland,28,Overleden,0,0
2020-03-24,589,Oudewater,Utrecht,26,Totaal,3,7
2020-03-24,589,Oudewater,Utrecht,26,Ziekenhuisopname,0,3
2020-03-24,589,Oudewater,Utrecht,26,Overleden,0,0
2020-03-24,590,Papendrecht,Zuid-Holland,28,Totaal,0,5
2020-03-24,590,Papendrecht,Zuid-Holland,28,Ziekenhuisopname,0,0
2020-03-24,590,Papendrecht,Zuid-Holland,28,Overleden,0,0
2020-03-24,597,Ridderkerk,Zuid-Holland,28,Totaal,2,7
2020-03-24,597,Ridderkerk,Zuid-Holland,28,Ziekenhuisopname,0,2
2020-03-24,597,Ridderkerk,Zuid-Holland,28,Overleden,0,0
2020-03-24,599,Rotterdam,Zuid-Holland,28,Totaal,15,165
2020-03-24,599,Rotterdam,Zuid-Holland,28,Ziekenhuisopname,5,37
2020-03-24,599,Rotterdam,Zuid-Holland,28,Overleden,0,1
2020-03-24,603,Rijswijk,Zuid-Holland,28,Totaal,2,9
2020-03-24,603,Rijswijk,Zuid-Holland,28,Ziekenhuisopname,2,7
2020-03-24,603,Rijswijk,Zuid-Holland,28,Overleden,0,0
2020-03-24,606,Schiedam,Zuid-Holland,28,Totaal,2,10
2020-03-24,606,Schiedam,Zuid-Holland,28,Ziekenhuisopname,2,7
2020-03-24,606,Schiedam,Zuid-Holland,28,Overleden,0,0
2020-03-24,610,Sliedrecht,Zuid-Holland,28,Totaal,1,4
2020-03-24,610,Sliedrecht,Zuid-Holland,28,Ziekenhuisopname,0,0
2020-03-24,610,Sliedrecht,Zuid-Holland,28,Overleden,0,0
2020-03-24,613,Albrandswaard,Zuid-Holland,28,Totaal,4,18
2020-03-24,613,Albrandswaard,Zuid-Holland,28,Ziekenhuisopname,0,2
2020-03-24,613,Albrandswaard,Zuid-Holland,28,Overleden,0,0
2020-03-24,614,Westvoorne,Zuid-Holland,28,Totaal,1,8
2020-03-24,614,Westvoorne,Zuid-Holland,28,Ziekenhuisopname,0,1
2020-03-24,614,Westvoorne,Zuid-Holland,28,Overleden,0,0
2020-03-24,622,Vlaardingen,Zuid-Holland,28,Totaal,3,18
2020-03-24,622,Vlaardingen,Zuid-Holland,28,Ziekenhuisopname,0,4
2020-03-24,622,Vlaardingen,Zuid-Holland,28,Overleden,0,0
2020-03-24,626,Voorschoten,Zuid-Holland,28,Totaal,0,3
2020-03-24,626,Voorschoten,Zuid-Holland,28,Ziekenhuisopname,0,1
2020-03-24,626,Voorschoten,Zuid-Holland,28,Overleden,0,0
2020-03-24,627,Waddinxveen,Zuid-Holland,28,Totaal,0,4
2020-03-24,627,Waddinxveen,Zuid-Holland,28,Ziekenhuisopname,0,1
2020-03-24,627,Waddinxveen,Zuid-Holland,28,Overleden,0,0
2020-03-24,629,Wassenaar,Zuid-Holland,28,Totaal,0,5
2020-03-24,629,Wassenaar,Zuid-Holland,28,Ziekenhuisopname,0,2
2020-03-24,629,Wassenaar,Zuid-Holland,28,Overleden,0,0
2020-03-24,632,Woerden,Utrecht,26,Totaal,5,19
2020-03-24,632,Woerden,Utrecht,26,Ziekenhuisopname,1,8
2020-03-24,632,Woerden,Utrecht,26,Overleden,0,0
2020-03-24,637,Zoetermeer,Zuid-Holland,28,Totaal,1,9
2020-03-24,637,Zoetermeer,Zuid-Holland,28,Ziekenhuisopname,3,7
2020-03-24,637,Zoetermeer,Zuid-Holland,28,Overleden,1,2
2020-03-24,638,Zoeterwoude,Zuid-Holland,28,Totaal,1,1
2020-03-24,638,Zoeterwoude,Zuid-Holland,28,Ziekenhuisopname,0,0
2020-03-24,638,Zoeterwoude,Zuid-Holland,28,Overleden,0,0
2020-03-24,642,Zwijndrecht,Zuid-Holland,28,Totaal,2,8
2020-03-24,642,Zwijndrecht,Zuid-Holland,28,Ziekenhuisopname,0,1
2020-03-24,642,Zwijndrecht,Zuid-Holland,28,Overleden,0,1
2020-03-24,654,Borsele,Zeeland,29,Totaal,1,4
2020-03-24,654,Borsele,Zeeland,29,Ziekenhuisopname,0,2
2020-03-24,654,Borsele,Zeeland,29,Overleden,0,0
2020-03-24,664,Goes,Zeeland,29,Totaal,1,4
2020-03-24,664,Goes,Zeeland,29,Ziekenhuisopname,0,0
2020-03-24,664,Goes,Zeeland,29,Overleden,0,0
2020-03-24,668,West Maas en Waal,Gelderland,25,Totaal,1,8
2020-03-24,668,West Maas en Waal,Gelderland,25,Ziekenhuisopname,1,3
2020-03-24,668,West Maas en Waal,Gelderland,25,Overleden,0,0
2020-03-24,677,Hulst,Zeeland,29,Totaal,0,0
2020-03-24,677,Hulst,Zeeland,29,Ziekenhuisopname,0,0
2020-03-24,677,Hulst,Zeeland,29,Overleden,0,0
2020-03-24,678,Kapelle,Zeeland,29,Totaal,0,2
2020-03-24,678,Kapelle,Zeeland,29,Ziekenhuisopname,0,1
2020-03-24,678,Kapelle,Zeeland,29,Overleden,0,0
2020-03-24,687,Middelburg,Zeeland,29,Totaal,0,6
2020-03-24,687,Middelburg,Zeeland,29,Ziekenhuisopname,0,5
2020-03-24,687,Middelburg,Zeeland,29,Overleden,0,0
2020-03-24,703,Reimerswaal,Zeeland,29,Totaal,1,6
2020-03-24,703,Reimerswaal,Zeeland,29,Ziekenhuisopname,1,4
2020-03-24,703,Reimerswaal,Zeeland,29,Overleden,0,0
2020-03-24,715,Terneuzen,Zeeland,29,Totaal,0,6
2020-03-24,715,Terneuzen,Zeeland,29,Ziekenhuisopname,0,3
2020-03-24,715,Terneuzen,Zeeland,29,Overleden,0,1
2020-03-24,716,Tholen,Zeeland,29,Totaal,3,11
2020-03-24,716,Tholen,Zeeland,29,Ziekenhuisopname,2,7
2020-03-24,716,Tholen,Zeeland,29,Overleden,0,1
2020-03-24,717,Veere,Zeeland,29,Totaal,0,6
2020-03-24,717,Veere,Zeeland,29,Ziekenhuisopname,0,2
2020-03-24,717,Veere,Zeeland,29,Overleden,0,0
2020-03-24,718,Vlissingen,Zeeland,29,Totaal,0,8
2020-03-24,718,Vlissingen,Zeeland,29,Ziekenhuisopname,1,2
2020-03-24,718,Vlissingen,Zeeland,29,Overleden,0,0
2020-03-24,736,De Ronde Venen,Utrecht,26,Totaal,2,8
2020-03-24,736,De Ronde Venen,Utrecht,26,Ziekenhuisopname,1,3
2020-03-24,736,De Ronde Venen,Utrecht,26,Overleden,0,0
2020-03-24,737,Tytsjerksteradiel,Friesland,21,Totaal,0,1
2020-03-24,737,Tytsjerksteradiel,Friesland,21,Ziekenhuisopname,0,0
2020-03-24,737,Tytsjerksteradiel,Friesland,21,Overleden,0,0
2020-03-24,743,Asten,Noord-Brabant,30,Totaal,1,6
2020-03-24,743,Asten,Noord-Brabant,30,Ziekenhuisopname,0,3
2020-03-24,743,Asten,Noord-Brabant,30,Overleden,0,1
2020-03-24,744,Baarle-Nassau,Noord-Brabant,30,Totaal,0,3
2020-03-24,744,Baarle-Nassau,Noord-Brabant,30,Ziekenhuisopname,0,0
2020-03-24,744,Baarle-Nassau,Noord-Brabant,30,Overleden,0,0
2020-03-24,748,Bergen op Zoom,Noord-Brabant,30,Totaal,0,12
2020-03-24,748,Bergen op Zoom,Noord-Brabant,30,Ziekenhuisopname,0,7
2020-03-24,748,Bergen op Zoom,Noord-Brabant,30,Overleden,0,2
2020-03-24,753,Best,Noord-Brabant,30,Totaal,3,17
2020-03-24,753,Best,Noord-Brabant,30,Ziekenhuisopname,0,3
2020-03-24,753,Best,Noord-Brabant,30,Overleden,0,0
2020-03-24,755,Boekel,Noord-Brabant,30,Totaal,2,42
2020-03-24,755,Boekel,Noord-Brabant,30,Ziekenhuisopname,2,9
2020-03-24,755,Boekel,Noord-Brabant,30,Overleden,0,3
2020-03-24,756,Boxmeer,Noord-Brabant,30,Totaal,2,9
2020-03-24,756,Boxmeer,Noord-Brabant,30,Ziekenhuisopname,1,1
2020-03-24,756,Boxmeer,Noord-Brabant,30,Overleden,0,0
2020-03-24,757,Boxtel,Noord-Brabant,30,Totaal,3,16
2020-03-24,757,Boxtel,Noord-Brabant,30,Ziekenhuisopname,0,0
2020-03-24,757,Boxtel,Noord-Brabant,30,Overleden,0,2
2020-03-24,758,Breda,Noord-Brabant,30,Totaal,6,168
2020-03-24,758,Breda,Noord-Brabant,30,Ziekenhuisopname,4,66
2020-03-24,758,Breda,Noord-Brabant,30,Overleden,2,14
2020-03-24,762,Deurne,Noord-Brabant,30,Totaal,3,25
2020-03-24,762,Deurne,Noord-Brabant,30,Ziekenhuisopname,0,8
2020-03-24,762,Deurne,Noord-Brabant,30,Overleden,0,4
2020-03-24,765,Pekela,Groningen,20,Totaal,0,2
2020-03-24,765,Pekela,Groningen,20,Ziekenhuisopname,0,2
2020-03-24,765,Pekela,Groningen,20,Overleden,0,0
2020-03-24,766,Dongen,Noord-Brabant,30,Totaal,2,7
2020-03-24,766,Dongen,Noord-Brabant,30,Ziekenhuisopname,0,0
2020-03-24,766,Dongen,Noord-Brabant,30,Overleden,0,0
2020-03-24,770,Eersel,Noord-Brabant,30,Totaal,3,13
2020-03-24,770,Eersel,Noord-Brabant,30,Ziekenhuisopname,0,2
2020-03-24,770,Eersel,Noord-Brabant,30,Overleden,0,0
2020-03-24,772,Eindhoven,Noord-Brabant,30,Totaal,13,70
2020-03-24,772,Eindhoven,Noord-Brabant,30,Ziekenhuisopname,1,4
2020-03-24,772,Eindhoven,Noord-Brabant,30,Overleden,1,1
2020-03-24,777,Etten-Leur,Noord-Brabant,30,Totaal,0,24
2020-03-24,777,Etten-Leur,Noord-Brabant,30,Ziekenhuisopname,0,7
2020-03-24,777,Etten-Leur,Noord-Brabant,30,Overleden,0,2
2020-03-24,779,Geertruidenberg,Noord-Brabant,30,Totaal,0,10
2020-03-24,779,Geertruidenberg,Noord-Brabant,30,Ziekenhuisopname,0,5
2020-03-24,779,Geertruidenberg,Noord-Brabant,30,Overleden,0,0
2020-03-24,784,Gilze en Rijen,Noord-Brabant,30,Totaal,3,16
2020-03-24,784,Gilze en Rijen,Noord-Brabant,30,Ziekenhuisopname,1,1
2020-03-24,784,Gilze en Rijen,Noord-Brabant,30,Overleden,0,0
2020-03-24,785,Goirle,Noord-Brabant,30,Totaal,3,16
2020-03-24,785,Goirle,Noord-Brabant,30,Ziekenhuisopname,0,2
2020-03-24,785,Goirle,Noord-Brabant,30,Overleden,0,3
2020-03-24,786,Grave,Noord-Brabant,30,Totaal,0,11
2020-03-24,786,Grave,Noord-Brabant,30,Ziekenhuisopname,0,1
2020-03-24,786,Grave,Noord-Brabant,30,Overleden,0,0
2020-03-24,788,Haaren,Noord-Brabant,30,Totaal,0,12
2020-03-24,788,Haaren,Noord-Brabant,30,Ziekenhuisopname,0,6
2020-03-24,788,Haaren,Noord-Brabant,30,Overleden,0,2
2020-03-24,794,Helmond,Noord-Brabant,30,Totaal,6,55
2020-03-24,794,Helmond,Noord-Brabant,30,Ziekenhuisopname,1,9
2020-03-24,794,Helmond,Noord-Brabant,30,Overleden,2,5
2020-03-24,796,'s-Hertogenbosch,Noord-Brabant,30,Totaal,7,67
2020-03-24,796,'s-Hertogenbosch,Noord-Brabant,30,Ziekenhuisopname,-1,11
2020-03-24,796,'s-Hertogenbosch,Noord-Brabant,30,Overleden,0,5
2020-03-24,797,Heusden,Noord-Brabant,30,Totaal,3,19
2020-03-24,797,Heusden,Noord-Brabant,30,Ziekenhuisopname,1,2
2020-03-24,797,Heusden,Noord-Brabant,30,Overleden,0,0
2020-03-24,798,Hilvarenbeek,Noord-Brabant,30,Totaal,1,8
2020-03-24,798,Hilvarenbeek,Noord-Brabant,30,Ziekenhuisopname,0,0
2020-03-24,798,Hilvarenbeek,Noord-Brabant,30,Overleden,0,0
2020-03-24,809,Loon op Zand,Noord-Brabant,30,Totaal,3,20
2020-03-24,809,Loon op Zand,Noord-Brabant,30,Ziekenhuisopname,2,3
2020-03-24,809,Loon op Zand,Noord-Brabant,30,Overleden,2,2
2020-03-24,815,Mill en Sint Hubert,Noord-Brabant,30,Totaal,3,5
2020-03-24,815,Mill en Sint Hubert,Noord-Brabant,30,Ziekenhuisopname,0,0
2020-03-24,815,Mill en Sint Hubert,Noord-Brabant,30,Overleden,0,0
2020-03-24,820,"Nuenen, Gerwen en Nederwetten",Noord-Brabant,30,Totaal,0,4
2020-03-24,820,"Nuenen, Gerwen en Nederwetten",Noord-Brabant,30,Ziekenhuisopname,0,1
2020-03-24,820,"Nuenen, Gerwen en Nederwetten",Noord-Brabant,30,Overleden,0,1
2020-03-24,823,Oirschot,Noord-Brabant,30,Totaal,1,4
2020-03-24,823,Oirschot,Noord-Brabant,30,Ziekenhuisopname,0,0
2020-03-24,823,Oirschot,Noord-Brabant,30,Overleden,0,0
2020-03-24,824,Oisterwijk,Noord-Brabant,30,Totaal,0,17
2020-03-24,824,Oisterwijk,Noord-Brabant,30,Ziekenhuisopname,0,0
2020-03-24,824,Oisterwijk,Noord-Brabant,30,Overleden,0,0
2020-03-24,826,Oosterhout,Noord-Brabant,30,Totaal,1,23
2020-03-24,826,Oosterhout,Noord-Brabant,30,Ziekenhuisopname,0,11
2020-03-24,826,Oosterhout,Noord-Brabant,30,Overleden,0,1
2020-03-24,828,Oss,Noord-Brabant,30,Totaal,8,73
2020-03-24,828,Oss,Noord-Brabant,30,Ziekenhuisopname,1,8
2020-03-24,828,Oss,Noord-Brabant,30,Overleden,0,5
2020-03-24,840,Rucphen,Noord-Brabant,30,Totaal,0,6
2020-03-24,840,Rucphen,Noord-Brabant,30,Ziekenhuisopname,0,1
2020-03-24,840,Rucphen,Noord-Brabant,30,Overleden,0,0
2020-03-24,845,Sint-Michielsgestel,Noord-Brabant,30,Totaal,3,17
2020-03-24,845,Sint-Michielsgestel,Noord-Brabant,30,Ziekenhuisopname,1,3
2020-03-24,845,Sint-Michielsgestel,Noord-Brabant,30,Overleden,0,0
2020-03-24,847,Someren,Noord-Brabant,30,Totaal,0,7
2020-03-24,847,Someren,Noord-Brabant,30,Ziekenhuisopname,0,3
2020-03-24,847,Someren,Noord-Brabant,30,Overleden,0,1
2020-03-24,848,Son en Breugel,Noord-Brabant,30,Totaal,3,13
2020-03-24,848,Son en Breugel,Noord-Brabant,30,Ziekenhuisopname,1,4
2020-03-24,848,Son en Breugel,Noord-Brabant,30,Overleden,0,2
2020-03-24,851,Steenbergen,Noord-Brabant,30,Totaal,1,9
2020-03-24,851,Steenbergen,Noord-Brabant,30,Ziekenhuisopname,0,4
2020-03-24,851,Steenbergen,Noord-Brabant,30,Overleden,0,1
2020-03-24,852,Waterland,Noord-Holland,27,Totaal,1,10
2020-03-24,852,Waterland,Noord-Holland,27,Ziekenhuisopname,2,4
2020-03-24,852,Waterland,Noord-Holland,27,Overleden,0,0
2020-03-24,855,Tilburg,Noord-Brabant,30,Totaal,18,211
2020-03-24,855,Tilburg,Noord-Brabant,30,Ziekenhuisopname,3,25
2020-03-24,855,Tilburg,Noord-Brabant,30,Overleden,5,20
2020-03-24,856,Uden,Noord-Brabant,30,Totaal,8,92
2020-03-24,856,Uden,Noord-Brabant,30,Ziekenhuisopname,0,18
2020-03-24,856,Uden,Noord-Brabant,30,Overleden,0,8
2020-03-24,858,Valkenswaard,Noord-Brabant,30,Totaal,3,8
2020-03-24,858,Valkenswaard,Noord-Brabant,30,Ziekenhuisopname,0,1
2020-03-24,858,Valkenswaard,Noord-Brabant,30,Overleden,0,0
2020-03-24,861,Veldhoven,Noord-Brabant,30,Totaal,3,14
2020-03-24,861,Veldhoven,Noord-Brabant,30,Ziekenhuisopname,0,1
2020-03-24,861,Veldhoven,Noord-Brabant,30,Overleden,0,0
2020-03-24,865,Vught,Noord-Brabant,30,Totaal,2,19
2020-03-24,865,Vught,Noord-Brabant,30,Ziekenhuisopname,0,5
2020-03-24,865,Vught,Noord-Brabant,30,Overleden,1,1
2020-03-24,866,Waalre,Noord-Brabant,30,Totaal,1,3
2020-03-24,866,Waalre,Noord-Brabant,30,Ziekenhuisopname,0,0
2020-03-24,866,Waalre,Noord-Brabant,30,Overleden,0,0
2020-03-24,867,Waalwijk,Noord-Brabant,30,Totaal,5,29
2020-03-24,867,Waalwijk,Noord-Brabant,30,Ziekenhuisopname,0,3
2020-03-24,867,Waalwijk,Noord-Brabant,30,Overleden,0,1
2020-03-24,873,Woensdrecht,Noord-Brabant,30,Totaal,1,4
2020-03-24,873,Woensdrecht,Noord-Brabant,30,Ziekenhuisopname,1,2
2020-03-24,873,Woensdrecht,Noord-Brabant,30,Overleden,0,0
2020-03-24,879,Zundert,Noord-Brabant,30,Totaal,2,11
2020-03-24,879,Zundert,Noord-Brabant,30,Ziekenhuisopname,2,8
2020-03-24,879,Zundert,Noord-Brabant,30,Overleden,0,1
2020-03-24,880,Wormerland,Noord-Holland,27,Totaal,0,2
2020-03-24,880,Wormerland,Noord-Holland,27,Ziekenhuisopname,0,1
2020-03-24,880,Wormerland,Noord-Holland,27,Overleden,0,0
2020-03-24,882,Landgraaf,Limburg,31,Totaal,7,18
2020-03-24,882,Landgraaf,Limburg,31,Ziekenhuisopname,0,4
2020-03-24,882,Landgraaf,Limburg,31,Overleden,0,1
2020-03-24,888,Beek,Limburg,31,Totaal,4,9
2020-03-24,888,Beek,Limburg,31,Ziekenhuisopname,0,0
2020-03-24,888,Beek,Limburg,31,Overleden,0,0
2020-03-24,889,Beesel,Limburg,31,Totaal,1,6
2020-03-24,889,Beesel,Limburg,31,Ziekenhuisopname,1,3
2020-03-24,889,Beesel,Limburg,31,Overleden,0,0
2020-03-24,893,Bergen (L.),Limburg,31,Totaal,0,1
2020-03-24,893,Bergen (L.),Limburg,31,Ziekenhuisopname,0,0
2020-03-24,893,Bergen (L.),Limburg,31,Overleden,0,0
2020-03-24,899,Brunssum,Limburg,31,Totaal,9,17
2020-03-24,899,Brunssum,Limburg,31,Ziekenhuisopname,1,4
2020-03-24,899,Brunssum,Limburg,31,Overleden,0,2
2020-03-24,907,Gennep,Limburg,31,Totaal,0,7
2020-03-24,907,Gennep,Limburg,31,Ziekenhuisopname,0,2
2020-03-24,907,Gennep,Limburg,31,Overleden,0,1
2020-03-24,917,Heerlen,Limburg,31,Totaal,17,46
2020-03-24,917,Heerlen,Limburg,31,Ziekenhuisopname,3,17
2020-03-24,917,Heerlen,Limburg,31,Overleden,1,8
2020-03-24,928,Kerkrade,Limburg,31,Totaal,9,17
2020-03-24,928,Kerkrade,Limburg,31,Ziekenhuisopname,1,4
2020-03-24,928,Kerkrade,Limburg,31,Overleden,1,2
2020-03-24,935,Maastricht,Limburg,31,Totaal,34,94
2020-03-24,935,Maastricht,Limburg,31,Ziekenhuisopname,6,17
2020-03-24,935,Maastricht,Limburg,31,Overleden,0,4
2020-03-24,938,Meerssen,Limburg,31,Totaal,5,8
2020-03-24,938,Meerssen,Limburg,31,Ziekenhuisopname,1,1
2020-03-24,938,Meerssen,Limburg,31,Overleden,0,2
2020-03-24,944,Mook en Middelaar,Limburg,31,Totaal,2,5
2020-03-24,944,Mook en Middelaar,Limburg,31,Ziekenhuisopname,0,0
2020-03-24,944,Mook en Middelaar,Limburg,31,Overleden,0,0
2020-03-24,946,Nederweert,Limburg,31,Totaal,2,11
2020-03-24,946,Nederweert,Limburg,31,Ziekenhuisopname,2,9
2020-03-24,946,Nederweert,Limburg,31,Overleden,0,0
2020-03-24,957,Roermond,Limburg,31,Totaal,3,26
2020-03-24,957,Roermond,Limburg,31,Ziekenhuisopname,5,14
2020-03-24,957,Roermond,Limburg,31,Overleden,2,3
2020-03-24,965,Simpelveld,Limburg,31,Totaal,2,7
2020-03-24,965,Simpelveld,Limburg,31,Ziekenhuisopname,0,1
2020-03-24,965,Simpelveld,Limburg,31,Overleden,0,0
2020-03-24,971,Stein,Limburg,31,Totaal,15,24
2020-03-24,971,Stein,Limburg,31,Ziekenhuisopname,2,6
2020-03-24,971,Stein,Limburg,31,Overleden,0,0
2020-03-24,981,Vaals,Limburg,31,Totaal,3,3
2020-03-24,981,Vaals,Limburg,31,Ziekenhuisopname,0,0
2020-03-24,981,Vaals,Limburg,31,Overleden,0,0
2020-03-24,983,Venlo,Limburg,31,Totaal,5,40
2020-03-24,983,Venlo,Limburg,31,Ziekenhuisopname,2,23
2020-03-24,983,Venlo,Limburg,31,Overleden,0,2
2020-03-24,984,Venray,Limburg,31,Totaal,3,13
2020-03-24,984,Venray,Limburg,31,Ziekenhuisopname,1,5
2020-03-24,984,Venray,Limburg,31,Overleden,0,1
2020-03-24,986,Voerendaal,Limburg,31,Totaal,1,5
2020-03-24,986,Voerendaal,Limburg,31,Ziekenhuisopname,0,1
2020-03-24,986,Voerendaal,Limburg,31,Overleden,0,1
2020-03-24,988,Weert,Limburg,31,Totaal,5,17
2020-03-24,988,Weert,Limburg,31,Ziekenhuisopname,4,9
2020-03-24,988,Weert,Limburg,31,Overleden,0,2
2020-03-24,994,Valkenburg aan de Geul,Limburg,31,Totaal,4,8
2020-03-24,994,Valkenburg aan de Geul,Limburg,31,Ziekenhuisopname,0,0
2020-03-24,994,Valkenburg aan de Geul,Limburg,31,Overleden,0,0
2020-03-24,995,Lelystad,Flevoland,24,Totaal,3,24
2020-03-24,995,Lelystad,Flevoland,24,Ziekenhuisopname,3,17
2020-03-24,995,Lelystad,Flevoland,24,Overleden,1,2
2020-03-24,1507,Horst aan de Maas,Limburg,31,Totaal,1,17
2020-03-24,1507,Horst aan de Maas,Limburg,31,Ziekenhuisopname,1,10
2020-03-24,1507,Horst aan de Maas,Limburg,31,Overleden,1,2
2020-03-24,1509,Oude IJsselstreek,Gelderland,25,Totaal,0,4
2020-03-24,1509,Oude IJsselstreek,Gelderland,25,Ziekenhuisopname,0,1
2020-03-24,1509,Oude IJsselstreek,Gelderland,25,Overleden,0,0
2020-03-24,1525,Teylingen,Zuid-Holland,28,Totaal,0,7
2020-03-24,1525,Teylingen,Zuid-Holland,28,Ziekenhuisopname,0,2
2020-03-24,1525,Teylingen,Zuid-Holland,28,Overleden,0,0
2020-03-24,1581,Utrechtse Heuvelrug,Utrecht,26,Totaal,0,14
2020-03-24,1581,Utrechtse Heuvelrug,Utrecht,26,Ziekenhuisopname,0,1
2020-03-24,1581,Utrechtse Heuvelrug,Utrecht,26,Overleden,0,0
2020-03-24,1586,Oost Gelre,Gelderland,25,Totaal,5,7
2020-03-24,1586,Oost Gelre,Gelderland,25,Ziekenhuisopname,1,2
2020-03-24,1586,Oost Gelre,Gelderland,25,Overleden,0,0
2020-03-24,1598,Koggenland,Noord-Holland,27,Totaal,0,4
2020-03-24,1598,Koggenland,Noord-Holland,27,Ziekenhuisopname,0,1
2020-03-24,1598,Koggenland,Noord-Holland,27,Overleden,0,0
2020-03-24,1621,Lansingerland,Zuid-Holland,28,Totaal,4,24
2020-03-24,1621,Lansingerland,Zuid-Holland,28,Ziekenhuisopname,1,8
2020-03-24,1621,Lansingerland,Zuid-Holland,28,Overleden,0,0
2020-03-24,1640,Leudal,Limburg,31,Totaal,3,26
2020-03-24,1640,Leudal,Limburg,31,Ziekenhuisopname,2,16
2020-03-24,1640,Leudal,Limburg,31,Overleden,1,1
2020-03-24,1641,Maasgouw,Limburg,31,Totaal,0,9
2020-03-24,1641,Maasgouw,Limburg,31,Ziekenhuisopname,0,5
2020-03-24,1641,Maasgouw,Limburg,31,Overleden,1,2
2020-03-24,1652,Gemert-Bakel,Noord-Brabant,30,Totaal,8,64
2020-03-24,1652,Gemert-Bakel,Noord-Brabant,30,Ziekenhuisopname,0,13
2020-03-24,1652,Gemert-Bakel,Noord-Brabant,30,Overleden,1,1
2020-03-24,1655,Halderberge,Noord-Brabant,30,Totaal,1,8
2020-03-24,1655,Halderberge,Noord-Brabant,30,Ziekenhuisopname,1,6
2020-03-24,1655,Halderberge,Noord-Brabant,30,Overleden,1,1
2020-03-24,1658,Heeze-Leende,Noord-Brabant,30,Totaal,1,8
2020-03-24,1658,Heeze-Leende,Noord-Brabant,30,Ziekenhuisopname,0,2
2020-03-24,1658,Heeze-Leende,Noord-Brabant,30,Overleden,0,0
2020-03-24,1659,Laarbeek,Noord-Brabant,30,Totaal,4,17
2020-03-24,1659,Laarbeek,Noord-Brabant,30,Ziekenhuisopname,1,4
2020-03-24,1659,Laarbeek,Noord-Brabant,30,Overleden,1,1
2020-03-24,1667,Reusel-De Mierden,Noord-Brabant,30,Totaal,0,1
2020-03-24,1667,Reusel-De Mierden,Noord-Brabant,30,Ziekenhuisopname,0,0
2020-03-24,1667,Reusel-De Mierden,Noord-Brabant,30,Overleden,0,0
2020-03-24,1669,Roerdalen,Limburg,31,Totaal,3,10
2020-03-24,1669,Roerdalen,Limburg,31,Ziekenhuisopname,2,6
2020-03-24,1669,Roerdalen,Limburg,31,Overleden,0,0
2020-03-24,1674,Roosendaal,Noord-Brabant,30,Totaal,2,18
2020-03-24,1674,Roosendaal,Noord-Brabant,30,Ziekenhuisopname,1,7
2020-03-24,1674,Roosendaal,Noord-Brabant,30,Overleden,0,0
2020-03-24,1676,Schouwen-Duiveland,Zeeland,29,Totaal,0,3
2020-03-24,1676,Schouwen-Duiveland,Zeeland,29,Ziekenhuisopname,0,0
2020-03-24,1676,Schouwen-Duiveland,Zeeland,29,Overleden,0,0
2020-03-24,1680,Aa en Hunze,Drenthe,22,Totaal,0,1
2020-03-24,1680,Aa en Hunze,Drenthe,22,Ziekenhuisopname,0,0
2020-03-24,1680,Aa en Hunze,Drenthe,22,Overleden,0,0
2020-03-24,1681,Borger-Odoorn,Drenthe,22,Totaal,0,0
2020-03-24,1681,Borger-Odoorn,Drenthe,22,Ziekenhuisopname,0,0
2020-03-24,1681,Borger-Odoorn,Drenthe,22,Overleden,0,0
2020-03-24,1684,Cuijk,Noord-Brabant,30,Totaal,1,6
2020-03-24,1684,Cuijk,Noord-Brabant,30,Ziekenhuisopname,0,0
2020-03-24,1684,Cuijk,Noord-Brabant,30,Overleden,0,0
2020-03-24,1685,Landerd,Noord-Brabant,30,Totaal,2,25
2020-03-24,1685,Landerd,Noord-Brabant,30,Ziekenhuisopname,1,7
2020-03-24,1685,Landerd,Noord-Brabant,30,Overleden,0,2
2020-03-24,1690,De Wolden,Drenthe,22,Totaal,0,3
2020-03-24,1690,De Wolden,Drenthe,22,Ziekenhuisopname,0,1
2020-03-24,1690,De Wolden,Drenthe,22,Overleden,0,0
2020-03-24,1695,Noord-Beveland,Zeeland,29,Totaal,1,1
2020-03-24,1695,Noord-Beveland,Zeeland,29,Ziekenhuisopname,0,0
2020-03-24,1695,Noord-Beveland,Zeeland,29,Overleden,0,0
2020-03-24,1696,Wijdemeren,Noord-Holland,27,Totaal,0,1
2020-03-24,1696,Wijdemeren,Noord-Holland,27,Ziekenhuisopname,0,1
2020-03-24,1696,Wijdemeren,Noord-Holland,27,Overleden,0,0
2020-03-24,1699,Noordenveld,Drenthe,22,Totaal,0,1
2020-03-24,1699,Noordenveld,Drenthe,22,Ziekenhuisopname,0,1
2020-03-24,1699,Noordenveld,Drenthe,22,Overleden,0,1
2020-03-24,1700,Twenterand,Overijssel,23,Totaal,1,3
2020-03-24,1700,Twenterand,Overijssel,23,Ziekenhuisopname,0,2
2020-03-24,1700,Twenterand,Overijssel,23,Overleden,0,0
2020-03-24,1701,Westerveld,Drenthe,22,Totaal,0,2
2020-03-24,1701,Westerveld,Drenthe,22,Ziekenhuisopname,0,1
2020-03-24,1701,Westerveld,Drenthe,22,Overleden,0,1
2020-03-24,1702,Sint Anthonis,Noord-Brabant,30,Totaal,0,13
2020-03-24,1702,Sint Anthonis,Noord-Brabant,30,Ziekenhuisopname,1,3
2020-03-24,1702,Sint Anthonis,Noord-Brabant,30,Overleden,1,1
2020-03-24,1705,Lingewaard,Gelderland,25,Totaal,1,11
2020-03-24,1705,Lingewaard,Gelderland,25,Ziekenhuisopname,1,5
2020-03-24,1705,Lingewaard,Gelderland,25,Overleden,0,0
2020-03-24,1706,Cranendonck,Noord-Brabant,30,Totaal,4,23
2020-03-24,1706,Cranendonck,Noord-Brabant,30,Ziekenhuisopname,0,0
2020-03-24,1706,Cranendonck,Noord-Brabant,30,Overleden,0,2
2020-03-24,1708,Steenwijkerland,Overijssel,23,Totaal,1,5
2020-03-24,1708,Steenwijkerland,Overijssel,23,Ziekenhuisopname,2,3
2020-03-24,1708,Steenwijkerland,Overijssel,23,Overleden,0,0
2020-03-24,1709,Moerdijk,Noord-Brabant,30,Totaal,1,4
2020-03-24,1709,Moerdijk,Noord-Brabant,30,Ziekenhuisopname,1,2
2020-03-24,1709,Moerdijk,Noord-Brabant,30,Overleden,0,0
2020-03-24,1711,Echt-Susteren,Limburg,31,Totaal,2,17
2020-03-24,1711,Echt-Susteren,Limburg,31,Ziekenhuisopname,1,12
2020-03-24,1711,Echt-Susteren,Limburg,31,Overleden,0,4
2020-03-24,1714,Sluis,Zeeland,29,Totaal,1,5
2020-03-24,1714,Sluis,Zeeland,29,Ziekenhuisopname,0,3
2020-03-24,1714,Sluis,Zeeland,29,Overleden,1,2
2020-03-24,1719,Drimmelen,Noord-Brabant,30,Totaal,1,17
2020-03-24,1719,Drimmelen,Noord-Brabant,30,Ziekenhuisopname,1,7
2020-03-24,1719,Drimmelen,Noord-Brabant,30,Overleden,0,0
2020-03-24,1721,Bernheze,Noord-Brabant,30,Totaal,5,67
2020-03-24,1721,Bernheze,Noord-Brabant,30,Ziekenhuisopname,0,12
2020-03-24,1721,Bernheze,Noord-Brabant,30,Overleden,0,3
2020-03-24,1723,Alphen-Chaam,Noord-Brabant,30,Totaal,1,16
2020-03-24,1723,Alphen-Chaam,Noord-Brabant,30,Ziekenhuisopname,1,6
2020-03-24,1723,Alphen-Chaam,Noord-Brabant,30,Overleden,0,0
2020-03-24,1724,Bergeijk,Noord-Brabant,30,Totaal,2,5
2020-03-24,1724,Bergeijk,Noord-Brabant,30,Ziekenhuisopname,0,0
2020-03-24,1724,Bergeijk,Noord-Brabant,30,Overleden,0,0
2020-03-24,1728,Bladel,Noord-Brabant,30,Totaal,2,14
2020-03-24,1728,Bladel,Noord-Brabant,30,Ziekenhuisopname,0,4
2020-03-24,1728,Bladel,Noord-Brabant,30,Overleden,0,2
2020-03-24,1729,Gulpen-Wittem,Limburg,31,Totaal,2,4
2020-03-24,1729,Gulpen-Wittem,Limburg,31,Ziekenhuisopname,0,0
2020-03-24,1729,Gulpen-Wittem,Limburg,31,Overleden,0,0
2020-03-24,1730,Tynaarlo,Drenthe,22,Totaal,2,11
2020-03-24,1730,Tynaarlo,Drenthe,22,Ziekenhuisopname,1,2
2020-03-24,1730,Tynaarlo,Drenthe,22,Overleden,0,0
2020-03-24,1731,Midden-Drenthe,Drenthe,22,Totaal,0,1
2020-03-24,1731,Midden-Drenthe,Drenthe,22,Ziekenhuisopname,0,0
2020-03-24,1731,Midden-Drenthe,Drenthe,22,Overleden,0,0
2020-03-24,1734,Overbetuwe,Gelderland,25,Totaal,3,33
2020-03-24,1734,Overbetuwe,Gelderland,25,Ziekenhuisopname,3,17
2020-03-24,1734,Overbetuwe,Gelderland,25,Overleden,1,2
2020-03-24,1735,Hof van Twente,Overijssel,23,Totaal,0,5
2020-03-24,1735,Hof van Twente,Overijssel,23,Ziekenhuisopname,0,1
2020-03-24,1735,Hof van Twente,Overijssel,23,Overleden,0,1
2020-03-24,1740,Neder-Betuwe,Gelderland,25,Totaal,2,11
2020-03-24,1740,Neder-Betuwe,Gelderland,25,Ziekenhuisopname,2,8
2020-03-24,1740,Neder-Betuwe,Gelderland,25,Overleden,0,1
2020-03-24,1742,Rijssen-Holten,Overijssel,23,Totaal,0,4
2020-03-24,1742,Rijssen-Holten,Overijssel,23,Ziekenhuisopname,1,1
2020-03-24,1742,Rijssen-Holten,Overijssel,23,Overleden,0,0
2020-03-24,1771,Geldrop-Mierlo,Noord-Brabant,30,Totaal,1,9
2020-03-24,1771,Geldrop-Mierlo,Noord-Brabant,30,Ziekenhuisopname,0,2
2020-03-24,1771,Geldrop-Mierlo,Noord-Brabant,30,Overleden,0,1
2020-03-24,1773,Olst-Wijhe,Overijssel,23,Totaal,2,4
2020-03-24,1773,Olst-Wijhe,Overijssel,23,Ziekenhuisopname,0,1
2020-03-24,1773,Olst-Wijhe,Overijssel,23,Overleden,0,0
2020-03-24,1774,Dinkelland,Overijssel,23,Totaal,2,17
2020-03-24,1774,Dinkelland,Overijssel,23,Ziekenhuisopname,1,4
2020-03-24,1774,Dinkelland,Overijssel,23,Overleden,0,1
2020-03-24,1783,Westland,Zuid-Holland,28,Totaal,4,25
2020-03-24,1783,Westland,Zuid-Holland,28,Ziekenhuisopname,5,11
2020-03-24,1783,Westland,Zuid-Holland,28,Overleden,0,0
2020-03-24,1842,Midden-Delfland,Zuid-Holland,28,Totaal,0,2
2020-03-24,1842,Midden-Delfland,Zuid-Holland,28,Ziekenhuisopname,0,0
2020-03-24,1842,Midden-Delfland,Zuid-Holland,28,Overleden,0,0
2020-03-24,1859,Berkelland,Gelderland,25,Totaal,0,3
2020-03-24,1859,Berkelland,Gelderland,25,Ziekenhuisopname,0,1
2020-03-24,1859,Berkelland,Gelderland,25,Overleden,0,0
2020-03-24,1876,Bronckhorst,Gelderland,25,Totaal,1,7
2020-03-24,1876,Bronckhorst,Gelderland,25,Ziekenhuisopname,0,1
2020-03-24,1876,Bronckhorst,Gelderland,25,Overleden,0,0
2020-03-24,1883,Sittard-Geleen,Limburg,31,Totaal,23,85
2020-03-24,1883,Sittard-Geleen,Limburg,31,Ziekenhuisopname,4,15
2020-03-24,1883,Sittard-Geleen,Limburg,31,Overleden,0,10
2020-03-24,1884,Kaag en Braassem,Zuid-Holland,28,Totaal,2,4
2020-03-24,1884,Kaag en Braassem,Zuid-Holland,28,Ziekenhuisopname,0,1
2020-03-24,1884,Kaag en Braassem,Zuid-Holland,28,Overleden,0,0
2020-03-24,1891,Dantumadiel,Friesland,21,Totaal,0,0
2020-03-24,1891,Dantumadiel,Friesland,21,Ziekenhuisopname,0,0
2020-03-24,1891,Dantumadiel,Friesland,21,Overleden,0,0
2020-03-24,1892,Zuidplas,Zuid-Holland,28,Totaal,0,3
2020-03-24,1892,Zuidplas,Zuid-Holland,28,Ziekenhuisopname,0,1
2020-03-24,1892,Zuidplas,Zuid-Holland,28,Overleden,0,0
2020-03-24,1894,Peel en Maas,Limburg,31,Totaal,10,80
2020-03-24,1894,Peel en Maas,Limburg,31,Ziekenhuisopname,12,49
2020-03-24,1894,Peel en Maas,Limburg,31,Overleden,4,8
2020-03-24,1895,Oldambt,Groningen,20,Totaal,0,0
2020-03-24,1895,Oldambt,Groningen,20,Ziekenhuisopname,0,0
2020-03-24,1895,Oldambt,Groningen,20,Overleden,0,0
2020-03-24,1896,Zwartewaterland,Overijssel,23,Totaal,3,22
2020-03-24,1896,Zwartewaterland,Overijssel,23,Ziekenhuisopname,0,6
2020-03-24,1896,Zwartewaterland,Overijssel,23,Overleden,1,3
2020-03-24,1900,Sdwest-Frysln,Friesland,21,Totaal,1,6
2020-03-24,1900,Sdwest-Frysln,Friesland,21,Ziekenhuisopname,1,4
2020-03-24,1900,Sdwest-Frysln,Friesland,21,Overleden,0,0
2020-03-24,1901,Bodegraven-Reeuwijk,Zuid-Holland,28,Totaal,0,5
2020-03-24,1901,Bodegraven-Reeuwijk,Zuid-Holland,28,Ziekenhuisopname,0,1
2020-03-24,1901,Bodegraven-Reeuwijk,Zuid-Holland,28,Overleden,0,0
2020-03-24,1903,Eijsden-Margraten,Limburg,31,Totaal,8,15
2020-03-24,1903,Eijsden-Margraten,Limburg,31,Ziekenhuisopname,1,1
2020-03-24,1903,Eijsden-Margraten,Limburg,31,Overleden,0,0
2020-03-24,1904,Stichtse Vecht,Utrecht,26,Totaal,3,16
2020-03-24,1904,Stichtse Vecht,Utrecht,26,Ziekenhuisopname,1,3
2020-03-24,1904,Stichtse Vecht,Utrecht,26,Overleden,1,1
2020-03-24,1911,Hollands Kroon,Noord-Holland,27,Totaal,2,10
2020-03-24,1911,Hollands Kroon,Noord-Holland,27,Ziekenhuisopname,2,6
2020-03-24,1911,Hollands Kroon,Noord-Holland,27,Overleden,0,0
2020-03-24,1916,Leidschendam-Voorburg,Zuid-Holland,28,Totaal,3,13
2020-03-24,1916,Leidschendam-Voorburg,Zuid-Holland,28,Ziekenhuisopname,1,4
2020-03-24,1916,Leidschendam-Voorburg,Zuid-Holland,28,Overleden,0,0
2020-03-24,1924,Goeree-Overflakkee,Zuid-Holland,28,Totaal,7,43
2020-03-24,1924,Goeree-Overflakkee,Zuid-Holland,28,Ziekenhuisopname,0,6
2020-03-24,1924,Goeree-Overflakkee,Zuid-Holland,28,Overleden,0,0
2020-03-24,1926,Pijnacker-Nootdorp,Zuid-Holland,28,Totaal,2,14
2020-03-24,1926,Pijnacker-Nootdorp,Zuid-Holland,28,Ziekenhuisopname,1,3
2020-03-24,1926,Pijnacker-Nootdorp,Zuid-Holland,28,Overleden,0,0
2020-03-24,1930,Nissewaard,Zuid-Holland,28,Totaal,2,17
2020-03-24,1930,Nissewaard,Zuid-Holland,28,Ziekenhuisopname,0,6
2020-03-24,1930,Nissewaard,Zuid-Holland,28,Overleden,0,3
2020-03-24,1931,Krimpenerwaard,Zuid-Holland,28,Totaal,1,12
2020-03-24,1931,Krimpenerwaard,Zuid-Holland,28,Ziekenhuisopname,1,8
2020-03-24,1931,Krimpenerwaard,Zuid-Holland,28,Overleden,0,0
2020-03-24,1940,De Fryske Marren,Friesland,21,Totaal,0,8
2020-03-24,1940,De Fryske Marren,Friesland,21,Ziekenhuisopname,0,3
2020-03-24,1940,De Fryske Marren,Friesland,21,Overleden,0,0
2020-03-24,1942,Gooise Meren,Noord-Holland,27,Totaal,1,12
2020-03-24,1942,Gooise Meren,Noord-Holland,27,Ziekenhuisopname,1,2
2020-03-24,1942,Gooise Meren,Noord-Holland,27,Overleden,0,0
2020-03-24,1945,Berg en Dal,Gelderland,25,Totaal,0,29
2020-03-24,1945,Berg en Dal,Gelderland,25,Ziekenhuisopname,0,3
2020-03-24,1945,Berg en Dal,Gelderland,25,Overleden,1,1
2020-03-24,1948,Meierijstad,Noord-Brabant,30,Totaal,12,139
2020-03-24,1948,Meierijstad,Noord-Brabant,30,Ziekenhuisopname,1,30
2020-03-24,1948,Meierijstad,Noord-Brabant,30,Overleden,4,23
2020-03-24,1949,Waadhoeke,Friesland,21,Totaal,0,0
2020-03-24,1949,Waadhoeke,Friesland,21,Ziekenhuisopname,0,0
2020-03-24,1949,Waadhoeke,Friesland,21,Overleden,0,0
2020-03-24,1950,Westerwolde,Groningen,20,Totaal,0,0
2020-03-24,1950,Westerwolde,Groningen,20,Ziekenhuisopname,0,0
2020-03-24,1950,Westerwolde,Groningen,20,Overleden,0,0
2020-03-24,1952,Midden-Groningen,Groningen,20,Totaal,0,2
2020-03-24,1952,Midden-Groningen,Groningen,20,Ziekenhuisopname,0,0
2020-03-24,1952,Midden-Groningen,Groningen,20,Overleden,0,0
2020-03-24,1954,Beekdaelen,Limburg,31,Totaal,9,29
2020-03-24,1954,Beekdaelen,Limburg,31,Ziekenhuisopname,4,11
2020-03-24,1954,Beekdaelen,Limburg,31,Overleden,0,4
2020-03-24,1955,Montferland,Gelderland,25,Totaal,0,3
2020-03-24,1955,Montferland,Gelderland,25,Ziekenhuisopname,0,1
2020-03-24,1955,Montferland,Gelderland,25,Overleden,0,0
2020-03-24,1959,Altena,Noord-Brabant,30,Totaal,3,29
2020-03-24,1959,Altena,Noord-Brabant,30,Ziekenhuisopname,1,9
2020-03-24,1959,Altena,Noord-Brabant,30,Overleden,0,0
2020-03-24,1960,West Betuwe,Gelderland,25,Totaal,2,17
2020-03-24,1960,West Betuwe,Gelderland,25,Ziekenhuisopname,1,3
2020-03-24,1960,West Betuwe,Gelderland,25,Overleden,0,0
2020-03-24,1961,Vijfheerenlanden,Utrecht,26,Totaal,6,18
2020-03-24,1961,Vijfheerenlanden,Utrecht,26,Ziekenhuisopname,1,4
2020-03-24,1961,Vijfheerenlanden,Utrecht,26,Overleden,0,0
2020-03-24,1963,Hoeksche Waard,Zuid-Holland,28,Totaal,7,34
2020-03-24,1963,Hoeksche Waard,Zuid-Holland,28,Ziekenhuisopname,0,7
2020-03-24,1963,Hoeksche Waard,Zuid-Holland,28,Overleden,0,2
2020-03-24,1966,Het Hogeland,Groningen,20,Totaal,0,1
2020-03-24,1966,Het Hogeland,Groningen,20,Ziekenhuisopname,0,0
2020-03-24,1966,Het Hogeland,Groningen,20,Overleden,0,0
2020-03-24,1969,Westerkwartier,Groningen,20,Totaal,0,9
2020-03-24,1969,Westerkwartier,Groningen,20,Ziekenhuisopname,0,2
2020-03-24,1969,Westerkwartier,Groningen,20,Overleden,0,0
2020-03-24,1970,Noardeast-Frysln,Friesland,21,Totaal,1,3
2020-03-24,1970,Noardeast-Frysln,Friesland,21,Ziekenhuisopname,1,2
2020-03-24,1970,Noardeast-Frysln,Friesland,21,Overleden,0,0
2020-03-24,1978,Molenlanden,Zuid-Holland,28,Totaal,3,14
2020-03-24,1978,Molenlanden,Zuid-Holland,28,Ziekenhuisopname,1,1
2020-03-24,1978,Molenlanden,Zuid-Holland,28,Overleden,0,0
