Datum,Gemeentecode,Gemeentenaam,Provincienaam,Provinciecode,Type,Aantal,AantalCumulatief
2020-04-09,-1,,,-1,Totaal,28,310
2020-04-09,-1,,,-1,Ziekenhuisopname,4,68
2020-04-09,-1,,,-1,Overleden,,
2020-04-09,3,Appingedam,Groningen,20,Totaal,0,2
2020-04-09,3,Appingedam,Groningen,20,Ziekenhuisopname,0,2
2020-04-09,3,Appingedam,Groningen,20,Overleden,,
2020-04-09,10,Delfzijl,Groningen,20,Totaal,1,13
2020-04-09,10,Delfzijl,Groningen,20,Ziekenhuisopname,0,5
2020-04-09,10,Delfzijl,Groningen,20,Overleden,,
2020-04-09,14,Groningen,Groningen,20,Totaal,1,120
2020-04-09,14,Groningen,Groningen,20,Ziekenhuisopname,0,14
2020-04-09,14,Groningen,Groningen,20,Overleden,,
2020-04-09,24,Loppersum,Groningen,20,Totaal,0,2
2020-04-09,24,Loppersum,Groningen,20,Ziekenhuisopname,0,0
2020-04-09,24,Loppersum,Groningen,20,Overleden,,
2020-04-09,34,Almere,Flevoland,24,Totaal,6,137
2020-04-09,34,Almere,Flevoland,24,Ziekenhuisopname,1,84
2020-04-09,34,Almere,Flevoland,24,Overleden,,
2020-04-09,37,Stadskanaal,Groningen,20,Totaal,0,2
2020-04-09,37,Stadskanaal,Groningen,20,Ziekenhuisopname,0,1
2020-04-09,37,Stadskanaal,Groningen,20,Overleden,,
2020-04-09,47,Veendam,Groningen,20,Totaal,0,5
2020-04-09,47,Veendam,Groningen,20,Ziekenhuisopname,0,1
2020-04-09,47,Veendam,Groningen,20,Overleden,,
2020-04-09,50,Zeewolde,Flevoland,24,Totaal,1,16
2020-04-09,50,Zeewolde,Flevoland,24,Ziekenhuisopname,0,6
2020-04-09,50,Zeewolde,Flevoland,24,Overleden,,
2020-04-09,59,Achtkarspelen,Friesland,21,Totaal,0,5
2020-04-09,59,Achtkarspelen,Friesland,21,Ziekenhuisopname,0,0
2020-04-09,59,Achtkarspelen,Friesland,21,Overleden,,
2020-04-09,60,Ameland,Friesland,21,Totaal,0,0
2020-04-09,60,Ameland,Friesland,21,Ziekenhuisopname,0,0
2020-04-09,60,Ameland,Friesland,21,Overleden,,
2020-04-09,72,Harlingen,Friesland,21,Totaal,2,7
2020-04-09,72,Harlingen,Friesland,21,Ziekenhuisopname,0,2
2020-04-09,72,Harlingen,Friesland,21,Overleden,,
2020-04-09,74,Heerenveen,Friesland,21,Totaal,11,43
2020-04-09,74,Heerenveen,Friesland,21,Ziekenhuisopname,1,11
2020-04-09,74,Heerenveen,Friesland,21,Overleden,,
2020-04-09,80,Leeuwarden,Friesland,21,Totaal,0,42
2020-04-09,80,Leeuwarden,Friesland,21,Ziekenhuisopname,0,29
2020-04-09,80,Leeuwarden,Friesland,21,Overleden,,
2020-04-09,85,Ooststellingwerf,Friesland,21,Totaal,0,2
2020-04-09,85,Ooststellingwerf,Friesland,21,Ziekenhuisopname,0,1
2020-04-09,85,Ooststellingwerf,Friesland,21,Overleden,,
2020-04-09,86,Opsterland,Friesland,21,Totaal,2,13
2020-04-09,86,Opsterland,Friesland,21,Ziekenhuisopname,0,5
2020-04-09,86,Opsterland,Friesland,21,Overleden,,
2020-04-09,88,Schiermonnikoog,Friesland,21,Totaal,0,0
2020-04-09,88,Schiermonnikoog,Friesland,21,Ziekenhuisopname,0,0
2020-04-09,88,Schiermonnikoog,Friesland,21,Overleden,,
2020-04-09,90,Smallingerland,Friesland,21,Totaal,3,19
2020-04-09,90,Smallingerland,Friesland,21,Ziekenhuisopname,0,6
2020-04-09,90,Smallingerland,Friesland,21,Overleden,,
2020-04-09,93,Terschelling,Friesland,21,Totaal,0,1
2020-04-09,93,Terschelling,Friesland,21,Ziekenhuisopname,0,0
2020-04-09,93,Terschelling,Friesland,21,Overleden,,
2020-04-09,96,Vlieland,Friesland,21,Totaal,0,0
2020-04-09,96,Vlieland,Friesland,21,Ziekenhuisopname,0,0
2020-04-09,96,Vlieland,Friesland,21,Overleden,,
2020-04-09,98,Weststellingwerf,Friesland,21,Totaal,3,8
2020-04-09,98,Weststellingwerf,Friesland,21,Ziekenhuisopname,0,2
2020-04-09,98,Weststellingwerf,Friesland,21,Overleden,,
2020-04-09,106,Assen,Drenthe,22,Totaal,4,26
2020-04-09,106,Assen,Drenthe,22,Ziekenhuisopname,0,9
2020-04-09,106,Assen,Drenthe,22,Overleden,,
2020-04-09,109,Coevorden,Drenthe,22,Totaal,2,33
2020-04-09,109,Coevorden,Drenthe,22,Ziekenhuisopname,0,9
2020-04-09,109,Coevorden,Drenthe,22,Overleden,,
2020-04-09,114,Emmen,Drenthe,22,Totaal,3,39
2020-04-09,114,Emmen,Drenthe,22,Ziekenhuisopname,0,13
2020-04-09,114,Emmen,Drenthe,22,Overleden,,
2020-04-09,118,Hoogeveen,Drenthe,22,Totaal,4,31
2020-04-09,118,Hoogeveen,Drenthe,22,Ziekenhuisopname,0,10
2020-04-09,118,Hoogeveen,Drenthe,22,Overleden,,
2020-04-09,119,Meppel,Drenthe,22,Totaal,0,21
2020-04-09,119,Meppel,Drenthe,22,Ziekenhuisopname,0,5
2020-04-09,119,Meppel,Drenthe,22,Overleden,,
2020-04-09,141,Almelo,Overijssel,23,Totaal,4,51
2020-04-09,141,Almelo,Overijssel,23,Ziekenhuisopname,1,16
2020-04-09,141,Almelo,Overijssel,23,Overleden,,
2020-04-09,147,Borne,Overijssel,23,Totaal,0,34
2020-04-09,147,Borne,Overijssel,23,Ziekenhuisopname,0,13
2020-04-09,147,Borne,Overijssel,23,Overleden,,
2020-04-09,148,Dalfsen,Overijssel,23,Totaal,1,38
2020-04-09,148,Dalfsen,Overijssel,23,Ziekenhuisopname,0,15
2020-04-09,148,Dalfsen,Overijssel,23,Overleden,,
2020-04-09,150,Deventer,Overijssel,23,Totaal,2,89
2020-04-09,150,Deventer,Overijssel,23,Ziekenhuisopname,0,32
2020-04-09,150,Deventer,Overijssel,23,Overleden,,
2020-04-09,153,Enschede,Overijssel,23,Totaal,2,119
2020-04-09,153,Enschede,Overijssel,23,Ziekenhuisopname,1,43
2020-04-09,153,Enschede,Overijssel,23,Overleden,,
2020-04-09,158,Haaksbergen,Overijssel,23,Totaal,1,25
2020-04-09,158,Haaksbergen,Overijssel,23,Ziekenhuisopname,1,12
2020-04-09,158,Haaksbergen,Overijssel,23,Overleden,,
2020-04-09,160,Hardenberg,Overijssel,23,Totaal,10,84
2020-04-09,160,Hardenberg,Overijssel,23,Ziekenhuisopname,1,17
2020-04-09,160,Hardenberg,Overijssel,23,Overleden,,
2020-04-09,163,Hellendoorn,Overijssel,23,Totaal,1,37
2020-04-09,163,Hellendoorn,Overijssel,23,Ziekenhuisopname,0,7
2020-04-09,163,Hellendoorn,Overijssel,23,Overleden,,
2020-04-09,164,Hengelo,Overijssel,23,Totaal,3,72
2020-04-09,164,Hengelo,Overijssel,23,Ziekenhuisopname,0,14
2020-04-09,164,Hengelo,Overijssel,23,Overleden,,
2020-04-09,166,Kampen,Overijssel,23,Totaal,8,150
2020-04-09,166,Kampen,Overijssel,23,Ziekenhuisopname,1,47
2020-04-09,166,Kampen,Overijssel,23,Overleden,,
2020-04-09,168,Losser,Overijssel,23,Totaal,2,13
2020-04-09,168,Losser,Overijssel,23,Ziekenhuisopname,0,6
2020-04-09,168,Losser,Overijssel,23,Overleden,,
2020-04-09,171,Noordoostpolder,Flevoland,24,Totaal,1,20
2020-04-09,171,Noordoostpolder,Flevoland,24,Ziekenhuisopname,0,8
2020-04-09,171,Noordoostpolder,Flevoland,24,Overleden,,
2020-04-09,173,Oldenzaal,Overijssel,23,Totaal,1,30
2020-04-09,173,Oldenzaal,Overijssel,23,Ziekenhuisopname,0,13
2020-04-09,173,Oldenzaal,Overijssel,23,Overleden,,
2020-04-09,175,Ommen,Overijssel,23,Totaal,1,27
2020-04-09,175,Ommen,Overijssel,23,Ziekenhuisopname,0,7
2020-04-09,175,Ommen,Overijssel,23,Overleden,,
2020-04-09,177,Raalte,Overijssel,23,Totaal,1,40
2020-04-09,177,Raalte,Overijssel,23,Ziekenhuisopname,0,20
2020-04-09,177,Raalte,Overijssel,23,Overleden,,
2020-04-09,180,Staphorst,Overijssel,23,Totaal,2,27
2020-04-09,180,Staphorst,Overijssel,23,Ziekenhuisopname,0,4
2020-04-09,180,Staphorst,Overijssel,23,Overleden,,
2020-04-09,183,Tubbergen,Overijssel,23,Totaal,1,51
2020-04-09,183,Tubbergen,Overijssel,23,Ziekenhuisopname,0,10
2020-04-09,183,Tubbergen,Overijssel,23,Overleden,,
2020-04-09,184,Urk,Flevoland,24,Totaal,0,28
2020-04-09,184,Urk,Flevoland,24,Ziekenhuisopname,0,18
2020-04-09,184,Urk,Flevoland,24,Overleden,,
2020-04-09,189,Wierden,Overijssel,23,Totaal,2,21
2020-04-09,189,Wierden,Overijssel,23,Ziekenhuisopname,1,4
2020-04-09,189,Wierden,Overijssel,23,Overleden,,
2020-04-09,193,Zwolle,Overijssel,23,Totaal,10,180
2020-04-09,193,Zwolle,Overijssel,23,Ziekenhuisopname,1,42
2020-04-09,193,Zwolle,Overijssel,23,Overleden,,
2020-04-09,197,Aalten,Gelderland,25,Totaal,1,18
2020-04-09,197,Aalten,Gelderland,25,Ziekenhuisopname,0,1
2020-04-09,197,Aalten,Gelderland,25,Overleden,,
2020-04-09,200,Apeldoorn,Gelderland,25,Totaal,10,133
2020-04-09,200,Apeldoorn,Gelderland,25,Ziekenhuisopname,3,33
2020-04-09,200,Apeldoorn,Gelderland,25,Overleden,,
2020-04-09,202,Arnhem,Gelderland,25,Totaal,4,115
2020-04-09,202,Arnhem,Gelderland,25,Ziekenhuisopname,1,49
2020-04-09,202,Arnhem,Gelderland,25,Overleden,,
2020-04-09,203,Barneveld,Gelderland,25,Totaal,4,57
2020-04-09,203,Barneveld,Gelderland,25,Ziekenhuisopname,1,11
2020-04-09,203,Barneveld,Gelderland,25,Overleden,,
2020-04-09,209,Beuningen,Gelderland,25,Totaal,0,36
2020-04-09,209,Beuningen,Gelderland,25,Ziekenhuisopname,0,17
2020-04-09,209,Beuningen,Gelderland,25,Overleden,,
2020-04-09,213,Brummen,Gelderland,25,Totaal,1,18
2020-04-09,213,Brummen,Gelderland,25,Ziekenhuisopname,0,8
2020-04-09,213,Brummen,Gelderland,25,Overleden,,
2020-04-09,214,Buren,Gelderland,25,Totaal,0,19
2020-04-09,214,Buren,Gelderland,25,Ziekenhuisopname,0,7
2020-04-09,214,Buren,Gelderland,25,Overleden,,
2020-04-09,216,Culemborg,Gelderland,25,Totaal,0,36
2020-04-09,216,Culemborg,Gelderland,25,Ziekenhuisopname,0,20
2020-04-09,216,Culemborg,Gelderland,25,Overleden,,
2020-04-09,221,Doesburg,Gelderland,25,Totaal,1,11
2020-04-09,221,Doesburg,Gelderland,25,Ziekenhuisopname,0,4
2020-04-09,221,Doesburg,Gelderland,25,Overleden,,
2020-04-09,222,Doetinchem,Gelderland,25,Totaal,2,42
2020-04-09,222,Doetinchem,Gelderland,25,Ziekenhuisopname,1,9
2020-04-09,222,Doetinchem,Gelderland,25,Overleden,,
2020-04-09,225,Druten,Gelderland,25,Totaal,1,38
2020-04-09,225,Druten,Gelderland,25,Ziekenhuisopname,1,17
2020-04-09,225,Druten,Gelderland,25,Overleden,,
2020-04-09,226,Duiven,Gelderland,25,Totaal,2,23
2020-04-09,226,Duiven,Gelderland,25,Ziekenhuisopname,0,9
2020-04-09,226,Duiven,Gelderland,25,Overleden,,
2020-04-09,228,Ede,Gelderland,25,Totaal,13,109
2020-04-09,228,Ede,Gelderland,25,Ziekenhuisopname,2,46
2020-04-09,228,Ede,Gelderland,25,Overleden,,
2020-04-09,230,Elburg,Gelderland,25,Totaal,6,47
2020-04-09,230,Elburg,Gelderland,25,Ziekenhuisopname,2,10
2020-04-09,230,Elburg,Gelderland,25,Overleden,,
2020-04-09,232,Epe,Gelderland,25,Totaal,1,56
2020-04-09,232,Epe,Gelderland,25,Ziekenhuisopname,0,14
2020-04-09,232,Epe,Gelderland,25,Overleden,,
2020-04-09,233,Ermelo,Gelderland,25,Totaal,0,49
2020-04-09,233,Ermelo,Gelderland,25,Ziekenhuisopname,0,15
2020-04-09,233,Ermelo,Gelderland,25,Overleden,,
2020-04-09,243,Harderwijk,Gelderland,25,Totaal,3,51
2020-04-09,243,Harderwijk,Gelderland,25,Ziekenhuisopname,1,12
2020-04-09,243,Harderwijk,Gelderland,25,Overleden,,
2020-04-09,244,Hattem,Gelderland,25,Totaal,3,28
2020-04-09,244,Hattem,Gelderland,25,Ziekenhuisopname,0,9
2020-04-09,244,Hattem,Gelderland,25,Overleden,,
2020-04-09,246,Heerde,Gelderland,25,Totaal,7,71
2020-04-09,246,Heerde,Gelderland,25,Ziekenhuisopname,1,24
2020-04-09,246,Heerde,Gelderland,25,Overleden,,
2020-04-09,252,Heumen,Gelderland,25,Totaal,1,37
2020-04-09,252,Heumen,Gelderland,25,Ziekenhuisopname,1,15
2020-04-09,252,Heumen,Gelderland,25,Overleden,,
2020-04-09,262,Lochem,Gelderland,25,Totaal,3,24
2020-04-09,262,Lochem,Gelderland,25,Ziekenhuisopname,1,6
2020-04-09,262,Lochem,Gelderland,25,Overleden,,
2020-04-09,263,Maasdriel,Gelderland,25,Totaal,0,19
2020-04-09,263,Maasdriel,Gelderland,25,Ziekenhuisopname,0,14
2020-04-09,263,Maasdriel,Gelderland,25,Overleden,,
2020-04-09,267,Nijkerk,Gelderland,25,Totaal,0,37
2020-04-09,267,Nijkerk,Gelderland,25,Ziekenhuisopname,1,19
2020-04-09,267,Nijkerk,Gelderland,25,Overleden,,
2020-04-09,268,Nijmegen,Gelderland,25,Totaal,17,336
2020-04-09,268,Nijmegen,Gelderland,25,Ziekenhuisopname,0,100
2020-04-09,268,Nijmegen,Gelderland,25,Overleden,,
2020-04-09,269,Oldebroek,Gelderland,25,Totaal,4,63
2020-04-09,269,Oldebroek,Gelderland,25,Ziekenhuisopname,1,18
2020-04-09,269,Oldebroek,Gelderland,25,Overleden,,
2020-04-09,273,Putten,Gelderland,25,Totaal,0,14
2020-04-09,273,Putten,Gelderland,25,Ziekenhuisopname,1,3
2020-04-09,273,Putten,Gelderland,25,Overleden,,
2020-04-09,274,Renkum,Gelderland,25,Totaal,3,35
2020-04-09,274,Renkum,Gelderland,25,Ziekenhuisopname,1,13
2020-04-09,274,Renkum,Gelderland,25,Overleden,,
2020-04-09,275,Rheden,Gelderland,25,Totaal,0,49
2020-04-09,275,Rheden,Gelderland,25,Ziekenhuisopname,0,29
2020-04-09,275,Rheden,Gelderland,25,Overleden,,
2020-04-09,277,Rozendaal,Gelderland,25,Totaal,0,2
2020-04-09,277,Rozendaal,Gelderland,25,Ziekenhuisopname,0,1
2020-04-09,277,Rozendaal,Gelderland,25,Overleden,,
2020-04-09,279,Scherpenzeel,Gelderland,25,Totaal,0,13
2020-04-09,279,Scherpenzeel,Gelderland,25,Ziekenhuisopname,0,2
2020-04-09,279,Scherpenzeel,Gelderland,25,Overleden,,
2020-04-09,281,Tiel,Gelderland,25,Totaal,4,50
2020-04-09,281,Tiel,Gelderland,25,Ziekenhuisopname,1,31
2020-04-09,281,Tiel,Gelderland,25,Overleden,,
2020-04-09,285,Voorst,Gelderland,25,Totaal,3,37
2020-04-09,285,Voorst,Gelderland,25,Ziekenhuisopname,1,9
2020-04-09,285,Voorst,Gelderland,25,Overleden,,
2020-04-09,289,Wageningen,Gelderland,25,Totaal,3,20
2020-04-09,289,Wageningen,Gelderland,25,Ziekenhuisopname,0,10
2020-04-09,289,Wageningen,Gelderland,25,Overleden,,
2020-04-09,293,Westervoort,Gelderland,25,Totaal,2,13
2020-04-09,293,Westervoort,Gelderland,25,Ziekenhuisopname,1,8
2020-04-09,293,Westervoort,Gelderland,25,Overleden,,
2020-04-09,294,Winterswijk,Gelderland,25,Totaal,1,10
2020-04-09,294,Winterswijk,Gelderland,25,Ziekenhuisopname,0,2
2020-04-09,294,Winterswijk,Gelderland,25,Overleden,,
2020-04-09,296,Wijchen,Gelderland,25,Totaal,5,69
2020-04-09,296,Wijchen,Gelderland,25,Ziekenhuisopname,1,35
2020-04-09,296,Wijchen,Gelderland,25,Overleden,,
2020-04-09,297,Zaltbommel,Gelderland,25,Totaal,1,30
2020-04-09,297,Zaltbommel,Gelderland,25,Ziekenhuisopname,1,15
2020-04-09,297,Zaltbommel,Gelderland,25,Overleden,,
2020-04-09,299,Zevenaar,Gelderland,25,Totaal,1,42
2020-04-09,299,Zevenaar,Gelderland,25,Ziekenhuisopname,1,28
2020-04-09,299,Zevenaar,Gelderland,25,Overleden,,
2020-04-09,301,Zutphen,Gelderland,25,Totaal,1,34
2020-04-09,301,Zutphen,Gelderland,25,Ziekenhuisopname,0,12
2020-04-09,301,Zutphen,Gelderland,25,Overleden,,
2020-04-09,302,Nunspeet,Gelderland,25,Totaal,3,87
2020-04-09,302,Nunspeet,Gelderland,25,Ziekenhuisopname,2,26
2020-04-09,302,Nunspeet,Gelderland,25,Overleden,,
2020-04-09,303,Dronten,Flevoland,24,Totaal,2,39
2020-04-09,303,Dronten,Flevoland,24,Ziekenhuisopname,2,18
2020-04-09,303,Dronten,Flevoland,24,Overleden,,
2020-04-09,307,Amersfoort,Utrecht,26,Totaal,3,103
2020-04-09,307,Amersfoort,Utrecht,26,Ziekenhuisopname,1,43
2020-04-09,307,Amersfoort,Utrecht,26,Overleden,,
2020-04-09,308,Baarn,Utrecht,26,Totaal,1,21
2020-04-09,308,Baarn,Utrecht,26,Ziekenhuisopname,0,7
2020-04-09,308,Baarn,Utrecht,26,Overleden,,
2020-04-09,310,De Bilt,Utrecht,26,Totaal,1,69
2020-04-09,310,De Bilt,Utrecht,26,Ziekenhuisopname,0,19
2020-04-09,310,De Bilt,Utrecht,26,Overleden,,
2020-04-09,312,Bunnik,Utrecht,26,Totaal,0,18
2020-04-09,312,Bunnik,Utrecht,26,Ziekenhuisopname,0,7
2020-04-09,312,Bunnik,Utrecht,26,Overleden,,
2020-04-09,313,Bunschoten,Utrecht,26,Totaal,1,20
2020-04-09,313,Bunschoten,Utrecht,26,Ziekenhuisopname,1,4
2020-04-09,313,Bunschoten,Utrecht,26,Overleden,,
2020-04-09,317,Eemnes,Utrecht,26,Totaal,0,7
2020-04-09,317,Eemnes,Utrecht,26,Ziekenhuisopname,0,1
2020-04-09,317,Eemnes,Utrecht,26,Overleden,,
2020-04-09,321,Houten,Utrecht,26,Totaal,0,71
2020-04-09,321,Houten,Utrecht,26,Ziekenhuisopname,0,17
2020-04-09,321,Houten,Utrecht,26,Overleden,,
2020-04-09,327,Leusden,Utrecht,26,Totaal,0,29
2020-04-09,327,Leusden,Utrecht,26,Ziekenhuisopname,0,7
2020-04-09,327,Leusden,Utrecht,26,Overleden,,
2020-04-09,331,Lopik,Utrecht,26,Totaal,1,26
2020-04-09,331,Lopik,Utrecht,26,Ziekenhuisopname,0,15
2020-04-09,331,Lopik,Utrecht,26,Overleden,,
2020-04-09,335,Montfoort,Utrecht,26,Totaal,1,29
2020-04-09,335,Montfoort,Utrecht,26,Ziekenhuisopname,0,12
2020-04-09,335,Montfoort,Utrecht,26,Overleden,,
2020-04-09,339,Renswoude,Utrecht,26,Totaal,1,9
2020-04-09,339,Renswoude,Utrecht,26,Ziekenhuisopname,1,4
2020-04-09,339,Renswoude,Utrecht,26,Overleden,,
2020-04-09,340,Rhenen,Utrecht,26,Totaal,0,12
2020-04-09,340,Rhenen,Utrecht,26,Ziekenhuisopname,0,3
2020-04-09,340,Rhenen,Utrecht,26,Overleden,,
2020-04-09,342,Soest,Utrecht,26,Totaal,1,54
2020-04-09,342,Soest,Utrecht,26,Ziekenhuisopname,0,17
2020-04-09,342,Soest,Utrecht,26,Overleden,,
2020-04-09,344,Utrecht,Utrecht,26,Totaal,10,480
2020-04-09,344,Utrecht,Utrecht,26,Ziekenhuisopname,3,143
2020-04-09,344,Utrecht,Utrecht,26,Overleden,,
2020-04-09,345,Veenendaal,Utrecht,26,Totaal,4,58
2020-04-09,345,Veenendaal,Utrecht,26,Ziekenhuisopname,2,24
2020-04-09,345,Veenendaal,Utrecht,26,Overleden,,
2020-04-09,351,Woudenberg,Utrecht,26,Totaal,0,18
2020-04-09,351,Woudenberg,Utrecht,26,Ziekenhuisopname,0,7
2020-04-09,351,Woudenberg,Utrecht,26,Overleden,,
2020-04-09,352,Wijk bij Duurstede,Utrecht,26,Totaal,1,16
2020-04-09,352,Wijk bij Duurstede,Utrecht,26,Ziekenhuisopname,0,8
2020-04-09,352,Wijk bij Duurstede,Utrecht,26,Overleden,,
2020-04-09,353,IJsselstein,Utrecht,26,Totaal,4,57
2020-04-09,353,IJsselstein,Utrecht,26,Ziekenhuisopname,2,28
2020-04-09,353,IJsselstein,Utrecht,26,Overleden,,
2020-04-09,355,Zeist,Utrecht,26,Totaal,2,78
2020-04-09,355,Zeist,Utrecht,26,Ziekenhuisopname,0,26
2020-04-09,355,Zeist,Utrecht,26,Overleden,,
2020-04-09,356,Nieuwegein,Utrecht,26,Totaal,1,59
2020-04-09,356,Nieuwegein,Utrecht,26,Ziekenhuisopname,3,29
2020-04-09,356,Nieuwegein,Utrecht,26,Overleden,,
2020-04-09,358,Aalsmeer,Noord-Holland,27,Totaal,1,25
2020-04-09,358,Aalsmeer,Noord-Holland,27,Ziekenhuisopname,0,8
2020-04-09,358,Aalsmeer,Noord-Holland,27,Overleden,,
2020-04-09,361,Alkmaar,Noord-Holland,27,Totaal,14,130
2020-04-09,361,Alkmaar,Noord-Holland,27,Ziekenhuisopname,3,40
2020-04-09,361,Alkmaar,Noord-Holland,27,Overleden,,
2020-04-09,362,Amstelveen,Noord-Holland,27,Totaal,11,166
2020-04-09,362,Amstelveen,Noord-Holland,27,Ziekenhuisopname,2,40
2020-04-09,362,Amstelveen,Noord-Holland,27,Overleden,,
2020-04-09,363,Amsterdam,Noord-Holland,27,Totaal,51,990
2020-04-09,363,Amsterdam,Noord-Holland,27,Ziekenhuisopname,4,344
2020-04-09,363,Amsterdam,Noord-Holland,27,Overleden,,
2020-04-09,370,Beemster,Noord-Holland,27,Totaal,1,8
2020-04-09,370,Beemster,Noord-Holland,27,Ziekenhuisopname,0,4
2020-04-09,370,Beemster,Noord-Holland,27,Overleden,,
2020-04-09,373,Bergen (NH.),Noord-Holland,27,Totaal,1,38
2020-04-09,373,Bergen (NH.),Noord-Holland,27,Ziekenhuisopname,1,16
2020-04-09,373,Bergen (NH.),Noord-Holland,27,Overleden,,
2020-04-09,375,Beverwijk,Noord-Holland,27,Totaal,3,50
2020-04-09,375,Beverwijk,Noord-Holland,27,Ziekenhuisopname,0,10
2020-04-09,375,Beverwijk,Noord-Holland,27,Overleden,,
2020-04-09,376,Blaricum,Noord-Holland,27,Totaal,0,11
2020-04-09,376,Blaricum,Noord-Holland,27,Ziekenhuisopname,0,5
2020-04-09,376,Blaricum,Noord-Holland,27,Overleden,,
2020-04-09,377,Bloemendaal,Noord-Holland,27,Totaal,1,34
2020-04-09,377,Bloemendaal,Noord-Holland,27,Ziekenhuisopname,0,5
2020-04-09,377,Bloemendaal,Noord-Holland,27,Overleden,,
2020-04-09,383,Castricum,Noord-Holland,27,Totaal,1,48
2020-04-09,383,Castricum,Noord-Holland,27,Ziekenhuisopname,0,13
2020-04-09,383,Castricum,Noord-Holland,27,Overleden,,
2020-04-09,384,Diemen,Noord-Holland,27,Totaal,0,17
2020-04-09,384,Diemen,Noord-Holland,27,Ziekenhuisopname,0,4
2020-04-09,384,Diemen,Noord-Holland,27,Overleden,,
2020-04-09,385,Edam-Volendam,Noord-Holland,27,Totaal,2,33
2020-04-09,385,Edam-Volendam,Noord-Holland,27,Ziekenhuisopname,1,17
2020-04-09,385,Edam-Volendam,Noord-Holland,27,Overleden,,
2020-04-09,388,Enkhuizen,Noord-Holland,27,Totaal,1,24
2020-04-09,388,Enkhuizen,Noord-Holland,27,Ziekenhuisopname,0,16
2020-04-09,388,Enkhuizen,Noord-Holland,27,Overleden,,
2020-04-09,392,Haarlem,Noord-Holland,27,Totaal,8,188
2020-04-09,392,Haarlem,Noord-Holland,27,Ziekenhuisopname,4,47
2020-04-09,392,Haarlem,Noord-Holland,27,Overleden,,
2020-04-09,394,Haarlemmermeer,Noord-Holland,27,Totaal,6,138
2020-04-09,394,Haarlemmermeer,Noord-Holland,27,Ziekenhuisopname,1,46
2020-04-09,394,Haarlemmermeer,Noord-Holland,27,Overleden,,
2020-04-09,396,Heemskerk,Noord-Holland,27,Totaal,2,62
2020-04-09,396,Heemskerk,Noord-Holland,27,Ziekenhuisopname,1,20
2020-04-09,396,Heemskerk,Noord-Holland,27,Overleden,,
2020-04-09,397,Heemstede,Noord-Holland,27,Totaal,2,76
2020-04-09,397,Heemstede,Noord-Holland,27,Ziekenhuisopname,0,8
2020-04-09,397,Heemstede,Noord-Holland,27,Overleden,,
2020-04-09,398,Heerhugowaard,Noord-Holland,27,Totaal,8,61
2020-04-09,398,Heerhugowaard,Noord-Holland,27,Ziekenhuisopname,0,22
2020-04-09,398,Heerhugowaard,Noord-Holland,27,Overleden,,
2020-04-09,399,Heiloo,Noord-Holland,27,Totaal,3,27
2020-04-09,399,Heiloo,Noord-Holland,27,Ziekenhuisopname,1,9
2020-04-09,399,Heiloo,Noord-Holland,27,Overleden,,
2020-04-09,400,Den Helder,Noord-Holland,27,Totaal,0,18
2020-04-09,400,Den Helder,Noord-Holland,27,Ziekenhuisopname,0,8
2020-04-09,400,Den Helder,Noord-Holland,27,Overleden,,
2020-04-09,402,Hilversum,Noord-Holland,27,Totaal,0,45
2020-04-09,402,Hilversum,Noord-Holland,27,Ziekenhuisopname,0,18
2020-04-09,402,Hilversum,Noord-Holland,27,Overleden,,
2020-04-09,405,Hoorn,Noord-Holland,27,Totaal,0,45
2020-04-09,405,Hoorn,Noord-Holland,27,Ziekenhuisopname,0,22
2020-04-09,405,Hoorn,Noord-Holland,27,Overleden,,
2020-04-09,406,Huizen,Noord-Holland,27,Totaal,3,35
2020-04-09,406,Huizen,Noord-Holland,27,Ziekenhuisopname,1,16
2020-04-09,406,Huizen,Noord-Holland,27,Overleden,,
2020-04-09,415,Landsmeer,Noord-Holland,27,Totaal,1,17
2020-04-09,415,Landsmeer,Noord-Holland,27,Ziekenhuisopname,0,3
2020-04-09,415,Landsmeer,Noord-Holland,27,Overleden,,
2020-04-09,416,Langedijk,Noord-Holland,27,Totaal,1,29
2020-04-09,416,Langedijk,Noord-Holland,27,Ziekenhuisopname,0,15
2020-04-09,416,Langedijk,Noord-Holland,27,Overleden,,
2020-04-09,417,Laren,Noord-Holland,27,Totaal,1,18
2020-04-09,417,Laren,Noord-Holland,27,Ziekenhuisopname,0,8
2020-04-09,417,Laren,Noord-Holland,27,Overleden,,
2020-04-09,420,Medemblik,Noord-Holland,27,Totaal,1,37
2020-04-09,420,Medemblik,Noord-Holland,27,Ziekenhuisopname,2,14
2020-04-09,420,Medemblik,Noord-Holland,27,Overleden,,
2020-04-09,431,Oostzaan,Noord-Holland,27,Totaal,0,17
2020-04-09,431,Oostzaan,Noord-Holland,27,Ziekenhuisopname,1,8
2020-04-09,431,Oostzaan,Noord-Holland,27,Overleden,,
2020-04-09,432,Opmeer,Noord-Holland,27,Totaal,0,4
2020-04-09,432,Opmeer,Noord-Holland,27,Ziekenhuisopname,0,1
2020-04-09,432,Opmeer,Noord-Holland,27,Overleden,,
2020-04-09,437,Ouder-Amstel,Noord-Holland,27,Totaal,1,17
2020-04-09,437,Ouder-Amstel,Noord-Holland,27,Ziekenhuisopname,0,4
2020-04-09,437,Ouder-Amstel,Noord-Holland,27,Overleden,,
2020-04-09,439,Purmerend,Noord-Holland,27,Totaal,5,119
2020-04-09,439,Purmerend,Noord-Holland,27,Ziekenhuisopname,2,54
2020-04-09,439,Purmerend,Noord-Holland,27,Overleden,,
2020-04-09,441,Schagen,Noord-Holland,27,Totaal,4,47
2020-04-09,441,Schagen,Noord-Holland,27,Ziekenhuisopname,0,14
2020-04-09,441,Schagen,Noord-Holland,27,Overleden,,
2020-04-09,448,Texel,Noord-Holland,27,Totaal,0,8
2020-04-09,448,Texel,Noord-Holland,27,Ziekenhuisopname,0,3
2020-04-09,448,Texel,Noord-Holland,27,Overleden,,
2020-04-09,450,Uitgeest,Noord-Holland,27,Totaal,0,14
2020-04-09,450,Uitgeest,Noord-Holland,27,Ziekenhuisopname,0,3
2020-04-09,450,Uitgeest,Noord-Holland,27,Overleden,,
2020-04-09,451,Uithoorn,Noord-Holland,27,Totaal,1,27
2020-04-09,451,Uithoorn,Noord-Holland,27,Ziekenhuisopname,0,12
2020-04-09,451,Uithoorn,Noord-Holland,27,Overleden,,
2020-04-09,453,Velsen,Noord-Holland,27,Totaal,13,140
2020-04-09,453,Velsen,Noord-Holland,27,Ziekenhuisopname,0,21
2020-04-09,453,Velsen,Noord-Holland,27,Overleden,,
2020-04-09,457,Weesp,Noord-Holland,27,Totaal,3,25
2020-04-09,457,Weesp,Noord-Holland,27,Ziekenhuisopname,0,8
2020-04-09,457,Weesp,Noord-Holland,27,Overleden,,
2020-04-09,473,Zandvoort,Noord-Holland,27,Totaal,2,26
2020-04-09,473,Zandvoort,Noord-Holland,27,Ziekenhuisopname,0,8
2020-04-09,473,Zandvoort,Noord-Holland,27,Overleden,,
2020-04-09,479,Zaanstad,Noord-Holland,27,Totaal,11,183
2020-04-09,479,Zaanstad,Noord-Holland,27,Ziekenhuisopname,4,86
2020-04-09,479,Zaanstad,Noord-Holland,27,Overleden,,
2020-04-09,482,Alblasserdam,Zuid-Holland,28,Totaal,2,18
2020-04-09,482,Alblasserdam,Zuid-Holland,28,Ziekenhuisopname,0,7
2020-04-09,482,Alblasserdam,Zuid-Holland,28,Overleden,,
2020-04-09,484,Alphen aan den Rijn,Zuid-Holland,28,Totaal,4,82
2020-04-09,484,Alphen aan den Rijn,Zuid-Holland,28,Ziekenhuisopname,3,46
2020-04-09,484,Alphen aan den Rijn,Zuid-Holland,28,Overleden,,
2020-04-09,489,Barendrecht,Zuid-Holland,28,Totaal,1,57
2020-04-09,489,Barendrecht,Zuid-Holland,28,Ziekenhuisopname,2,24
2020-04-09,489,Barendrecht,Zuid-Holland,28,Overleden,,
2020-04-09,498,Drechterland,Noord-Holland,27,Totaal,0,26
2020-04-09,498,Drechterland,Noord-Holland,27,Ziekenhuisopname,0,2
2020-04-09,498,Drechterland,Noord-Holland,27,Overleden,,
2020-04-09,501,Brielle,Zuid-Holland,28,Totaal,1,21
2020-04-09,501,Brielle,Zuid-Holland,28,Ziekenhuisopname,1,9
2020-04-09,501,Brielle,Zuid-Holland,28,Overleden,,
2020-04-09,502,Capelle aan den IJssel,Zuid-Holland,28,Totaal,11,126
2020-04-09,502,Capelle aan den IJssel,Zuid-Holland,28,Ziekenhuisopname,0,27
2020-04-09,502,Capelle aan den IJssel,Zuid-Holland,28,Overleden,,
2020-04-09,503,Delft,Zuid-Holland,28,Totaal,6,68
2020-04-09,503,Delft,Zuid-Holland,28,Ziekenhuisopname,2,33
2020-04-09,503,Delft,Zuid-Holland,28,Overleden,,
2020-04-09,505,Dordrecht,Zuid-Holland,28,Totaal,12,124
2020-04-09,505,Dordrecht,Zuid-Holland,28,Ziekenhuisopname,4,60
2020-04-09,505,Dordrecht,Zuid-Holland,28,Overleden,,
2020-04-09,512,Gorinchem,Zuid-Holland,28,Totaal,6,88
2020-04-09,512,Gorinchem,Zuid-Holland,28,Ziekenhuisopname,1,14
2020-04-09,512,Gorinchem,Zuid-Holland,28,Overleden,,
2020-04-09,513,Gouda,Zuid-Holland,28,Totaal,5,99
2020-04-09,513,Gouda,Zuid-Holland,28,Ziekenhuisopname,1,27
2020-04-09,513,Gouda,Zuid-Holland,28,Overleden,,
2020-04-09,518,'s-Gravenhage,Zuid-Holland,28,Totaal,32,472
2020-04-09,518,'s-Gravenhage,Zuid-Holland,28,Ziekenhuisopname,8,167
2020-04-09,518,'s-Gravenhage,Zuid-Holland,28,Overleden,,
2020-04-09,523,Hardinxveld-Giessendam,Zuid-Holland,28,Totaal,1,18
2020-04-09,523,Hardinxveld-Giessendam,Zuid-Holland,28,Ziekenhuisopname,0,1
2020-04-09,523,Hardinxveld-Giessendam,Zuid-Holland,28,Overleden,,
2020-04-09,530,Hellevoetsluis,Zuid-Holland,28,Totaal,4,39
2020-04-09,530,Hellevoetsluis,Zuid-Holland,28,Ziekenhuisopname,0,11
2020-04-09,530,Hellevoetsluis,Zuid-Holland,28,Overleden,,
2020-04-09,531,Hendrik-Ido-Ambacht,Zuid-Holland,28,Totaal,2,17
2020-04-09,531,Hendrik-Ido-Ambacht,Zuid-Holland,28,Ziekenhuisopname,0,5
2020-04-09,531,Hendrik-Ido-Ambacht,Zuid-Holland,28,Overleden,,
2020-04-09,532,Stede Broec,Noord-Holland,27,Totaal,0,30
2020-04-09,532,Stede Broec,Noord-Holland,27,Ziekenhuisopname,0,15
2020-04-09,532,Stede Broec,Noord-Holland,27,Overleden,,
2020-04-09,534,Hillegom,Zuid-Holland,28,Totaal,0,16
2020-04-09,534,Hillegom,Zuid-Holland,28,Ziekenhuisopname,0,5
2020-04-09,534,Hillegom,Zuid-Holland,28,Overleden,,
2020-04-09,537,Katwijk,Zuid-Holland,28,Totaal,10,62
2020-04-09,537,Katwijk,Zuid-Holland,28,Ziekenhuisopname,1,17
2020-04-09,537,Katwijk,Zuid-Holland,28,Overleden,,
2020-04-09,542,Krimpen aan den IJssel,Zuid-Holland,28,Totaal,2,33
2020-04-09,542,Krimpen aan den IJssel,Zuid-Holland,28,Ziekenhuisopname,0,5
2020-04-09,542,Krimpen aan den IJssel,Zuid-Holland,28,Overleden,,
2020-04-09,546,Leiden,Zuid-Holland,28,Totaal,5,78
2020-04-09,546,Leiden,Zuid-Holland,28,Ziekenhuisopname,0,27
2020-04-09,546,Leiden,Zuid-Holland,28,Overleden,,
2020-04-09,547,Leiderdorp,Zuid-Holland,28,Totaal,1,14
2020-04-09,547,Leiderdorp,Zuid-Holland,28,Ziekenhuisopname,0,8
2020-04-09,547,Leiderdorp,Zuid-Holland,28,Overleden,,
2020-04-09,553,Lisse,Zuid-Holland,28,Totaal,0,12
2020-04-09,553,Lisse,Zuid-Holland,28,Ziekenhuisopname,0,5
2020-04-09,553,Lisse,Zuid-Holland,28,Overleden,,
2020-04-09,556,Maassluis,Zuid-Holland,28,Totaal,4,31
2020-04-09,556,Maassluis,Zuid-Holland,28,Ziekenhuisopname,0,13
2020-04-09,556,Maassluis,Zuid-Holland,28,Overleden,,
2020-04-09,569,Nieuwkoop,Zuid-Holland,28,Totaal,0,27
2020-04-09,569,Nieuwkoop,Zuid-Holland,28,Ziekenhuisopname,0,7
2020-04-09,569,Nieuwkoop,Zuid-Holland,28,Overleden,,
2020-04-09,575,Noordwijk,Zuid-Holland,28,Totaal,1,25
2020-04-09,575,Noordwijk,Zuid-Holland,28,Ziekenhuisopname,0,11
2020-04-09,575,Noordwijk,Zuid-Holland,28,Overleden,,
2020-04-09,579,Oegstgeest,Zuid-Holland,28,Totaal,2,23
2020-04-09,579,Oegstgeest,Zuid-Holland,28,Ziekenhuisopname,0,5
2020-04-09,579,Oegstgeest,Zuid-Holland,28,Overleden,,
2020-04-09,589,Oudewater,Utrecht,26,Totaal,1,37
2020-04-09,589,Oudewater,Utrecht,26,Ziekenhuisopname,0,20
2020-04-09,589,Oudewater,Utrecht,26,Overleden,,
2020-04-09,590,Papendrecht,Zuid-Holland,28,Totaal,7,30
2020-04-09,590,Papendrecht,Zuid-Holland,28,Ziekenhuisopname,1,5
2020-04-09,590,Papendrecht,Zuid-Holland,28,Overleden,,
2020-04-09,597,Ridderkerk,Zuid-Holland,28,Totaal,3,60
2020-04-09,597,Ridderkerk,Zuid-Holland,28,Ziekenhuisopname,1,28
2020-04-09,597,Ridderkerk,Zuid-Holland,28,Overleden,,
2020-04-09,599,Rotterdam,Zuid-Holland,28,Totaal,84,947
2020-04-09,599,Rotterdam,Zuid-Holland,28,Ziekenhuisopname,9,239
2020-04-09,599,Rotterdam,Zuid-Holland,28,Overleden,,
2020-04-09,603,Rijswijk,Zuid-Holland,28,Totaal,2,39
2020-04-09,603,Rijswijk,Zuid-Holland,28,Ziekenhuisopname,-1,15
2020-04-09,603,Rijswijk,Zuid-Holland,28,Overleden,,
2020-04-09,606,Schiedam,Zuid-Holland,28,Totaal,3,64
2020-04-09,606,Schiedam,Zuid-Holland,28,Ziekenhuisopname,0,30
2020-04-09,606,Schiedam,Zuid-Holland,28,Overleden,,
2020-04-09,610,Sliedrecht,Zuid-Holland,28,Totaal,3,24
2020-04-09,610,Sliedrecht,Zuid-Holland,28,Ziekenhuisopname,1,6
2020-04-09,610,Sliedrecht,Zuid-Holland,28,Overleden,,
2020-04-09,613,Albrandswaard,Zuid-Holland,28,Totaal,5,46
2020-04-09,613,Albrandswaard,Zuid-Holland,28,Ziekenhuisopname,0,6
2020-04-09,613,Albrandswaard,Zuid-Holland,28,Overleden,,
2020-04-09,614,Westvoorne,Zuid-Holland,28,Totaal,0,20
2020-04-09,614,Westvoorne,Zuid-Holland,28,Ziekenhuisopname,1,6
2020-04-09,614,Westvoorne,Zuid-Holland,28,Overleden,,
2020-04-09,622,Vlaardingen,Zuid-Holland,28,Totaal,9,96
2020-04-09,622,Vlaardingen,Zuid-Holland,28,Ziekenhuisopname,3,26
2020-04-09,622,Vlaardingen,Zuid-Holland,28,Overleden,,
2020-04-09,626,Voorschoten,Zuid-Holland,28,Totaal,0,22
2020-04-09,626,Voorschoten,Zuid-Holland,28,Ziekenhuisopname,0,8
2020-04-09,626,Voorschoten,Zuid-Holland,28,Overleden,,
2020-04-09,627,Waddinxveen,Zuid-Holland,28,Totaal,0,28
2020-04-09,627,Waddinxveen,Zuid-Holland,28,Ziekenhuisopname,2,11
2020-04-09,627,Waddinxveen,Zuid-Holland,28,Overleden,,
2020-04-09,629,Wassenaar,Zuid-Holland,28,Totaal,2,22
2020-04-09,629,Wassenaar,Zuid-Holland,28,Ziekenhuisopname,0,6
2020-04-09,629,Wassenaar,Zuid-Holland,28,Overleden,,
2020-04-09,632,Woerden,Utrecht,26,Totaal,5,82
2020-04-09,632,Woerden,Utrecht,26,Ziekenhuisopname,1,35
2020-04-09,632,Woerden,Utrecht,26,Overleden,,
2020-04-09,637,Zoetermeer,Zuid-Holland,28,Totaal,4,68
2020-04-09,637,Zoetermeer,Zuid-Holland,28,Ziekenhuisopname,0,31
2020-04-09,637,Zoetermeer,Zuid-Holland,28,Overleden,,
2020-04-09,638,Zoeterwoude,Zuid-Holland,28,Totaal,1,7
2020-04-09,638,Zoeterwoude,Zuid-Holland,28,Ziekenhuisopname,0,2
2020-04-09,638,Zoeterwoude,Zuid-Holland,28,Overleden,,
2020-04-09,642,Zwijndrecht,Zuid-Holland,28,Totaal,11,43
2020-04-09,642,Zwijndrecht,Zuid-Holland,28,Ziekenhuisopname,1,12
2020-04-09,642,Zwijndrecht,Zuid-Holland,28,Overleden,,
2020-04-09,654,Borsele,Zeeland,29,Totaal,2,14
2020-04-09,654,Borsele,Zeeland,29,Ziekenhuisopname,0,4
2020-04-09,654,Borsele,Zeeland,29,Overleden,,
2020-04-09,664,Goes,Zeeland,29,Totaal,2,36
2020-04-09,664,Goes,Zeeland,29,Ziekenhuisopname,1,9
2020-04-09,664,Goes,Zeeland,29,Overleden,,
2020-04-09,668,West Maas en Waal,Gelderland,25,Totaal,3,34
2020-04-09,668,West Maas en Waal,Gelderland,25,Ziekenhuisopname,0,11
2020-04-09,668,West Maas en Waal,Gelderland,25,Overleden,,
2020-04-09,677,Hulst,Zeeland,29,Totaal,3,20
2020-04-09,677,Hulst,Zeeland,29,Ziekenhuisopname,0,6
2020-04-09,677,Hulst,Zeeland,29,Overleden,,
2020-04-09,678,Kapelle,Zeeland,29,Totaal,3,13
2020-04-09,678,Kapelle,Zeeland,29,Ziekenhuisopname,0,1
2020-04-09,678,Kapelle,Zeeland,29,Overleden,,
2020-04-09,687,Middelburg,Zeeland,29,Totaal,2,31
2020-04-09,687,Middelburg,Zeeland,29,Ziekenhuisopname,0,13
2020-04-09,687,Middelburg,Zeeland,29,Overleden,,
2020-04-09,703,Reimerswaal,Zeeland,29,Totaal,3,15
2020-04-09,703,Reimerswaal,Zeeland,29,Ziekenhuisopname,0,4
2020-04-09,703,Reimerswaal,Zeeland,29,Overleden,,
2020-04-09,715,Terneuzen,Zeeland,29,Totaal,9,57
2020-04-09,715,Terneuzen,Zeeland,29,Ziekenhuisopname,1,17
2020-04-09,715,Terneuzen,Zeeland,29,Overleden,,
2020-04-09,716,Tholen,Zeeland,29,Totaal,3,80
2020-04-09,716,Tholen,Zeeland,29,Ziekenhuisopname,1,33
2020-04-09,716,Tholen,Zeeland,29,Overleden,,
2020-04-09,717,Veere,Zeeland,29,Totaal,0,18
2020-04-09,717,Veere,Zeeland,29,Ziekenhuisopname,0,4
2020-04-09,717,Veere,Zeeland,29,Overleden,,
2020-04-09,718,Vlissingen,Zeeland,29,Totaal,2,39
2020-04-09,718,Vlissingen,Zeeland,29,Ziekenhuisopname,0,8
2020-04-09,718,Vlissingen,Zeeland,29,Overleden,,
2020-04-09,736,De Ronde Venen,Utrecht,26,Totaal,3,52
2020-04-09,736,De Ronde Venen,Utrecht,26,Ziekenhuisopname,1,24
2020-04-09,736,De Ronde Venen,Utrecht,26,Overleden,,
2020-04-09,737,Tytsjerksteradiel,Friesland,21,Totaal,1,14
2020-04-09,737,Tytsjerksteradiel,Friesland,21,Ziekenhuisopname,0,4
2020-04-09,737,Tytsjerksteradiel,Friesland,21,Overleden,,
2020-04-09,743,Asten,Noord-Brabant,30,Totaal,4,31
2020-04-09,743,Asten,Noord-Brabant,30,Ziekenhuisopname,0,9
2020-04-09,743,Asten,Noord-Brabant,30,Overleden,,
2020-04-09,744,Baarle-Nassau,Noord-Brabant,30,Totaal,0,3
2020-04-09,744,Baarle-Nassau,Noord-Brabant,30,Ziekenhuisopname,0,1
2020-04-09,744,Baarle-Nassau,Noord-Brabant,30,Overleden,,
2020-04-09,748,Bergen op Zoom,Noord-Brabant,30,Totaal,4,42
2020-04-09,748,Bergen op Zoom,Noord-Brabant,30,Ziekenhuisopname,1,16
2020-04-09,748,Bergen op Zoom,Noord-Brabant,30,Overleden,,
2020-04-09,753,Best,Noord-Brabant,30,Totaal,3,44
2020-04-09,753,Best,Noord-Brabant,30,Ziekenhuisopname,0,25
2020-04-09,753,Best,Noord-Brabant,30,Overleden,,
2020-04-09,755,Boekel,Noord-Brabant,30,Totaal,1,73
2020-04-09,755,Boekel,Noord-Brabant,30,Ziekenhuisopname,0,28
2020-04-09,755,Boekel,Noord-Brabant,30,Overleden,,
2020-04-09,756,Boxmeer,Noord-Brabant,30,Totaal,3,51
2020-04-09,756,Boxmeer,Noord-Brabant,30,Ziekenhuisopname,0,16
2020-04-09,756,Boxmeer,Noord-Brabant,30,Overleden,,
2020-04-09,757,Boxtel,Noord-Brabant,30,Totaal,2,36
2020-04-09,757,Boxtel,Noord-Brabant,30,Ziekenhuisopname,2,15
2020-04-09,757,Boxtel,Noord-Brabant,30,Overleden,,
2020-04-09,758,Breda,Noord-Brabant,30,Totaal,6,327
2020-04-09,758,Breda,Noord-Brabant,30,Ziekenhuisopname,3,132
2020-04-09,758,Breda,Noord-Brabant,30,Overleden,,
2020-04-09,762,Deurne,Noord-Brabant,30,Totaal,4,95
2020-04-09,762,Deurne,Noord-Brabant,30,Ziekenhuisopname,0,46
2020-04-09,762,Deurne,Noord-Brabant,30,Overleden,,
2020-04-09,765,Pekela,Groningen,20,Totaal,0,4
2020-04-09,765,Pekela,Groningen,20,Ziekenhuisopname,0,4
2020-04-09,765,Pekela,Groningen,20,Overleden,,
2020-04-09,766,Dongen,Noord-Brabant,30,Totaal,2,47
2020-04-09,766,Dongen,Noord-Brabant,30,Ziekenhuisopname,1,14
2020-04-09,766,Dongen,Noord-Brabant,30,Overleden,,
2020-04-09,770,Eersel,Noord-Brabant,30,Totaal,0,36
2020-04-09,770,Eersel,Noord-Brabant,30,Ziekenhuisopname,0,18
2020-04-09,770,Eersel,Noord-Brabant,30,Overleden,,
2020-04-09,772,Eindhoven,Noord-Brabant,30,Totaal,3,256
2020-04-09,772,Eindhoven,Noord-Brabant,30,Ziekenhuisopname,1,95
2020-04-09,772,Eindhoven,Noord-Brabant,30,Overleden,,
2020-04-09,777,Etten-Leur,Noord-Brabant,30,Totaal,2,93
2020-04-09,777,Etten-Leur,Noord-Brabant,30,Ziekenhuisopname,0,33
2020-04-09,777,Etten-Leur,Noord-Brabant,30,Overleden,,
2020-04-09,779,Geertruidenberg,Noord-Brabant,30,Totaal,0,17
2020-04-09,779,Geertruidenberg,Noord-Brabant,30,Ziekenhuisopname,0,9
2020-04-09,779,Geertruidenberg,Noord-Brabant,30,Overleden,,
2020-04-09,784,Gilze en Rijen,Noord-Brabant,30,Totaal,1,46
2020-04-09,784,Gilze en Rijen,Noord-Brabant,30,Ziekenhuisopname,0,16
2020-04-09,784,Gilze en Rijen,Noord-Brabant,30,Overleden,,
2020-04-09,785,Goirle,Noord-Brabant,30,Totaal,1,51
2020-04-09,785,Goirle,Noord-Brabant,30,Ziekenhuisopname,0,24
2020-04-09,785,Goirle,Noord-Brabant,30,Overleden,,
2020-04-09,786,Grave,Noord-Brabant,30,Totaal,1,37
2020-04-09,786,Grave,Noord-Brabant,30,Ziekenhuisopname,0,16
2020-04-09,786,Grave,Noord-Brabant,30,Overleden,,
2020-04-09,788,Haaren,Noord-Brabant,30,Totaal,0,29
2020-04-09,788,Haaren,Noord-Brabant,30,Ziekenhuisopname,0,15
2020-04-09,788,Haaren,Noord-Brabant,30,Overleden,,
2020-04-09,794,Helmond,Noord-Brabant,30,Totaal,8,170
2020-04-09,794,Helmond,Noord-Brabant,30,Ziekenhuisopname,0,59
2020-04-09,794,Helmond,Noord-Brabant,30,Overleden,,
2020-04-09,796,'s-Hertogenbosch,Noord-Brabant,30,Totaal,9,244
2020-04-09,796,'s-Hertogenbosch,Noord-Brabant,30,Ziekenhuisopname,1,102
2020-04-09,796,'s-Hertogenbosch,Noord-Brabant,30,Overleden,,
2020-04-09,797,Heusden,Noord-Brabant,30,Totaal,3,68
2020-04-09,797,Heusden,Noord-Brabant,30,Ziekenhuisopname,0,35
2020-04-09,797,Heusden,Noord-Brabant,30,Overleden,,
2020-04-09,798,Hilvarenbeek,Noord-Brabant,30,Totaal,2,23
2020-04-09,798,Hilvarenbeek,Noord-Brabant,30,Ziekenhuisopname,0,6
2020-04-09,798,Hilvarenbeek,Noord-Brabant,30,Overleden,,
2020-04-09,809,Loon op Zand,Noord-Brabant,30,Totaal,0,37
2020-04-09,809,Loon op Zand,Noord-Brabant,30,Ziekenhuisopname,0,20
2020-04-09,809,Loon op Zand,Noord-Brabant,30,Overleden,,
2020-04-09,815,Mill en Sint Hubert,Noord-Brabant,30,Totaal,0,14
2020-04-09,815,Mill en Sint Hubert,Noord-Brabant,30,Ziekenhuisopname,2,9
2020-04-09,815,Mill en Sint Hubert,Noord-Brabant,30,Overleden,,
2020-04-09,820,"Nuenen, Gerwen en Nederwetten",Noord-Brabant,30,Totaal,1,23
2020-04-09,820,"Nuenen, Gerwen en Nederwetten",Noord-Brabant,30,Ziekenhuisopname,0,12
2020-04-09,820,"Nuenen, Gerwen en Nederwetten",Noord-Brabant,30,Overleden,,
2020-04-09,823,Oirschot,Noord-Brabant,30,Totaal,4,34
2020-04-09,823,Oirschot,Noord-Brabant,30,Ziekenhuisopname,0,9
2020-04-09,823,Oirschot,Noord-Brabant,30,Overleden,,
2020-04-09,824,Oisterwijk,Noord-Brabant,30,Totaal,3,41
2020-04-09,824,Oisterwijk,Noord-Brabant,30,Ziekenhuisopname,2,16
2020-04-09,824,Oisterwijk,Noord-Brabant,30,Overleden,,
2020-04-09,826,Oosterhout,Noord-Brabant,30,Totaal,2,62
2020-04-09,826,Oosterhout,Noord-Brabant,30,Ziekenhuisopname,2,29
2020-04-09,826,Oosterhout,Noord-Brabant,30,Overleden,,
2020-04-09,828,Oss,Noord-Brabant,30,Totaal,10,276
2020-04-09,828,Oss,Noord-Brabant,30,Ziekenhuisopname,1,108
2020-04-09,828,Oss,Noord-Brabant,30,Overleden,,
2020-04-09,840,Rucphen,Noord-Brabant,30,Totaal,1,24
2020-04-09,840,Rucphen,Noord-Brabant,30,Ziekenhuisopname,0,6
2020-04-09,840,Rucphen,Noord-Brabant,30,Overleden,,
2020-04-09,845,Sint-Michielsgestel,Noord-Brabant,30,Totaal,1,52
2020-04-09,845,Sint-Michielsgestel,Noord-Brabant,30,Ziekenhuisopname,1,21
2020-04-09,845,Sint-Michielsgestel,Noord-Brabant,30,Overleden,,
2020-04-09,847,Someren,Noord-Brabant,30,Totaal,5,51
2020-04-09,847,Someren,Noord-Brabant,30,Ziekenhuisopname,0,20
2020-04-09,847,Someren,Noord-Brabant,30,Overleden,,
2020-04-09,848,Son en Breugel,Noord-Brabant,30,Totaal,11,45
2020-04-09,848,Son en Breugel,Noord-Brabant,30,Ziekenhuisopname,1,23
2020-04-09,848,Son en Breugel,Noord-Brabant,30,Overleden,,
2020-04-09,851,Steenbergen,Noord-Brabant,30,Totaal,1,32
2020-04-09,851,Steenbergen,Noord-Brabant,30,Ziekenhuisopname,0,9
2020-04-09,851,Steenbergen,Noord-Brabant,30,Overleden,,
2020-04-09,852,Waterland,Noord-Holland,27,Totaal,1,19
2020-04-09,852,Waterland,Noord-Holland,27,Ziekenhuisopname,0,11
2020-04-09,852,Waterland,Noord-Holland,27,Overleden,,
2020-04-09,855,Tilburg,Noord-Brabant,30,Totaal,14,437
2020-04-09,855,Tilburg,Noord-Brabant,30,Ziekenhuisopname,3,153
2020-04-09,855,Tilburg,Noord-Brabant,30,Overleden,,
2020-04-09,856,Uden,Noord-Brabant,30,Totaal,8,201
2020-04-09,856,Uden,Noord-Brabant,30,Ziekenhuisopname,2,86
2020-04-09,856,Uden,Noord-Brabant,30,Overleden,,
2020-04-09,858,Valkenswaard,Noord-Brabant,30,Totaal,3,80
2020-04-09,858,Valkenswaard,Noord-Brabant,30,Ziekenhuisopname,0,10
2020-04-09,858,Valkenswaard,Noord-Brabant,30,Overleden,,
2020-04-09,861,Veldhoven,Noord-Brabant,30,Totaal,2,55
2020-04-09,861,Veldhoven,Noord-Brabant,30,Ziekenhuisopname,1,18
2020-04-09,861,Veldhoven,Noord-Brabant,30,Overleden,,
2020-04-09,865,Vught,Noord-Brabant,30,Totaal,1,64
2020-04-09,865,Vught,Noord-Brabant,30,Ziekenhuisopname,1,33
2020-04-09,865,Vught,Noord-Brabant,30,Overleden,,
2020-04-09,866,Waalre,Noord-Brabant,30,Totaal,0,20
2020-04-09,866,Waalre,Noord-Brabant,30,Ziekenhuisopname,0,4
2020-04-09,866,Waalre,Noord-Brabant,30,Overleden,,
2020-04-09,867,Waalwijk,Noord-Brabant,30,Totaal,4,82
2020-04-09,867,Waalwijk,Noord-Brabant,30,Ziekenhuisopname,4,23
2020-04-09,867,Waalwijk,Noord-Brabant,30,Overleden,,
2020-04-09,873,Woensdrecht,Noord-Brabant,30,Totaal,0,13
2020-04-09,873,Woensdrecht,Noord-Brabant,30,Ziekenhuisopname,0,4
2020-04-09,873,Woensdrecht,Noord-Brabant,30,Overleden,,
2020-04-09,879,Zundert,Noord-Brabant,30,Totaal,3,40
2020-04-09,879,Zundert,Noord-Brabant,30,Ziekenhuisopname,0,15
2020-04-09,879,Zundert,Noord-Brabant,30,Overleden,,
2020-04-09,880,Wormerland,Noord-Holland,27,Totaal,3,28
2020-04-09,880,Wormerland,Noord-Holland,27,Ziekenhuisopname,1,15
2020-04-09,880,Wormerland,Noord-Holland,27,Overleden,,
2020-04-09,882,Landgraaf,Limburg,31,Totaal,5,69
2020-04-09,882,Landgraaf,Limburg,31,Ziekenhuisopname,1,34
2020-04-09,882,Landgraaf,Limburg,31,Overleden,,
2020-04-09,888,Beek,Limburg,31,Totaal,3,25
2020-04-09,888,Beek,Limburg,31,Ziekenhuisopname,1,12
2020-04-09,888,Beek,Limburg,31,Overleden,,
2020-04-09,889,Beesel,Limburg,31,Totaal,2,25
2020-04-09,889,Beesel,Limburg,31,Ziekenhuisopname,1,15
2020-04-09,889,Beesel,Limburg,31,Overleden,,
2020-04-09,893,Bergen (L.),Limburg,31,Totaal,1,9
2020-04-09,893,Bergen (L.),Limburg,31,Ziekenhuisopname,0,5
2020-04-09,893,Bergen (L.),Limburg,31,Overleden,,
2020-04-09,899,Brunssum,Limburg,31,Totaal,2,47
2020-04-09,899,Brunssum,Limburg,31,Ziekenhuisopname,1,29
2020-04-09,899,Brunssum,Limburg,31,Overleden,,
2020-04-09,907,Gennep,Limburg,31,Totaal,2,34
2020-04-09,907,Gennep,Limburg,31,Ziekenhuisopname,0,13
2020-04-09,907,Gennep,Limburg,31,Overleden,,
2020-04-09,917,Heerlen,Limburg,31,Totaal,13,164
2020-04-09,917,Heerlen,Limburg,31,Ziekenhuisopname,5,92
2020-04-09,917,Heerlen,Limburg,31,Overleden,,
2020-04-09,928,Kerkrade,Limburg,31,Totaal,7,76
2020-04-09,928,Kerkrade,Limburg,31,Ziekenhuisopname,2,44
2020-04-09,928,Kerkrade,Limburg,31,Overleden,,
2020-04-09,935,Maastricht,Limburg,31,Totaal,20,337
2020-04-09,935,Maastricht,Limburg,31,Ziekenhuisopname,4,116
2020-04-09,935,Maastricht,Limburg,31,Overleden,,
2020-04-09,938,Meerssen,Limburg,31,Totaal,1,36
2020-04-09,938,Meerssen,Limburg,31,Ziekenhuisopname,0,11
2020-04-09,938,Meerssen,Limburg,31,Overleden,,
2020-04-09,944,Mook en Middelaar,Limburg,31,Totaal,0,17
2020-04-09,944,Mook en Middelaar,Limburg,31,Ziekenhuisopname,0,4
2020-04-09,944,Mook en Middelaar,Limburg,31,Overleden,,
2020-04-09,946,Nederweert,Limburg,31,Totaal,-1,36
2020-04-09,946,Nederweert,Limburg,31,Ziekenhuisopname,0,25
2020-04-09,946,Nederweert,Limburg,31,Overleden,,
2020-04-09,957,Roermond,Limburg,31,Totaal,7,80
2020-04-09,957,Roermond,Limburg,31,Ziekenhuisopname,2,42
2020-04-09,957,Roermond,Limburg,31,Overleden,,
2020-04-09,965,Simpelveld,Limburg,31,Totaal,2,25
2020-04-09,965,Simpelveld,Limburg,31,Ziekenhuisopname,1,16
2020-04-09,965,Simpelveld,Limburg,31,Overleden,,
2020-04-09,971,Stein,Limburg,31,Totaal,3,54
2020-04-09,971,Stein,Limburg,31,Ziekenhuisopname,1,35
2020-04-09,971,Stein,Limburg,31,Overleden,,
2020-04-09,981,Vaals,Limburg,31,Totaal,2,16
2020-04-09,981,Vaals,Limburg,31,Ziekenhuisopname,1,8
2020-04-09,981,Vaals,Limburg,31,Overleden,,
2020-04-09,983,Venlo,Limburg,31,Totaal,8,169
2020-04-09,983,Venlo,Limburg,31,Ziekenhuisopname,4,105
2020-04-09,983,Venlo,Limburg,31,Overleden,,
2020-04-09,984,Venray,Limburg,31,Totaal,2,60
2020-04-09,984,Venray,Limburg,31,Ziekenhuisopname,0,34
2020-04-09,984,Venray,Limburg,31,Overleden,,
2020-04-09,986,Voerendaal,Limburg,31,Totaal,1,22
2020-04-09,986,Voerendaal,Limburg,31,Ziekenhuisopname,0,12
2020-04-09,986,Voerendaal,Limburg,31,Overleden,,
2020-04-09,988,Weert,Limburg,31,Totaal,4,87
2020-04-09,988,Weert,Limburg,31,Ziekenhuisopname,3,52
2020-04-09,988,Weert,Limburg,31,Overleden,,
2020-04-09,994,Valkenburg aan de Geul,Limburg,31,Totaal,2,43
2020-04-09,994,Valkenburg aan de Geul,Limburg,31,Ziekenhuisopname,0,13
2020-04-09,994,Valkenburg aan de Geul,Limburg,31,Overleden,,
2020-04-09,995,Lelystad,Flevoland,24,Totaal,4,59
2020-04-09,995,Lelystad,Flevoland,24,Ziekenhuisopname,3,37
2020-04-09,995,Lelystad,Flevoland,24,Overleden,,
2020-04-09,1507,Horst aan de Maas,Limburg,31,Totaal,5,67
2020-04-09,1507,Horst aan de Maas,Limburg,31,Ziekenhuisopname,2,38
2020-04-09,1507,Horst aan de Maas,Limburg,31,Overleden,,
2020-04-09,1509,Oude IJsselstreek,Gelderland,25,Totaal,3,26
2020-04-09,1509,Oude IJsselstreek,Gelderland,25,Ziekenhuisopname,1,6
2020-04-09,1509,Oude IJsselstreek,Gelderland,25,Overleden,,
2020-04-09,1525,Teylingen,Zuid-Holland,28,Totaal,0,26
2020-04-09,1525,Teylingen,Zuid-Holland,28,Ziekenhuisopname,0,11
2020-04-09,1525,Teylingen,Zuid-Holland,28,Overleden,,
2020-04-09,1581,Utrechtse Heuvelrug,Utrecht,26,Totaal,2,56
2020-04-09,1581,Utrechtse Heuvelrug,Utrecht,26,Ziekenhuisopname,0,19
2020-04-09,1581,Utrechtse Heuvelrug,Utrecht,26,Overleden,,
2020-04-09,1586,Oost Gelre,Gelderland,25,Totaal,2,27
2020-04-09,1586,Oost Gelre,Gelderland,25,Ziekenhuisopname,0,4
2020-04-09,1586,Oost Gelre,Gelderland,25,Overleden,,
2020-04-09,1598,Koggenland,Noord-Holland,27,Totaal,2,21
2020-04-09,1598,Koggenland,Noord-Holland,27,Ziekenhuisopname,0,6
2020-04-09,1598,Koggenland,Noord-Holland,27,Overleden,,
2020-04-09,1621,Lansingerland,Zuid-Holland,28,Totaal,9,102
2020-04-09,1621,Lansingerland,Zuid-Holland,28,Ziekenhuisopname,3,29
2020-04-09,1621,Lansingerland,Zuid-Holland,28,Overleden,,
2020-04-09,1640,Leudal,Limburg,31,Totaal,3,89
2020-04-09,1640,Leudal,Limburg,31,Ziekenhuisopname,1,51
2020-04-09,1640,Leudal,Limburg,31,Overleden,,
2020-04-09,1641,Maasgouw,Limburg,31,Totaal,1,42
2020-04-09,1641,Maasgouw,Limburg,31,Ziekenhuisopname,0,21
2020-04-09,1641,Maasgouw,Limburg,31,Overleden,,
2020-04-09,1652,Gemert-Bakel,Noord-Brabant,30,Totaal,3,122
2020-04-09,1652,Gemert-Bakel,Noord-Brabant,30,Ziekenhuisopname,1,63
2020-04-09,1652,Gemert-Bakel,Noord-Brabant,30,Overleden,,
2020-04-09,1655,Halderberge,Noord-Brabant,30,Totaal,2,35
2020-04-09,1655,Halderberge,Noord-Brabant,30,Ziekenhuisopname,0,9
2020-04-09,1655,Halderberge,Noord-Brabant,30,Overleden,,
2020-04-09,1658,Heeze-Leende,Noord-Brabant,30,Totaal,2,35
2020-04-09,1658,Heeze-Leende,Noord-Brabant,30,Ziekenhuisopname,0,8
2020-04-09,1658,Heeze-Leende,Noord-Brabant,30,Overleden,,
2020-04-09,1659,Laarbeek,Noord-Brabant,30,Totaal,2,67
2020-04-09,1659,Laarbeek,Noord-Brabant,30,Ziekenhuisopname,0,27
2020-04-09,1659,Laarbeek,Noord-Brabant,30,Overleden,,
2020-04-09,1667,Reusel-De Mierden,Noord-Brabant,30,Totaal,0,13
2020-04-09,1667,Reusel-De Mierden,Noord-Brabant,30,Ziekenhuisopname,0,7
2020-04-09,1667,Reusel-De Mierden,Noord-Brabant,30,Overleden,,
2020-04-09,1669,Roerdalen,Limburg,31,Totaal,2,34
2020-04-09,1669,Roerdalen,Limburg,31,Ziekenhuisopname,2,24
2020-04-09,1669,Roerdalen,Limburg,31,Overleden,,
2020-04-09,1674,Roosendaal,Noord-Brabant,30,Totaal,9,87
2020-04-09,1674,Roosendaal,Noord-Brabant,30,Ziekenhuisopname,0,15
2020-04-09,1674,Roosendaal,Noord-Brabant,30,Overleden,,
2020-04-09,1676,Schouwen-Duiveland,Zeeland,29,Totaal,1,20
2020-04-09,1676,Schouwen-Duiveland,Zeeland,29,Ziekenhuisopname,0,9
2020-04-09,1676,Schouwen-Duiveland,Zeeland,29,Overleden,,
2020-04-09,1680,Aa en Hunze,Drenthe,22,Totaal,0,7
2020-04-09,1680,Aa en Hunze,Drenthe,22,Ziekenhuisopname,0,1
2020-04-09,1680,Aa en Hunze,Drenthe,22,Overleden,,
2020-04-09,1681,Borger-Odoorn,Drenthe,22,Totaal,0,3
2020-04-09,1681,Borger-Odoorn,Drenthe,22,Ziekenhuisopname,0,2
2020-04-09,1681,Borger-Odoorn,Drenthe,22,Overleden,,
2020-04-09,1684,Cuijk,Noord-Brabant,30,Totaal,0,32
2020-04-09,1684,Cuijk,Noord-Brabant,30,Ziekenhuisopname,0,9
2020-04-09,1684,Cuijk,Noord-Brabant,30,Overleden,,
2020-04-09,1685,Landerd,Noord-Brabant,30,Totaal,6,80
2020-04-09,1685,Landerd,Noord-Brabant,30,Ziekenhuisopname,0,28
2020-04-09,1685,Landerd,Noord-Brabant,30,Overleden,,
2020-04-09,1690,De Wolden,Drenthe,22,Totaal,0,20
2020-04-09,1690,De Wolden,Drenthe,22,Ziekenhuisopname,2,7
2020-04-09,1690,De Wolden,Drenthe,22,Overleden,,
2020-04-09,1695,Noord-Beveland,Zeeland,29,Totaal,0,4
2020-04-09,1695,Noord-Beveland,Zeeland,29,Ziekenhuisopname,0,1
2020-04-09,1695,Noord-Beveland,Zeeland,29,Overleden,,
2020-04-09,1696,Wijdemeren,Noord-Holland,27,Totaal,1,14
2020-04-09,1696,Wijdemeren,Noord-Holland,27,Ziekenhuisopname,1,7
2020-04-09,1696,Wijdemeren,Noord-Holland,27,Overleden,,
2020-04-09,1699,Noordenveld,Drenthe,22,Totaal,1,9
2020-04-09,1699,Noordenveld,Drenthe,22,Ziekenhuisopname,1,2
2020-04-09,1699,Noordenveld,Drenthe,22,Overleden,,
2020-04-09,1700,Twenterand,Overijssel,23,Totaal,4,26
2020-04-09,1700,Twenterand,Overijssel,23,Ziekenhuisopname,0,8
2020-04-09,1700,Twenterand,Overijssel,23,Overleden,,
2020-04-09,1701,Westerveld,Drenthe,22,Totaal,2,17
2020-04-09,1701,Westerveld,Drenthe,22,Ziekenhuisopname,1,5
2020-04-09,1701,Westerveld,Drenthe,22,Overleden,,
2020-04-09,1702,Sint Anthonis,Noord-Brabant,30,Totaal,2,47
2020-04-09,1702,Sint Anthonis,Noord-Brabant,30,Ziekenhuisopname,0,17
2020-04-09,1702,Sint Anthonis,Noord-Brabant,30,Overleden,,
2020-04-09,1705,Lingewaard,Gelderland,25,Totaal,3,46
2020-04-09,1705,Lingewaard,Gelderland,25,Ziekenhuisopname,1,22
2020-04-09,1705,Lingewaard,Gelderland,25,Overleden,,
2020-04-09,1706,Cranendonck,Noord-Brabant,30,Totaal,3,96
2020-04-09,1706,Cranendonck,Noord-Brabant,30,Ziekenhuisopname,0,48
2020-04-09,1706,Cranendonck,Noord-Brabant,30,Overleden,,
2020-04-09,1708,Steenwijkerland,Overijssel,23,Totaal,2,27
2020-04-09,1708,Steenwijkerland,Overijssel,23,Ziekenhuisopname,0,10
2020-04-09,1708,Steenwijkerland,Overijssel,23,Overleden,,
2020-04-09,1709,Moerdijk,Noord-Brabant,30,Totaal,3,31
2020-04-09,1709,Moerdijk,Noord-Brabant,30,Ziekenhuisopname,2,9
2020-04-09,1709,Moerdijk,Noord-Brabant,30,Overleden,,
2020-04-09,1711,Echt-Susteren,Limburg,31,Totaal,0,52
2020-04-09,1711,Echt-Susteren,Limburg,31,Ziekenhuisopname,0,32
2020-04-09,1711,Echt-Susteren,Limburg,31,Overleden,,
2020-04-09,1714,Sluis,Zeeland,29,Totaal,0,11
2020-04-09,1714,Sluis,Zeeland,29,Ziekenhuisopname,0,6
2020-04-09,1714,Sluis,Zeeland,29,Overleden,,
2020-04-09,1719,Drimmelen,Noord-Brabant,30,Totaal,1,36
2020-04-09,1719,Drimmelen,Noord-Brabant,30,Ziekenhuisopname,0,16
2020-04-09,1719,Drimmelen,Noord-Brabant,30,Overleden,,
2020-04-09,1721,Bernheze,Noord-Brabant,30,Totaal,9,174
2020-04-09,1721,Bernheze,Noord-Brabant,30,Ziekenhuisopname,0,75
2020-04-09,1721,Bernheze,Noord-Brabant,30,Overleden,,
2020-04-09,1723,Alphen-Chaam,Noord-Brabant,30,Totaal,0,39
2020-04-09,1723,Alphen-Chaam,Noord-Brabant,30,Ziekenhuisopname,0,15
2020-04-09,1723,Alphen-Chaam,Noord-Brabant,30,Overleden,,
2020-04-09,1724,Bergeijk,Noord-Brabant,30,Totaal,1,29
2020-04-09,1724,Bergeijk,Noord-Brabant,30,Ziekenhuisopname,0,9
2020-04-09,1724,Bergeijk,Noord-Brabant,30,Overleden,,
2020-04-09,1728,Bladel,Noord-Brabant,30,Totaal,0,35
2020-04-09,1728,Bladel,Noord-Brabant,30,Ziekenhuisopname,0,13
2020-04-09,1728,Bladel,Noord-Brabant,30,Overleden,,
2020-04-09,1729,Gulpen-Wittem,Limburg,31,Totaal,4,32
2020-04-09,1729,Gulpen-Wittem,Limburg,31,Ziekenhuisopname,0,13
2020-04-09,1729,Gulpen-Wittem,Limburg,31,Overleden,,
2020-04-09,1730,Tynaarlo,Drenthe,22,Totaal,0,29
2020-04-09,1730,Tynaarlo,Drenthe,22,Ziekenhuisopname,0,7
2020-04-09,1730,Tynaarlo,Drenthe,22,Overleden,,
2020-04-09,1731,Midden-Drenthe,Drenthe,22,Totaal,1,14
2020-04-09,1731,Midden-Drenthe,Drenthe,22,Ziekenhuisopname,0,6
2020-04-09,1731,Midden-Drenthe,Drenthe,22,Overleden,,
2020-04-09,1734,Overbetuwe,Gelderland,25,Totaal,2,80
2020-04-09,1734,Overbetuwe,Gelderland,25,Ziekenhuisopname,2,49
2020-04-09,1734,Overbetuwe,Gelderland,25,Overleden,,
2020-04-09,1735,Hof van Twente,Overijssel,23,Totaal,2,34
2020-04-09,1735,Hof van Twente,Overijssel,23,Ziekenhuisopname,0,13
2020-04-09,1735,Hof van Twente,Overijssel,23,Overleden,,
2020-04-09,1740,Neder-Betuwe,Gelderland,25,Totaal,2,53
2020-04-09,1740,Neder-Betuwe,Gelderland,25,Ziekenhuisopname,0,30
2020-04-09,1740,Neder-Betuwe,Gelderland,25,Overleden,,
2020-04-09,1742,Rijssen-Holten,Overijssel,23,Totaal,3,60
2020-04-09,1742,Rijssen-Holten,Overijssel,23,Ziekenhuisopname,1,19
2020-04-09,1742,Rijssen-Holten,Overijssel,23,Overleden,,
2020-04-09,1771,Geldrop-Mierlo,Noord-Brabant,30,Totaal,3,58
2020-04-09,1771,Geldrop-Mierlo,Noord-Brabant,30,Ziekenhuisopname,0,20
2020-04-09,1771,Geldrop-Mierlo,Noord-Brabant,30,Overleden,,
2020-04-09,1773,Olst-Wijhe,Overijssel,23,Totaal,2,26
2020-04-09,1773,Olst-Wijhe,Overijssel,23,Ziekenhuisopname,0,9
2020-04-09,1773,Olst-Wijhe,Overijssel,23,Overleden,,
2020-04-09,1774,Dinkelland,Overijssel,23,Totaal,5,56
2020-04-09,1774,Dinkelland,Overijssel,23,Ziekenhuisopname,0,16
2020-04-09,1774,Dinkelland,Overijssel,23,Overleden,,
2020-04-09,1783,Westland,Zuid-Holland,28,Totaal,7,113
2020-04-09,1783,Westland,Zuid-Holland,28,Ziekenhuisopname,1,39
2020-04-09,1783,Westland,Zuid-Holland,28,Overleden,,
2020-04-09,1842,Midden-Delfland,Zuid-Holland,28,Totaal,0,11
2020-04-09,1842,Midden-Delfland,Zuid-Holland,28,Ziekenhuisopname,0,3
2020-04-09,1842,Midden-Delfland,Zuid-Holland,28,Overleden,,
2020-04-09,1859,Berkelland,Gelderland,25,Totaal,3,18
2020-04-09,1859,Berkelland,Gelderland,25,Ziekenhuisopname,0,2
2020-04-09,1859,Berkelland,Gelderland,25,Overleden,,
2020-04-09,1876,Bronckhorst,Gelderland,25,Totaal,1,19
2020-04-09,1876,Bronckhorst,Gelderland,25,Ziekenhuisopname,2,4
2020-04-09,1876,Bronckhorst,Gelderland,25,Overleden,,
2020-04-09,1883,Sittard-Geleen,Limburg,31,Totaal,10,183
2020-04-09,1883,Sittard-Geleen,Limburg,31,Ziekenhuisopname,5,81
2020-04-09,1883,Sittard-Geleen,Limburg,31,Overleden,,
2020-04-09,1884,Kaag en Braassem,Zuid-Holland,28,Totaal,1,13
2020-04-09,1884,Kaag en Braassem,Zuid-Holland,28,Ziekenhuisopname,0,5
2020-04-09,1884,Kaag en Braassem,Zuid-Holland,28,Overleden,,
2020-04-09,1891,Dantumadiel,Friesland,21,Totaal,0,6
2020-04-09,1891,Dantumadiel,Friesland,21,Ziekenhuisopname,0,2
2020-04-09,1891,Dantumadiel,Friesland,21,Overleden,,
2020-04-09,1892,Zuidplas,Zuid-Holland,28,Totaal,2,47
2020-04-09,1892,Zuidplas,Zuid-Holland,28,Ziekenhuisopname,0,16
2020-04-09,1892,Zuidplas,Zuid-Holland,28,Overleden,,
2020-04-09,1894,Peel en Maas,Limburg,31,Totaal,4,201
2020-04-09,1894,Peel en Maas,Limburg,31,Ziekenhuisopname,1,129
2020-04-09,1894,Peel en Maas,Limburg,31,Overleden,,
2020-04-09,1895,Oldambt,Groningen,20,Totaal,0,4
2020-04-09,1895,Oldambt,Groningen,20,Ziekenhuisopname,0,1
2020-04-09,1895,Oldambt,Groningen,20,Overleden,,
2020-04-09,1896,Zwartewaterland,Overijssel,23,Totaal,6,80
2020-04-09,1896,Zwartewaterland,Overijssel,23,Ziekenhuisopname,2,29
2020-04-09,1896,Zwartewaterland,Overijssel,23,Overleden,,
2020-04-09,1900,Sdwest-Frysln,Friesland,21,Totaal,3,44
2020-04-09,1900,Sdwest-Frysln,Friesland,21,Ziekenhuisopname,0,14
2020-04-09,1900,Sdwest-Frysln,Friesland,21,Overleden,,
2020-04-09,1901,Bodegraven-Reeuwijk,Zuid-Holland,28,Totaal,1,20
2020-04-09,1901,Bodegraven-Reeuwijk,Zuid-Holland,28,Ziekenhuisopname,1,6
2020-04-09,1901,Bodegraven-Reeuwijk,Zuid-Holland,28,Overleden,,
2020-04-09,1903,Eijsden-Margraten,Limburg,31,Totaal,6,93
2020-04-09,1903,Eijsden-Margraten,Limburg,31,Ziekenhuisopname,4,41
2020-04-09,1903,Eijsden-Margraten,Limburg,31,Overleden,,
2020-04-09,1904,Stichtse Vecht,Utrecht,26,Totaal,2,56
2020-04-09,1904,Stichtse Vecht,Utrecht,26,Ziekenhuisopname,0,25
2020-04-09,1904,Stichtse Vecht,Utrecht,26,Overleden,,
2020-04-09,1911,Hollands Kroon,Noord-Holland,27,Totaal,0,42
2020-04-09,1911,Hollands Kroon,Noord-Holland,27,Ziekenhuisopname,0,26
2020-04-09,1911,Hollands Kroon,Noord-Holland,27,Overleden,,
2020-04-09,1916,Leidschendam-Voorburg,Zuid-Holland,28,Totaal,3,46
2020-04-09,1916,Leidschendam-Voorburg,Zuid-Holland,28,Ziekenhuisopname,0,16
2020-04-09,1916,Leidschendam-Voorburg,Zuid-Holland,28,Overleden,,
2020-04-09,1924,Goeree-Overflakkee,Zuid-Holland,28,Totaal,8,193
2020-04-09,1924,Goeree-Overflakkee,Zuid-Holland,28,Ziekenhuisopname,0,40
2020-04-09,1924,Goeree-Overflakkee,Zuid-Holland,28,Overleden,,
2020-04-09,1926,Pijnacker-Nootdorp,Zuid-Holland,28,Totaal,2,44
2020-04-09,1926,Pijnacker-Nootdorp,Zuid-Holland,28,Ziekenhuisopname,0,15
2020-04-09,1926,Pijnacker-Nootdorp,Zuid-Holland,28,Overleden,,
2020-04-09,1930,Nissewaard,Zuid-Holland,28,Totaal,8,85
2020-04-09,1930,Nissewaard,Zuid-Holland,28,Ziekenhuisopname,1,28
2020-04-09,1930,Nissewaard,Zuid-Holland,28,Overleden,,
2020-04-09,1931,Krimpenerwaard,Zuid-Holland,28,Totaal,4,75
2020-04-09,1931,Krimpenerwaard,Zuid-Holland,28,Ziekenhuisopname,1,35
2020-04-09,1931,Krimpenerwaard,Zuid-Holland,28,Overleden,,
2020-04-09,1940,De Fryske Marren,Friesland,21,Totaal,3,37
2020-04-09,1940,De Fryske Marren,Friesland,21,Ziekenhuisopname,0,12
2020-04-09,1940,De Fryske Marren,Friesland,21,Overleden,,
2020-04-09,1942,Gooise Meren,Noord-Holland,27,Totaal,4,56
2020-04-09,1942,Gooise Meren,Noord-Holland,27,Ziekenhuisopname,0,20
2020-04-09,1942,Gooise Meren,Noord-Holland,27,Overleden,,
2020-04-09,1945,Berg en Dal,Gelderland,25,Totaal,3,109
2020-04-09,1945,Berg en Dal,Gelderland,25,Ziekenhuisopname,0,27
2020-04-09,1945,Berg en Dal,Gelderland,25,Overleden,,
2020-04-09,1948,Meierijstad,Noord-Brabant,30,Totaal,19,348
2020-04-09,1948,Meierijstad,Noord-Brabant,30,Ziekenhuisopname,5,160
2020-04-09,1948,Meierijstad,Noord-Brabant,30,Overleden,,
2020-04-09,1949,Waadhoeke,Friesland,21,Totaal,4,44
2020-04-09,1949,Waadhoeke,Friesland,21,Ziekenhuisopname,0,6
2020-04-09,1949,Waadhoeke,Friesland,21,Overleden,,
2020-04-09,1950,Westerwolde,Groningen,20,Totaal,0,5
2020-04-09,1950,Westerwolde,Groningen,20,Ziekenhuisopname,0,5
2020-04-09,1950,Westerwolde,Groningen,20,Overleden,,
2020-04-09,1952,Midden-Groningen,Groningen,20,Totaal,3,13
2020-04-09,1952,Midden-Groningen,Groningen,20,Ziekenhuisopname,0,4
2020-04-09,1952,Midden-Groningen,Groningen,20,Overleden,,
2020-04-09,1954,Beekdaelen,Limburg,31,Totaal,3,60
2020-04-09,1954,Beekdaelen,Limburg,31,Ziekenhuisopname,2,37
2020-04-09,1954,Beekdaelen,Limburg,31,Overleden,,
2020-04-09,1955,Montferland,Gelderland,25,Totaal,0,22
2020-04-09,1955,Montferland,Gelderland,25,Ziekenhuisopname,0,6
2020-04-09,1955,Montferland,Gelderland,25,Overleden,,
2020-04-09,1959,Altena,Noord-Brabant,30,Totaal,3,70
2020-04-09,1959,Altena,Noord-Brabant,30,Ziekenhuisopname,0,24
2020-04-09,1959,Altena,Noord-Brabant,30,Overleden,,
2020-04-09,1960,West Betuwe,Gelderland,25,Totaal,4,89
2020-04-09,1960,West Betuwe,Gelderland,25,Ziekenhuisopname,0,27
2020-04-09,1960,West Betuwe,Gelderland,25,Overleden,,
2020-04-09,1961,Vijfheerenlanden,Utrecht,26,Totaal,13,125
2020-04-09,1961,Vijfheerenlanden,Utrecht,26,Ziekenhuisopname,0,20
2020-04-09,1961,Vijfheerenlanden,Utrecht,26,Overleden,,
2020-04-09,1963,Hoeksche Waard,Zuid-Holland,28,Totaal,11,127
2020-04-09,1963,Hoeksche Waard,Zuid-Holland,28,Ziekenhuisopname,2,60
2020-04-09,1963,Hoeksche Waard,Zuid-Holland,28,Overleden,,
2020-04-09,1966,Het Hogeland,Groningen,20,Totaal,2,20
2020-04-09,1966,Het Hogeland,Groningen,20,Ziekenhuisopname,0,7
2020-04-09,1966,Het Hogeland,Groningen,20,Overleden,,
2020-04-09,1969,Westerkwartier,Groningen,20,Totaal,0,39
2020-04-09,1969,Westerkwartier,Groningen,20,Ziekenhuisopname,0,12
2020-04-09,1969,Westerkwartier,Groningen,20,Overleden,,
2020-04-09,1970,Noardeast-Frysln,Friesland,21,Totaal,4,11
2020-04-09,1970,Noardeast-Frysln,Friesland,21,Ziekenhuisopname,0,4
2020-04-09,1970,Noardeast-Frysln,Friesland,21,Overleden,,
2020-04-09,1978,Molenlanden,Zuid-Holland,28,Totaal,9,60
2020-04-09,1978,Molenlanden,Zuid-Holland,28,Ziekenhuisopname,0,15
2020-04-09,1978,Molenlanden,Zuid-Holland,28,Overleden,,
