Datum,Gemeentecode,Gemeentenaam,Provincienaam,Provinciecode,Type,Aantal,AantalCumulatief
2021-04-08,-1,,,-1,Totaal,77,4905
2021-04-08,-1,,,-1,Ziekenhuisopname,1,127
2021-04-08,-1,,,-1,Overleden,0,35
2021-04-08,3,Appingedam,Groningen,20,Totaal,,
2021-04-08,3,Appingedam,Groningen,20,Ziekenhuisopname,,
2021-04-08,3,Appingedam,Groningen,20,Overleden,,
2021-04-08,10,Delfzijl,Groningen,20,Totaal,,
2021-04-08,10,Delfzijl,Groningen,20,Ziekenhuisopname,,
2021-04-08,10,Delfzijl,Groningen,20,Overleden,,
2021-04-08,14,Groningen,Groningen,20,Totaal,59,10977
2021-04-08,14,Groningen,Groningen,20,Ziekenhuisopname,1,80
2021-04-08,14,Groningen,Groningen,20,Overleden,0,43
2021-04-08,24,Loppersum,Groningen,20,Totaal,,
2021-04-08,24,Loppersum,Groningen,20,Ziekenhuisopname,,
2021-04-08,24,Loppersum,Groningen,20,Overleden,,
2021-04-08,34,Almere,Flevoland,24,Totaal,57,16769
2021-04-08,34,Almere,Flevoland,24,Ziekenhuisopname,0,303
2021-04-08,34,Almere,Flevoland,24,Overleden,0,93
2021-04-08,37,Stadskanaal,Groningen,20,Totaal,8,2095
2021-04-08,37,Stadskanaal,Groningen,20,Ziekenhuisopname,0,17
2021-04-08,37,Stadskanaal,Groningen,20,Overleden,0,16
2021-04-08,47,Veendam,Groningen,20,Totaal,12,1549
2021-04-08,47,Veendam,Groningen,20,Ziekenhuisopname,0,10
2021-04-08,47,Veendam,Groningen,20,Overleden,0,10
2021-04-08,50,Zeewolde,Flevoland,24,Totaal,2,1377
2021-04-08,50,Zeewolde,Flevoland,24,Ziekenhuisopname,0,21
2021-04-08,50,Zeewolde,Flevoland,24,Overleden,0,13
2021-04-08,59,Achtkarspelen,Friesland,21,Totaal,8,1842
2021-04-08,59,Achtkarspelen,Friesland,21,Ziekenhuisopname,0,18
2021-04-08,59,Achtkarspelen,Friesland,21,Overleden,0,37
2021-04-08,60,Ameland,Friesland,21,Totaal,2,158
2021-04-08,60,Ameland,Friesland,21,Ziekenhuisopname,0,0
2021-04-08,60,Ameland,Friesland,21,Overleden,0,0
2021-04-08,72,Harlingen,Friesland,21,Totaal,8,582
2021-04-08,72,Harlingen,Friesland,21,Ziekenhuisopname,0,8
2021-04-08,72,Harlingen,Friesland,21,Overleden,0,3
2021-04-08,74,Heerenveen,Friesland,21,Totaal,15,2102
2021-04-08,74,Heerenveen,Friesland,21,Ziekenhuisopname,0,30
2021-04-08,74,Heerenveen,Friesland,21,Overleden,0,36
2021-04-08,80,Leeuwarden,Friesland,21,Totaal,42,6024
2021-04-08,80,Leeuwarden,Friesland,21,Ziekenhuisopname,0,85
2021-04-08,80,Leeuwarden,Friesland,21,Overleden,0,67
2021-04-08,85,Ooststellingwerf,Friesland,21,Totaal,9,1127
2021-04-08,85,Ooststellingwerf,Friesland,21,Ziekenhuisopname,0,13
2021-04-08,85,Ooststellingwerf,Friesland,21,Overleden,0,6
2021-04-08,86,Opsterland,Friesland,21,Totaal,9,1261
2021-04-08,86,Opsterland,Friesland,21,Ziekenhuisopname,0,25
2021-04-08,86,Opsterland,Friesland,21,Overleden,0,7
2021-04-08,88,Schiermonnikoog,Friesland,21,Totaal,0,43
2021-04-08,88,Schiermonnikoog,Friesland,21,Ziekenhuisopname,0,1
2021-04-08,88,Schiermonnikoog,Friesland,21,Overleden,0,2
2021-04-08,90,Smallingerland,Friesland,21,Totaal,18,2678
2021-04-08,90,Smallingerland,Friesland,21,Ziekenhuisopname,0,31
2021-04-08,90,Smallingerland,Friesland,21,Overleden,0,32
2021-04-08,93,Terschelling,Friesland,21,Totaal,3,212
2021-04-08,93,Terschelling,Friesland,21,Ziekenhuisopname,0,3
2021-04-08,93,Terschelling,Friesland,21,Overleden,0,2
2021-04-08,96,Vlieland,Friesland,21,Totaal,2,47
2021-04-08,96,Vlieland,Friesland,21,Ziekenhuisopname,0,0
2021-04-08,96,Vlieland,Friesland,21,Overleden,0,0
2021-04-08,98,Weststellingwerf,Friesland,21,Totaal,6,1324
2021-04-08,98,Weststellingwerf,Friesland,21,Ziekenhuisopname,0,13
2021-04-08,98,Weststellingwerf,Friesland,21,Overleden,0,28
2021-04-08,106,Assen,Drenthe,22,Totaal,30,3033
2021-04-08,106,Assen,Drenthe,22,Ziekenhuisopname,0,47
2021-04-08,106,Assen,Drenthe,22,Overleden,0,14
2021-04-08,109,Coevorden,Drenthe,22,Totaal,9,2446
2021-04-08,109,Coevorden,Drenthe,22,Ziekenhuisopname,0,50
2021-04-08,109,Coevorden,Drenthe,22,Overleden,0,30
2021-04-08,114,Emmen,Drenthe,22,Totaal,42,7574
2021-04-08,114,Emmen,Drenthe,22,Ziekenhuisopname,0,125
2021-04-08,114,Emmen,Drenthe,22,Overleden,0,70
2021-04-08,118,Hoogeveen,Drenthe,22,Totaal,22,3807
2021-04-08,118,Hoogeveen,Drenthe,22,Ziekenhuisopname,1,64
2021-04-08,118,Hoogeveen,Drenthe,22,Overleden,0,40
2021-04-08,119,Meppel,Drenthe,22,Totaal,11,1893
2021-04-08,119,Meppel,Drenthe,22,Ziekenhuisopname,1,24
2021-04-08,119,Meppel,Drenthe,22,Overleden,0,25
2021-04-08,141,Almelo,Overijssel,23,Totaal,14,6169
2021-04-08,141,Almelo,Overijssel,23,Ziekenhuisopname,0,90
2021-04-08,141,Almelo,Overijssel,23,Overleden,0,54
2021-04-08,147,Borne,Overijssel,23,Totaal,5,2010
2021-04-08,147,Borne,Overijssel,23,Ziekenhuisopname,0,28
2021-04-08,147,Borne,Overijssel,23,Overleden,1,37
2021-04-08,148,Dalfsen,Overijssel,23,Totaal,9,1870
2021-04-08,148,Dalfsen,Overijssel,23,Ziekenhuisopname,0,25
2021-04-08,148,Dalfsen,Overijssel,23,Overleden,0,19
2021-04-08,150,Deventer,Overijssel,23,Totaal,42,6378
2021-04-08,150,Deventer,Overijssel,23,Ziekenhuisopname,0,82
2021-04-08,150,Deventer,Overijssel,23,Overleden,0,82
2021-04-08,153,Enschede,Overijssel,23,Totaal,36,11106
2021-04-08,153,Enschede,Overijssel,23,Ziekenhuisopname,0,195
2021-04-08,153,Enschede,Overijssel,23,Overleden,0,165
2021-04-08,158,Haaksbergen,Overijssel,23,Totaal,5,2269
2021-04-08,158,Haaksbergen,Overijssel,23,Ziekenhuisopname,0,32
2021-04-08,158,Haaksbergen,Overijssel,23,Overleden,0,32
2021-04-08,160,Hardenberg,Overijssel,23,Totaal,19,4796
2021-04-08,160,Hardenberg,Overijssel,23,Ziekenhuisopname,0,55
2021-04-08,160,Hardenberg,Overijssel,23,Overleden,0,37
2021-04-08,163,Hellendoorn,Overijssel,23,Totaal,23,3646
2021-04-08,163,Hellendoorn,Overijssel,23,Ziekenhuisopname,0,40
2021-04-08,163,Hellendoorn,Overijssel,23,Overleden,0,49
2021-04-08,164,Hengelo,Overijssel,23,Totaal,20,5937
2021-04-08,164,Hengelo,Overijssel,23,Ziekenhuisopname,0,66
2021-04-08,164,Hengelo,Overijssel,23,Overleden,0,65
2021-04-08,166,Kampen,Overijssel,23,Totaal,19,2831
2021-04-08,166,Kampen,Overijssel,23,Ziekenhuisopname,0,74
2021-04-08,166,Kampen,Overijssel,23,Overleden,0,42
2021-04-08,168,Losser,Overijssel,23,Totaal,1,2192
2021-04-08,168,Losser,Overijssel,23,Ziekenhuisopname,0,46
2021-04-08,168,Losser,Overijssel,23,Overleden,0,32
2021-04-08,171,Noordoostpolder,Flevoland,24,Totaal,4,2756
2021-04-08,171,Noordoostpolder,Flevoland,24,Ziekenhuisopname,0,30
2021-04-08,171,Noordoostpolder,Flevoland,24,Overleden,0,27
2021-04-08,173,Oldenzaal,Overijssel,23,Totaal,2,2670
2021-04-08,173,Oldenzaal,Overijssel,23,Ziekenhuisopname,0,51
2021-04-08,173,Oldenzaal,Overijssel,23,Overleden,0,43
2021-04-08,175,Ommen,Overijssel,23,Totaal,4,1232
2021-04-08,175,Ommen,Overijssel,23,Ziekenhuisopname,0,14
2021-04-08,175,Ommen,Overijssel,23,Overleden,0,15
2021-04-08,177,Raalte,Overijssel,23,Totaal,3,2899
2021-04-08,177,Raalte,Overijssel,23,Ziekenhuisopname,0,39
2021-04-08,177,Raalte,Overijssel,23,Overleden,0,40
2021-04-08,180,Staphorst,Overijssel,23,Totaal,3,1772
2021-04-08,180,Staphorst,Overijssel,23,Ziekenhuisopname,0,14
2021-04-08,180,Staphorst,Overijssel,23,Overleden,1,19
2021-04-08,183,Tubbergen,Overijssel,23,Totaal,11,2368
2021-04-08,183,Tubbergen,Overijssel,23,Ziekenhuisopname,0,19
2021-04-08,183,Tubbergen,Overijssel,23,Overleden,0,18
2021-04-08,184,Urk,Flevoland,24,Totaal,12,2043
2021-04-08,184,Urk,Flevoland,24,Ziekenhuisopname,0,44
2021-04-08,184,Urk,Flevoland,24,Overleden,0,12
2021-04-08,189,Wierden,Overijssel,23,Totaal,13,2691
2021-04-08,189,Wierden,Overijssel,23,Ziekenhuisopname,0,19
2021-04-08,189,Wierden,Overijssel,23,Overleden,0,27
2021-04-08,193,Zwolle,Overijssel,23,Totaal,64,6565
2021-04-08,193,Zwolle,Overijssel,23,Ziekenhuisopname,0,90
2021-04-08,193,Zwolle,Overijssel,23,Overleden,0,104
2021-04-08,197,Aalten,Gelderland,25,Totaal,17,1976
2021-04-08,197,Aalten,Gelderland,25,Ziekenhuisopname,2,23
2021-04-08,197,Aalten,Gelderland,25,Overleden,0,19
2021-04-08,200,Apeldoorn,Gelderland,25,Totaal,96,9810
2021-04-08,200,Apeldoorn,Gelderland,25,Ziekenhuisopname,0,188
2021-04-08,200,Apeldoorn,Gelderland,25,Overleden,0,139
2021-04-08,202,Arnhem,Gelderland,25,Totaal,54,10036
2021-04-08,202,Arnhem,Gelderland,25,Ziekenhuisopname,1,170
2021-04-08,202,Arnhem,Gelderland,25,Overleden,0,121
2021-04-08,203,Barneveld,Gelderland,25,Totaal,36,6373
2021-04-08,203,Barneveld,Gelderland,25,Ziekenhuisopname,0,47
2021-04-08,203,Barneveld,Gelderland,25,Overleden,0,58
2021-04-08,209,Beuningen,Gelderland,25,Totaal,21,1794
2021-04-08,209,Beuningen,Gelderland,25,Ziekenhuisopname,0,36
2021-04-08,209,Beuningen,Gelderland,25,Overleden,0,19
2021-04-08,213,Brummen,Gelderland,25,Totaal,6,1102
2021-04-08,213,Brummen,Gelderland,25,Ziekenhuisopname,0,30
2021-04-08,213,Brummen,Gelderland,25,Overleden,0,16
2021-04-08,214,Buren,Gelderland,25,Totaal,8,1962
2021-04-08,214,Buren,Gelderland,25,Ziekenhuisopname,0,38
2021-04-08,214,Buren,Gelderland,25,Overleden,0,18
2021-04-08,216,Culemborg,Gelderland,25,Totaal,17,2207
2021-04-08,216,Culemborg,Gelderland,25,Ziekenhuisopname,0,43
2021-04-08,216,Culemborg,Gelderland,25,Overleden,0,22
2021-04-08,221,Doesburg,Gelderland,25,Totaal,3,640
2021-04-08,221,Doesburg,Gelderland,25,Ziekenhuisopname,0,17
2021-04-08,221,Doesburg,Gelderland,25,Overleden,0,9
2021-04-08,222,Doetinchem,Gelderland,25,Totaal,21,3777
2021-04-08,222,Doetinchem,Gelderland,25,Ziekenhuisopname,0,56
2021-04-08,222,Doetinchem,Gelderland,25,Overleden,0,27
2021-04-08,225,Druten,Gelderland,25,Totaal,6,1561
2021-04-08,225,Druten,Gelderland,25,Ziekenhuisopname,0,40
2021-04-08,225,Druten,Gelderland,25,Overleden,0,27
2021-04-08,226,Duiven,Gelderland,25,Totaal,10,1632
2021-04-08,226,Duiven,Gelderland,25,Ziekenhuisopname,0,27
2021-04-08,226,Duiven,Gelderland,25,Overleden,0,13
2021-04-08,228,Ede,Gelderland,25,Totaal,43,9757
2021-04-08,228,Ede,Gelderland,25,Ziekenhuisopname,0,130
2021-04-08,228,Ede,Gelderland,25,Overleden,0,78
2021-04-08,230,Elburg,Gelderland,25,Totaal,9,1616
2021-04-08,230,Elburg,Gelderland,25,Ziekenhuisopname,0,36
2021-04-08,230,Elburg,Gelderland,25,Overleden,0,13
2021-04-08,232,Epe,Gelderland,25,Totaal,22,2200
2021-04-08,232,Epe,Gelderland,25,Ziekenhuisopname,0,70
2021-04-08,232,Epe,Gelderland,25,Overleden,0,47
2021-04-08,233,Ermelo,Gelderland,25,Totaal,17,2046
2021-04-08,233,Ermelo,Gelderland,25,Ziekenhuisopname,0,39
2021-04-08,233,Ermelo,Gelderland,25,Overleden,0,33
2021-04-08,243,Harderwijk,Gelderland,25,Totaal,16,3580
2021-04-08,243,Harderwijk,Gelderland,25,Ziekenhuisopname,0,79
2021-04-08,243,Harderwijk,Gelderland,25,Overleden,0,46
2021-04-08,244,Hattem,Gelderland,25,Totaal,3,687
2021-04-08,244,Hattem,Gelderland,25,Ziekenhuisopname,0,19
2021-04-08,244,Hattem,Gelderland,25,Overleden,0,7
2021-04-08,246,Heerde,Gelderland,25,Totaal,7,1063
2021-04-08,246,Heerde,Gelderland,25,Ziekenhuisopname,0,55
2021-04-08,246,Heerde,Gelderland,25,Overleden,0,31
2021-04-08,252,Heumen,Gelderland,25,Totaal,5,1107
2021-04-08,252,Heumen,Gelderland,25,Ziekenhuisopname,0,25
2021-04-08,252,Heumen,Gelderland,25,Overleden,0,17
2021-04-08,262,Lochem,Gelderland,25,Totaal,7,1636
2021-04-08,262,Lochem,Gelderland,25,Ziekenhuisopname,0,33
2021-04-08,262,Lochem,Gelderland,25,Overleden,0,27
2021-04-08,263,Maasdriel,Gelderland,25,Totaal,41,2759
2021-04-08,263,Maasdriel,Gelderland,25,Ziekenhuisopname,0,40
2021-04-08,263,Maasdriel,Gelderland,25,Overleden,0,41
2021-04-08,267,Nijkerk,Gelderland,25,Totaal,29,3799
2021-04-08,267,Nijkerk,Gelderland,25,Ziekenhuisopname,2,49
2021-04-08,267,Nijkerk,Gelderland,25,Overleden,0,28
2021-04-08,268,Nijmegen,Gelderland,25,Totaal,89,11835
2021-04-08,268,Nijmegen,Gelderland,25,Ziekenhuisopname,0,247
2021-04-08,268,Nijmegen,Gelderland,25,Overleden,0,176
2021-04-08,269,Oldebroek,Gelderland,25,Totaal,11,1822
2021-04-08,269,Oldebroek,Gelderland,25,Ziekenhuisopname,0,46
2021-04-08,269,Oldebroek,Gelderland,25,Overleden,0,29
2021-04-08,273,Putten,Gelderland,25,Totaal,10,2042
2021-04-08,273,Putten,Gelderland,25,Ziekenhuisopname,0,19
2021-04-08,273,Putten,Gelderland,25,Overleden,0,14
2021-04-08,274,Renkum,Gelderland,25,Totaal,19,1659
2021-04-08,274,Renkum,Gelderland,25,Ziekenhuisopname,0,32
2021-04-08,274,Renkum,Gelderland,25,Overleden,0,25
2021-04-08,275,Rheden,Gelderland,25,Totaal,10,2967
2021-04-08,275,Rheden,Gelderland,25,Ziekenhuisopname,0,59
2021-04-08,275,Rheden,Gelderland,25,Overleden,0,56
2021-04-08,277,Rozendaal,Gelderland,25,Totaal,0,83
2021-04-08,277,Rozendaal,Gelderland,25,Ziekenhuisopname,0,1
2021-04-08,277,Rozendaal,Gelderland,25,Overleden,0,0
2021-04-08,279,Scherpenzeel,Gelderland,25,Totaal,3,885
2021-04-08,279,Scherpenzeel,Gelderland,25,Ziekenhuisopname,0,5
2021-04-08,279,Scherpenzeel,Gelderland,25,Overleden,0,12
2021-04-08,281,Tiel,Gelderland,25,Totaal,21,3513
2021-04-08,281,Tiel,Gelderland,25,Ziekenhuisopname,0,82
2021-04-08,281,Tiel,Gelderland,25,Overleden,0,72
2021-04-08,285,Voorst,Gelderland,25,Totaal,11,1461
2021-04-08,285,Voorst,Gelderland,25,Ziekenhuisopname,0,30
2021-04-08,285,Voorst,Gelderland,25,Overleden,0,28
2021-04-08,289,Wageningen,Gelderland,25,Totaal,13,2436
2021-04-08,289,Wageningen,Gelderland,25,Ziekenhuisopname,0,40
2021-04-08,289,Wageningen,Gelderland,25,Overleden,0,41
2021-04-08,293,Westervoort,Gelderland,25,Totaal,7,909
2021-04-08,293,Westervoort,Gelderland,25,Ziekenhuisopname,0,19
2021-04-08,293,Westervoort,Gelderland,25,Overleden,0,8
2021-04-08,294,Winterswijk,Gelderland,25,Totaal,7,1525
2021-04-08,294,Winterswijk,Gelderland,25,Ziekenhuisopname,0,15
2021-04-08,294,Winterswijk,Gelderland,25,Overleden,0,15
2021-04-08,296,Wijchen,Gelderland,25,Totaal,22,3051
2021-04-08,296,Wijchen,Gelderland,25,Ziekenhuisopname,0,74
2021-04-08,296,Wijchen,Gelderland,25,Overleden,0,51
2021-04-08,297,Zaltbommel,Gelderland,25,Totaal,18,3182
2021-04-08,297,Zaltbommel,Gelderland,25,Ziekenhuisopname,0,37
2021-04-08,297,Zaltbommel,Gelderland,25,Overleden,0,41
2021-04-08,299,Zevenaar,Gelderland,25,Totaal,13,2520
2021-04-08,299,Zevenaar,Gelderland,25,Ziekenhuisopname,0,75
2021-04-08,299,Zevenaar,Gelderland,25,Overleden,0,46
2021-04-08,301,Zutphen,Gelderland,25,Totaal,21,2310
2021-04-08,301,Zutphen,Gelderland,25,Ziekenhuisopname,0,47
2021-04-08,301,Zutphen,Gelderland,25,Overleden,0,29
2021-04-08,302,Nunspeet,Gelderland,25,Totaal,14,1822
2021-04-08,302,Nunspeet,Gelderland,25,Ziekenhuisopname,0,77
2021-04-08,302,Nunspeet,Gelderland,25,Overleden,0,30
2021-04-08,303,Dronten,Flevoland,24,Totaal,10,2467
2021-04-08,303,Dronten,Flevoland,24,Ziekenhuisopname,0,59
2021-04-08,303,Dronten,Flevoland,24,Overleden,0,23
2021-04-08,307,Amersfoort,Utrecht,26,Totaal,63,11692
2021-04-08,307,Amersfoort,Utrecht,26,Ziekenhuisopname,0,228
2021-04-08,307,Amersfoort,Utrecht,26,Overleden,0,131
2021-04-08,308,Baarn,Utrecht,26,Totaal,9,1779
2021-04-08,308,Baarn,Utrecht,26,Ziekenhuisopname,0,33
2021-04-08,308,Baarn,Utrecht,26,Overleden,0,27
2021-04-08,310,De Bilt,Utrecht,26,Totaal,10,3127
2021-04-08,310,De Bilt,Utrecht,26,Ziekenhuisopname,2,72
2021-04-08,310,De Bilt,Utrecht,26,Overleden,2,75
2021-04-08,312,Bunnik,Utrecht,26,Totaal,6,967
2021-04-08,312,Bunnik,Utrecht,26,Ziekenhuisopname,0,21
2021-04-08,312,Bunnik,Utrecht,26,Overleden,0,11
2021-04-08,313,Bunschoten,Utrecht,26,Totaal,12,3756
2021-04-08,313,Bunschoten,Utrecht,26,Ziekenhuisopname,0,55
2021-04-08,313,Bunschoten,Utrecht,26,Overleden,0,39
2021-04-08,317,Eemnes,Utrecht,26,Totaal,6,769
2021-04-08,317,Eemnes,Utrecht,26,Ziekenhuisopname,0,18
2021-04-08,317,Eemnes,Utrecht,26,Overleden,0,5
2021-04-08,321,Houten,Utrecht,26,Totaal,24,3238
2021-04-08,321,Houten,Utrecht,26,Ziekenhuisopname,0,64
2021-04-08,321,Houten,Utrecht,26,Overleden,0,51
2021-04-08,327,Leusden,Utrecht,26,Totaal,10,1983
2021-04-08,327,Leusden,Utrecht,26,Ziekenhuisopname,0,37
2021-04-08,327,Leusden,Utrecht,26,Overleden,0,23
2021-04-08,331,Lopik,Utrecht,26,Totaal,9,1348
2021-04-08,331,Lopik,Utrecht,26,Ziekenhuisopname,0,38
2021-04-08,331,Lopik,Utrecht,26,Overleden,0,12
2021-04-08,335,Montfoort,Utrecht,26,Totaal,2,1185
2021-04-08,335,Montfoort,Utrecht,26,Ziekenhuisopname,0,24
2021-04-08,335,Montfoort,Utrecht,26,Overleden,0,8
2021-04-08,339,Renswoude,Utrecht,26,Totaal,5,489
2021-04-08,339,Renswoude,Utrecht,26,Ziekenhuisopname,0,7
2021-04-08,339,Renswoude,Utrecht,26,Overleden,0,5
2021-04-08,340,Rhenen,Utrecht,26,Totaal,19,1983
2021-04-08,340,Rhenen,Utrecht,26,Ziekenhuisopname,0,32
2021-04-08,340,Rhenen,Utrecht,26,Overleden,0,19
2021-04-08,342,Soest,Utrecht,26,Totaal,19,3264
2021-04-08,342,Soest,Utrecht,26,Ziekenhuisopname,0,68
2021-04-08,342,Soest,Utrecht,26,Overleden,0,46
2021-04-08,344,Utrecht,Utrecht,26,Totaal,173,25887
2021-04-08,344,Utrecht,Utrecht,26,Ziekenhuisopname,4,639
2021-04-08,344,Utrecht,Utrecht,26,Overleden,0,229
2021-04-08,345,Veenendaal,Utrecht,26,Totaal,39,6837
2021-04-08,345,Veenendaal,Utrecht,26,Ziekenhuisopname,1,124
2021-04-08,345,Veenendaal,Utrecht,26,Overleden,0,70
2021-04-08,351,Woudenberg,Utrecht,26,Totaal,3,1260
2021-04-08,351,Woudenberg,Utrecht,26,Ziekenhuisopname,0,22
2021-04-08,351,Woudenberg,Utrecht,26,Overleden,0,8
2021-04-08,352,Wijk bij Duurstede,Utrecht,26,Totaal,14,1500
2021-04-08,352,Wijk bij Duurstede,Utrecht,26,Ziekenhuisopname,2,32
2021-04-08,352,Wijk bij Duurstede,Utrecht,26,Overleden,0,11
2021-04-08,353,IJsselstein,Utrecht,26,Totaal,21,2464
2021-04-08,353,IJsselstein,Utrecht,26,Ziekenhuisopname,1,78
2021-04-08,353,IJsselstein,Utrecht,26,Overleden,0,55
2021-04-08,355,Zeist,Utrecht,26,Totaal,22,4157
2021-04-08,355,Zeist,Utrecht,26,Ziekenhuisopname,1,81
2021-04-08,355,Zeist,Utrecht,26,Overleden,0,70
2021-04-08,356,Nieuwegein,Utrecht,26,Totaal,34,4324
2021-04-08,356,Nieuwegein,Utrecht,26,Ziekenhuisopname,3,111
2021-04-08,356,Nieuwegein,Utrecht,26,Overleden,0,26
2021-04-08,358,Aalsmeer,Noord-Holland,27,Totaal,23,2396
2021-04-08,358,Aalsmeer,Noord-Holland,27,Ziekenhuisopname,0,33
2021-04-08,358,Aalsmeer,Noord-Holland,27,Overleden,0,23
2021-04-08,361,Alkmaar,Noord-Holland,27,Totaal,41,7900
2021-04-08,361,Alkmaar,Noord-Holland,27,Ziekenhuisopname,2,124
2021-04-08,361,Alkmaar,Noord-Holland,27,Overleden,0,74
2021-04-08,362,Amstelveen,Noord-Holland,27,Totaal,26,5927
2021-04-08,362,Amstelveen,Noord-Holland,27,Ziekenhuisopname,0,122
2021-04-08,362,Amstelveen,Noord-Holland,27,Overleden,0,88
2021-04-08,363,Amsterdam,Noord-Holland,27,Totaal,264,73436
2021-04-08,363,Amsterdam,Noord-Holland,27,Ziekenhuisopname,3,1737
2021-04-08,363,Amsterdam,Noord-Holland,27,Overleden,0,729
2021-04-08,370,Beemster,Noord-Holland,27,Totaal,4,773
2021-04-08,370,Beemster,Noord-Holland,27,Ziekenhuisopname,0,7
2021-04-08,370,Beemster,Noord-Holland,27,Overleden,0,3
2021-04-08,373,Bergen (NH.),Noord-Holland,27,Totaal,10,2087
2021-04-08,373,Bergen (NH.),Noord-Holland,27,Ziekenhuisopname,1,36
2021-04-08,373,Bergen (NH.),Noord-Holland,27,Overleden,0,35
2021-04-08,375,Beverwijk,Noord-Holland,27,Totaal,27,3543
2021-04-08,375,Beverwijk,Noord-Holland,27,Ziekenhuisopname,0,40
2021-04-08,375,Beverwijk,Noord-Holland,27,Overleden,0,41
2021-04-08,376,Blaricum,Noord-Holland,27,Totaal,9,818
2021-04-08,376,Blaricum,Noord-Holland,27,Ziekenhuisopname,0,12
2021-04-08,376,Blaricum,Noord-Holland,27,Overleden,0,6
2021-04-08,377,Bloemendaal,Noord-Holland,27,Totaal,3,1339
2021-04-08,377,Bloemendaal,Noord-Holland,27,Ziekenhuisopname,0,13
2021-04-08,377,Bloemendaal,Noord-Holland,27,Overleden,0,16
2021-04-08,383,Castricum,Noord-Holland,27,Totaal,24,2563
2021-04-08,383,Castricum,Noord-Holland,27,Ziekenhuisopname,0,25
2021-04-08,383,Castricum,Noord-Holland,27,Overleden,0,22
2021-04-08,384,Diemen,Noord-Holland,27,Totaal,4,2562
2021-04-08,384,Diemen,Noord-Holland,27,Ziekenhuisopname,0,42
2021-04-08,384,Diemen,Noord-Holland,27,Overleden,0,30
2021-04-08,385,Edam-Volendam,Noord-Holland,27,Totaal,12,4065
2021-04-08,385,Edam-Volendam,Noord-Holland,27,Ziekenhuisopname,0,85
2021-04-08,385,Edam-Volendam,Noord-Holland,27,Overleden,1,17
2021-04-08,388,Enkhuizen,Noord-Holland,27,Totaal,1,1737
2021-04-08,388,Enkhuizen,Noord-Holland,27,Ziekenhuisopname,0,30
2021-04-08,388,Enkhuizen,Noord-Holland,27,Overleden,0,11
2021-04-08,392,Haarlem,Noord-Holland,27,Totaal,56,10602
2021-04-08,392,Haarlem,Noord-Holland,27,Ziekenhuisopname,0,187
2021-04-08,392,Haarlem,Noord-Holland,27,Overleden,0,145
2021-04-08,394,Haarlemmermeer,Noord-Holland,27,Totaal,66,11266
2021-04-08,394,Haarlemmermeer,Noord-Holland,27,Ziekenhuisopname,1,167
2021-04-08,394,Haarlemmermeer,Noord-Holland,27,Overleden,0,104
2021-04-08,396,Heemskerk,Noord-Holland,27,Totaal,19,3344
2021-04-08,396,Heemskerk,Noord-Holland,27,Ziekenhuisopname,0,58
2021-04-08,396,Heemskerk,Noord-Holland,27,Overleden,0,32
2021-04-08,397,Heemstede,Noord-Holland,27,Totaal,9,1582
2021-04-08,397,Heemstede,Noord-Holland,27,Ziekenhuisopname,0,22
2021-04-08,397,Heemstede,Noord-Holland,27,Overleden,0,57
2021-04-08,398,Heerhugowaard,Noord-Holland,27,Totaal,21,4577
2021-04-08,398,Heerhugowaard,Noord-Holland,27,Ziekenhuisopname,0,56
2021-04-08,398,Heerhugowaard,Noord-Holland,27,Overleden,0,34
2021-04-08,399,Heiloo,Noord-Holland,27,Totaal,2,1382
2021-04-08,399,Heiloo,Noord-Holland,27,Ziekenhuisopname,0,22
2021-04-08,399,Heiloo,Noord-Holland,27,Overleden,0,15
2021-04-08,400,Den Helder,Noord-Holland,27,Totaal,16,4447
2021-04-08,400,Den Helder,Noord-Holland,27,Ziekenhuisopname,1,54
2021-04-08,400,Den Helder,Noord-Holland,27,Overleden,0,34
2021-04-08,402,Hilversum,Noord-Holland,27,Totaal,20,5401
2021-04-08,402,Hilversum,Noord-Holland,27,Ziekenhuisopname,0,75
2021-04-08,402,Hilversum,Noord-Holland,27,Overleden,0,78
2021-04-08,405,Hoorn,Noord-Holland,27,Totaal,27,7583
2021-04-08,405,Hoorn,Noord-Holland,27,Ziekenhuisopname,1,91
2021-04-08,405,Hoorn,Noord-Holland,27,Overleden,0,53
2021-04-08,406,Huizen,Noord-Holland,27,Totaal,9,3451
2021-04-08,406,Huizen,Noord-Holland,27,Ziekenhuisopname,0,55
2021-04-08,406,Huizen,Noord-Holland,27,Overleden,0,53
2021-04-08,415,Landsmeer,Noord-Holland,27,Totaal,0,976
2021-04-08,415,Landsmeer,Noord-Holland,27,Ziekenhuisopname,0,12
2021-04-08,415,Landsmeer,Noord-Holland,27,Overleden,0,6
2021-04-08,416,Langedijk,Noord-Holland,27,Totaal,12,2112
2021-04-08,416,Langedijk,Noord-Holland,27,Ziekenhuisopname,0,30
2021-04-08,416,Langedijk,Noord-Holland,27,Overleden,0,13
2021-04-08,417,Laren,Noord-Holland,27,Totaal,4,821
2021-04-08,417,Laren,Noord-Holland,27,Ziekenhuisopname,0,16
2021-04-08,417,Laren,Noord-Holland,27,Overleden,0,26
2021-04-08,420,Medemblik,Noord-Holland,27,Totaal,21,4746
2021-04-08,420,Medemblik,Noord-Holland,27,Ziekenhuisopname,0,53
2021-04-08,420,Medemblik,Noord-Holland,27,Overleden,0,25
2021-04-08,431,Oostzaan,Noord-Holland,27,Totaal,5,841
2021-04-08,431,Oostzaan,Noord-Holland,27,Ziekenhuisopname,0,16
2021-04-08,431,Oostzaan,Noord-Holland,27,Overleden,0,8
2021-04-08,432,Opmeer,Noord-Holland,27,Totaal,8,1142
2021-04-08,432,Opmeer,Noord-Holland,27,Ziekenhuisopname,0,9
2021-04-08,432,Opmeer,Noord-Holland,27,Overleden,0,5
2021-04-08,437,Ouder-Amstel,Noord-Holland,27,Totaal,6,1057
2021-04-08,437,Ouder-Amstel,Noord-Holland,27,Ziekenhuisopname,0,14
2021-04-08,437,Ouder-Amstel,Noord-Holland,27,Overleden,0,5
2021-04-08,439,Purmerend,Noord-Holland,27,Totaal,31,6670
2021-04-08,439,Purmerend,Noord-Holland,27,Ziekenhuisopname,0,172
2021-04-08,439,Purmerend,Noord-Holland,27,Overleden,1,82
2021-04-08,441,Schagen,Noord-Holland,27,Totaal,18,3721
2021-04-08,441,Schagen,Noord-Holland,27,Ziekenhuisopname,1,49
2021-04-08,441,Schagen,Noord-Holland,27,Overleden,0,54
2021-04-08,448,Texel,Noord-Holland,27,Totaal,4,380
2021-04-08,448,Texel,Noord-Holland,27,Ziekenhuisopname,0,6
2021-04-08,448,Texel,Noord-Holland,27,Overleden,0,4
2021-04-08,450,Uitgeest,Noord-Holland,27,Totaal,5,1078
2021-04-08,450,Uitgeest,Noord-Holland,27,Ziekenhuisopname,0,12
2021-04-08,450,Uitgeest,Noord-Holland,27,Overleden,0,7
2021-04-08,451,Uithoorn,Noord-Holland,27,Totaal,7,2047
2021-04-08,451,Uithoorn,Noord-Holland,27,Ziekenhuisopname,0,33
2021-04-08,451,Uithoorn,Noord-Holland,27,Overleden,0,15
2021-04-08,453,Velsen,Noord-Holland,27,Totaal,30,5899
2021-04-08,453,Velsen,Noord-Holland,27,Ziekenhuisopname,0,94
2021-04-08,453,Velsen,Noord-Holland,27,Overleden,0,88
2021-04-08,457,Weesp,Noord-Holland,27,Totaal,6,1743
2021-04-08,457,Weesp,Noord-Holland,27,Ziekenhuisopname,0,17
2021-04-08,457,Weesp,Noord-Holland,27,Overleden,0,20
2021-04-08,473,Zandvoort,Noord-Holland,27,Totaal,4,1112
2021-04-08,473,Zandvoort,Noord-Holland,27,Ziekenhuisopname,0,19
2021-04-08,473,Zandvoort,Noord-Holland,27,Overleden,0,42
2021-04-08,479,Zaanstad,Noord-Holland,27,Totaal,52,13006
2021-04-08,479,Zaanstad,Noord-Holland,27,Ziekenhuisopname,0,270
2021-04-08,479,Zaanstad,Noord-Holland,27,Overleden,0,166
2021-04-08,482,Alblasserdam,Zuid-Holland,28,Totaal,20,2093
2021-04-08,482,Alblasserdam,Zuid-Holland,28,Ziekenhuisopname,0,37
2021-04-08,482,Alblasserdam,Zuid-Holland,28,Overleden,0,21
2021-04-08,484,Alphen aan den Rijn,Zuid-Holland,28,Totaal,41,9364
2021-04-08,484,Alphen aan den Rijn,Zuid-Holland,28,Ziekenhuisopname,0,168
2021-04-08,484,Alphen aan den Rijn,Zuid-Holland,28,Overleden,0,112
2021-04-08,489,Barendrecht,Zuid-Holland,28,Totaal,25,4347
2021-04-08,489,Barendrecht,Zuid-Holland,28,Ziekenhuisopname,0,93
2021-04-08,489,Barendrecht,Zuid-Holland,28,Overleden,0,45
2021-04-08,498,Drechterland,Noord-Holland,27,Totaal,7,1882
2021-04-08,498,Drechterland,Noord-Holland,27,Ziekenhuisopname,0,18
2021-04-08,498,Drechterland,Noord-Holland,27,Overleden,0,12
2021-04-08,501,Brielle,Zuid-Holland,28,Totaal,18,1180
2021-04-08,501,Brielle,Zuid-Holland,28,Ziekenhuisopname,0,30
2021-04-08,501,Brielle,Zuid-Holland,28,Overleden,0,9
2021-04-08,502,Capelle aan den IJssel,Zuid-Holland,28,Totaal,47,6266
2021-04-08,502,Capelle aan den IJssel,Zuid-Holland,28,Ziekenhuisopname,0,160
2021-04-08,502,Capelle aan den IJssel,Zuid-Holland,28,Overleden,0,131
2021-04-08,503,Delft,Zuid-Holland,28,Totaal,25,7515
2021-04-08,503,Delft,Zuid-Holland,28,Ziekenhuisopname,0,91
2021-04-08,503,Delft,Zuid-Holland,28,Overleden,0,74
2021-04-08,505,Dordrecht,Zuid-Holland,28,Totaal,101,11382
2021-04-08,505,Dordrecht,Zuid-Holland,28,Ziekenhuisopname,1,236
2021-04-08,505,Dordrecht,Zuid-Holland,28,Overleden,0,160
2021-04-08,512,Gorinchem,Zuid-Holland,28,Totaal,21,3310
2021-04-08,512,Gorinchem,Zuid-Holland,28,Ziekenhuisopname,0,44
2021-04-08,512,Gorinchem,Zuid-Holland,28,Overleden,0,37
2021-04-08,513,Gouda,Zuid-Holland,28,Totaal,38,6157
2021-04-08,513,Gouda,Zuid-Holland,28,Ziekenhuisopname,1,201
2021-04-08,513,Gouda,Zuid-Holland,28,Overleden,1,151
2021-04-08,518,'s-Gravenhage,Zuid-Holland,28,Totaal,210,42185
2021-04-08,518,'s-Gravenhage,Zuid-Holland,28,Ziekenhuisopname,5,1341
2021-04-08,518,'s-Gravenhage,Zuid-Holland,28,Overleden,0,539
2021-04-08,523,Hardinxveld-Giessendam,Zuid-Holland,28,Totaal,16,2214
2021-04-08,523,Hardinxveld-Giessendam,Zuid-Holland,28,Ziekenhuisopname,0,16
2021-04-08,523,Hardinxveld-Giessendam,Zuid-Holland,28,Overleden,0,23
2021-04-08,530,Hellevoetsluis,Zuid-Holland,28,Totaal,19,2629
2021-04-08,530,Hellevoetsluis,Zuid-Holland,28,Ziekenhuisopname,0,52
2021-04-08,530,Hellevoetsluis,Zuid-Holland,28,Overleden,0,40
2021-04-08,531,Hendrik-Ido-Ambacht,Zuid-Holland,28,Totaal,22,2887
2021-04-08,531,Hendrik-Ido-Ambacht,Zuid-Holland,28,Ziekenhuisopname,1,37
2021-04-08,531,Hendrik-Ido-Ambacht,Zuid-Holland,28,Overleden,0,30
2021-04-08,532,Stede Broec,Noord-Holland,27,Totaal,13,2243
2021-04-08,532,Stede Broec,Noord-Holland,27,Ziekenhuisopname,0,29
2021-04-08,532,Stede Broec,Noord-Holland,27,Overleden,0,15
2021-04-08,534,Hillegom,Zuid-Holland,28,Totaal,16,1457
2021-04-08,534,Hillegom,Zuid-Holland,28,Ziekenhuisopname,2,17
2021-04-08,534,Hillegom,Zuid-Holland,28,Overleden,0,17
2021-04-08,537,Katwijk,Zuid-Holland,28,Totaal,46,7258
2021-04-08,537,Katwijk,Zuid-Holland,28,Ziekenhuisopname,0,100
2021-04-08,537,Katwijk,Zuid-Holland,28,Overleden,0,54
2021-04-08,542,Krimpen aan den IJssel,Zuid-Holland,28,Totaal,13,3058
2021-04-08,542,Krimpen aan den IJssel,Zuid-Holland,28,Ziekenhuisopname,0,45
2021-04-08,542,Krimpen aan den IJssel,Zuid-Holland,28,Overleden,0,68
2021-04-08,546,Leiden,Zuid-Holland,28,Totaal,41,8242
2021-04-08,546,Leiden,Zuid-Holland,28,Ziekenhuisopname,0,116
2021-04-08,546,Leiden,Zuid-Holland,28,Overleden,0,65
2021-04-08,547,Leiderdorp,Zuid-Holland,28,Totaal,14,1814
2021-04-08,547,Leiderdorp,Zuid-Holland,28,Ziekenhuisopname,0,34
2021-04-08,547,Leiderdorp,Zuid-Holland,28,Overleden,0,21
2021-04-08,553,Lisse,Zuid-Holland,28,Totaal,14,1728
2021-04-08,553,Lisse,Zuid-Holland,28,Ziekenhuisopname,0,26
2021-04-08,553,Lisse,Zuid-Holland,28,Overleden,0,17
2021-04-08,556,Maassluis,Zuid-Holland,28,Totaal,12,2792
2021-04-08,556,Maassluis,Zuid-Holland,28,Ziekenhuisopname,0,61
2021-04-08,556,Maassluis,Zuid-Holland,28,Overleden,0,34
2021-04-08,569,Nieuwkoop,Zuid-Holland,28,Totaal,18,2673
2021-04-08,569,Nieuwkoop,Zuid-Holland,28,Ziekenhuisopname,0,37
2021-04-08,569,Nieuwkoop,Zuid-Holland,28,Overleden,0,21
2021-04-08,575,Noordwijk,Zuid-Holland,28,Totaal,47,3334
2021-04-08,575,Noordwijk,Zuid-Holland,28,Ziekenhuisopname,0,64
2021-04-08,575,Noordwijk,Zuid-Holland,28,Overleden,0,20
2021-04-08,579,Oegstgeest,Zuid-Holland,28,Totaal,14,1604
2021-04-08,579,Oegstgeest,Zuid-Holland,28,Ziekenhuisopname,0,22
2021-04-08,579,Oegstgeest,Zuid-Holland,28,Overleden,0,30
2021-04-08,589,Oudewater,Utrecht,26,Totaal,3,838
2021-04-08,589,Oudewater,Utrecht,26,Ziekenhuisopname,0,38
2021-04-08,589,Oudewater,Utrecht,26,Overleden,0,12
2021-04-08,590,Papendrecht,Zuid-Holland,28,Totaal,15,2757
2021-04-08,590,Papendrecht,Zuid-Holland,28,Ziekenhuisopname,0,43
2021-04-08,590,Papendrecht,Zuid-Holland,28,Overleden,1,45
2021-04-08,597,Ridderkerk,Zuid-Holland,28,Totaal,39,4498
2021-04-08,597,Ridderkerk,Zuid-Holland,28,Ziekenhuisopname,1,100
2021-04-08,597,Ridderkerk,Zuid-Holland,28,Overleden,1,86
2021-04-08,599,Rotterdam,Zuid-Holland,28,Totaal,456,60995
2021-04-08,599,Rotterdam,Zuid-Holland,28,Ziekenhuisopname,4,1686
2021-04-08,599,Rotterdam,Zuid-Holland,28,Overleden,2,894
2021-04-08,603,Rijswijk,Zuid-Holland,28,Totaal,25,3950
2021-04-08,603,Rijswijk,Zuid-Holland,28,Ziekenhuisopname,0,115
2021-04-08,603,Rijswijk,Zuid-Holland,28,Overleden,0,72
2021-04-08,606,Schiedam,Zuid-Holland,28,Totaal,40,7591
2021-04-08,606,Schiedam,Zuid-Holland,28,Ziekenhuisopname,1,207
2021-04-08,606,Schiedam,Zuid-Holland,28,Overleden,0,105
2021-04-08,610,Sliedrecht,Zuid-Holland,28,Totaal,9,2755
2021-04-08,610,Sliedrecht,Zuid-Holland,28,Ziekenhuisopname,0,29
2021-04-08,610,Sliedrecht,Zuid-Holland,28,Overleden,0,41
2021-04-08,613,Albrandswaard,Zuid-Holland,28,Totaal,16,2409
2021-04-08,613,Albrandswaard,Zuid-Holland,28,Ziekenhuisopname,1,41
2021-04-08,613,Albrandswaard,Zuid-Holland,28,Overleden,0,20
2021-04-08,614,Westvoorne,Zuid-Holland,28,Totaal,8,856
2021-04-08,614,Westvoorne,Zuid-Holland,28,Ziekenhuisopname,0,20
2021-04-08,614,Westvoorne,Zuid-Holland,28,Overleden,0,16
2021-04-08,622,Vlaardingen,Zuid-Holland,28,Totaal,48,6874
2021-04-08,622,Vlaardingen,Zuid-Holland,28,Ziekenhuisopname,1,156
2021-04-08,622,Vlaardingen,Zuid-Holland,28,Overleden,0,90
2021-04-08,626,Voorschoten,Zuid-Holland,28,Totaal,15,1478
2021-04-08,626,Voorschoten,Zuid-Holland,28,Ziekenhuisopname,0,21
2021-04-08,626,Voorschoten,Zuid-Holland,28,Overleden,0,22
2021-04-08,627,Waddinxveen,Zuid-Holland,28,Totaal,7,2402
2021-04-08,627,Waddinxveen,Zuid-Holland,28,Ziekenhuisopname,0,63
2021-04-08,627,Waddinxveen,Zuid-Holland,28,Overleden,0,14
2021-04-08,629,Wassenaar,Zuid-Holland,28,Totaal,14,1609
2021-04-08,629,Wassenaar,Zuid-Holland,28,Ziekenhuisopname,0,34
2021-04-08,629,Wassenaar,Zuid-Holland,28,Overleden,0,30
2021-04-08,632,Woerden,Utrecht,26,Totaal,13,4049
2021-04-08,632,Woerden,Utrecht,26,Ziekenhuisopname,0,122
2021-04-08,632,Woerden,Utrecht,26,Overleden,0,38
2021-04-08,637,Zoetermeer,Zuid-Holland,28,Totaal,44,9020
2021-04-08,637,Zoetermeer,Zuid-Holland,28,Ziekenhuisopname,1,144
2021-04-08,637,Zoetermeer,Zuid-Holland,28,Overleden,0,64
2021-04-08,638,Zoeterwoude,Zuid-Holland,28,Totaal,7,643
2021-04-08,638,Zoeterwoude,Zuid-Holland,28,Ziekenhuisopname,0,8
2021-04-08,638,Zoeterwoude,Zuid-Holland,28,Overleden,0,1
2021-04-08,642,Zwijndrecht,Zuid-Holland,28,Totaal,20,4328
2021-04-08,642,Zwijndrecht,Zuid-Holland,28,Ziekenhuisopname,0,78
2021-04-08,642,Zwijndrecht,Zuid-Holland,28,Overleden,0,89
2021-04-08,654,Borsele,Zeeland,29,Totaal,6,1107
2021-04-08,654,Borsele,Zeeland,29,Ziekenhuisopname,0,31
2021-04-08,654,Borsele,Zeeland,29,Overleden,0,5
2021-04-08,664,Goes,Zeeland,29,Totaal,10,1975
2021-04-08,664,Goes,Zeeland,29,Ziekenhuisopname,1,66
2021-04-08,664,Goes,Zeeland,29,Overleden,0,25
2021-04-08,668,West Maas en Waal,Gelderland,25,Totaal,9,1517
2021-04-08,668,West Maas en Waal,Gelderland,25,Ziekenhuisopname,0,24
2021-04-08,668,West Maas en Waal,Gelderland,25,Overleden,0,19
2021-04-08,677,Hulst,Zeeland,29,Totaal,6,1425
2021-04-08,677,Hulst,Zeeland,29,Ziekenhuisopname,0,35
2021-04-08,677,Hulst,Zeeland,29,Overleden,0,13
2021-04-08,678,Kapelle,Zeeland,29,Totaal,5,747
2021-04-08,678,Kapelle,Zeeland,29,Ziekenhuisopname,0,9
2021-04-08,678,Kapelle,Zeeland,29,Overleden,0,6
2021-04-08,687,Middelburg,Zeeland,29,Totaal,21,2730
2021-04-08,687,Middelburg,Zeeland,29,Ziekenhuisopname,1,63
2021-04-08,687,Middelburg,Zeeland,29,Overleden,0,23
2021-04-08,703,Reimerswaal,Zeeland,29,Totaal,23,2024
2021-04-08,703,Reimerswaal,Zeeland,29,Ziekenhuisopname,0,32
2021-04-08,703,Reimerswaal,Zeeland,29,Overleden,0,15
2021-04-08,715,Terneuzen,Zeeland,29,Totaal,32,3265
2021-04-08,715,Terneuzen,Zeeland,29,Ziekenhuisopname,0,102
2021-04-08,715,Terneuzen,Zeeland,29,Overleden,0,28
2021-04-08,716,Tholen,Zeeland,29,Totaal,5,1936
2021-04-08,716,Tholen,Zeeland,29,Ziekenhuisopname,0,60
2021-04-08,716,Tholen,Zeeland,29,Overleden,0,23
2021-04-08,717,Veere,Zeeland,29,Totaal,12,1123
2021-04-08,717,Veere,Zeeland,29,Ziekenhuisopname,0,25
2021-04-08,717,Veere,Zeeland,29,Overleden,0,6
2021-04-08,718,Vlissingen,Zeeland,29,Totaal,28,2608
2021-04-08,718,Vlissingen,Zeeland,29,Ziekenhuisopname,1,101
2021-04-08,718,Vlissingen,Zeeland,29,Overleden,0,30
2021-04-08,736,De Ronde Venen,Utrecht,26,Totaal,20,3234
2021-04-08,736,De Ronde Venen,Utrecht,26,Ziekenhuisopname,3,105
2021-04-08,736,De Ronde Venen,Utrecht,26,Overleden,0,34
2021-04-08,737,Tytsjerksteradiel,Friesland,21,Totaal,7,1638
2021-04-08,737,Tytsjerksteradiel,Friesland,21,Ziekenhuisopname,0,20
2021-04-08,737,Tytsjerksteradiel,Friesland,21,Overleden,0,28
2021-04-08,743,Asten,Noord-Brabant,30,Totaal,7,1288
2021-04-08,743,Asten,Noord-Brabant,30,Ziekenhuisopname,0,32
2021-04-08,743,Asten,Noord-Brabant,30,Overleden,0,17
2021-04-08,744,Baarle-Nassau,Noord-Brabant,30,Totaal,2,402
2021-04-08,744,Baarle-Nassau,Noord-Brabant,30,Ziekenhuisopname,0,12
2021-04-08,744,Baarle-Nassau,Noord-Brabant,30,Overleden,0,4
2021-04-08,748,Bergen op Zoom,Noord-Brabant,30,Totaal,34,5391
2021-04-08,748,Bergen op Zoom,Noord-Brabant,30,Ziekenhuisopname,0,87
2021-04-08,748,Bergen op Zoom,Noord-Brabant,30,Overleden,0,41
2021-04-08,753,Best,Noord-Brabant,30,Totaal,13,2454
2021-04-08,753,Best,Noord-Brabant,30,Ziekenhuisopname,0,51
2021-04-08,753,Best,Noord-Brabant,30,Overleden,0,30
2021-04-08,755,Boekel,Noord-Brabant,30,Totaal,8,773
2021-04-08,755,Boekel,Noord-Brabant,30,Ziekenhuisopname,0,40
2021-04-08,755,Boekel,Noord-Brabant,30,Overleden,0,23
2021-04-08,756,Boxmeer,Noord-Brabant,30,Totaal,12,2680
2021-04-08,756,Boxmeer,Noord-Brabant,30,Ziekenhuisopname,0,36
2021-04-08,756,Boxmeer,Noord-Brabant,30,Overleden,0,43
2021-04-08,757,Boxtel,Noord-Brabant,30,Totaal,11,2673
2021-04-08,757,Boxtel,Noord-Brabant,30,Ziekenhuisopname,0,49
2021-04-08,757,Boxtel,Noord-Brabant,30,Overleden,0,67
2021-04-08,758,Breda,Noord-Brabant,30,Totaal,69,12428
2021-04-08,758,Breda,Noord-Brabant,30,Ziekenhuisopname,1,233
2021-04-08,758,Breda,Noord-Brabant,30,Overleden,0,143
2021-04-08,762,Deurne,Noord-Brabant,30,Totaal,6,2751
2021-04-08,762,Deurne,Noord-Brabant,30,Ziekenhuisopname,0,82
2021-04-08,762,Deurne,Noord-Brabant,30,Overleden,0,41
2021-04-08,765,Pekela,Groningen,20,Totaal,5,798
2021-04-08,765,Pekela,Groningen,20,Ziekenhuisopname,0,19
2021-04-08,765,Pekela,Groningen,20,Overleden,1,10
2021-04-08,766,Dongen,Noord-Brabant,30,Totaal,10,2442
2021-04-08,766,Dongen,Noord-Brabant,30,Ziekenhuisopname,0,43
2021-04-08,766,Dongen,Noord-Brabant,30,Overleden,0,25
2021-04-08,770,Eersel,Noord-Brabant,30,Totaal,11,1930
2021-04-08,770,Eersel,Noord-Brabant,30,Ziekenhuisopname,0,44
2021-04-08,770,Eersel,Noord-Brabant,30,Overleden,0,25
2021-04-08,772,Eindhoven,Noord-Brabant,30,Totaal,87,17395
2021-04-08,772,Eindhoven,Noord-Brabant,30,Ziekenhuisopname,0,390
2021-04-08,772,Eindhoven,Noord-Brabant,30,Overleden,0,331
2021-04-08,777,Etten-Leur,Noord-Brabant,30,Totaal,19,2940
2021-04-08,777,Etten-Leur,Noord-Brabant,30,Ziekenhuisopname,0,64
2021-04-08,777,Etten-Leur,Noord-Brabant,30,Overleden,0,38
2021-04-08,779,Geertruidenberg,Noord-Brabant,30,Totaal,5,1767
2021-04-08,779,Geertruidenberg,Noord-Brabant,30,Ziekenhuisopname,0,28
2021-04-08,779,Geertruidenberg,Noord-Brabant,30,Overleden,0,25
2021-04-08,784,Gilze en Rijen,Noord-Brabant,30,Totaal,14,2014
2021-04-08,784,Gilze en Rijen,Noord-Brabant,30,Ziekenhuisopname,0,32
2021-04-08,784,Gilze en Rijen,Noord-Brabant,30,Overleden,0,19
2021-04-08,785,Goirle,Noord-Brabant,30,Totaal,14,1881
2021-04-08,785,Goirle,Noord-Brabant,30,Ziekenhuisopname,0,39
2021-04-08,785,Goirle,Noord-Brabant,30,Overleden,0,36
2021-04-08,786,Grave,Noord-Brabant,30,Totaal,1,1160
2021-04-08,786,Grave,Noord-Brabant,30,Ziekenhuisopname,0,29
2021-04-08,786,Grave,Noord-Brabant,30,Overleden,0,24
2021-04-08,788,Haaren,Noord-Brabant,30,Totaal,,
2021-04-08,788,Haaren,Noord-Brabant,30,Ziekenhuisopname,,
2021-04-08,788,Haaren,Noord-Brabant,30,Overleden,,
2021-04-08,794,Helmond,Noord-Brabant,30,Totaal,49,8558
2021-04-08,794,Helmond,Noord-Brabant,30,Ziekenhuisopname,0,192
2021-04-08,794,Helmond,Noord-Brabant,30,Overleden,1,83
2021-04-08,796,'s-Hertogenbosch,Noord-Brabant,30,Totaal,104,12622
2021-04-08,796,'s-Hertogenbosch,Noord-Brabant,30,Ziekenhuisopname,0,225
2021-04-08,796,'s-Hertogenbosch,Noord-Brabant,30,Overleden,0,158
2021-04-08,797,Heusden,Noord-Brabant,30,Totaal,34,3869
2021-04-08,797,Heusden,Noord-Brabant,30,Ziekenhuisopname,0,74
2021-04-08,797,Heusden,Noord-Brabant,30,Overleden,0,47
2021-04-08,798,Hilvarenbeek,Noord-Brabant,30,Totaal,5,1358
2021-04-08,798,Hilvarenbeek,Noord-Brabant,30,Ziekenhuisopname,0,19
2021-04-08,798,Hilvarenbeek,Noord-Brabant,30,Overleden,0,20
2021-04-08,809,Loon op Zand,Noord-Brabant,30,Totaal,12,2134
2021-04-08,809,Loon op Zand,Noord-Brabant,30,Ziekenhuisopname,0,45
2021-04-08,809,Loon op Zand,Noord-Brabant,30,Overleden,0,35
2021-04-08,815,Mill en Sint Hubert,Noord-Brabant,30,Totaal,4,1002
2021-04-08,815,Mill en Sint Hubert,Noord-Brabant,30,Ziekenhuisopname,0,17
2021-04-08,815,Mill en Sint Hubert,Noord-Brabant,30,Overleden,0,10
2021-04-08,820,"Nuenen, Gerwen en Nederwetten",Noord-Brabant,30,Totaal,6,1689
2021-04-08,820,"Nuenen, Gerwen en Nederwetten",Noord-Brabant,30,Ziekenhuisopname,0,31
2021-04-08,820,"Nuenen, Gerwen en Nederwetten",Noord-Brabant,30,Overleden,0,20
2021-04-08,823,Oirschot,Noord-Brabant,30,Totaal,3,1853
2021-04-08,823,Oirschot,Noord-Brabant,30,Ziekenhuisopname,0,27
2021-04-08,823,Oirschot,Noord-Brabant,30,Overleden,0,26
2021-04-08,824,Oisterwijk,Noord-Brabant,30,Totaal,14,2505
2021-04-08,824,Oisterwijk,Noord-Brabant,30,Ziekenhuisopname,0,54
2021-04-08,824,Oisterwijk,Noord-Brabant,30,Overleden,0,22
2021-04-08,826,Oosterhout,Noord-Brabant,30,Totaal,21,4030
2021-04-08,826,Oosterhout,Noord-Brabant,30,Ziekenhuisopname,0,77
2021-04-08,826,Oosterhout,Noord-Brabant,30,Overleden,1,35
2021-04-08,828,Oss,Noord-Brabant,30,Totaal,58,8139
2021-04-08,828,Oss,Noord-Brabant,30,Ziekenhuisopname,0,232
2021-04-08,828,Oss,Noord-Brabant,30,Overleden,0,126
2021-04-08,840,Rucphen,Noord-Brabant,30,Totaal,16,1853
2021-04-08,840,Rucphen,Noord-Brabant,30,Ziekenhuisopname,0,42
2021-04-08,840,Rucphen,Noord-Brabant,30,Overleden,0,16
2021-04-08,845,Sint-Michielsgestel,Noord-Brabant,30,Totaal,21,2528
2021-04-08,845,Sint-Michielsgestel,Noord-Brabant,30,Ziekenhuisopname,0,48
2021-04-08,845,Sint-Michielsgestel,Noord-Brabant,30,Overleden,0,33
2021-04-08,847,Someren,Noord-Brabant,30,Totaal,3,1745
2021-04-08,847,Someren,Noord-Brabant,30,Ziekenhuisopname,0,46
2021-04-08,847,Someren,Noord-Brabant,30,Overleden,0,13
2021-04-08,848,Son en Breugel,Noord-Brabant,30,Totaal,3,1208
2021-04-08,848,Son en Breugel,Noord-Brabant,30,Ziekenhuisopname,0,39
2021-04-08,848,Son en Breugel,Noord-Brabant,30,Overleden,0,27
2021-04-08,851,Steenbergen,Noord-Brabant,30,Totaal,13,1787
2021-04-08,851,Steenbergen,Noord-Brabant,30,Ziekenhuisopname,0,31
2021-04-08,851,Steenbergen,Noord-Brabant,30,Overleden,0,18
2021-04-08,852,Waterland,Noord-Holland,27,Totaal,10,1516
2021-04-08,852,Waterland,Noord-Holland,27,Ziekenhuisopname,0,32
2021-04-08,852,Waterland,Noord-Holland,27,Overleden,0,15
2021-04-08,855,Tilburg,Noord-Brabant,30,Totaal,117,18474
2021-04-08,855,Tilburg,Noord-Brabant,30,Ziekenhuisopname,0,370
2021-04-08,855,Tilburg,Noord-Brabant,30,Overleden,0,272
2021-04-08,856,Uden,Noord-Brabant,30,Totaal,25,3156
2021-04-08,856,Uden,Noord-Brabant,30,Ziekenhuisopname,0,130
2021-04-08,856,Uden,Noord-Brabant,30,Overleden,0,85
2021-04-08,858,Valkenswaard,Noord-Brabant,30,Totaal,15,2809
2021-04-08,858,Valkenswaard,Noord-Brabant,30,Ziekenhuisopname,0,51
2021-04-08,858,Valkenswaard,Noord-Brabant,30,Overleden,0,59
2021-04-08,861,Veldhoven,Noord-Brabant,30,Totaal,14,4133
2021-04-08,861,Veldhoven,Noord-Brabant,30,Ziekenhuisopname,0,76
2021-04-08,861,Veldhoven,Noord-Brabant,30,Overleden,0,47
2021-04-08,865,Vught,Noord-Brabant,30,Totaal,21,2604
2021-04-08,865,Vught,Noord-Brabant,30,Ziekenhuisopname,0,70
2021-04-08,865,Vught,Noord-Brabant,30,Overleden,0,53
2021-04-08,866,Waalre,Noord-Brabant,30,Totaal,8,1242
2021-04-08,866,Waalre,Noord-Brabant,30,Ziekenhuisopname,0,16
2021-04-08,866,Waalre,Noord-Brabant,30,Overleden,1,14
2021-04-08,867,Waalwijk,Noord-Brabant,30,Totaal,13,4059
2021-04-08,867,Waalwijk,Noord-Brabant,30,Ziekenhuisopname,0,66
2021-04-08,867,Waalwijk,Noord-Brabant,30,Overleden,0,76
2021-04-08,873,Woensdrecht,Noord-Brabant,30,Totaal,6,1585
2021-04-08,873,Woensdrecht,Noord-Brabant,30,Ziekenhuisopname,0,19
2021-04-08,873,Woensdrecht,Noord-Brabant,30,Overleden,0,24
2021-04-08,879,Zundert,Noord-Brabant,30,Totaal,5,1287
2021-04-08,879,Zundert,Noord-Brabant,30,Ziekenhuisopname,0,35
2021-04-08,879,Zundert,Noord-Brabant,30,Overleden,0,17
2021-04-08,880,Wormerland,Noord-Holland,27,Totaal,5,1324
2021-04-08,880,Wormerland,Noord-Holland,27,Ziekenhuisopname,0,35
2021-04-08,880,Wormerland,Noord-Holland,27,Overleden,0,33
2021-04-08,882,Landgraaf,Limburg,31,Totaal,15,2743
2021-04-08,882,Landgraaf,Limburg,31,Ziekenhuisopname,0,86
2021-04-08,882,Landgraaf,Limburg,31,Overleden,0,64
2021-04-08,888,Beek,Limburg,31,Totaal,7,1068
2021-04-08,888,Beek,Limburg,31,Ziekenhuisopname,0,26
2021-04-08,888,Beek,Limburg,31,Overleden,0,12
2021-04-08,889,Beesel,Limburg,31,Totaal,12,1057
2021-04-08,889,Beesel,Limburg,31,Ziekenhuisopname,0,27
2021-04-08,889,Beesel,Limburg,31,Overleden,0,12
2021-04-08,893,Bergen (L.),Limburg,31,Totaal,5,1251
2021-04-08,893,Bergen (L.),Limburg,31,Ziekenhuisopname,0,18
2021-04-08,893,Bergen (L.),Limburg,31,Overleden,0,11
2021-04-08,899,Brunssum,Limburg,31,Totaal,19,2040
2021-04-08,899,Brunssum,Limburg,31,Ziekenhuisopname,0,76
2021-04-08,899,Brunssum,Limburg,31,Overleden,0,47
2021-04-08,907,Gennep,Limburg,31,Totaal,10,1449
2021-04-08,907,Gennep,Limburg,31,Ziekenhuisopname,0,28
2021-04-08,907,Gennep,Limburg,31,Overleden,0,19
2021-04-08,917,Heerlen,Limburg,31,Totaal,46,5601
2021-04-08,917,Heerlen,Limburg,31,Ziekenhuisopname,1,208
2021-04-08,917,Heerlen,Limburg,31,Overleden,0,119
2021-04-08,928,Kerkrade,Limburg,31,Totaal,20,3056
2021-04-08,928,Kerkrade,Limburg,31,Ziekenhuisopname,0,118
2021-04-08,928,Kerkrade,Limburg,31,Overleden,0,95
2021-04-08,935,Maastricht,Limburg,31,Totaal,37,7476
2021-04-08,935,Maastricht,Limburg,31,Ziekenhuisopname,1,282
2021-04-08,935,Maastricht,Limburg,31,Overleden,0,193
2021-04-08,938,Meerssen,Limburg,31,Totaal,3,1081
2021-04-08,938,Meerssen,Limburg,31,Ziekenhuisopname,0,33
2021-04-08,938,Meerssen,Limburg,31,Overleden,0,22
2021-04-08,944,Mook en Middelaar,Limburg,31,Totaal,2,513
2021-04-08,944,Mook en Middelaar,Limburg,31,Ziekenhuisopname,0,11
2021-04-08,944,Mook en Middelaar,Limburg,31,Overleden,0,11
2021-04-08,946,Nederweert,Limburg,31,Totaal,10,1939
2021-04-08,946,Nederweert,Limburg,31,Ziekenhuisopname,0,44
2021-04-08,946,Nederweert,Limburg,31,Overleden,0,20
2021-04-08,957,Roermond,Limburg,31,Totaal,45,4669
2021-04-08,957,Roermond,Limburg,31,Ziekenhuisopname,0,88
2021-04-08,957,Roermond,Limburg,31,Overleden,0,49
2021-04-08,965,Simpelveld,Limburg,31,Totaal,1,700
2021-04-08,965,Simpelveld,Limburg,31,Ziekenhuisopname,0,26
2021-04-08,965,Simpelveld,Limburg,31,Overleden,0,7
2021-04-08,971,Stein,Limburg,31,Totaal,14,1784
2021-04-08,971,Stein,Limburg,31,Ziekenhuisopname,0,66
2021-04-08,971,Stein,Limburg,31,Overleden,0,21
2021-04-08,981,Vaals,Limburg,31,Totaal,4,542
2021-04-08,981,Vaals,Limburg,31,Ziekenhuisopname,0,20
2021-04-08,981,Vaals,Limburg,31,Overleden,0,14
2021-04-08,983,Venlo,Limburg,31,Totaal,101,10055
2021-04-08,983,Venlo,Limburg,31,Ziekenhuisopname,0,193
2021-04-08,983,Venlo,Limburg,31,Overleden,0,145
2021-04-08,984,Venray,Limburg,31,Totaal,21,4663
2021-04-08,984,Venray,Limburg,31,Ziekenhuisopname,0,60
2021-04-08,984,Venray,Limburg,31,Overleden,0,43
2021-04-08,986,Voerendaal,Limburg,31,Totaal,6,774
2021-04-08,986,Voerendaal,Limburg,31,Ziekenhuisopname,0,23
2021-04-08,986,Voerendaal,Limburg,31,Overleden,0,11
2021-04-08,988,Weert,Limburg,31,Totaal,30,5073
2021-04-08,988,Weert,Limburg,31,Ziekenhuisopname,0,106
2021-04-08,988,Weert,Limburg,31,Overleden,0,68
2021-04-08,994,Valkenburg aan de Geul,Limburg,31,Totaal,7,956
2021-04-08,994,Valkenburg aan de Geul,Limburg,31,Ziekenhuisopname,0,31
2021-04-08,994,Valkenburg aan de Geul,Limburg,31,Overleden,0,21
2021-04-08,995,Lelystad,Flevoland,24,Totaal,18,4747
2021-04-08,995,Lelystad,Flevoland,24,Ziekenhuisopname,0,126
2021-04-08,995,Lelystad,Flevoland,24,Overleden,0,58
2021-04-08,1507,Horst aan de Maas,Limburg,31,Totaal,47,4532
2021-04-08,1507,Horst aan de Maas,Limburg,31,Ziekenhuisopname,0,60
2021-04-08,1507,Horst aan de Maas,Limburg,31,Overleden,0,61
2021-04-08,1509,Oude IJsselstreek,Gelderland,25,Totaal,32,3106
2021-04-08,1509,Oude IJsselstreek,Gelderland,25,Ziekenhuisopname,0,39
2021-04-08,1509,Oude IJsselstreek,Gelderland,25,Overleden,0,43
2021-04-08,1525,Teylingen,Zuid-Holland,28,Totaal,22,3129
2021-04-08,1525,Teylingen,Zuid-Holland,28,Ziekenhuisopname,0,33
2021-04-08,1525,Teylingen,Zuid-Holland,28,Overleden,1,23
2021-04-08,1581,Utrechtse Heuvelrug,Utrecht,26,Totaal,13,3426
2021-04-08,1581,Utrechtse Heuvelrug,Utrecht,26,Ziekenhuisopname,1,80
2021-04-08,1581,Utrechtse Heuvelrug,Utrecht,26,Overleden,0,70
2021-04-08,1586,Oost Gelre,Gelderland,25,Totaal,10,2260
2021-04-08,1586,Oost Gelre,Gelderland,25,Ziekenhuisopname,0,30
2021-04-08,1586,Oost Gelre,Gelderland,25,Overleden,0,38
2021-04-08,1598,Koggenland,Noord-Holland,27,Totaal,11,2308
2021-04-08,1598,Koggenland,Noord-Holland,27,Ziekenhuisopname,0,24
2021-04-08,1598,Koggenland,Noord-Holland,27,Overleden,0,21
2021-04-08,1621,Lansingerland,Zuid-Holland,28,Totaal,37,5344
2021-04-08,1621,Lansingerland,Zuid-Holland,28,Ziekenhuisopname,0,85
2021-04-08,1621,Lansingerland,Zuid-Holland,28,Overleden,0,61
2021-04-08,1640,Leudal,Limburg,31,Totaal,17,3220
2021-04-08,1640,Leudal,Limburg,31,Ziekenhuisopname,0,68
2021-04-08,1640,Leudal,Limburg,31,Overleden,0,47
2021-04-08,1641,Maasgouw,Limburg,31,Totaal,17,2002
2021-04-08,1641,Maasgouw,Limburg,31,Ziekenhuisopname,0,41
2021-04-08,1641,Maasgouw,Limburg,31,Overleden,0,34
2021-04-08,1652,Gemert-Bakel,Noord-Brabant,30,Totaal,11,2128
2021-04-08,1652,Gemert-Bakel,Noord-Brabant,30,Ziekenhuisopname,0,96
2021-04-08,1652,Gemert-Bakel,Noord-Brabant,30,Overleden,0,38
2021-04-08,1655,Halderberge,Noord-Brabant,30,Totaal,18,2302
2021-04-08,1655,Halderberge,Noord-Brabant,30,Ziekenhuisopname,0,51
2021-04-08,1655,Halderberge,Noord-Brabant,30,Overleden,0,26
2021-04-08,1658,Heeze-Leende,Noord-Brabant,30,Totaal,5,1353
2021-04-08,1658,Heeze-Leende,Noord-Brabant,30,Ziekenhuisopname,0,23
2021-04-08,1658,Heeze-Leende,Noord-Brabant,30,Overleden,0,13
2021-04-08,1659,Laarbeek,Noord-Brabant,30,Totaal,3,1976
2021-04-08,1659,Laarbeek,Noord-Brabant,30,Ziekenhuisopname,0,57
2021-04-08,1659,Laarbeek,Noord-Brabant,30,Overleden,0,36
2021-04-08,1667,Reusel-De Mierden,Noord-Brabant,30,Totaal,4,1330
2021-04-08,1667,Reusel-De Mierden,Noord-Brabant,30,Ziekenhuisopname,0,23
2021-04-08,1667,Reusel-De Mierden,Noord-Brabant,30,Overleden,0,8
2021-04-08,1669,Roerdalen,Limburg,31,Totaal,7,1576
2021-04-08,1669,Roerdalen,Limburg,31,Ziekenhuisopname,0,43
2021-04-08,1669,Roerdalen,Limburg,31,Overleden,0,31
2021-04-08,1674,Roosendaal,Noord-Brabant,30,Totaal,30,6260
2021-04-08,1674,Roosendaal,Noord-Brabant,30,Ziekenhuisopname,1,97
2021-04-08,1674,Roosendaal,Noord-Brabant,30,Overleden,0,69
2021-04-08,1676,Schouwen-Duiveland,Zeeland,29,Totaal,13,1500
2021-04-08,1676,Schouwen-Duiveland,Zeeland,29,Ziekenhuisopname,0,40
2021-04-08,1676,Schouwen-Duiveland,Zeeland,29,Overleden,0,22
2021-04-08,1680,Aa en Hunze,Drenthe,22,Totaal,19,1171
2021-04-08,1680,Aa en Hunze,Drenthe,22,Ziekenhuisopname,0,5
2021-04-08,1680,Aa en Hunze,Drenthe,22,Overleden,0,20
2021-04-08,1681,Borger-Odoorn,Drenthe,22,Totaal,4,1279
2021-04-08,1681,Borger-Odoorn,Drenthe,22,Ziekenhuisopname,0,24
2021-04-08,1681,Borger-Odoorn,Drenthe,22,Overleden,0,14
2021-04-08,1684,Cuijk,Noord-Brabant,30,Totaal,7,2072
2021-04-08,1684,Cuijk,Noord-Brabant,30,Ziekenhuisopname,0,35
2021-04-08,1684,Cuijk,Noord-Brabant,30,Overleden,0,25
2021-04-08,1685,Landerd,Noord-Brabant,30,Totaal,13,1522
2021-04-08,1685,Landerd,Noord-Brabant,30,Ziekenhuisopname,0,48
2021-04-08,1685,Landerd,Noord-Brabant,30,Overleden,0,26
2021-04-08,1690,De Wolden,Drenthe,22,Totaal,14,1515
2021-04-08,1690,De Wolden,Drenthe,22,Ziekenhuisopname,0,29
2021-04-08,1690,De Wolden,Drenthe,22,Overleden,0,22
2021-04-08,1695,Noord-Beveland,Zeeland,29,Totaal,3,421
2021-04-08,1695,Noord-Beveland,Zeeland,29,Ziekenhuisopname,0,13
2021-04-08,1695,Noord-Beveland,Zeeland,29,Overleden,0,9
2021-04-08,1696,Wijdemeren,Noord-Holland,27,Totaal,7,1602
2021-04-08,1696,Wijdemeren,Noord-Holland,27,Ziekenhuisopname,0,22
2021-04-08,1696,Wijdemeren,Noord-Holland,27,Overleden,0,16
2021-04-08,1699,Noordenveld,Drenthe,22,Totaal,7,1397
2021-04-08,1699,Noordenveld,Drenthe,22,Ziekenhuisopname,0,23
2021-04-08,1699,Noordenveld,Drenthe,22,Overleden,0,25
2021-04-08,1700,Twenterand,Overijssel,23,Totaal,15,3684
2021-04-08,1700,Twenterand,Overijssel,23,Ziekenhuisopname,0,38
2021-04-08,1700,Twenterand,Overijssel,23,Overleden,0,29
2021-04-08,1701,Westerveld,Drenthe,22,Totaal,9,800
2021-04-08,1701,Westerveld,Drenthe,22,Ziekenhuisopname,0,13
2021-04-08,1701,Westerveld,Drenthe,22,Overleden,0,21
2021-04-08,1702,Sint Anthonis,Noord-Brabant,30,Totaal,9,944
2021-04-08,1702,Sint Anthonis,Noord-Brabant,30,Ziekenhuisopname,0,26
2021-04-08,1702,Sint Anthonis,Noord-Brabant,30,Overleden,0,11
2021-04-08,1705,Lingewaard,Gelderland,25,Totaal,16,3030
2021-04-08,1705,Lingewaard,Gelderland,25,Ziekenhuisopname,0,59
2021-04-08,1705,Lingewaard,Gelderland,25,Overleden,0,28
2021-04-08,1706,Cranendonck,Noord-Brabant,30,Totaal,14,2112
2021-04-08,1706,Cranendonck,Noord-Brabant,30,Ziekenhuisopname,0,75
2021-04-08,1706,Cranendonck,Noord-Brabant,30,Overleden,0,50
2021-04-08,1708,Steenwijkerland,Overijssel,23,Totaal,25,2417
2021-04-08,1708,Steenwijkerland,Overijssel,23,Ziekenhuisopname,0,25
2021-04-08,1708,Steenwijkerland,Overijssel,23,Overleden,0,22
2021-04-08,1709,Moerdijk,Noord-Brabant,30,Totaal,21,2602
2021-04-08,1709,Moerdijk,Noord-Brabant,30,Ziekenhuisopname,0,41
2021-04-08,1709,Moerdijk,Noord-Brabant,30,Overleden,0,38
2021-04-08,1711,Echt-Susteren,Limburg,31,Totaal,17,2312
2021-04-08,1711,Echt-Susteren,Limburg,31,Ziekenhuisopname,0,59
2021-04-08,1711,Echt-Susteren,Limburg,31,Overleden,0,31
2021-04-08,1714,Sluis,Zeeland,29,Totaal,2,1192
2021-04-08,1714,Sluis,Zeeland,29,Ziekenhuisopname,0,41
2021-04-08,1714,Sluis,Zeeland,29,Overleden,0,18
2021-04-08,1719,Drimmelen,Noord-Brabant,30,Totaal,15,1907
2021-04-08,1719,Drimmelen,Noord-Brabant,30,Ziekenhuisopname,0,40
2021-04-08,1719,Drimmelen,Noord-Brabant,30,Overleden,0,25
2021-04-08,1721,Bernheze,Noord-Brabant,30,Totaal,16,2872
2021-04-08,1721,Bernheze,Noord-Brabant,30,Ziekenhuisopname,0,107
2021-04-08,1721,Bernheze,Noord-Brabant,30,Overleden,0,78
2021-04-08,1723,Alphen-Chaam,Noord-Brabant,30,Totaal,3,636
2021-04-08,1723,Alphen-Chaam,Noord-Brabant,30,Ziekenhuisopname,0,23
2021-04-08,1723,Alphen-Chaam,Noord-Brabant,30,Overleden,0,5
2021-04-08,1724,Bergeijk,Noord-Brabant,30,Totaal,6,1904
2021-04-08,1724,Bergeijk,Noord-Brabant,30,Ziekenhuisopname,0,28
2021-04-08,1724,Bergeijk,Noord-Brabant,30,Overleden,0,10
2021-04-08,1728,Bladel,Noord-Brabant,30,Totaal,12,2340
2021-04-08,1728,Bladel,Noord-Brabant,30,Ziekenhuisopname,0,36
2021-04-08,1728,Bladel,Noord-Brabant,30,Overleden,1,26
2021-04-08,1729,Gulpen-Wittem,Limburg,31,Totaal,10,936
2021-04-08,1729,Gulpen-Wittem,Limburg,31,Ziekenhuisopname,0,30
2021-04-08,1729,Gulpen-Wittem,Limburg,31,Overleden,0,19
2021-04-08,1730,Tynaarlo,Drenthe,22,Totaal,7,1272
2021-04-08,1730,Tynaarlo,Drenthe,22,Ziekenhuisopname,0,18
2021-04-08,1730,Tynaarlo,Drenthe,22,Overleden,1,22
2021-04-08,1731,Midden-Drenthe,Drenthe,22,Totaal,5,1672
2021-04-08,1731,Midden-Drenthe,Drenthe,22,Ziekenhuisopname,0,28
2021-04-08,1731,Midden-Drenthe,Drenthe,22,Overleden,0,28
2021-04-08,1734,Overbetuwe,Gelderland,25,Totaal,29,2647
2021-04-08,1734,Overbetuwe,Gelderland,25,Ziekenhuisopname,0,71
2021-04-08,1734,Overbetuwe,Gelderland,25,Overleden,0,29
2021-04-08,1735,Hof van Twente,Overijssel,23,Totaal,13,2951
2021-04-08,1735,Hof van Twente,Overijssel,23,Ziekenhuisopname,0,32
2021-04-08,1735,Hof van Twente,Overijssel,23,Overleden,0,28
2021-04-08,1740,Neder-Betuwe,Gelderland,25,Totaal,0,2285
2021-04-08,1740,Neder-Betuwe,Gelderland,25,Ziekenhuisopname,0,61
2021-04-08,1740,Neder-Betuwe,Gelderland,25,Overleden,0,32
2021-04-08,1742,Rijssen-Holten,Overijssel,23,Totaal,10,3831
2021-04-08,1742,Rijssen-Holten,Overijssel,23,Ziekenhuisopname,0,49
2021-04-08,1742,Rijssen-Holten,Overijssel,23,Overleden,0,48
2021-04-08,1771,Geldrop-Mierlo,Noord-Brabant,30,Totaal,18,3507
2021-04-08,1771,Geldrop-Mierlo,Noord-Brabant,30,Ziekenhuisopname,0,74
2021-04-08,1771,Geldrop-Mierlo,Noord-Brabant,30,Overleden,0,26
2021-04-08,1773,Olst-Wijhe,Overijssel,23,Totaal,7,1041
2021-04-08,1773,Olst-Wijhe,Overijssel,23,Ziekenhuisopname,0,17
2021-04-08,1773,Olst-Wijhe,Overijssel,23,Overleden,0,9
2021-04-08,1774,Dinkelland,Overijssel,23,Totaal,9,2560
2021-04-08,1774,Dinkelland,Overijssel,23,Ziekenhuisopname,0,34
2021-04-08,1774,Dinkelland,Overijssel,23,Overleden,0,34
2021-04-08,1783,Westland,Zuid-Holland,28,Totaal,76,11071
2021-04-08,1783,Westland,Zuid-Holland,28,Ziekenhuisopname,0,170
2021-04-08,1783,Westland,Zuid-Holland,28,Overleden,0,86
2021-04-08,1842,Midden-Delfland,Zuid-Holland,28,Totaal,6,1610
2021-04-08,1842,Midden-Delfland,Zuid-Holland,28,Ziekenhuisopname,0,17
2021-04-08,1842,Midden-Delfland,Zuid-Holland,28,Overleden,0,13
2021-04-08,1859,Berkelland,Gelderland,25,Totaal,23,3043
2021-04-08,1859,Berkelland,Gelderland,25,Ziekenhuisopname,0,37
2021-04-08,1859,Berkelland,Gelderland,25,Overleden,0,42
2021-04-08,1876,Bronckhorst,Gelderland,25,Totaal,19,2515
2021-04-08,1876,Bronckhorst,Gelderland,25,Ziekenhuisopname,1,32
2021-04-08,1876,Bronckhorst,Gelderland,25,Overleden,0,18
2021-04-08,1883,Sittard-Geleen,Limburg,31,Totaal,38,5938
2021-04-08,1883,Sittard-Geleen,Limburg,31,Ziekenhuisopname,0,183
2021-04-08,1883,Sittard-Geleen,Limburg,31,Overleden,0,130
2021-04-08,1884,Kaag en Braassem,Zuid-Holland,28,Totaal,23,2092
2021-04-08,1884,Kaag en Braassem,Zuid-Holland,28,Ziekenhuisopname,0,23
2021-04-08,1884,Kaag en Braassem,Zuid-Holland,28,Overleden,0,10
2021-04-08,1891,Dantumadiel,Friesland,21,Totaal,9,1206
2021-04-08,1891,Dantumadiel,Friesland,21,Ziekenhuisopname,0,13
2021-04-08,1891,Dantumadiel,Friesland,21,Overleden,0,17
2021-04-08,1892,Zuidplas,Zuid-Holland,28,Totaal,22,3758
2021-04-08,1892,Zuidplas,Zuid-Holland,28,Ziekenhuisopname,2,102
2021-04-08,1892,Zuidplas,Zuid-Holland,28,Overleden,0,45
2021-04-08,1894,Peel en Maas,Limburg,31,Totaal,28,3741
2021-04-08,1894,Peel en Maas,Limburg,31,Ziekenhuisopname,0,161
2021-04-08,1894,Peel en Maas,Limburg,31,Overleden,0,80
2021-04-08,1895,Oldambt,Groningen,20,Totaal,18,2366
2021-04-08,1895,Oldambt,Groningen,20,Ziekenhuisopname,0,39
2021-04-08,1895,Oldambt,Groningen,20,Overleden,0,36
2021-04-08,1896,Zwartewaterland,Overijssel,23,Totaal,15,2040
2021-04-08,1896,Zwartewaterland,Overijssel,23,Ziekenhuisopname,0,47
2021-04-08,1896,Zwartewaterland,Overijssel,23,Overleden,0,28
2021-04-08,1900,Sdwest-Frysln,Friesland,21,Totaal,44,6522
2021-04-08,1900,Sdwest-Frysln,Friesland,21,Ziekenhuisopname,1,60
2021-04-08,1900,Sdwest-Frysln,Friesland,21,Overleden,0,85
2021-04-08,1901,Bodegraven-Reeuwijk,Zuid-Holland,28,Totaal,9,3305
2021-04-08,1901,Bodegraven-Reeuwijk,Zuid-Holland,28,Ziekenhuisopname,0,67
2021-04-08,1901,Bodegraven-Reeuwijk,Zuid-Holland,28,Overleden,0,36
2021-04-08,1903,Eijsden-Margraten,Limburg,31,Totaal,14,1669
2021-04-08,1903,Eijsden-Margraten,Limburg,31,Ziekenhuisopname,0,71
2021-04-08,1903,Eijsden-Margraten,Limburg,31,Overleden,0,44
2021-04-08,1904,Stichtse Vecht,Utrecht,26,Totaal,26,4676
2021-04-08,1904,Stichtse Vecht,Utrecht,26,Ziekenhuisopname,1,124
2021-04-08,1904,Stichtse Vecht,Utrecht,26,Overleden,0,65
2021-04-08,1911,Hollands Kroon,Noord-Holland,27,Totaal,12,3736
2021-04-08,1911,Hollands Kroon,Noord-Holland,27,Ziekenhuisopname,0,47
2021-04-08,1911,Hollands Kroon,Noord-Holland,27,Overleden,0,32
2021-04-08,1916,Leidschendam-Voorburg,Zuid-Holland,28,Totaal,34,5199
2021-04-08,1916,Leidschendam-Voorburg,Zuid-Holland,28,Ziekenhuisopname,0,127
2021-04-08,1916,Leidschendam-Voorburg,Zuid-Holland,28,Overleden,1,82
2021-04-08,1924,Goeree-Overflakkee,Zuid-Holland,28,Totaal,27,3526
2021-04-08,1924,Goeree-Overflakkee,Zuid-Holland,28,Ziekenhuisopname,0,120
2021-04-08,1924,Goeree-Overflakkee,Zuid-Holland,28,Overleden,0,85
2021-04-08,1926,Pijnacker-Nootdorp,Zuid-Holland,28,Totaal,19,4341
2021-04-08,1926,Pijnacker-Nootdorp,Zuid-Holland,28,Ziekenhuisopname,0,61
2021-04-08,1926,Pijnacker-Nootdorp,Zuid-Holland,28,Overleden,0,34
2021-04-08,1930,Nissewaard,Zuid-Holland,28,Totaal,56,6969
2021-04-08,1930,Nissewaard,Zuid-Holland,28,Ziekenhuisopname,0,154
2021-04-08,1930,Nissewaard,Zuid-Holland,28,Overleden,0,93
2021-04-08,1931,Krimpenerwaard,Zuid-Holland,28,Totaal,31,5091
2021-04-08,1931,Krimpenerwaard,Zuid-Holland,28,Ziekenhuisopname,0,129
2021-04-08,1931,Krimpenerwaard,Zuid-Holland,28,Overleden,0,62
2021-04-08,1940,De Fryske Marren,Friesland,21,Totaal,9,2755
2021-04-08,1940,De Fryske Marren,Friesland,21,Ziekenhuisopname,0,43
2021-04-08,1940,De Fryske Marren,Friesland,21,Overleden,0,31
2021-04-08,1942,Gooise Meren,Noord-Holland,27,Totaal,18,4138
2021-04-08,1942,Gooise Meren,Noord-Holland,27,Ziekenhuisopname,0,51
2021-04-08,1942,Gooise Meren,Noord-Holland,27,Overleden,0,31
2021-04-08,1945,Berg en Dal,Gelderland,25,Totaal,13,2487
2021-04-08,1945,Berg en Dal,Gelderland,25,Ziekenhuisopname,0,53
2021-04-08,1945,Berg en Dal,Gelderland,25,Overleden,0,47
2021-04-08,1948,Meierijstad,Noord-Brabant,30,Totaal,56,6811
2021-04-08,1948,Meierijstad,Noord-Brabant,30,Ziekenhuisopname,0,250
2021-04-08,1948,Meierijstad,Noord-Brabant,30,Overleden,0,163
2021-04-08,1949,Waadhoeke,Friesland,21,Totaal,17,2413
2021-04-08,1949,Waadhoeke,Friesland,21,Ziekenhuisopname,0,27
2021-04-08,1949,Waadhoeke,Friesland,21,Overleden,0,35
2021-04-08,1950,Westerwolde,Groningen,20,Totaal,3,1946
2021-04-08,1950,Westerwolde,Groningen,20,Ziekenhuisopname,0,35
2021-04-08,1950,Westerwolde,Groningen,20,Overleden,0,20
2021-04-08,1952,Midden-Groningen,Groningen,20,Totaal,15,3109
2021-04-08,1952,Midden-Groningen,Groningen,20,Ziekenhuisopname,0,47
2021-04-08,1952,Midden-Groningen,Groningen,20,Overleden,0,37
2021-04-08,1954,Beekdaelen,Limburg,31,Totaal,26,2520
2021-04-08,1954,Beekdaelen,Limburg,31,Ziekenhuisopname,0,81
2021-04-08,1954,Beekdaelen,Limburg,31,Overleden,0,44
2021-04-08,1955,Montferland,Gelderland,25,Totaal,21,2374
2021-04-08,1955,Montferland,Gelderland,25,Ziekenhuisopname,0,40
2021-04-08,1955,Montferland,Gelderland,25,Overleden,0,23
2021-04-08,1959,Altena,Noord-Brabant,30,Totaal,34,5656
2021-04-08,1959,Altena,Noord-Brabant,30,Ziekenhuisopname,0,81
2021-04-08,1959,Altena,Noord-Brabant,30,Overleden,0,67
2021-04-08,1960,West Betuwe,Gelderland,25,Totaal,29,4631
2021-04-08,1960,West Betuwe,Gelderland,25,Ziekenhuisopname,0,83
2021-04-08,1960,West Betuwe,Gelderland,25,Overleden,0,59
2021-04-08,1961,Vijfheerenlanden,Utrecht,26,Totaal,37,5078
2021-04-08,1961,Vijfheerenlanden,Utrecht,26,Ziekenhuisopname,2,107
2021-04-08,1961,Vijfheerenlanden,Utrecht,26,Overleden,0,66
2021-04-08,1963,Hoeksche Waard,Zuid-Holland,28,Totaal,52,6775
2021-04-08,1963,Hoeksche Waard,Zuid-Holland,28,Ziekenhuisopname,0,143
2021-04-08,1963,Hoeksche Waard,Zuid-Holland,28,Overleden,0,61
2021-04-08,1966,Het Hogeland,Groningen,20,Totaal,10,2776
2021-04-08,1966,Het Hogeland,Groningen,20,Ziekenhuisopname,0,27
2021-04-08,1966,Het Hogeland,Groningen,20,Overleden,0,20
2021-04-08,1969,Westerkwartier,Groningen,20,Totaal,17,2553
2021-04-08,1969,Westerkwartier,Groningen,20,Ziekenhuisopname,0,34
2021-04-08,1969,Westerkwartier,Groningen,20,Overleden,0,22
2021-04-08,1970,Noardeast-Frysln,Friesland,21,Totaal,21,2602
2021-04-08,1970,Noardeast-Frysln,Friesland,21,Ziekenhuisopname,0,40
2021-04-08,1970,Noardeast-Frysln,Friesland,21,Overleden,0,36
2021-04-08,1978,Molenlanden,Zuid-Holland,28,Totaal,34,4338
2021-04-08,1978,Molenlanden,Zuid-Holland,28,Ziekenhuisopname,0,47
2021-04-08,1978,Molenlanden,Zuid-Holland,28,Overleden,0,30
