Datum,Gemeentecode,Gemeentenaam,Provincienaam,Provinciecode,Type,Aantal,AantalCumulatief
2020-04-22,-1,,,-1,Totaal,-4,363
2020-04-22,-1,,,-1,Ziekenhuisopname,0,53
2020-04-22,-1,,,-1,Overleden,0,15
2020-04-22,3,Appingedam,Groningen,20,Totaal,1,4
2020-04-22,3,Appingedam,Groningen,20,Ziekenhuisopname,1,3
2020-04-22,3,Appingedam,Groningen,20,Overleden,0,0
2020-04-22,10,Delfzijl,Groningen,20,Totaal,0,15
2020-04-22,10,Delfzijl,Groningen,20,Ziekenhuisopname,0,5
2020-04-22,10,Delfzijl,Groningen,20,Overleden,0,0
2020-04-22,14,Groningen,Groningen,20,Totaal,0,150
2020-04-22,14,Groningen,Groningen,20,Ziekenhuisopname,0,16
2020-04-22,14,Groningen,Groningen,20,Overleden,0,2
2020-04-22,24,Loppersum,Groningen,20,Totaal,0,2
2020-04-22,24,Loppersum,Groningen,20,Ziekenhuisopname,0,0
2020-04-22,24,Loppersum,Groningen,20,Overleden,0,0
2020-04-22,34,Almere,Flevoland,24,Totaal,10,265
2020-04-22,34,Almere,Flevoland,24,Ziekenhuisopname,2,107
2020-04-22,34,Almere,Flevoland,24,Overleden,1,6
2020-04-22,37,Stadskanaal,Groningen,20,Totaal,0,5
2020-04-22,37,Stadskanaal,Groningen,20,Ziekenhuisopname,0,2
2020-04-22,37,Stadskanaal,Groningen,20,Overleden,0,1
2020-04-22,47,Veendam,Groningen,20,Totaal,0,8
2020-04-22,47,Veendam,Groningen,20,Ziekenhuisopname,0,2
2020-04-22,47,Veendam,Groningen,20,Overleden,0,0
2020-04-22,50,Zeewolde,Flevoland,24,Totaal,1,29
2020-04-22,50,Zeewolde,Flevoland,24,Ziekenhuisopname,0,9
2020-04-22,50,Zeewolde,Flevoland,24,Overleden,0,3
2020-04-22,59,Achtkarspelen,Friesland,21,Totaal,0,8
2020-04-22,59,Achtkarspelen,Friesland,21,Ziekenhuisopname,0,0
2020-04-22,59,Achtkarspelen,Friesland,21,Overleden,0,0
2020-04-22,60,Ameland,Friesland,21,Totaal,0,0
2020-04-22,60,Ameland,Friesland,21,Ziekenhuisopname,0,0
2020-04-22,60,Ameland,Friesland,21,Overleden,0,0
2020-04-22,72,Harlingen,Friesland,21,Totaal,1,16
2020-04-22,72,Harlingen,Friesland,21,Ziekenhuisopname,0,4
2020-04-22,72,Harlingen,Friesland,21,Overleden,0,1
2020-04-22,74,Heerenveen,Friesland,21,Totaal,1,78
2020-04-22,74,Heerenveen,Friesland,21,Ziekenhuisopname,0,13
2020-04-22,74,Heerenveen,Friesland,21,Overleden,0,15
2020-04-22,80,Leeuwarden,Friesland,21,Totaal,1,51
2020-04-22,80,Leeuwarden,Friesland,21,Ziekenhuisopname,1,33
2020-04-22,80,Leeuwarden,Friesland,21,Overleden,0,6
2020-04-22,85,Ooststellingwerf,Friesland,21,Totaal,1,6
2020-04-22,85,Ooststellingwerf,Friesland,21,Ziekenhuisopname,0,3
2020-04-22,85,Ooststellingwerf,Friesland,21,Overleden,0,0
2020-04-22,86,Opsterland,Friesland,21,Totaal,1,22
2020-04-22,86,Opsterland,Friesland,21,Ziekenhuisopname,0,6
2020-04-22,86,Opsterland,Friesland,21,Overleden,0,0
2020-04-22,88,Schiermonnikoog,Friesland,21,Totaal,0,0
2020-04-22,88,Schiermonnikoog,Friesland,21,Ziekenhuisopname,0,0
2020-04-22,88,Schiermonnikoog,Friesland,21,Overleden,0,0
2020-04-22,90,Smallingerland,Friesland,21,Totaal,4,43
2020-04-22,90,Smallingerland,Friesland,21,Ziekenhuisopname,0,7
2020-04-22,90,Smallingerland,Friesland,21,Overleden,0,4
2020-04-22,93,Terschelling,Friesland,21,Totaal,0,2
2020-04-22,93,Terschelling,Friesland,21,Ziekenhuisopname,0,0
2020-04-22,93,Terschelling,Friesland,21,Overleden,0,0
2020-04-22,96,Vlieland,Friesland,21,Totaal,0,0
2020-04-22,96,Vlieland,Friesland,21,Ziekenhuisopname,0,0
2020-04-22,96,Vlieland,Friesland,21,Overleden,0,0
2020-04-22,98,Weststellingwerf,Friesland,21,Totaal,1,23
2020-04-22,98,Weststellingwerf,Friesland,21,Ziekenhuisopname,0,2
2020-04-22,98,Weststellingwerf,Friesland,21,Overleden,0,2
2020-04-22,106,Assen,Drenthe,22,Totaal,0,35
2020-04-22,106,Assen,Drenthe,22,Ziekenhuisopname,1,12
2020-04-22,106,Assen,Drenthe,22,Overleden,0,2
2020-04-22,109,Coevorden,Drenthe,22,Totaal,0,46
2020-04-22,109,Coevorden,Drenthe,22,Ziekenhuisopname,0,12
2020-04-22,109,Coevorden,Drenthe,22,Overleden,0,1
2020-04-22,114,Emmen,Drenthe,22,Totaal,1,75
2020-04-22,114,Emmen,Drenthe,22,Ziekenhuisopname,2,19
2020-04-22,114,Emmen,Drenthe,22,Overleden,2,9
2020-04-22,118,Hoogeveen,Drenthe,22,Totaal,0,64
2020-04-22,118,Hoogeveen,Drenthe,22,Ziekenhuisopname,0,15
2020-04-22,118,Hoogeveen,Drenthe,22,Overleden,0,5
2020-04-22,119,Meppel,Drenthe,22,Totaal,0,28
2020-04-22,119,Meppel,Drenthe,22,Ziekenhuisopname,0,6
2020-04-22,119,Meppel,Drenthe,22,Overleden,0,3
2020-04-22,141,Almelo,Overijssel,23,Totaal,1,83
2020-04-22,141,Almelo,Overijssel,23,Ziekenhuisopname,0,20
2020-04-22,141,Almelo,Overijssel,23,Overleden,0,5
2020-04-22,147,Borne,Overijssel,23,Totaal,0,43
2020-04-22,147,Borne,Overijssel,23,Ziekenhuisopname,0,13
2020-04-22,147,Borne,Overijssel,23,Overleden,0,6
2020-04-22,148,Dalfsen,Overijssel,23,Totaal,3,71
2020-04-22,148,Dalfsen,Overijssel,23,Ziekenhuisopname,0,15
2020-04-22,148,Dalfsen,Overijssel,23,Overleden,0,6
2020-04-22,150,Deventer,Overijssel,23,Totaal,4,184
2020-04-22,150,Deventer,Overijssel,23,Ziekenhuisopname,0,42
2020-04-22,150,Deventer,Overijssel,23,Overleden,0,25
2020-04-22,153,Enschede,Overijssel,23,Totaal,4,162
2020-04-22,153,Enschede,Overijssel,23,Ziekenhuisopname,0,50
2020-04-22,153,Enschede,Overijssel,23,Overleden,0,13
2020-04-22,158,Haaksbergen,Overijssel,23,Totaal,0,49
2020-04-22,158,Haaksbergen,Overijssel,23,Ziekenhuisopname,0,14
2020-04-22,158,Haaksbergen,Overijssel,23,Overleden,0,3
2020-04-22,160,Hardenberg,Overijssel,23,Totaal,2,155
2020-04-22,160,Hardenberg,Overijssel,23,Ziekenhuisopname,0,23
2020-04-22,160,Hardenberg,Overijssel,23,Overleden,0,6
2020-04-22,163,Hellendoorn,Overijssel,23,Totaal,5,59
2020-04-22,163,Hellendoorn,Overijssel,23,Ziekenhuisopname,0,7
2020-04-22,163,Hellendoorn,Overijssel,23,Overleden,0,2
2020-04-22,164,Hengelo,Overijssel,23,Totaal,0,110
2020-04-22,164,Hengelo,Overijssel,23,Ziekenhuisopname,0,19
2020-04-22,164,Hengelo,Overijssel,23,Overleden,0,15
2020-04-22,166,Kampen,Overijssel,23,Totaal,0,288
2020-04-22,166,Kampen,Overijssel,23,Ziekenhuisopname,0,58
2020-04-22,166,Kampen,Overijssel,23,Overleden,1,24
2020-04-22,168,Losser,Overijssel,23,Totaal,1,21
2020-04-22,168,Losser,Overijssel,23,Ziekenhuisopname,0,7
2020-04-22,168,Losser,Overijssel,23,Overleden,0,0
2020-04-22,171,Noordoostpolder,Flevoland,24,Totaal,1,54
2020-04-22,171,Noordoostpolder,Flevoland,24,Ziekenhuisopname,1,14
2020-04-22,171,Noordoostpolder,Flevoland,24,Overleden,0,3
2020-04-22,173,Oldenzaal,Overijssel,23,Totaal,0,46
2020-04-22,173,Oldenzaal,Overijssel,23,Ziekenhuisopname,0,14
2020-04-22,173,Oldenzaal,Overijssel,23,Overleden,0,5
2020-04-22,175,Ommen,Overijssel,23,Totaal,0,46
2020-04-22,175,Ommen,Overijssel,23,Ziekenhuisopname,0,9
2020-04-22,175,Ommen,Overijssel,23,Overleden,0,2
2020-04-22,177,Raalte,Overijssel,23,Totaal,6,118
2020-04-22,177,Raalte,Overijssel,23,Ziekenhuisopname,0,23
2020-04-22,177,Raalte,Overijssel,23,Overleden,0,10
2020-04-22,180,Staphorst,Overijssel,23,Totaal,0,52
2020-04-22,180,Staphorst,Overijssel,23,Ziekenhuisopname,0,8
2020-04-22,180,Staphorst,Overijssel,23,Overleden,1,4
2020-04-22,183,Tubbergen,Overijssel,23,Totaal,0,72
2020-04-22,183,Tubbergen,Overijssel,23,Ziekenhuisopname,0,10
2020-04-22,183,Tubbergen,Overijssel,23,Overleden,0,3
2020-04-22,184,Urk,Flevoland,24,Totaal,0,57
2020-04-22,184,Urk,Flevoland,24,Ziekenhuisopname,0,19
2020-04-22,184,Urk,Flevoland,24,Overleden,0,4
2020-04-22,189,Wierden,Overijssel,23,Totaal,2,39
2020-04-22,189,Wierden,Overijssel,23,Ziekenhuisopname,0,4
2020-04-22,189,Wierden,Overijssel,23,Overleden,0,3
2020-04-22,193,Zwolle,Overijssel,23,Totaal,1,296
2020-04-22,193,Zwolle,Overijssel,23,Ziekenhuisopname,0,52
2020-04-22,193,Zwolle,Overijssel,23,Overleden,4,40
2020-04-22,197,Aalten,Gelderland,25,Totaal,0,46
2020-04-22,197,Aalten,Gelderland,25,Ziekenhuisopname,0,4
2020-04-22,197,Aalten,Gelderland,25,Overleden,0,3
2020-04-22,200,Apeldoorn,Gelderland,25,Totaal,15,292
2020-04-22,200,Apeldoorn,Gelderland,25,Ziekenhuisopname,1,50
2020-04-22,200,Apeldoorn,Gelderland,25,Overleden,1,32
2020-04-22,202,Arnhem,Gelderland,25,Totaal,6,219
2020-04-22,202,Arnhem,Gelderland,25,Ziekenhuisopname,0,57
2020-04-22,202,Arnhem,Gelderland,25,Overleden,1,19
2020-04-22,203,Barneveld,Gelderland,25,Totaal,0,95
2020-04-22,203,Barneveld,Gelderland,25,Ziekenhuisopname,1,17
2020-04-22,203,Barneveld,Gelderland,25,Overleden,0,6
2020-04-22,209,Beuningen,Gelderland,25,Totaal,0,51
2020-04-22,209,Beuningen,Gelderland,25,Ziekenhuisopname,0,19
2020-04-22,209,Beuningen,Gelderland,25,Overleden,0,4
2020-04-22,213,Brummen,Gelderland,25,Totaal,0,28
2020-04-22,213,Brummen,Gelderland,25,Ziekenhuisopname,0,13
2020-04-22,213,Brummen,Gelderland,25,Overleden,0,4
2020-04-22,214,Buren,Gelderland,25,Totaal,1,34
2020-04-22,214,Buren,Gelderland,25,Ziekenhuisopname,1,13
2020-04-22,214,Buren,Gelderland,25,Overleden,0,5
2020-04-22,216,Culemborg,Gelderland,25,Totaal,2,53
2020-04-22,216,Culemborg,Gelderland,25,Ziekenhuisopname,0,21
2020-04-22,216,Culemborg,Gelderland,25,Overleden,0,7
2020-04-22,221,Doesburg,Gelderland,25,Totaal,1,22
2020-04-22,221,Doesburg,Gelderland,25,Ziekenhuisopname,0,7
2020-04-22,221,Doesburg,Gelderland,25,Overleden,0,6
2020-04-22,222,Doetinchem,Gelderland,25,Totaal,2,72
2020-04-22,222,Doetinchem,Gelderland,25,Ziekenhuisopname,2,16
2020-04-22,222,Doetinchem,Gelderland,25,Overleden,0,12
2020-04-22,225,Druten,Gelderland,25,Totaal,1,103
2020-04-22,225,Druten,Gelderland,25,Ziekenhuisopname,0,21
2020-04-22,225,Druten,Gelderland,25,Overleden,0,6
2020-04-22,226,Duiven,Gelderland,25,Totaal,1,37
2020-04-22,226,Duiven,Gelderland,25,Ziekenhuisopname,0,12
2020-04-22,226,Duiven,Gelderland,25,Overleden,0,4
2020-04-22,228,Ede,Gelderland,25,Totaal,1,166
2020-04-22,228,Ede,Gelderland,25,Ziekenhuisopname,0,53
2020-04-22,228,Ede,Gelderland,25,Overleden,0,18
2020-04-22,230,Elburg,Gelderland,25,Totaal,1,98
2020-04-22,230,Elburg,Gelderland,25,Ziekenhuisopname,0,16
2020-04-22,230,Elburg,Gelderland,25,Overleden,0,4
2020-04-22,232,Epe,Gelderland,25,Totaal,2,108
2020-04-22,232,Epe,Gelderland,25,Ziekenhuisopname,1,30
2020-04-22,232,Epe,Gelderland,25,Overleden,1,16
2020-04-22,233,Ermelo,Gelderland,25,Totaal,0,86
2020-04-22,233,Ermelo,Gelderland,25,Ziekenhuisopname,0,18
2020-04-22,233,Ermelo,Gelderland,25,Overleden,0,11
2020-04-22,243,Harderwijk,Gelderland,25,Totaal,2,93
2020-04-22,243,Harderwijk,Gelderland,25,Ziekenhuisopname,0,23
2020-04-22,243,Harderwijk,Gelderland,25,Overleden,0,10
2020-04-22,244,Hattem,Gelderland,25,Totaal,0,39
2020-04-22,244,Hattem,Gelderland,25,Ziekenhuisopname,0,11
2020-04-22,244,Hattem,Gelderland,25,Overleden,0,5
2020-04-22,246,Heerde,Gelderland,25,Totaal,7,150
2020-04-22,246,Heerde,Gelderland,25,Ziekenhuisopname,2,33
2020-04-22,246,Heerde,Gelderland,25,Overleden,0,18
2020-04-22,252,Heumen,Gelderland,25,Totaal,2,58
2020-04-22,252,Heumen,Gelderland,25,Ziekenhuisopname,0,17
2020-04-22,252,Heumen,Gelderland,25,Overleden,1,5
2020-04-22,262,Lochem,Gelderland,25,Totaal,4,69
2020-04-22,262,Lochem,Gelderland,25,Ziekenhuisopname,1,12
2020-04-22,262,Lochem,Gelderland,25,Overleden,0,8
2020-04-22,263,Maasdriel,Gelderland,25,Totaal,1,31
2020-04-22,263,Maasdriel,Gelderland,25,Ziekenhuisopname,0,15
2020-04-22,263,Maasdriel,Gelderland,25,Overleden,0,4
2020-04-22,267,Nijkerk,Gelderland,25,Totaal,1,48
2020-04-22,267,Nijkerk,Gelderland,25,Ziekenhuisopname,0,21
2020-04-22,267,Nijkerk,Gelderland,25,Overleden,0,2
2020-04-22,268,Nijmegen,Gelderland,25,Totaal,3,504
2020-04-22,268,Nijmegen,Gelderland,25,Ziekenhuisopname,1,120
2020-04-22,268,Nijmegen,Gelderland,25,Overleden,1,46
2020-04-22,269,Oldebroek,Gelderland,25,Totaal,7,112
2020-04-22,269,Oldebroek,Gelderland,25,Ziekenhuisopname,0,26
2020-04-22,269,Oldebroek,Gelderland,25,Overleden,0,13
2020-04-22,273,Putten,Gelderland,25,Totaal,0,17
2020-04-22,273,Putten,Gelderland,25,Ziekenhuisopname,0,3
2020-04-22,273,Putten,Gelderland,25,Overleden,0,0
2020-04-22,274,Renkum,Gelderland,25,Totaal,0,55
2020-04-22,274,Renkum,Gelderland,25,Ziekenhuisopname,0,14
2020-04-22,274,Renkum,Gelderland,25,Overleden,1,3
2020-04-22,275,Rheden,Gelderland,25,Totaal,0,64
2020-04-22,275,Rheden,Gelderland,25,Ziekenhuisopname,0,31
2020-04-22,275,Rheden,Gelderland,25,Overleden,0,14
2020-04-22,277,Rozendaal,Gelderland,25,Totaal,0,3
2020-04-22,277,Rozendaal,Gelderland,25,Ziekenhuisopname,0,1
2020-04-22,277,Rozendaal,Gelderland,25,Overleden,0,0
2020-04-22,279,Scherpenzeel,Gelderland,25,Totaal,1,19
2020-04-22,279,Scherpenzeel,Gelderland,25,Ziekenhuisopname,0,3
2020-04-22,279,Scherpenzeel,Gelderland,25,Overleden,0,2
2020-04-22,281,Tiel,Gelderland,25,Totaal,2,87
2020-04-22,281,Tiel,Gelderland,25,Ziekenhuisopname,0,38
2020-04-22,281,Tiel,Gelderland,25,Overleden,1,16
2020-04-22,285,Voorst,Gelderland,25,Totaal,0,45
2020-04-22,285,Voorst,Gelderland,25,Ziekenhuisopname,0,10
2020-04-22,285,Voorst,Gelderland,25,Overleden,0,8
2020-04-22,289,Wageningen,Gelderland,25,Totaal,1,41
2020-04-22,289,Wageningen,Gelderland,25,Ziekenhuisopname,1,19
2020-04-22,289,Wageningen,Gelderland,25,Overleden,0,8
2020-04-22,293,Westervoort,Gelderland,25,Totaal,0,30
2020-04-22,293,Westervoort,Gelderland,25,Ziekenhuisopname,0,12
2020-04-22,293,Westervoort,Gelderland,25,Overleden,1,4
2020-04-22,294,Winterswijk,Gelderland,25,Totaal,1,29
2020-04-22,294,Winterswijk,Gelderland,25,Ziekenhuisopname,0,3
2020-04-22,294,Winterswijk,Gelderland,25,Overleden,0,1
2020-04-22,296,Wijchen,Gelderland,25,Totaal,1,119
2020-04-22,296,Wijchen,Gelderland,25,Ziekenhuisopname,0,38
2020-04-22,296,Wijchen,Gelderland,25,Overleden,1,9
2020-04-22,297,Zaltbommel,Gelderland,25,Totaal,0,60
2020-04-22,297,Zaltbommel,Gelderland,25,Ziekenhuisopname,0,18
2020-04-22,297,Zaltbommel,Gelderland,25,Overleden,0,6
2020-04-22,299,Zevenaar,Gelderland,25,Totaal,1,80
2020-04-22,299,Zevenaar,Gelderland,25,Ziekenhuisopname,0,42
2020-04-22,299,Zevenaar,Gelderland,25,Overleden,2,12
2020-04-22,301,Zutphen,Gelderland,25,Totaal,0,59
2020-04-22,301,Zutphen,Gelderland,25,Ziekenhuisopname,0,21
2020-04-22,301,Zutphen,Gelderland,25,Overleden,0,10
2020-04-22,302,Nunspeet,Gelderland,25,Totaal,3,158
2020-04-22,302,Nunspeet,Gelderland,25,Ziekenhuisopname,1,34
2020-04-22,302,Nunspeet,Gelderland,25,Overleden,0,16
2020-04-22,303,Dronten,Flevoland,24,Totaal,1,92
2020-04-22,303,Dronten,Flevoland,24,Ziekenhuisopname,0,25
2020-04-22,303,Dronten,Flevoland,24,Overleden,1,6
2020-04-22,307,Amersfoort,Utrecht,26,Totaal,4,150
2020-04-22,307,Amersfoort,Utrecht,26,Ziekenhuisopname,1,54
2020-04-22,307,Amersfoort,Utrecht,26,Overleden,0,18
2020-04-22,308,Baarn,Utrecht,26,Totaal,2,38
2020-04-22,308,Baarn,Utrecht,26,Ziekenhuisopname,0,11
2020-04-22,308,Baarn,Utrecht,26,Overleden,0,3
2020-04-22,310,De Bilt,Utrecht,26,Totaal,5,98
2020-04-22,310,De Bilt,Utrecht,26,Ziekenhuisopname,0,23
2020-04-22,310,De Bilt,Utrecht,26,Overleden,0,8
2020-04-22,312,Bunnik,Utrecht,26,Totaal,0,23
2020-04-22,312,Bunnik,Utrecht,26,Ziekenhuisopname,0,7
2020-04-22,312,Bunnik,Utrecht,26,Overleden,0,1
2020-04-22,313,Bunschoten,Utrecht,26,Totaal,0,48
2020-04-22,313,Bunschoten,Utrecht,26,Ziekenhuisopname,0,5
2020-04-22,313,Bunschoten,Utrecht,26,Overleden,0,5
2020-04-22,317,Eemnes,Utrecht,26,Totaal,0,14
2020-04-22,317,Eemnes,Utrecht,26,Ziekenhuisopname,0,2
2020-04-22,317,Eemnes,Utrecht,26,Overleden,0,1
2020-04-22,321,Houten,Utrecht,26,Totaal,2,98
2020-04-22,321,Houten,Utrecht,26,Ziekenhuisopname,0,24
2020-04-22,321,Houten,Utrecht,26,Overleden,0,11
2020-04-22,327,Leusden,Utrecht,26,Totaal,0,34
2020-04-22,327,Leusden,Utrecht,26,Ziekenhuisopname,0,8
2020-04-22,327,Leusden,Utrecht,26,Overleden,0,4
2020-04-22,331,Lopik,Utrecht,26,Totaal,5,49
2020-04-22,331,Lopik,Utrecht,26,Ziekenhuisopname,0,18
2020-04-22,331,Lopik,Utrecht,26,Overleden,0,5
2020-04-22,335,Montfoort,Utrecht,26,Totaal,0,32
2020-04-22,335,Montfoort,Utrecht,26,Ziekenhuisopname,0,12
2020-04-22,335,Montfoort,Utrecht,26,Overleden,0,4
2020-04-22,339,Renswoude,Utrecht,26,Totaal,0,16
2020-04-22,339,Renswoude,Utrecht,26,Ziekenhuisopname,0,4
2020-04-22,339,Renswoude,Utrecht,26,Overleden,0,5
2020-04-22,340,Rhenen,Utrecht,26,Totaal,0,20
2020-04-22,340,Rhenen,Utrecht,26,Ziekenhuisopname,0,7
2020-04-22,340,Rhenen,Utrecht,26,Overleden,0,4
2020-04-22,342,Soest,Utrecht,26,Totaal,1,70
2020-04-22,342,Soest,Utrecht,26,Ziekenhuisopname,1,22
2020-04-22,342,Soest,Utrecht,26,Overleden,1,10
2020-04-22,344,Utrecht,Utrecht,26,Totaal,8,683
2020-04-22,344,Utrecht,Utrecht,26,Ziekenhuisopname,5,207
2020-04-22,344,Utrecht,Utrecht,26,Overleden,3,70
2020-04-22,345,Veenendaal,Utrecht,26,Totaal,5,120
2020-04-22,345,Veenendaal,Utrecht,26,Ziekenhuisopname,2,39
2020-04-22,345,Veenendaal,Utrecht,26,Overleden,0,9
2020-04-22,351,Woudenberg,Utrecht,26,Totaal,0,24
2020-04-22,351,Woudenberg,Utrecht,26,Ziekenhuisopname,0,9
2020-04-22,351,Woudenberg,Utrecht,26,Overleden,0,1
2020-04-22,352,Wijk bij Duurstede,Utrecht,26,Totaal,0,25
2020-04-22,352,Wijk bij Duurstede,Utrecht,26,Ziekenhuisopname,0,8
2020-04-22,352,Wijk bij Duurstede,Utrecht,26,Overleden,0,1
2020-04-22,353,IJsselstein,Utrecht,26,Totaal,1,95
2020-04-22,353,IJsselstein,Utrecht,26,Ziekenhuisopname,0,33
2020-04-22,353,IJsselstein,Utrecht,26,Overleden,1,25
2020-04-22,355,Zeist,Utrecht,26,Totaal,2,117
2020-04-22,355,Zeist,Utrecht,26,Ziekenhuisopname,1,35
2020-04-22,355,Zeist,Utrecht,26,Overleden,1,16
2020-04-22,356,Nieuwegein,Utrecht,26,Totaal,4,88
2020-04-22,356,Nieuwegein,Utrecht,26,Ziekenhuisopname,0,37
2020-04-22,356,Nieuwegein,Utrecht,26,Overleden,1,11
2020-04-22,358,Aalsmeer,Noord-Holland,27,Totaal,0,36
2020-04-22,358,Aalsmeer,Noord-Holland,27,Ziekenhuisopname,0,8
2020-04-22,358,Aalsmeer,Noord-Holland,27,Overleden,0,2
2020-04-22,361,Alkmaar,Noord-Holland,27,Totaal,4,202
2020-04-22,361,Alkmaar,Noord-Holland,27,Ziekenhuisopname,1,50
2020-04-22,361,Alkmaar,Noord-Holland,27,Overleden,1,21
2020-04-22,362,Amstelveen,Noord-Holland,27,Totaal,8,267
2020-04-22,362,Amstelveen,Noord-Holland,27,Ziekenhuisopname,1,51
2020-04-22,362,Amstelveen,Noord-Holland,27,Overleden,0,31
2020-04-22,363,Amsterdam,Noord-Holland,27,Totaal,39,1647
2020-04-22,363,Amsterdam,Noord-Holland,27,Ziekenhuisopname,15,500
2020-04-22,363,Amsterdam,Noord-Holland,27,Overleden,8,153
2020-04-22,370,Beemster,Noord-Holland,27,Totaal,0,8
2020-04-22,370,Beemster,Noord-Holland,27,Ziekenhuisopname,0,4
2020-04-22,370,Beemster,Noord-Holland,27,Overleden,0,1
2020-04-22,373,Bergen (NH.),Noord-Holland,27,Totaal,0,49
2020-04-22,373,Bergen (NH.),Noord-Holland,27,Ziekenhuisopname,0,16
2020-04-22,373,Bergen (NH.),Noord-Holland,27,Overleden,0,3
2020-04-22,375,Beverwijk,Noord-Holland,27,Totaal,1,69
2020-04-22,375,Beverwijk,Noord-Holland,27,Ziekenhuisopname,0,15
2020-04-22,375,Beverwijk,Noord-Holland,27,Overleden,0,6
2020-04-22,376,Blaricum,Noord-Holland,27,Totaal,0,23
2020-04-22,376,Blaricum,Noord-Holland,27,Ziekenhuisopname,0,7
2020-04-22,376,Blaricum,Noord-Holland,27,Overleden,0,0
2020-04-22,377,Bloemendaal,Noord-Holland,27,Totaal,1,41
2020-04-22,377,Bloemendaal,Noord-Holland,27,Ziekenhuisopname,0,6
2020-04-22,377,Bloemendaal,Noord-Holland,27,Overleden,0,3
2020-04-22,383,Castricum,Noord-Holland,27,Totaal,2,73
2020-04-22,383,Castricum,Noord-Holland,27,Ziekenhuisopname,0,14
2020-04-22,383,Castricum,Noord-Holland,27,Overleden,0,8
2020-04-22,384,Diemen,Noord-Holland,27,Totaal,0,63
2020-04-22,384,Diemen,Noord-Holland,27,Ziekenhuisopname,1,15
2020-04-22,384,Diemen,Noord-Holland,27,Overleden,0,6
2020-04-22,385,Edam-Volendam,Noord-Holland,27,Totaal,1,72
2020-04-22,385,Edam-Volendam,Noord-Holland,27,Ziekenhuisopname,1,20
2020-04-22,385,Edam-Volendam,Noord-Holland,27,Overleden,0,0
2020-04-22,388,Enkhuizen,Noord-Holland,27,Totaal,0,27
2020-04-22,388,Enkhuizen,Noord-Holland,27,Ziekenhuisopname,0,18
2020-04-22,388,Enkhuizen,Noord-Holland,27,Overleden,0,4
2020-04-22,392,Haarlem,Noord-Holland,27,Totaal,2,230
2020-04-22,392,Haarlem,Noord-Holland,27,Ziekenhuisopname,1,56
2020-04-22,392,Haarlem,Noord-Holland,27,Overleden,0,46
2020-04-22,394,Haarlemmermeer,Noord-Holland,27,Totaal,5,186
2020-04-22,394,Haarlemmermeer,Noord-Holland,27,Ziekenhuisopname,0,57
2020-04-22,394,Haarlemmermeer,Noord-Holland,27,Overleden,0,17
2020-04-22,396,Heemskerk,Noord-Holland,27,Totaal,0,75
2020-04-22,396,Heemskerk,Noord-Holland,27,Ziekenhuisopname,0,25
2020-04-22,396,Heemskerk,Noord-Holland,27,Overleden,0,8
2020-04-22,397,Heemstede,Noord-Holland,27,Totaal,0,87
2020-04-22,397,Heemstede,Noord-Holland,27,Ziekenhuisopname,0,10
2020-04-22,397,Heemstede,Noord-Holland,27,Overleden,0,27
2020-04-22,398,Heerhugowaard,Noord-Holland,27,Totaal,6,123
2020-04-22,398,Heerhugowaard,Noord-Holland,27,Ziekenhuisopname,0,25
2020-04-22,398,Heerhugowaard,Noord-Holland,27,Overleden,1,8
2020-04-22,399,Heiloo,Noord-Holland,27,Totaal,1,42
2020-04-22,399,Heiloo,Noord-Holland,27,Ziekenhuisopname,0,9
2020-04-22,399,Heiloo,Noord-Holland,27,Overleden,0,7
2020-04-22,400,Den Helder,Noord-Holland,27,Totaal,1,36
2020-04-22,400,Den Helder,Noord-Holland,27,Ziekenhuisopname,0,12
2020-04-22,400,Den Helder,Noord-Holland,27,Overleden,0,0
2020-04-22,402,Hilversum,Noord-Holland,27,Totaal,7,118
2020-04-22,402,Hilversum,Noord-Holland,27,Ziekenhuisopname,1,25
2020-04-22,402,Hilversum,Noord-Holland,27,Overleden,1,4
2020-04-22,405,Hoorn,Noord-Holland,27,Totaal,1,83
2020-04-22,405,Hoorn,Noord-Holland,27,Ziekenhuisopname,0,33
2020-04-22,405,Hoorn,Noord-Holland,27,Overleden,0,12
2020-04-22,406,Huizen,Noord-Holland,27,Totaal,7,80
2020-04-22,406,Huizen,Noord-Holland,27,Ziekenhuisopname,0,18
2020-04-22,406,Huizen,Noord-Holland,27,Overleden,0,3
2020-04-22,415,Landsmeer,Noord-Holland,27,Totaal,1,21
2020-04-22,415,Landsmeer,Noord-Holland,27,Ziekenhuisopname,0,3
2020-04-22,415,Landsmeer,Noord-Holland,27,Overleden,0,2
2020-04-22,416,Langedijk,Noord-Holland,27,Totaal,0,41
2020-04-22,416,Langedijk,Noord-Holland,27,Ziekenhuisopname,0,16
2020-04-22,416,Langedijk,Noord-Holland,27,Overleden,0,2
2020-04-22,417,Laren,Noord-Holland,27,Totaal,2,24
2020-04-22,417,Laren,Noord-Holland,27,Ziekenhuisopname,0,8
2020-04-22,417,Laren,Noord-Holland,27,Overleden,0,1
2020-04-22,420,Medemblik,Noord-Holland,27,Totaal,4,63
2020-04-22,420,Medemblik,Noord-Holland,27,Ziekenhuisopname,0,17
2020-04-22,420,Medemblik,Noord-Holland,27,Overleden,0,6
2020-04-22,431,Oostzaan,Noord-Holland,27,Totaal,0,23
2020-04-22,431,Oostzaan,Noord-Holland,27,Ziekenhuisopname,0,10
2020-04-22,431,Oostzaan,Noord-Holland,27,Overleden,0,1
2020-04-22,432,Opmeer,Noord-Holland,27,Totaal,0,7
2020-04-22,432,Opmeer,Noord-Holland,27,Ziekenhuisopname,0,1
2020-04-22,432,Opmeer,Noord-Holland,27,Overleden,0,1
2020-04-22,437,Ouder-Amstel,Noord-Holland,27,Totaal,0,25
2020-04-22,437,Ouder-Amstel,Noord-Holland,27,Ziekenhuisopname,0,5
2020-04-22,437,Ouder-Amstel,Noord-Holland,27,Overleden,0,0
2020-04-22,439,Purmerend,Noord-Holland,27,Totaal,3,174
2020-04-22,439,Purmerend,Noord-Holland,27,Ziekenhuisopname,0,61
2020-04-22,439,Purmerend,Noord-Holland,27,Overleden,2,20
2020-04-22,441,Schagen,Noord-Holland,27,Totaal,1,67
2020-04-22,441,Schagen,Noord-Holland,27,Ziekenhuisopname,0,19
2020-04-22,441,Schagen,Noord-Holland,27,Overleden,0,3
2020-04-22,448,Texel,Noord-Holland,27,Totaal,0,11
2020-04-22,448,Texel,Noord-Holland,27,Ziekenhuisopname,0,4
2020-04-22,448,Texel,Noord-Holland,27,Overleden,0,1
2020-04-22,450,Uitgeest,Noord-Holland,27,Totaal,0,21
2020-04-22,450,Uitgeest,Noord-Holland,27,Ziekenhuisopname,0,5
2020-04-22,450,Uitgeest,Noord-Holland,27,Overleden,0,1
2020-04-22,451,Uithoorn,Noord-Holland,27,Totaal,1,43
2020-04-22,451,Uithoorn,Noord-Holland,27,Ziekenhuisopname,0,16
2020-04-22,451,Uithoorn,Noord-Holland,27,Overleden,0,1
2020-04-22,453,Velsen,Noord-Holland,27,Totaal,3,227
2020-04-22,453,Velsen,Noord-Holland,27,Ziekenhuisopname,0,28
2020-04-22,453,Velsen,Noord-Holland,27,Overleden,0,26
2020-04-22,457,Weesp,Noord-Holland,27,Totaal,0,37
2020-04-22,457,Weesp,Noord-Holland,27,Ziekenhuisopname,0,9
2020-04-22,457,Weesp,Noord-Holland,27,Overleden,0,1
2020-04-22,473,Zandvoort,Noord-Holland,27,Totaal,0,29
2020-04-22,473,Zandvoort,Noord-Holland,27,Ziekenhuisopname,0,10
2020-04-22,473,Zandvoort,Noord-Holland,27,Overleden,0,7
2020-04-22,479,Zaanstad,Noord-Holland,27,Totaal,4,291
2020-04-22,479,Zaanstad,Noord-Holland,27,Ziekenhuisopname,0,104
2020-04-22,479,Zaanstad,Noord-Holland,27,Overleden,0,35
2020-04-22,482,Alblasserdam,Zuid-Holland,28,Totaal,2,38
2020-04-22,482,Alblasserdam,Zuid-Holland,28,Ziekenhuisopname,1,9
2020-04-22,482,Alblasserdam,Zuid-Holland,28,Overleden,-1,1
2020-04-22,484,Alphen aan den Rijn,Zuid-Holland,28,Totaal,3,144
2020-04-22,484,Alphen aan den Rijn,Zuid-Holland,28,Ziekenhuisopname,0,55
2020-04-22,484,Alphen aan den Rijn,Zuid-Holland,28,Overleden,1,18
2020-04-22,489,Barendrecht,Zuid-Holland,28,Totaal,1,92
2020-04-22,489,Barendrecht,Zuid-Holland,28,Ziekenhuisopname,0,29
2020-04-22,489,Barendrecht,Zuid-Holland,28,Overleden,0,5
2020-04-22,498,Drechterland,Noord-Holland,27,Totaal,2,41
2020-04-22,498,Drechterland,Noord-Holland,27,Ziekenhuisopname,0,3
2020-04-22,498,Drechterland,Noord-Holland,27,Overleden,0,8
2020-04-22,501,Brielle,Zuid-Holland,28,Totaal,0,26
2020-04-22,501,Brielle,Zuid-Holland,28,Ziekenhuisopname,-1,11
2020-04-22,501,Brielle,Zuid-Holland,28,Overleden,0,0
2020-04-22,502,Capelle aan den IJssel,Zuid-Holland,28,Totaal,3,220
2020-04-22,502,Capelle aan den IJssel,Zuid-Holland,28,Ziekenhuisopname,1,39
2020-04-22,502,Capelle aan den IJssel,Zuid-Holland,28,Overleden,1,35
2020-04-22,503,Delft,Zuid-Holland,28,Totaal,3,106
2020-04-22,503,Delft,Zuid-Holland,28,Ziekenhuisopname,0,37
2020-04-22,503,Delft,Zuid-Holland,28,Overleden,1,8
2020-04-22,505,Dordrecht,Zuid-Holland,28,Totaal,3,225
2020-04-22,505,Dordrecht,Zuid-Holland,28,Ziekenhuisopname,0,74
2020-04-22,505,Dordrecht,Zuid-Holland,28,Overleden,1,19
2020-04-22,512,Gorinchem,Zuid-Holland,28,Totaal,3,130
2020-04-22,512,Gorinchem,Zuid-Holland,28,Ziekenhuisopname,0,16
2020-04-22,512,Gorinchem,Zuid-Holland,28,Overleden,0,12
2020-04-22,513,Gouda,Zuid-Holland,28,Totaal,11,209
2020-04-22,513,Gouda,Zuid-Holland,28,Ziekenhuisopname,0,32
2020-04-22,513,Gouda,Zuid-Holland,28,Overleden,1,24
2020-04-22,518,'s-Gravenhage,Zuid-Holland,28,Totaal,33,921
2020-04-22,518,'s-Gravenhage,Zuid-Holland,28,Ziekenhuisopname,4,260
2020-04-22,518,'s-Gravenhage,Zuid-Holland,28,Overleden,9,100
2020-04-22,523,Hardinxveld-Giessendam,Zuid-Holland,28,Totaal,0,27
2020-04-22,523,Hardinxveld-Giessendam,Zuid-Holland,28,Ziekenhuisopname,0,1
2020-04-22,523,Hardinxveld-Giessendam,Zuid-Holland,28,Overleden,0,2
2020-04-22,530,Hellevoetsluis,Zuid-Holland,28,Totaal,0,56
2020-04-22,530,Hellevoetsluis,Zuid-Holland,28,Ziekenhuisopname,0,14
2020-04-22,530,Hellevoetsluis,Zuid-Holland,28,Overleden,0,1
2020-04-22,531,Hendrik-Ido-Ambacht,Zuid-Holland,28,Totaal,0,27
2020-04-22,531,Hendrik-Ido-Ambacht,Zuid-Holland,28,Ziekenhuisopname,0,6
2020-04-22,531,Hendrik-Ido-Ambacht,Zuid-Holland,28,Overleden,1,3
2020-04-22,532,Stede Broec,Noord-Holland,27,Totaal,0,45
2020-04-22,532,Stede Broec,Noord-Holland,27,Ziekenhuisopname,0,18
2020-04-22,532,Stede Broec,Noord-Holland,27,Overleden,0,4
2020-04-22,534,Hillegom,Zuid-Holland,28,Totaal,0,28
2020-04-22,534,Hillegom,Zuid-Holland,28,Ziekenhuisopname,0,7
2020-04-22,534,Hillegom,Zuid-Holland,28,Overleden,0,1
2020-04-22,537,Katwijk,Zuid-Holland,28,Totaal,9,146
2020-04-22,537,Katwijk,Zuid-Holland,28,Ziekenhuisopname,0,22
2020-04-22,537,Katwijk,Zuid-Holland,28,Overleden,1,9
2020-04-22,542,Krimpen aan den IJssel,Zuid-Holland,28,Totaal,0,56
2020-04-22,542,Krimpen aan den IJssel,Zuid-Holland,28,Ziekenhuisopname,0,9
2020-04-22,542,Krimpen aan den IJssel,Zuid-Holland,28,Overleden,0,4
2020-04-22,546,Leiden,Zuid-Holland,28,Totaal,2,113
2020-04-22,546,Leiden,Zuid-Holland,28,Ziekenhuisopname,0,36
2020-04-22,546,Leiden,Zuid-Holland,28,Overleden,2,14
2020-04-22,547,Leiderdorp,Zuid-Holland,28,Totaal,1,24
2020-04-22,547,Leiderdorp,Zuid-Holland,28,Ziekenhuisopname,0,10
2020-04-22,547,Leiderdorp,Zuid-Holland,28,Overleden,0,3
2020-04-22,553,Lisse,Zuid-Holland,28,Totaal,0,20
2020-04-22,553,Lisse,Zuid-Holland,28,Ziekenhuisopname,0,6
2020-04-22,553,Lisse,Zuid-Holland,28,Overleden,0,2
2020-04-22,556,Maassluis,Zuid-Holland,28,Totaal,0,45
2020-04-22,556,Maassluis,Zuid-Holland,28,Ziekenhuisopname,0,17
2020-04-22,556,Maassluis,Zuid-Holland,28,Overleden,0,2
2020-04-22,569,Nieuwkoop,Zuid-Holland,28,Totaal,0,44
2020-04-22,569,Nieuwkoop,Zuid-Holland,28,Ziekenhuisopname,0,8
2020-04-22,569,Nieuwkoop,Zuid-Holland,28,Overleden,0,4
2020-04-22,575,Noordwijk,Zuid-Holland,28,Totaal,0,37
2020-04-22,575,Noordwijk,Zuid-Holland,28,Ziekenhuisopname,0,14
2020-04-22,575,Noordwijk,Zuid-Holland,28,Overleden,0,1
2020-04-22,579,Oegstgeest,Zuid-Holland,28,Totaal,2,36
2020-04-22,579,Oegstgeest,Zuid-Holland,28,Ziekenhuisopname,0,7
2020-04-22,579,Oegstgeest,Zuid-Holland,28,Overleden,0,1
2020-04-22,589,Oudewater,Utrecht,26,Totaal,0,46
2020-04-22,589,Oudewater,Utrecht,26,Ziekenhuisopname,0,25
2020-04-22,589,Oudewater,Utrecht,26,Overleden,0,7
2020-04-22,590,Papendrecht,Zuid-Holland,28,Totaal,3,46
2020-04-22,590,Papendrecht,Zuid-Holland,28,Ziekenhuisopname,0,7
2020-04-22,590,Papendrecht,Zuid-Holland,28,Overleden,1,7
2020-04-22,597,Ridderkerk,Zuid-Holland,28,Totaal,1,89
2020-04-22,597,Ridderkerk,Zuid-Holland,28,Ziekenhuisopname,0,32
2020-04-22,597,Ridderkerk,Zuid-Holland,28,Overleden,-1,10
2020-04-22,599,Rotterdam,Zuid-Holland,28,Totaal,31,1651
2020-04-22,599,Rotterdam,Zuid-Holland,28,Ziekenhuisopname,7,368
2020-04-22,599,Rotterdam,Zuid-Holland,28,Overleden,12,143
2020-04-22,603,Rijswijk,Zuid-Holland,28,Totaal,2,84
2020-04-22,603,Rijswijk,Zuid-Holland,28,Ziekenhuisopname,2,25
2020-04-22,603,Rijswijk,Zuid-Holland,28,Overleden,6,12
2020-04-22,606,Schiedam,Zuid-Holland,28,Totaal,4,154
2020-04-22,606,Schiedam,Zuid-Holland,28,Ziekenhuisopname,1,36
2020-04-22,606,Schiedam,Zuid-Holland,28,Overleden,2,7
2020-04-22,610,Sliedrecht,Zuid-Holland,28,Totaal,3,38
2020-04-22,610,Sliedrecht,Zuid-Holland,28,Ziekenhuisopname,0,7
2020-04-22,610,Sliedrecht,Zuid-Holland,28,Overleden,0,3
2020-04-22,613,Albrandswaard,Zuid-Holland,28,Totaal,0,75
2020-04-22,613,Albrandswaard,Zuid-Holland,28,Ziekenhuisopname,0,9
2020-04-22,613,Albrandswaard,Zuid-Holland,28,Overleden,1,6
2020-04-22,614,Westvoorne,Zuid-Holland,28,Totaal,0,22
2020-04-22,614,Westvoorne,Zuid-Holland,28,Ziekenhuisopname,0,6
2020-04-22,614,Westvoorne,Zuid-Holland,28,Overleden,0,0
2020-04-22,622,Vlaardingen,Zuid-Holland,28,Totaal,4,174
2020-04-22,622,Vlaardingen,Zuid-Holland,28,Ziekenhuisopname,0,31
2020-04-22,622,Vlaardingen,Zuid-Holland,28,Overleden,1,16
2020-04-22,626,Voorschoten,Zuid-Holland,28,Totaal,1,32
2020-04-22,626,Voorschoten,Zuid-Holland,28,Ziekenhuisopname,0,9
2020-04-22,626,Voorschoten,Zuid-Holland,28,Overleden,0,5
2020-04-22,627,Waddinxveen,Zuid-Holland,28,Totaal,1,45
2020-04-22,627,Waddinxveen,Zuid-Holland,28,Ziekenhuisopname,0,15
2020-04-22,627,Waddinxveen,Zuid-Holland,28,Overleden,0,5
2020-04-22,629,Wassenaar,Zuid-Holland,28,Totaal,0,39
2020-04-22,629,Wassenaar,Zuid-Holland,28,Ziekenhuisopname,0,8
2020-04-22,629,Wassenaar,Zuid-Holland,28,Overleden,0,9
2020-04-22,632,Woerden,Utrecht,26,Totaal,4,126
2020-04-22,632,Woerden,Utrecht,26,Ziekenhuisopname,0,46
2020-04-22,632,Woerden,Utrecht,26,Overleden,0,15
2020-04-22,637,Zoetermeer,Zuid-Holland,28,Totaal,4,150
2020-04-22,637,Zoetermeer,Zuid-Holland,28,Ziekenhuisopname,0,38
2020-04-22,637,Zoetermeer,Zuid-Holland,28,Overleden,0,9
2020-04-22,638,Zoeterwoude,Zuid-Holland,28,Totaal,0,7
2020-04-22,638,Zoeterwoude,Zuid-Holland,28,Ziekenhuisopname,0,2
2020-04-22,638,Zoeterwoude,Zuid-Holland,28,Overleden,0,0
2020-04-22,642,Zwijndrecht,Zuid-Holland,28,Totaal,4,100
2020-04-22,642,Zwijndrecht,Zuid-Holland,28,Ziekenhuisopname,0,15
2020-04-22,642,Zwijndrecht,Zuid-Holland,28,Overleden,0,6
2020-04-22,654,Borsele,Zeeland,29,Totaal,0,21
2020-04-22,654,Borsele,Zeeland,29,Ziekenhuisopname,0,5
2020-04-22,654,Borsele,Zeeland,29,Overleden,0,0
2020-04-22,664,Goes,Zeeland,29,Totaal,1,66
2020-04-22,664,Goes,Zeeland,29,Ziekenhuisopname,0,11
2020-04-22,664,Goes,Zeeland,29,Overleden,1,9
2020-04-22,668,West Maas en Waal,Gelderland,25,Totaal,0,70
2020-04-22,668,West Maas en Waal,Gelderland,25,Ziekenhuisopname,0,16
2020-04-22,668,West Maas en Waal,Gelderland,25,Overleden,1,6
2020-04-22,677,Hulst,Zeeland,29,Totaal,0,26
2020-04-22,677,Hulst,Zeeland,29,Ziekenhuisopname,0,8
2020-04-22,677,Hulst,Zeeland,29,Overleden,0,4
2020-04-22,678,Kapelle,Zeeland,29,Totaal,1,18
2020-04-22,678,Kapelle,Zeeland,29,Ziekenhuisopname,0,2
2020-04-22,678,Kapelle,Zeeland,29,Overleden,0,1
2020-04-22,687,Middelburg,Zeeland,29,Totaal,2,43
2020-04-22,687,Middelburg,Zeeland,29,Ziekenhuisopname,0,14
2020-04-22,687,Middelburg,Zeeland,29,Overleden,0,7
2020-04-22,703,Reimerswaal,Zeeland,29,Totaal,1,25
2020-04-22,703,Reimerswaal,Zeeland,29,Ziekenhuisopname,0,4
2020-04-22,703,Reimerswaal,Zeeland,29,Overleden,0,2
2020-04-22,715,Terneuzen,Zeeland,29,Totaal,1,92
2020-04-22,715,Terneuzen,Zeeland,29,Ziekenhuisopname,1,22
2020-04-22,715,Terneuzen,Zeeland,29,Overleden,0,2
2020-04-22,716,Tholen,Zeeland,29,Totaal,1,126
2020-04-22,716,Tholen,Zeeland,29,Ziekenhuisopname,0,38
2020-04-22,716,Tholen,Zeeland,29,Overleden,1,13
2020-04-22,717,Veere,Zeeland,29,Totaal,0,25
2020-04-22,717,Veere,Zeeland,29,Ziekenhuisopname,0,6
2020-04-22,717,Veere,Zeeland,29,Overleden,0,1
2020-04-22,718,Vlissingen,Zeeland,29,Totaal,1,47
2020-04-22,718,Vlissingen,Zeeland,29,Ziekenhuisopname,1,9
2020-04-22,718,Vlissingen,Zeeland,29,Overleden,1,5
2020-04-22,736,De Ronde Venen,Utrecht,26,Totaal,0,72
2020-04-22,736,De Ronde Venen,Utrecht,26,Ziekenhuisopname,0,36
2020-04-22,736,De Ronde Venen,Utrecht,26,Overleden,0,8
2020-04-22,737,Tytsjerksteradiel,Friesland,21,Totaal,0,15
2020-04-22,737,Tytsjerksteradiel,Friesland,21,Ziekenhuisopname,0,4
2020-04-22,737,Tytsjerksteradiel,Friesland,21,Overleden,0,1
2020-04-22,743,Asten,Noord-Brabant,30,Totaal,3,63
2020-04-22,743,Asten,Noord-Brabant,30,Ziekenhuisopname,0,14
2020-04-22,743,Asten,Noord-Brabant,30,Overleden,1,8
2020-04-22,744,Baarle-Nassau,Noord-Brabant,30,Totaal,1,19
2020-04-22,744,Baarle-Nassau,Noord-Brabant,30,Ziekenhuisopname,1,9
2020-04-22,744,Baarle-Nassau,Noord-Brabant,30,Overleden,0,1
2020-04-22,748,Bergen op Zoom,Noord-Brabant,30,Totaal,3,85
2020-04-22,748,Bergen op Zoom,Noord-Brabant,30,Ziekenhuisopname,0,21
2020-04-22,748,Bergen op Zoom,Noord-Brabant,30,Overleden,1,7
2020-04-22,753,Best,Noord-Brabant,30,Totaal,2,50
2020-04-22,753,Best,Noord-Brabant,30,Ziekenhuisopname,0,31
2020-04-22,753,Best,Noord-Brabant,30,Overleden,1,9
2020-04-22,755,Boekel,Noord-Brabant,30,Totaal,0,85
2020-04-22,755,Boekel,Noord-Brabant,30,Ziekenhuisopname,1,32
2020-04-22,755,Boekel,Noord-Brabant,30,Overleden,0,21
2020-04-22,756,Boxmeer,Noord-Brabant,30,Totaal,5,95
2020-04-22,756,Boxmeer,Noord-Brabant,30,Ziekenhuisopname,0,18
2020-04-22,756,Boxmeer,Noord-Brabant,30,Overleden,2,16
2020-04-22,757,Boxtel,Noord-Brabant,30,Totaal,2,53
2020-04-22,757,Boxtel,Noord-Brabant,30,Ziekenhuisopname,1,21
2020-04-22,757,Boxtel,Noord-Brabant,30,Overleden,1,12
2020-04-22,758,Breda,Noord-Brabant,30,Totaal,9,407
2020-04-22,758,Breda,Noord-Brabant,30,Ziekenhuisopname,0,140
2020-04-22,758,Breda,Noord-Brabant,30,Overleden,1,53
2020-04-22,762,Deurne,Noord-Brabant,30,Totaal,3,128
2020-04-22,762,Deurne,Noord-Brabant,30,Ziekenhuisopname,0,50
2020-04-22,762,Deurne,Noord-Brabant,30,Overleden,0,16
2020-04-22,765,Pekela,Groningen,20,Totaal,0,5
2020-04-22,765,Pekela,Groningen,20,Ziekenhuisopname,0,4
2020-04-22,765,Pekela,Groningen,20,Overleden,0,0
2020-04-22,766,Dongen,Noord-Brabant,30,Totaal,1,62
2020-04-22,766,Dongen,Noord-Brabant,30,Ziekenhuisopname,1,16
2020-04-22,766,Dongen,Noord-Brabant,30,Overleden,0,10
2020-04-22,770,Eersel,Noord-Brabant,30,Totaal,0,56
2020-04-22,770,Eersel,Noord-Brabant,30,Ziekenhuisopname,0,22
2020-04-22,770,Eersel,Noord-Brabant,30,Overleden,0,8
2020-04-22,772,Eindhoven,Noord-Brabant,30,Totaal,11,385
2020-04-22,772,Eindhoven,Noord-Brabant,30,Ziekenhuisopname,0,142
2020-04-22,772,Eindhoven,Noord-Brabant,30,Overleden,7,65
2020-04-22,777,Etten-Leur,Noord-Brabant,30,Totaal,3,143
2020-04-22,777,Etten-Leur,Noord-Brabant,30,Ziekenhuisopname,1,40
2020-04-22,777,Etten-Leur,Noord-Brabant,30,Overleden,0,25
2020-04-22,779,Geertruidenberg,Noord-Brabant,30,Totaal,1,33
2020-04-22,779,Geertruidenberg,Noord-Brabant,30,Ziekenhuisopname,1,11
2020-04-22,779,Geertruidenberg,Noord-Brabant,30,Overleden,0,5
2020-04-22,784,Gilze en Rijen,Noord-Brabant,30,Totaal,1,64
2020-04-22,784,Gilze en Rijen,Noord-Brabant,30,Ziekenhuisopname,0,17
2020-04-22,784,Gilze en Rijen,Noord-Brabant,30,Overleden,0,12
2020-04-22,785,Goirle,Noord-Brabant,30,Totaal,0,63
2020-04-22,785,Goirle,Noord-Brabant,30,Ziekenhuisopname,0,26
2020-04-22,785,Goirle,Noord-Brabant,30,Overleden,0,15
2020-04-22,786,Grave,Noord-Brabant,30,Totaal,2,54
2020-04-22,786,Grave,Noord-Brabant,30,Ziekenhuisopname,1,19
2020-04-22,786,Grave,Noord-Brabant,30,Overleden,1,7
2020-04-22,788,Haaren,Noord-Brabant,30,Totaal,1,37
2020-04-22,788,Haaren,Noord-Brabant,30,Ziekenhuisopname,0,17
2020-04-22,788,Haaren,Noord-Brabant,30,Overleden,0,7
2020-04-22,794,Helmond,Noord-Brabant,30,Totaal,5,264
2020-04-22,794,Helmond,Noord-Brabant,30,Ziekenhuisopname,0,90
2020-04-22,794,Helmond,Noord-Brabant,30,Overleden,0,32
2020-04-22,796,'s-Hertogenbosch,Noord-Brabant,30,Totaal,3,377
2020-04-22,796,'s-Hertogenbosch,Noord-Brabant,30,Ziekenhuisopname,0,117
2020-04-22,796,'s-Hertogenbosch,Noord-Brabant,30,Overleden,1,61
2020-04-22,797,Heusden,Noord-Brabant,30,Totaal,1,110
2020-04-22,797,Heusden,Noord-Brabant,30,Ziekenhuisopname,0,42
2020-04-22,797,Heusden,Noord-Brabant,30,Overleden,1,14
2020-04-22,798,Hilvarenbeek,Noord-Brabant,30,Totaal,0,31
2020-04-22,798,Hilvarenbeek,Noord-Brabant,30,Ziekenhuisopname,0,7
2020-04-22,798,Hilvarenbeek,Noord-Brabant,30,Overleden,0,4
2020-04-22,809,Loon op Zand,Noord-Brabant,30,Totaal,0,49
2020-04-22,809,Loon op Zand,Noord-Brabant,30,Ziekenhuisopname,0,20
2020-04-22,809,Loon op Zand,Noord-Brabant,30,Overleden,1,6
2020-04-22,815,Mill en Sint Hubert,Noord-Brabant,30,Totaal,0,28
2020-04-22,815,Mill en Sint Hubert,Noord-Brabant,30,Ziekenhuisopname,0,9
2020-04-22,815,Mill en Sint Hubert,Noord-Brabant,30,Overleden,0,4
2020-04-22,820,"Nuenen, Gerwen en Nederwetten",Noord-Brabant,30,Totaal,0,41
2020-04-22,820,"Nuenen, Gerwen en Nederwetten",Noord-Brabant,30,Ziekenhuisopname,0,15
2020-04-22,820,"Nuenen, Gerwen en Nederwetten",Noord-Brabant,30,Overleden,1,6
2020-04-22,823,Oirschot,Noord-Brabant,30,Totaal,2,50
2020-04-22,823,Oirschot,Noord-Brabant,30,Ziekenhuisopname,0,12
2020-04-22,823,Oirschot,Noord-Brabant,30,Overleden,0,6
2020-04-22,824,Oisterwijk,Noord-Brabant,30,Totaal,0,54
2020-04-22,824,Oisterwijk,Noord-Brabant,30,Ziekenhuisopname,0,16
2020-04-22,824,Oisterwijk,Noord-Brabant,30,Overleden,0,9
2020-04-22,826,Oosterhout,Noord-Brabant,30,Totaal,3,85
2020-04-22,826,Oosterhout,Noord-Brabant,30,Ziekenhuisopname,0,39
2020-04-22,826,Oosterhout,Noord-Brabant,30,Overleden,1,12
2020-04-22,828,Oss,Noord-Brabant,30,Totaal,9,393
2020-04-22,828,Oss,Noord-Brabant,30,Ziekenhuisopname,1,120
2020-04-22,828,Oss,Noord-Brabant,30,Overleden,0,74
2020-04-22,840,Rucphen,Noord-Brabant,30,Totaal,0,44
2020-04-22,840,Rucphen,Noord-Brabant,30,Ziekenhuisopname,0,7
2020-04-22,840,Rucphen,Noord-Brabant,30,Overleden,0,7
2020-04-22,845,Sint-Michielsgestel,Noord-Brabant,30,Totaal,0,77
2020-04-22,845,Sint-Michielsgestel,Noord-Brabant,30,Ziekenhuisopname,0,34
2020-04-22,845,Sint-Michielsgestel,Noord-Brabant,30,Overleden,0,13
2020-04-22,847,Someren,Noord-Brabant,30,Totaal,2,81
2020-04-22,847,Someren,Noord-Brabant,30,Ziekenhuisopname,0,29
2020-04-22,847,Someren,Noord-Brabant,30,Overleden,0,6
2020-04-22,848,Son en Breugel,Noord-Brabant,30,Totaal,0,64
2020-04-22,848,Son en Breugel,Noord-Brabant,30,Ziekenhuisopname,0,27
2020-04-22,848,Son en Breugel,Noord-Brabant,30,Overleden,2,13
2020-04-22,851,Steenbergen,Noord-Brabant,30,Totaal,6,63
2020-04-22,851,Steenbergen,Noord-Brabant,30,Ziekenhuisopname,0,12
2020-04-22,851,Steenbergen,Noord-Brabant,30,Overleden,0,7
2020-04-22,852,Waterland,Noord-Holland,27,Totaal,0,26
2020-04-22,852,Waterland,Noord-Holland,27,Ziekenhuisopname,0,14
2020-04-22,852,Waterland,Noord-Holland,27,Overleden,0,3
2020-04-22,855,Tilburg,Noord-Brabant,30,Totaal,1,598
2020-04-22,855,Tilburg,Noord-Brabant,30,Ziekenhuisopname,2,166
2020-04-22,855,Tilburg,Noord-Brabant,30,Overleden,3,128
2020-04-22,856,Uden,Noord-Brabant,30,Totaal,3,235
2020-04-22,856,Uden,Noord-Brabant,30,Ziekenhuisopname,6,99
2020-04-22,856,Uden,Noord-Brabant,30,Overleden,0,58
2020-04-22,858,Valkenswaard,Noord-Brabant,30,Totaal,4,122
2020-04-22,858,Valkenswaard,Noord-Brabant,30,Ziekenhuisopname,0,15
2020-04-22,858,Valkenswaard,Noord-Brabant,30,Overleden,0,28
2020-04-22,861,Veldhoven,Noord-Brabant,30,Totaal,2,109
2020-04-22,861,Veldhoven,Noord-Brabant,30,Ziekenhuisopname,0,25
2020-04-22,861,Veldhoven,Noord-Brabant,30,Overleden,0,15
2020-04-22,865,Vught,Noord-Brabant,30,Totaal,2,90
2020-04-22,865,Vught,Noord-Brabant,30,Ziekenhuisopname,0,37
2020-04-22,865,Vught,Noord-Brabant,30,Overleden,0,15
2020-04-22,866,Waalre,Noord-Brabant,30,Totaal,1,26
2020-04-22,866,Waalre,Noord-Brabant,30,Ziekenhuisopname,0,6
2020-04-22,866,Waalre,Noord-Brabant,30,Overleden,0,4
2020-04-22,867,Waalwijk,Noord-Brabant,30,Totaal,1,124
2020-04-22,867,Waalwijk,Noord-Brabant,30,Ziekenhuisopname,0,23
2020-04-22,867,Waalwijk,Noord-Brabant,30,Overleden,3,27
2020-04-22,873,Woensdrecht,Noord-Brabant,30,Totaal,0,50
2020-04-22,873,Woensdrecht,Noord-Brabant,30,Ziekenhuisopname,1,5
2020-04-22,873,Woensdrecht,Noord-Brabant,30,Overleden,1,5
2020-04-22,879,Zundert,Noord-Brabant,30,Totaal,0,60
2020-04-22,879,Zundert,Noord-Brabant,30,Ziekenhuisopname,0,19
2020-04-22,879,Zundert,Noord-Brabant,30,Overleden,1,9
2020-04-22,880,Wormerland,Noord-Holland,27,Totaal,0,35
2020-04-22,880,Wormerland,Noord-Holland,27,Ziekenhuisopname,0,17
2020-04-22,880,Wormerland,Noord-Holland,27,Overleden,0,6
2020-04-22,882,Landgraaf,Limburg,31,Totaal,1,110
2020-04-22,882,Landgraaf,Limburg,31,Ziekenhuisopname,1,48
2020-04-22,882,Landgraaf,Limburg,31,Overleden,0,11
2020-04-22,888,Beek,Limburg,31,Totaal,1,37
2020-04-22,888,Beek,Limburg,31,Ziekenhuisopname,1,15
2020-04-22,888,Beek,Limburg,31,Overleden,0,3
2020-04-22,889,Beesel,Limburg,31,Totaal,2,40
2020-04-22,889,Beesel,Limburg,31,Ziekenhuisopname,0,20
2020-04-22,889,Beesel,Limburg,31,Overleden,1,8
2020-04-22,893,Bergen (L.),Limburg,31,Totaal,0,17
2020-04-22,893,Bergen (L.),Limburg,31,Ziekenhuisopname,0,6
2020-04-22,893,Bergen (L.),Limburg,31,Overleden,0,2
2020-04-22,899,Brunssum,Limburg,31,Totaal,1,70
2020-04-22,899,Brunssum,Limburg,31,Ziekenhuisopname,0,34
2020-04-22,899,Brunssum,Limburg,31,Overleden,0,11
2020-04-22,907,Gennep,Limburg,31,Totaal,0,48
2020-04-22,907,Gennep,Limburg,31,Ziekenhuisopname,0,15
2020-04-22,907,Gennep,Limburg,31,Overleden,0,10
2020-04-22,917,Heerlen,Limburg,31,Totaal,13,279
2020-04-22,917,Heerlen,Limburg,31,Ziekenhuisopname,2,108
2020-04-22,917,Heerlen,Limburg,31,Overleden,1,41
2020-04-22,928,Kerkrade,Limburg,31,Totaal,4,134
2020-04-22,928,Kerkrade,Limburg,31,Ziekenhuisopname,1,54
2020-04-22,928,Kerkrade,Limburg,31,Overleden,0,19
2020-04-22,935,Maastricht,Limburg,31,Totaal,12,562
2020-04-22,935,Maastricht,Limburg,31,Ziekenhuisopname,3,158
2020-04-22,935,Maastricht,Limburg,31,Overleden,2,66
2020-04-22,938,Meerssen,Limburg,31,Totaal,1,75
2020-04-22,938,Meerssen,Limburg,31,Ziekenhuisopname,0,18
2020-04-22,938,Meerssen,Limburg,31,Overleden,0,9
2020-04-22,944,Mook en Middelaar,Limburg,31,Totaal,0,31
2020-04-22,944,Mook en Middelaar,Limburg,31,Ziekenhuisopname,0,6
2020-04-22,944,Mook en Middelaar,Limburg,31,Overleden,0,4
2020-04-22,946,Nederweert,Limburg,31,Totaal,0,43
2020-04-22,946,Nederweert,Limburg,31,Ziekenhuisopname,0,28
2020-04-22,946,Nederweert,Limburg,31,Overleden,1,7
2020-04-22,957,Roermond,Limburg,31,Totaal,1,116
2020-04-22,957,Roermond,Limburg,31,Ziekenhuisopname,1,54
2020-04-22,957,Roermond,Limburg,31,Overleden,0,20
2020-04-22,965,Simpelveld,Limburg,31,Totaal,0,37
2020-04-22,965,Simpelveld,Limburg,31,Ziekenhuisopname,0,17
2020-04-22,965,Simpelveld,Limburg,31,Overleden,0,3
2020-04-22,971,Stein,Limburg,31,Totaal,3,94
2020-04-22,971,Stein,Limburg,31,Ziekenhuisopname,1,39
2020-04-22,971,Stein,Limburg,31,Overleden,0,15
2020-04-22,981,Vaals,Limburg,31,Totaal,1,28
2020-04-22,981,Vaals,Limburg,31,Ziekenhuisopname,1,10
2020-04-22,981,Vaals,Limburg,31,Overleden,0,1
2020-04-22,983,Venlo,Limburg,31,Totaal,5,260
2020-04-22,983,Venlo,Limburg,31,Ziekenhuisopname,0,118
2020-04-22,983,Venlo,Limburg,31,Overleden,2,51
2020-04-22,984,Venray,Limburg,31,Totaal,3,95
2020-04-22,984,Venray,Limburg,31,Ziekenhuisopname,0,36
2020-04-22,984,Venray,Limburg,31,Overleden,0,16
2020-04-22,986,Voerendaal,Limburg,31,Totaal,1,39
2020-04-22,986,Voerendaal,Limburg,31,Ziekenhuisopname,0,16
2020-04-22,986,Voerendaal,Limburg,31,Overleden,0,6
2020-04-22,988,Weert,Limburg,31,Totaal,4,110
2020-04-22,988,Weert,Limburg,31,Ziekenhuisopname,3,61
2020-04-22,988,Weert,Limburg,31,Overleden,0,10
2020-04-22,994,Valkenburg aan de Geul,Limburg,31,Totaal,0,61
2020-04-22,994,Valkenburg aan de Geul,Limburg,31,Ziekenhuisopname,0,16
2020-04-22,994,Valkenburg aan de Geul,Limburg,31,Overleden,0,6
2020-04-22,995,Lelystad,Flevoland,24,Totaal,8,123
2020-04-22,995,Lelystad,Flevoland,24,Ziekenhuisopname,1,51
2020-04-22,995,Lelystad,Flevoland,24,Overleden,0,10
2020-04-22,1507,Horst aan de Maas,Limburg,31,Totaal,3,105
2020-04-22,1507,Horst aan de Maas,Limburg,31,Ziekenhuisopname,0,40
2020-04-22,1507,Horst aan de Maas,Limburg,31,Overleden,0,19
2020-04-22,1509,Oude IJsselstreek,Gelderland,25,Totaal,3,58
2020-04-22,1509,Oude IJsselstreek,Gelderland,25,Ziekenhuisopname,1,14
2020-04-22,1509,Oude IJsselstreek,Gelderland,25,Overleden,0,6
2020-04-22,1525,Teylingen,Zuid-Holland,28,Totaal,1,41
2020-04-22,1525,Teylingen,Zuid-Holland,28,Ziekenhuisopname,0,12
2020-04-22,1525,Teylingen,Zuid-Holland,28,Overleden,0,0
2020-04-22,1581,Utrechtse Heuvelrug,Utrecht,26,Totaal,1,83
2020-04-22,1581,Utrechtse Heuvelrug,Utrecht,26,Ziekenhuisopname,1,26
2020-04-22,1581,Utrechtse Heuvelrug,Utrecht,26,Overleden,0,6
2020-04-22,1586,Oost Gelre,Gelderland,25,Totaal,1,46
2020-04-22,1586,Oost Gelre,Gelderland,25,Ziekenhuisopname,0,9
2020-04-22,1586,Oost Gelre,Gelderland,25,Overleden,0,5
2020-04-22,1598,Koggenland,Noord-Holland,27,Totaal,0,30
2020-04-22,1598,Koggenland,Noord-Holland,27,Ziekenhuisopname,0,6
2020-04-22,1598,Koggenland,Noord-Holland,27,Overleden,0,6
2020-04-22,1621,Lansingerland,Zuid-Holland,28,Totaal,1,150
2020-04-22,1621,Lansingerland,Zuid-Holland,28,Ziekenhuisopname,0,35
2020-04-22,1621,Lansingerland,Zuid-Holland,28,Overleden,0,15
2020-04-22,1640,Leudal,Limburg,31,Totaal,2,163
2020-04-22,1640,Leudal,Limburg,31,Ziekenhuisopname,0,53
2020-04-22,1640,Leudal,Limburg,31,Overleden,0,22
2020-04-22,1641,Maasgouw,Limburg,31,Totaal,4,74
2020-04-22,1641,Maasgouw,Limburg,31,Ziekenhuisopname,0,26
2020-04-22,1641,Maasgouw,Limburg,31,Overleden,0,10
2020-04-22,1652,Gemert-Bakel,Noord-Brabant,30,Totaal,2,156
2020-04-22,1652,Gemert-Bakel,Noord-Brabant,30,Ziekenhuisopname,0,71
2020-04-22,1652,Gemert-Bakel,Noord-Brabant,30,Overleden,0,29
2020-04-22,1655,Halderberge,Noord-Brabant,30,Totaal,0,51
2020-04-22,1655,Halderberge,Noord-Brabant,30,Ziekenhuisopname,0,13
2020-04-22,1655,Halderberge,Noord-Brabant,30,Overleden,0,6
2020-04-22,1658,Heeze-Leende,Noord-Brabant,30,Totaal,1,52
2020-04-22,1658,Heeze-Leende,Noord-Brabant,30,Ziekenhuisopname,0,13
2020-04-22,1658,Heeze-Leende,Noord-Brabant,30,Overleden,1,7
2020-04-22,1659,Laarbeek,Noord-Brabant,30,Totaal,1,91
2020-04-22,1659,Laarbeek,Noord-Brabant,30,Ziekenhuisopname,0,35
2020-04-22,1659,Laarbeek,Noord-Brabant,30,Overleden,0,25
2020-04-22,1667,Reusel-De Mierden,Noord-Brabant,30,Totaal,0,21
2020-04-22,1667,Reusel-De Mierden,Noord-Brabant,30,Ziekenhuisopname,0,10
2020-04-22,1667,Reusel-De Mierden,Noord-Brabant,30,Overleden,0,1
2020-04-22,1669,Roerdalen,Limburg,31,Totaal,0,43
2020-04-22,1669,Roerdalen,Limburg,31,Ziekenhuisopname,0,26
2020-04-22,1669,Roerdalen,Limburg,31,Overleden,0,7
2020-04-22,1674,Roosendaal,Noord-Brabant,30,Totaal,4,172
2020-04-22,1674,Roosendaal,Noord-Brabant,30,Ziekenhuisopname,1,24
2020-04-22,1674,Roosendaal,Noord-Brabant,30,Overleden,0,15
2020-04-22,1676,Schouwen-Duiveland,Zeeland,29,Totaal,0,30
2020-04-22,1676,Schouwen-Duiveland,Zeeland,29,Ziekenhuisopname,0,11
2020-04-22,1676,Schouwen-Duiveland,Zeeland,29,Overleden,0,0
2020-04-22,1680,Aa en Hunze,Drenthe,22,Totaal,0,13
2020-04-22,1680,Aa en Hunze,Drenthe,22,Ziekenhuisopname,0,1
2020-04-22,1680,Aa en Hunze,Drenthe,22,Overleden,0,0
2020-04-22,1681,Borger-Odoorn,Drenthe,22,Totaal,1,7
2020-04-22,1681,Borger-Odoorn,Drenthe,22,Ziekenhuisopname,0,2
2020-04-22,1681,Borger-Odoorn,Drenthe,22,Overleden,0,3
2020-04-22,1684,Cuijk,Noord-Brabant,30,Totaal,-1,47
2020-04-22,1684,Cuijk,Noord-Brabant,30,Ziekenhuisopname,-1,10
2020-04-22,1684,Cuijk,Noord-Brabant,30,Overleden,1,8
2020-04-22,1685,Landerd,Noord-Brabant,30,Totaal,2,115
2020-04-22,1685,Landerd,Noord-Brabant,30,Ziekenhuisopname,3,34
2020-04-22,1685,Landerd,Noord-Brabant,30,Overleden,2,17
2020-04-22,1690,De Wolden,Drenthe,22,Totaal,1,36
2020-04-22,1690,De Wolden,Drenthe,22,Ziekenhuisopname,0,10
2020-04-22,1690,De Wolden,Drenthe,22,Overleden,0,0
2020-04-22,1695,Noord-Beveland,Zeeland,29,Totaal,0,5
2020-04-22,1695,Noord-Beveland,Zeeland,29,Ziekenhuisopname,0,1
2020-04-22,1695,Noord-Beveland,Zeeland,29,Overleden,0,0
2020-04-22,1696,Wijdemeren,Noord-Holland,27,Totaal,1,21
2020-04-22,1696,Wijdemeren,Noord-Holland,27,Ziekenhuisopname,0,7
2020-04-22,1696,Wijdemeren,Noord-Holland,27,Overleden,0,0
2020-04-22,1699,Noordenveld,Drenthe,22,Totaal,0,17
2020-04-22,1699,Noordenveld,Drenthe,22,Ziekenhuisopname,0,3
2020-04-22,1699,Noordenveld,Drenthe,22,Overleden,0,1
2020-04-22,1700,Twenterand,Overijssel,23,Totaal,3,50
2020-04-22,1700,Twenterand,Overijssel,23,Ziekenhuisopname,0,11
2020-04-22,1700,Twenterand,Overijssel,23,Overleden,0,2
2020-04-22,1701,Westerveld,Drenthe,22,Totaal,1,29
2020-04-22,1701,Westerveld,Drenthe,22,Ziekenhuisopname,0,8
2020-04-22,1701,Westerveld,Drenthe,22,Overleden,0,2
2020-04-22,1702,Sint Anthonis,Noord-Brabant,30,Totaal,2,58
2020-04-22,1702,Sint Anthonis,Noord-Brabant,30,Ziekenhuisopname,0,19
2020-04-22,1702,Sint Anthonis,Noord-Brabant,30,Overleden,0,10
2020-04-22,1705,Lingewaard,Gelderland,25,Totaal,0,83
2020-04-22,1705,Lingewaard,Gelderland,25,Ziekenhuisopname,0,28
2020-04-22,1705,Lingewaard,Gelderland,25,Overleden,1,6
2020-04-22,1706,Cranendonck,Noord-Brabant,30,Totaal,2,154
2020-04-22,1706,Cranendonck,Noord-Brabant,30,Ziekenhuisopname,1,59
2020-04-22,1706,Cranendonck,Noord-Brabant,30,Overleden,0,26
2020-04-22,1708,Steenwijkerland,Overijssel,23,Totaal,0,76
2020-04-22,1708,Steenwijkerland,Overijssel,23,Ziekenhuisopname,0,12
2020-04-22,1708,Steenwijkerland,Overijssel,23,Overleden,0,4
2020-04-22,1709,Moerdijk,Noord-Brabant,30,Totaal,1,54
2020-04-22,1709,Moerdijk,Noord-Brabant,30,Ziekenhuisopname,0,13
2020-04-22,1709,Moerdijk,Noord-Brabant,30,Overleden,0,6
2020-04-22,1711,Echt-Susteren,Limburg,31,Totaal,2,77
2020-04-22,1711,Echt-Susteren,Limburg,31,Ziekenhuisopname,0,36
2020-04-22,1711,Echt-Susteren,Limburg,31,Overleden,0,14
2020-04-22,1714,Sluis,Zeeland,29,Totaal,0,16
2020-04-22,1714,Sluis,Zeeland,29,Ziekenhuisopname,0,7
2020-04-22,1714,Sluis,Zeeland,29,Overleden,0,4
2020-04-22,1719,Drimmelen,Noord-Brabant,30,Totaal,2,55
2020-04-22,1719,Drimmelen,Noord-Brabant,30,Ziekenhuisopname,0,18
2020-04-22,1719,Drimmelen,Noord-Brabant,30,Overleden,0,4
2020-04-22,1721,Bernheze,Noord-Brabant,30,Totaal,1,234
2020-04-22,1721,Bernheze,Noord-Brabant,30,Ziekenhuisopname,1,80
2020-04-22,1721,Bernheze,Noord-Brabant,30,Overleden,0,52
2020-04-22,1723,Alphen-Chaam,Noord-Brabant,30,Totaal,0,43
2020-04-22,1723,Alphen-Chaam,Noord-Brabant,30,Ziekenhuisopname,0,17
2020-04-22,1723,Alphen-Chaam,Noord-Brabant,30,Overleden,0,5
2020-04-22,1724,Bergeijk,Noord-Brabant,30,Totaal,0,47
2020-04-22,1724,Bergeijk,Noord-Brabant,30,Ziekenhuisopname,0,14
2020-04-22,1724,Bergeijk,Noord-Brabant,30,Overleden,0,4
2020-04-22,1728,Bladel,Noord-Brabant,30,Totaal,2,50
2020-04-22,1728,Bladel,Noord-Brabant,30,Ziekenhuisopname,0,17
2020-04-22,1728,Bladel,Noord-Brabant,30,Overleden,0,7
2020-04-22,1729,Gulpen-Wittem,Limburg,31,Totaal,2,61
2020-04-22,1729,Gulpen-Wittem,Limburg,31,Ziekenhuisopname,0,18
2020-04-22,1729,Gulpen-Wittem,Limburg,31,Overleden,0,8
2020-04-22,1730,Tynaarlo,Drenthe,22,Totaal,0,36
2020-04-22,1730,Tynaarlo,Drenthe,22,Ziekenhuisopname,0,8
2020-04-22,1730,Tynaarlo,Drenthe,22,Overleden,0,0
2020-04-22,1731,Midden-Drenthe,Drenthe,22,Totaal,1,19
2020-04-22,1731,Midden-Drenthe,Drenthe,22,Ziekenhuisopname,0,6
2020-04-22,1731,Midden-Drenthe,Drenthe,22,Overleden,0,0
2020-04-22,1734,Overbetuwe,Gelderland,25,Totaal,0,108
2020-04-22,1734,Overbetuwe,Gelderland,25,Ziekenhuisopname,0,55
2020-04-22,1734,Overbetuwe,Gelderland,25,Overleden,1,12
2020-04-22,1735,Hof van Twente,Overijssel,23,Totaal,0,57
2020-04-22,1735,Hof van Twente,Overijssel,23,Ziekenhuisopname,0,14
2020-04-22,1735,Hof van Twente,Overijssel,23,Overleden,0,2
2020-04-22,1740,Neder-Betuwe,Gelderland,25,Totaal,-1,84
2020-04-22,1740,Neder-Betuwe,Gelderland,25,Ziekenhuisopname,0,31
2020-04-22,1740,Neder-Betuwe,Gelderland,25,Overleden,-1,14
2020-04-22,1742,Rijssen-Holten,Overijssel,23,Totaal,4,107
2020-04-22,1742,Rijssen-Holten,Overijssel,23,Ziekenhuisopname,0,26
2020-04-22,1742,Rijssen-Holten,Overijssel,23,Overleden,0,6
2020-04-22,1771,Geldrop-Mierlo,Noord-Brabant,30,Totaal,1,87
2020-04-22,1771,Geldrop-Mierlo,Noord-Brabant,30,Ziekenhuisopname,0,25
2020-04-22,1771,Geldrop-Mierlo,Noord-Brabant,30,Overleden,0,14
2020-04-22,1773,Olst-Wijhe,Overijssel,23,Totaal,0,40
2020-04-22,1773,Olst-Wijhe,Overijssel,23,Ziekenhuisopname,0,12
2020-04-22,1773,Olst-Wijhe,Overijssel,23,Overleden,0,6
2020-04-22,1774,Dinkelland,Overijssel,23,Totaal,1,67
2020-04-22,1774,Dinkelland,Overijssel,23,Ziekenhuisopname,0,17
2020-04-22,1774,Dinkelland,Overijssel,23,Overleden,0,7
2020-04-22,1783,Westland,Zuid-Holland,28,Totaal,4,215
2020-04-22,1783,Westland,Zuid-Holland,28,Ziekenhuisopname,0,50
2020-04-22,1783,Westland,Zuid-Holland,28,Overleden,0,23
2020-04-22,1842,Midden-Delfland,Zuid-Holland,28,Totaal,0,14
2020-04-22,1842,Midden-Delfland,Zuid-Holland,28,Ziekenhuisopname,0,4
2020-04-22,1842,Midden-Delfland,Zuid-Holland,28,Overleden,0,0
2020-04-22,1859,Berkelland,Gelderland,25,Totaal,6,58
2020-04-22,1859,Berkelland,Gelderland,25,Ziekenhuisopname,0,6
2020-04-22,1859,Berkelland,Gelderland,25,Overleden,0,3
2020-04-22,1876,Bronckhorst,Gelderland,25,Totaal,1,52
2020-04-22,1876,Bronckhorst,Gelderland,25,Ziekenhuisopname,0,11
2020-04-22,1876,Bronckhorst,Gelderland,25,Overleden,0,5
2020-04-22,1883,Sittard-Geleen,Limburg,31,Totaal,7,313
2020-04-22,1883,Sittard-Geleen,Limburg,31,Ziekenhuisopname,3,98
2020-04-22,1883,Sittard-Geleen,Limburg,31,Overleden,2,44
2020-04-22,1884,Kaag en Braassem,Zuid-Holland,28,Totaal,2,23
2020-04-22,1884,Kaag en Braassem,Zuid-Holland,28,Ziekenhuisopname,0,6
2020-04-22,1884,Kaag en Braassem,Zuid-Holland,28,Overleden,0,2
2020-04-22,1891,Dantumadiel,Friesland,21,Totaal,0,6
2020-04-22,1891,Dantumadiel,Friesland,21,Ziekenhuisopname,0,2
2020-04-22,1891,Dantumadiel,Friesland,21,Overleden,0,0
2020-04-22,1892,Zuidplas,Zuid-Holland,28,Totaal,4,105
2020-04-22,1892,Zuidplas,Zuid-Holland,28,Ziekenhuisopname,1,20
2020-04-22,1892,Zuidplas,Zuid-Holland,28,Overleden,0,7
2020-04-22,1894,Peel en Maas,Limburg,31,Totaal,5,244
2020-04-22,1894,Peel en Maas,Limburg,31,Ziekenhuisopname,0,139
2020-04-22,1894,Peel en Maas,Limburg,31,Overleden,0,56
2020-04-22,1895,Oldambt,Groningen,20,Totaal,1,9
2020-04-22,1895,Oldambt,Groningen,20,Ziekenhuisopname,0,4
2020-04-22,1895,Oldambt,Groningen,20,Overleden,0,0
2020-04-22,1896,Zwartewaterland,Overijssel,23,Totaal,0,120
2020-04-22,1896,Zwartewaterland,Overijssel,23,Ziekenhuisopname,0,32
2020-04-22,1896,Zwartewaterland,Overijssel,23,Overleden,1,13
2020-04-22,1900,Sdwest-Frysln,Friesland,21,Totaal,1,69
2020-04-22,1900,Sdwest-Frysln,Friesland,21,Ziekenhuisopname,0,17
2020-04-22,1900,Sdwest-Frysln,Friesland,21,Overleden,0,1
2020-04-22,1901,Bodegraven-Reeuwijk,Zuid-Holland,28,Totaal,0,35
2020-04-22,1901,Bodegraven-Reeuwijk,Zuid-Holland,28,Ziekenhuisopname,0,7
2020-04-22,1901,Bodegraven-Reeuwijk,Zuid-Holland,28,Overleden,0,2
2020-04-22,1903,Eijsden-Margraten,Limburg,31,Totaal,1,131
2020-04-22,1903,Eijsden-Margraten,Limburg,31,Ziekenhuisopname,1,50
2020-04-22,1903,Eijsden-Margraten,Limburg,31,Overleden,1,20
2020-04-22,1904,Stichtse Vecht,Utrecht,26,Totaal,2,85
2020-04-22,1904,Stichtse Vecht,Utrecht,26,Ziekenhuisopname,2,30
2020-04-22,1904,Stichtse Vecht,Utrecht,26,Overleden,0,6
2020-04-22,1911,Hollands Kroon,Noord-Holland,27,Totaal,0,57
2020-04-22,1911,Hollands Kroon,Noord-Holland,27,Ziekenhuisopname,0,26
2020-04-22,1911,Hollands Kroon,Noord-Holland,27,Overleden,1,6
2020-04-22,1916,Leidschendam-Voorburg,Zuid-Holland,28,Totaal,5,81
2020-04-22,1916,Leidschendam-Voorburg,Zuid-Holland,28,Ziekenhuisopname,0,19
2020-04-22,1916,Leidschendam-Voorburg,Zuid-Holland,28,Overleden,1,7
2020-04-22,1924,Goeree-Overflakkee,Zuid-Holland,28,Totaal,1,239
2020-04-22,1924,Goeree-Overflakkee,Zuid-Holland,28,Ziekenhuisopname,0,52
2020-04-22,1924,Goeree-Overflakkee,Zuid-Holland,28,Overleden,0,25
2020-04-22,1926,Pijnacker-Nootdorp,Zuid-Holland,28,Totaal,3,87
2020-04-22,1926,Pijnacker-Nootdorp,Zuid-Holland,28,Ziekenhuisopname,0,22
2020-04-22,1926,Pijnacker-Nootdorp,Zuid-Holland,28,Overleden,1,7
2020-04-22,1930,Nissewaard,Zuid-Holland,28,Totaal,0,129
2020-04-22,1930,Nissewaard,Zuid-Holland,28,Ziekenhuisopname,0,39
2020-04-22,1930,Nissewaard,Zuid-Holland,28,Overleden,0,9
2020-04-22,1931,Krimpenerwaard,Zuid-Holland,28,Totaal,4,122
2020-04-22,1931,Krimpenerwaard,Zuid-Holland,28,Ziekenhuisopname,0,40
2020-04-22,1931,Krimpenerwaard,Zuid-Holland,28,Overleden,-1,19
2020-04-22,1940,De Fryske Marren,Friesland,21,Totaal,1,53
2020-04-22,1940,De Fryske Marren,Friesland,21,Ziekenhuisopname,0,14
2020-04-22,1940,De Fryske Marren,Friesland,21,Overleden,0,5
2020-04-22,1942,Gooise Meren,Noord-Holland,27,Totaal,0,88
2020-04-22,1942,Gooise Meren,Noord-Holland,27,Ziekenhuisopname,0,23
2020-04-22,1942,Gooise Meren,Noord-Holland,27,Overleden,0,2
2020-04-22,1945,Berg en Dal,Gelderland,25,Totaal,2,137
2020-04-22,1945,Berg en Dal,Gelderland,25,Ziekenhuisopname,0,26
2020-04-22,1945,Berg en Dal,Gelderland,25,Overleden,0,12
2020-04-22,1948,Meierijstad,Noord-Brabant,30,Totaal,1,453
2020-04-22,1948,Meierijstad,Noord-Brabant,30,Ziekenhuisopname,8,180
2020-04-22,1948,Meierijstad,Noord-Brabant,30,Overleden,2,114
2020-04-22,1949,Waadhoeke,Friesland,21,Totaal,1,77
2020-04-22,1949,Waadhoeke,Friesland,21,Ziekenhuisopname,1,10
2020-04-22,1949,Waadhoeke,Friesland,21,Overleden,0,7
2020-04-22,1950,Westerwolde,Groningen,20,Totaal,0,6
2020-04-22,1950,Westerwolde,Groningen,20,Ziekenhuisopname,0,5
2020-04-22,1950,Westerwolde,Groningen,20,Overleden,0,0
2020-04-22,1952,Midden-Groningen,Groningen,20,Totaal,0,26
2020-04-22,1952,Midden-Groningen,Groningen,20,Ziekenhuisopname,0,6
2020-04-22,1952,Midden-Groningen,Groningen,20,Overleden,0,1
2020-04-22,1954,Beekdaelen,Limburg,31,Totaal,14,117
2020-04-22,1954,Beekdaelen,Limburg,31,Ziekenhuisopname,1,43
2020-04-22,1954,Beekdaelen,Limburg,31,Overleden,0,19
2020-04-22,1955,Montferland,Gelderland,25,Totaal,1,68
2020-04-22,1955,Montferland,Gelderland,25,Ziekenhuisopname,0,11
2020-04-22,1955,Montferland,Gelderland,25,Overleden,0,4
2020-04-22,1959,Altena,Noord-Brabant,30,Totaal,3,106
2020-04-22,1959,Altena,Noord-Brabant,30,Ziekenhuisopname,0,30
2020-04-22,1959,Altena,Noord-Brabant,30,Overleden,0,11
2020-04-22,1960,West Betuwe,Gelderland,25,Totaal,6,147
2020-04-22,1960,West Betuwe,Gelderland,25,Ziekenhuisopname,0,40
2020-04-22,1960,West Betuwe,Gelderland,25,Overleden,2,17
2020-04-22,1961,Vijfheerenlanden,Utrecht,26,Totaal,2,188
2020-04-22,1961,Vijfheerenlanden,Utrecht,26,Ziekenhuisopname,0,27
2020-04-22,1961,Vijfheerenlanden,Utrecht,26,Overleden,1,33
2020-04-22,1963,Hoeksche Waard,Zuid-Holland,28,Totaal,9,208
2020-04-22,1963,Hoeksche Waard,Zuid-Holland,28,Ziekenhuisopname,0,69
2020-04-22,1963,Hoeksche Waard,Zuid-Holland,28,Overleden,1,13
2020-04-22,1966,Het Hogeland,Groningen,20,Totaal,1,26
2020-04-22,1966,Het Hogeland,Groningen,20,Ziekenhuisopname,0,7
2020-04-22,1966,Het Hogeland,Groningen,20,Overleden,0,1
2020-04-22,1969,Westerkwartier,Groningen,20,Totaal,0,54
2020-04-22,1969,Westerkwartier,Groningen,20,Ziekenhuisopname,0,14
2020-04-22,1969,Westerkwartier,Groningen,20,Overleden,0,4
2020-04-22,1970,Noardeast-Frysln,Friesland,21,Totaal,0,23
2020-04-22,1970,Noardeast-Frysln,Friesland,21,Ziekenhuisopname,0,6
2020-04-22,1970,Noardeast-Frysln,Friesland,21,Overleden,0,4
2020-04-22,1978,Molenlanden,Zuid-Holland,28,Totaal,2,92
2020-04-22,1978,Molenlanden,Zuid-Holland,28,Ziekenhuisopname,0,17
2020-04-22,1978,Molenlanden,Zuid-Holland,28,Overleden,0,4
