Datum,Gemeentecode,Gemeentenaam,Provincienaam,Provinciecode,Type,Aantal,AantalCumulatief
2020-07-02,-1,,,-1,Totaal,1,495
2020-07-02,-1,,,-1,Ziekenhuisopname,0,61
2020-07-02,-1,,,-1,Overleden,0,18
2020-07-02,3,Appingedam,Groningen,20,Totaal,0,5
2020-07-02,3,Appingedam,Groningen,20,Ziekenhuisopname,0,3
2020-07-02,3,Appingedam,Groningen,20,Overleden,0,0
2020-07-02,10,Delfzijl,Groningen,20,Totaal,0,18
2020-07-02,10,Delfzijl,Groningen,20,Ziekenhuisopname,0,6
2020-07-02,10,Delfzijl,Groningen,20,Overleden,0,0
2020-07-02,14,Groningen,Groningen,20,Totaal,0,172
2020-07-02,14,Groningen,Groningen,20,Ziekenhuisopname,0,18
2020-07-02,14,Groningen,Groningen,20,Overleden,0,3
2020-07-02,24,Loppersum,Groningen,20,Totaal,0,2
2020-07-02,24,Loppersum,Groningen,20,Ziekenhuisopname,0,0
2020-07-02,24,Loppersum,Groningen,20,Overleden,0,0
2020-07-02,34,Almere,Flevoland,24,Totaal,0,454
2020-07-02,34,Almere,Flevoland,24,Ziekenhuisopname,0,124
2020-07-02,34,Almere,Flevoland,24,Overleden,0,31
2020-07-02,37,Stadskanaal,Groningen,20,Totaal,0,9
2020-07-02,37,Stadskanaal,Groningen,20,Ziekenhuisopname,0,2
2020-07-02,37,Stadskanaal,Groningen,20,Overleden,0,2
2020-07-02,47,Veendam,Groningen,20,Totaal,0,8
2020-07-02,47,Veendam,Groningen,20,Ziekenhuisopname,0,2
2020-07-02,47,Veendam,Groningen,20,Overleden,0,0
2020-07-02,50,Zeewolde,Flevoland,24,Totaal,0,49
2020-07-02,50,Zeewolde,Flevoland,24,Ziekenhuisopname,0,12
2020-07-02,50,Zeewolde,Flevoland,24,Overleden,0,5
2020-07-02,59,Achtkarspelen,Friesland,21,Totaal,0,12
2020-07-02,59,Achtkarspelen,Friesland,21,Ziekenhuisopname,0,0
2020-07-02,59,Achtkarspelen,Friesland,21,Overleden,0,0
2020-07-02,60,Ameland,Friesland,21,Totaal,0,0
2020-07-02,60,Ameland,Friesland,21,Ziekenhuisopname,0,0
2020-07-02,60,Ameland,Friesland,21,Overleden,0,0
2020-07-02,72,Harlingen,Friesland,21,Totaal,0,17
2020-07-02,72,Harlingen,Friesland,21,Ziekenhuisopname,0,4
2020-07-02,72,Harlingen,Friesland,21,Overleden,0,1
2020-07-02,74,Heerenveen,Friesland,21,Totaal,0,93
2020-07-02,74,Heerenveen,Friesland,21,Ziekenhuisopname,0,13
2020-07-02,74,Heerenveen,Friesland,21,Overleden,0,20
2020-07-02,80,Leeuwarden,Friesland,21,Totaal,0,66
2020-07-02,80,Leeuwarden,Friesland,21,Ziekenhuisopname,0,33
2020-07-02,80,Leeuwarden,Friesland,21,Overleden,0,6
2020-07-02,85,Ooststellingwerf,Friesland,21,Totaal,0,7
2020-07-02,85,Ooststellingwerf,Friesland,21,Ziekenhuisopname,0,3
2020-07-02,85,Ooststellingwerf,Friesland,21,Overleden,0,0
2020-07-02,86,Opsterland,Friesland,21,Totaal,0,23
2020-07-02,86,Opsterland,Friesland,21,Ziekenhuisopname,0,7
2020-07-02,86,Opsterland,Friesland,21,Overleden,0,0
2020-07-02,88,Schiermonnikoog,Friesland,21,Totaal,0,0
2020-07-02,88,Schiermonnikoog,Friesland,21,Ziekenhuisopname,0,0
2020-07-02,88,Schiermonnikoog,Friesland,21,Overleden,0,0
2020-07-02,90,Smallingerland,Friesland,21,Totaal,1,57
2020-07-02,90,Smallingerland,Friesland,21,Ziekenhuisopname,0,9
2020-07-02,90,Smallingerland,Friesland,21,Overleden,0,5
2020-07-02,93,Terschelling,Friesland,21,Totaal,0,2
2020-07-02,93,Terschelling,Friesland,21,Ziekenhuisopname,0,0
2020-07-02,93,Terschelling,Friesland,21,Overleden,0,0
2020-07-02,96,Vlieland,Friesland,21,Totaal,0,0
2020-07-02,96,Vlieland,Friesland,21,Ziekenhuisopname,0,0
2020-07-02,96,Vlieland,Friesland,21,Overleden,0,0
2020-07-02,98,Weststellingwerf,Friesland,21,Totaal,0,29
2020-07-02,98,Weststellingwerf,Friesland,21,Ziekenhuisopname,0,3
2020-07-02,98,Weststellingwerf,Friesland,21,Overleden,0,4
2020-07-02,106,Assen,Drenthe,22,Totaal,0,46
2020-07-02,106,Assen,Drenthe,22,Ziekenhuisopname,0,12
2020-07-02,106,Assen,Drenthe,22,Overleden,0,2
2020-07-02,109,Coevorden,Drenthe,22,Totaal,0,57
2020-07-02,109,Coevorden,Drenthe,22,Ziekenhuisopname,0,13
2020-07-02,109,Coevorden,Drenthe,22,Overleden,0,2
2020-07-02,114,Emmen,Drenthe,22,Totaal,0,104
2020-07-02,114,Emmen,Drenthe,22,Ziekenhuisopname,0,20
2020-07-02,114,Emmen,Drenthe,22,Overleden,0,11
2020-07-02,118,Hoogeveen,Drenthe,22,Totaal,0,93
2020-07-02,118,Hoogeveen,Drenthe,22,Ziekenhuisopname,0,19
2020-07-02,118,Hoogeveen,Drenthe,22,Overleden,0,8
2020-07-02,119,Meppel,Drenthe,22,Totaal,0,46
2020-07-02,119,Meppel,Drenthe,22,Ziekenhuisopname,0,9
2020-07-02,119,Meppel,Drenthe,22,Overleden,0,5
2020-07-02,141,Almelo,Overijssel,23,Totaal,0,94
2020-07-02,141,Almelo,Overijssel,23,Ziekenhuisopname,0,23
2020-07-02,141,Almelo,Overijssel,23,Overleden,0,9
2020-07-02,147,Borne,Overijssel,23,Totaal,0,50
2020-07-02,147,Borne,Overijssel,23,Ziekenhuisopname,0,14
2020-07-02,147,Borne,Overijssel,23,Overleden,0,6
2020-07-02,148,Dalfsen,Overijssel,23,Totaal,0,79
2020-07-02,148,Dalfsen,Overijssel,23,Ziekenhuisopname,0,16
2020-07-02,148,Dalfsen,Overijssel,23,Overleden,0,6
2020-07-02,150,Deventer,Overijssel,23,Totaal,1,327
2020-07-02,150,Deventer,Overijssel,23,Ziekenhuisopname,0,47
2020-07-02,150,Deventer,Overijssel,23,Overleden,0,33
2020-07-02,153,Enschede,Overijssel,23,Totaal,0,240
2020-07-02,153,Enschede,Overijssel,23,Ziekenhuisopname,0,53
2020-07-02,153,Enschede,Overijssel,23,Overleden,0,25
2020-07-02,158,Haaksbergen,Overijssel,23,Totaal,0,56
2020-07-02,158,Haaksbergen,Overijssel,23,Ziekenhuisopname,0,14
2020-07-02,158,Haaksbergen,Overijssel,23,Overleden,0,7
2020-07-02,160,Hardenberg,Overijssel,23,Totaal,0,170
2020-07-02,160,Hardenberg,Overijssel,23,Ziekenhuisopname,0,23
2020-07-02,160,Hardenberg,Overijssel,23,Overleden,0,8
2020-07-02,163,Hellendoorn,Overijssel,23,Totaal,0,96
2020-07-02,163,Hellendoorn,Overijssel,23,Ziekenhuisopname,0,8
2020-07-02,163,Hellendoorn,Overijssel,23,Overleden,0,12
2020-07-02,164,Hengelo,Overijssel,23,Totaal,0,129
2020-07-02,164,Hengelo,Overijssel,23,Ziekenhuisopname,0,21
2020-07-02,164,Hengelo,Overijssel,23,Overleden,0,19
2020-07-02,166,Kampen,Overijssel,23,Totaal,1,343
2020-07-02,166,Kampen,Overijssel,23,Ziekenhuisopname,0,59
2020-07-02,166,Kampen,Overijssel,23,Overleden,0,26
2020-07-02,168,Losser,Overijssel,23,Totaal,0,25
2020-07-02,168,Losser,Overijssel,23,Ziekenhuisopname,0,7
2020-07-02,168,Losser,Overijssel,23,Overleden,0,0
2020-07-02,171,Noordoostpolder,Flevoland,24,Totaal,0,81
2020-07-02,171,Noordoostpolder,Flevoland,24,Ziekenhuisopname,0,14
2020-07-02,171,Noordoostpolder,Flevoland,24,Overleden,0,10
2020-07-02,173,Oldenzaal,Overijssel,23,Totaal,0,50
2020-07-02,173,Oldenzaal,Overijssel,23,Ziekenhuisopname,0,14
2020-07-02,173,Oldenzaal,Overijssel,23,Overleden,0,7
2020-07-02,175,Ommen,Overijssel,23,Totaal,0,53
2020-07-02,175,Ommen,Overijssel,23,Ziekenhuisopname,0,9
2020-07-02,175,Ommen,Overijssel,23,Overleden,0,2
2020-07-02,177,Raalte,Overijssel,23,Totaal,0,155
2020-07-02,177,Raalte,Overijssel,23,Ziekenhuisopname,0,24
2020-07-02,177,Raalte,Overijssel,23,Overleden,0,17
2020-07-02,180,Staphorst,Overijssel,23,Totaal,0,59
2020-07-02,180,Staphorst,Overijssel,23,Ziekenhuisopname,0,8
2020-07-02,180,Staphorst,Overijssel,23,Overleden,0,4
2020-07-02,183,Tubbergen,Overijssel,23,Totaal,0,81
2020-07-02,183,Tubbergen,Overijssel,23,Ziekenhuisopname,0,12
2020-07-02,183,Tubbergen,Overijssel,23,Overleden,0,5
2020-07-02,184,Urk,Flevoland,24,Totaal,0,84
2020-07-02,184,Urk,Flevoland,24,Ziekenhuisopname,0,22
2020-07-02,184,Urk,Flevoland,24,Overleden,0,4
2020-07-02,189,Wierden,Overijssel,23,Totaal,0,49
2020-07-02,189,Wierden,Overijssel,23,Ziekenhuisopname,0,5
2020-07-02,189,Wierden,Overijssel,23,Overleden,0,6
2020-07-02,193,Zwolle,Overijssel,23,Totaal,0,360
2020-07-02,193,Zwolle,Overijssel,23,Ziekenhuisopname,0,53
2020-07-02,193,Zwolle,Overijssel,23,Overleden,0,46
2020-07-02,197,Aalten,Gelderland,25,Totaal,0,60
2020-07-02,197,Aalten,Gelderland,25,Ziekenhuisopname,0,9
2020-07-02,197,Aalten,Gelderland,25,Overleden,0,7
2020-07-02,200,Apeldoorn,Gelderland,25,Totaal,1,453
2020-07-02,200,Apeldoorn,Gelderland,25,Ziekenhuisopname,0,94
2020-07-02,200,Apeldoorn,Gelderland,25,Overleden,0,50
2020-07-02,202,Arnhem,Gelderland,25,Totaal,0,406
2020-07-02,202,Arnhem,Gelderland,25,Ziekenhuisopname,0,67
2020-07-02,202,Arnhem,Gelderland,25,Overleden,0,32
2020-07-02,203,Barneveld,Gelderland,25,Totaal,1,139
2020-07-02,203,Barneveld,Gelderland,25,Ziekenhuisopname,0,18
2020-07-02,203,Barneveld,Gelderland,25,Overleden,0,6
2020-07-02,209,Beuningen,Gelderland,25,Totaal,0,74
2020-07-02,209,Beuningen,Gelderland,25,Ziekenhuisopname,0,19
2020-07-02,209,Beuningen,Gelderland,25,Overleden,0,5
2020-07-02,213,Brummen,Gelderland,25,Totaal,0,36
2020-07-02,213,Brummen,Gelderland,25,Ziekenhuisopname,0,18
2020-07-02,213,Brummen,Gelderland,25,Overleden,0,6
2020-07-02,214,Buren,Gelderland,25,Totaal,0,63
2020-07-02,214,Buren,Gelderland,25,Ziekenhuisopname,0,17
2020-07-02,214,Buren,Gelderland,25,Overleden,0,8
2020-07-02,216,Culemborg,Gelderland,25,Totaal,0,72
2020-07-02,216,Culemborg,Gelderland,25,Ziekenhuisopname,0,21
2020-07-02,216,Culemborg,Gelderland,25,Overleden,0,7
2020-07-02,221,Doesburg,Gelderland,25,Totaal,0,32
2020-07-02,221,Doesburg,Gelderland,25,Ziekenhuisopname,0,9
2020-07-02,221,Doesburg,Gelderland,25,Overleden,0,6
2020-07-02,222,Doetinchem,Gelderland,25,Totaal,0,104
2020-07-02,222,Doetinchem,Gelderland,25,Ziekenhuisopname,0,26
2020-07-02,222,Doetinchem,Gelderland,25,Overleden,0,15
2020-07-02,225,Druten,Gelderland,25,Totaal,0,115
2020-07-02,225,Druten,Gelderland,25,Ziekenhuisopname,0,25
2020-07-02,225,Druten,Gelderland,25,Overleden,0,8
2020-07-02,226,Duiven,Gelderland,25,Totaal,0,52
2020-07-02,226,Duiven,Gelderland,25,Ziekenhuisopname,0,14
2020-07-02,226,Duiven,Gelderland,25,Overleden,0,6
2020-07-02,228,Ede,Gelderland,25,Totaal,0,222
2020-07-02,228,Ede,Gelderland,25,Ziekenhuisopname,0,54
2020-07-02,228,Ede,Gelderland,25,Overleden,0,20
2020-07-02,230,Elburg,Gelderland,25,Totaal,0,150
2020-07-02,230,Elburg,Gelderland,25,Ziekenhuisopname,0,28
2020-07-02,230,Elburg,Gelderland,25,Overleden,0,8
2020-07-02,232,Epe,Gelderland,25,Totaal,0,138
2020-07-02,232,Epe,Gelderland,25,Ziekenhuisopname,0,47
2020-07-02,232,Epe,Gelderland,25,Overleden,0,23
2020-07-02,233,Ermelo,Gelderland,25,Totaal,0,150
2020-07-02,233,Ermelo,Gelderland,25,Ziekenhuisopname,0,33
2020-07-02,233,Ermelo,Gelderland,25,Overleden,0,24
2020-07-02,243,Harderwijk,Gelderland,25,Totaal,0,181
2020-07-02,243,Harderwijk,Gelderland,25,Ziekenhuisopname,0,43
2020-07-02,243,Harderwijk,Gelderland,25,Overleden,0,21
2020-07-02,244,Hattem,Gelderland,25,Totaal,0,42
2020-07-02,244,Hattem,Gelderland,25,Ziekenhuisopname,0,16
2020-07-02,244,Hattem,Gelderland,25,Overleden,0,5
2020-07-02,246,Heerde,Gelderland,25,Totaal,0,193
2020-07-02,246,Heerde,Gelderland,25,Ziekenhuisopname,0,54
2020-07-02,246,Heerde,Gelderland,25,Overleden,0,28
2020-07-02,252,Heumen,Gelderland,25,Totaal,0,74
2020-07-02,252,Heumen,Gelderland,25,Ziekenhuisopname,0,17
2020-07-02,252,Heumen,Gelderland,25,Overleden,0,9
2020-07-02,262,Lochem,Gelderland,25,Totaal,0,97
2020-07-02,262,Lochem,Gelderland,25,Ziekenhuisopname,0,14
2020-07-02,262,Lochem,Gelderland,25,Overleden,0,15
2020-07-02,263,Maasdriel,Gelderland,25,Totaal,0,59
2020-07-02,263,Maasdriel,Gelderland,25,Ziekenhuisopname,0,15
2020-07-02,263,Maasdriel,Gelderland,25,Overleden,0,7
2020-07-02,267,Nijkerk,Gelderland,25,Totaal,0,63
2020-07-02,267,Nijkerk,Gelderland,25,Ziekenhuisopname,0,22
2020-07-02,267,Nijkerk,Gelderland,25,Overleden,0,3
2020-07-02,268,Nijmegen,Gelderland,25,Totaal,0,658
2020-07-02,268,Nijmegen,Gelderland,25,Ziekenhuisopname,0,128
2020-07-02,268,Nijmegen,Gelderland,25,Overleden,0,70
2020-07-02,269,Oldebroek,Gelderland,25,Totaal,0,171
2020-07-02,269,Oldebroek,Gelderland,25,Ziekenhuisopname,0,40
2020-07-02,269,Oldebroek,Gelderland,25,Overleden,0,19
2020-07-02,273,Putten,Gelderland,25,Totaal,0,35
2020-07-02,273,Putten,Gelderland,25,Ziekenhuisopname,0,10
2020-07-02,273,Putten,Gelderland,25,Overleden,0,0
2020-07-02,274,Renkum,Gelderland,25,Totaal,0,78
2020-07-02,274,Renkum,Gelderland,25,Ziekenhuisopname,0,14
2020-07-02,274,Renkum,Gelderland,25,Overleden,0,7
2020-07-02,275,Rheden,Gelderland,25,Totaal,0,145
2020-07-02,275,Rheden,Gelderland,25,Ziekenhuisopname,0,34
2020-07-02,275,Rheden,Gelderland,25,Overleden,0,14
2020-07-02,277,Rozendaal,Gelderland,25,Totaal,0,3
2020-07-02,277,Rozendaal,Gelderland,25,Ziekenhuisopname,0,1
2020-07-02,277,Rozendaal,Gelderland,25,Overleden,0,0
2020-07-02,279,Scherpenzeel,Gelderland,25,Totaal,0,33
2020-07-02,279,Scherpenzeel,Gelderland,25,Ziekenhuisopname,0,4
2020-07-02,279,Scherpenzeel,Gelderland,25,Overleden,0,2
2020-07-02,281,Tiel,Gelderland,25,Totaal,0,149
2020-07-02,281,Tiel,Gelderland,25,Ziekenhuisopname,0,42
2020-07-02,281,Tiel,Gelderland,25,Overleden,0,18
2020-07-02,285,Voorst,Gelderland,25,Totaal,0,81
2020-07-02,285,Voorst,Gelderland,25,Ziekenhuisopname,0,18
2020-07-02,285,Voorst,Gelderland,25,Overleden,0,11
2020-07-02,289,Wageningen,Gelderland,25,Totaal,0,52
2020-07-02,289,Wageningen,Gelderland,25,Ziekenhuisopname,0,20
2020-07-02,289,Wageningen,Gelderland,25,Overleden,0,9
2020-07-02,293,Westervoort,Gelderland,25,Totaal,2,43
2020-07-02,293,Westervoort,Gelderland,25,Ziekenhuisopname,0,12
2020-07-02,293,Westervoort,Gelderland,25,Overleden,1,6
2020-07-02,294,Winterswijk,Gelderland,25,Totaal,0,48
2020-07-02,294,Winterswijk,Gelderland,25,Ziekenhuisopname,0,7
2020-07-02,294,Winterswijk,Gelderland,25,Overleden,0,3
2020-07-02,296,Wijchen,Gelderland,25,Totaal,0,149
2020-07-02,296,Wijchen,Gelderland,25,Ziekenhuisopname,0,44
2020-07-02,296,Wijchen,Gelderland,25,Overleden,0,13
2020-07-02,297,Zaltbommel,Gelderland,25,Totaal,0,100
2020-07-02,297,Zaltbommel,Gelderland,25,Ziekenhuisopname,0,20
2020-07-02,297,Zaltbommel,Gelderland,25,Overleden,0,9
2020-07-02,299,Zevenaar,Gelderland,25,Totaal,0,119
2020-07-02,299,Zevenaar,Gelderland,25,Ziekenhuisopname,0,44
2020-07-02,299,Zevenaar,Gelderland,25,Overleden,0,15
2020-07-02,301,Zutphen,Gelderland,25,Totaal,0,104
2020-07-02,301,Zutphen,Gelderland,25,Ziekenhuisopname,0,31
2020-07-02,301,Zutphen,Gelderland,25,Overleden,0,13
2020-07-02,302,Nunspeet,Gelderland,25,Totaal,0,224
2020-07-02,302,Nunspeet,Gelderland,25,Ziekenhuisopname,0,56
2020-07-02,302,Nunspeet,Gelderland,25,Overleden,0,21
2020-07-02,303,Dronten,Flevoland,24,Totaal,0,125
2020-07-02,303,Dronten,Flevoland,24,Ziekenhuisopname,0,30
2020-07-02,303,Dronten,Flevoland,24,Overleden,0,12
2020-07-02,307,Amersfoort,Utrecht,26,Totaal,0,230
2020-07-02,307,Amersfoort,Utrecht,26,Ziekenhuisopname,0,59
2020-07-02,307,Amersfoort,Utrecht,26,Overleden,0,23
2020-07-02,308,Baarn,Utrecht,26,Totaal,0,62
2020-07-02,308,Baarn,Utrecht,26,Ziekenhuisopname,0,11
2020-07-02,308,Baarn,Utrecht,26,Overleden,0,9
2020-07-02,310,De Bilt,Utrecht,26,Totaal,0,180
2020-07-02,310,De Bilt,Utrecht,26,Ziekenhuisopname,0,27
2020-07-02,310,De Bilt,Utrecht,26,Overleden,0,24
2020-07-02,312,Bunnik,Utrecht,26,Totaal,0,45
2020-07-02,312,Bunnik,Utrecht,26,Ziekenhuisopname,0,9
2020-07-02,312,Bunnik,Utrecht,26,Overleden,0,1
2020-07-02,313,Bunschoten,Utrecht,26,Totaal,0,67
2020-07-02,313,Bunschoten,Utrecht,26,Ziekenhuisopname,0,9
2020-07-02,313,Bunschoten,Utrecht,26,Overleden,0,7
2020-07-02,317,Eemnes,Utrecht,26,Totaal,0,17
2020-07-02,317,Eemnes,Utrecht,26,Ziekenhuisopname,0,2
2020-07-02,317,Eemnes,Utrecht,26,Overleden,0,1
2020-07-02,321,Houten,Utrecht,26,Totaal,1,140
2020-07-02,321,Houten,Utrecht,26,Ziekenhuisopname,0,24
2020-07-02,321,Houten,Utrecht,26,Overleden,0,14
2020-07-02,327,Leusden,Utrecht,26,Totaal,0,53
2020-07-02,327,Leusden,Utrecht,26,Ziekenhuisopname,0,9
2020-07-02,327,Leusden,Utrecht,26,Overleden,0,5
2020-07-02,331,Lopik,Utrecht,26,Totaal,0,65
2020-07-02,331,Lopik,Utrecht,26,Ziekenhuisopname,0,19
2020-07-02,331,Lopik,Utrecht,26,Overleden,0,8
2020-07-02,335,Montfoort,Utrecht,26,Totaal,0,45
2020-07-02,335,Montfoort,Utrecht,26,Ziekenhuisopname,0,13
2020-07-02,335,Montfoort,Utrecht,26,Overleden,0,5
2020-07-02,339,Renswoude,Utrecht,26,Totaal,0,19
2020-07-02,339,Renswoude,Utrecht,26,Ziekenhuisopname,0,5
2020-07-02,339,Renswoude,Utrecht,26,Overleden,0,5
2020-07-02,340,Rhenen,Utrecht,26,Totaal,0,48
2020-07-02,340,Rhenen,Utrecht,26,Ziekenhuisopname,0,11
2020-07-02,340,Rhenen,Utrecht,26,Overleden,0,6
2020-07-02,342,Soest,Utrecht,26,Totaal,0,94
2020-07-02,342,Soest,Utrecht,26,Ziekenhuisopname,0,23
2020-07-02,342,Soest,Utrecht,26,Overleden,0,12
2020-07-02,344,Utrecht,Utrecht,26,Totaal,0,1302
2020-07-02,344,Utrecht,Utrecht,26,Ziekenhuisopname,0,265
2020-07-02,344,Utrecht,Utrecht,26,Overleden,0,117
2020-07-02,345,Veenendaal,Utrecht,26,Totaal,0,196
2020-07-02,345,Veenendaal,Utrecht,26,Ziekenhuisopname,0,47
2020-07-02,345,Veenendaal,Utrecht,26,Overleden,0,10
2020-07-02,351,Woudenberg,Utrecht,26,Totaal,0,32
2020-07-02,351,Woudenberg,Utrecht,26,Ziekenhuisopname,0,9
2020-07-02,351,Woudenberg,Utrecht,26,Overleden,0,2
2020-07-02,352,Wijk bij Duurstede,Utrecht,26,Totaal,0,40
2020-07-02,352,Wijk bij Duurstede,Utrecht,26,Ziekenhuisopname,0,10
2020-07-02,352,Wijk bij Duurstede,Utrecht,26,Overleden,0,1
2020-07-02,353,IJsselstein,Utrecht,26,Totaal,0,152
2020-07-02,353,IJsselstein,Utrecht,26,Ziekenhuisopname,0,36
2020-07-02,353,IJsselstein,Utrecht,26,Overleden,0,34
2020-07-02,355,Zeist,Utrecht,26,Totaal,0,215
2020-07-02,355,Zeist,Utrecht,26,Ziekenhuisopname,0,37
2020-07-02,355,Zeist,Utrecht,26,Overleden,0,23
2020-07-02,356,Nieuwegein,Utrecht,26,Totaal,0,157
2020-07-02,356,Nieuwegein,Utrecht,26,Ziekenhuisopname,0,44
2020-07-02,356,Nieuwegein,Utrecht,26,Overleden,0,14
2020-07-02,358,Aalsmeer,Noord-Holland,27,Totaal,0,42
2020-07-02,358,Aalsmeer,Noord-Holland,27,Ziekenhuisopname,0,9
2020-07-02,358,Aalsmeer,Noord-Holland,27,Overleden,0,4
2020-07-02,361,Alkmaar,Noord-Holland,27,Totaal,0,246
2020-07-02,361,Alkmaar,Noord-Holland,27,Ziekenhuisopname,0,54
2020-07-02,361,Alkmaar,Noord-Holland,27,Overleden,0,31
2020-07-02,362,Amstelveen,Noord-Holland,27,Totaal,1,329
2020-07-02,362,Amstelveen,Noord-Holland,27,Ziekenhuisopname,0,58
2020-07-02,362,Amstelveen,Noord-Holland,27,Overleden,0,35
2020-07-02,363,Amsterdam,Noord-Holland,27,Totaal,4,2678
2020-07-02,363,Amsterdam,Noord-Holland,27,Ziekenhuisopname,0,620
2020-07-02,363,Amsterdam,Noord-Holland,27,Overleden,0,284
2020-07-02,370,Beemster,Noord-Holland,27,Totaal,0,14
2020-07-02,370,Beemster,Noord-Holland,27,Ziekenhuisopname,0,4
2020-07-02,370,Beemster,Noord-Holland,27,Overleden,0,1
2020-07-02,373,Bergen (NH.),Noord-Holland,27,Totaal,0,86
2020-07-02,373,Bergen (NH.),Noord-Holland,27,Ziekenhuisopname,0,16
2020-07-02,373,Bergen (NH.),Noord-Holland,27,Overleden,0,4
2020-07-02,375,Beverwijk,Noord-Holland,27,Totaal,0,82
2020-07-02,375,Beverwijk,Noord-Holland,27,Ziekenhuisopname,0,15
2020-07-02,375,Beverwijk,Noord-Holland,27,Overleden,0,10
2020-07-02,376,Blaricum,Noord-Holland,27,Totaal,1,32
2020-07-02,376,Blaricum,Noord-Holland,27,Ziekenhuisopname,0,8
2020-07-02,376,Blaricum,Noord-Holland,27,Overleden,0,2
2020-07-02,377,Bloemendaal,Noord-Holland,27,Totaal,0,52
2020-07-02,377,Bloemendaal,Noord-Holland,27,Ziekenhuisopname,0,7
2020-07-02,377,Bloemendaal,Noord-Holland,27,Overleden,0,5
2020-07-02,383,Castricum,Noord-Holland,27,Totaal,0,80
2020-07-02,383,Castricum,Noord-Holland,27,Ziekenhuisopname,0,15
2020-07-02,383,Castricum,Noord-Holland,27,Overleden,0,9
2020-07-02,384,Diemen,Noord-Holland,27,Totaal,0,105
2020-07-02,384,Diemen,Noord-Holland,27,Ziekenhuisopname,0,17
2020-07-02,384,Diemen,Noord-Holland,27,Overleden,0,14
2020-07-02,385,Edam-Volendam,Noord-Holland,27,Totaal,0,126
2020-07-02,385,Edam-Volendam,Noord-Holland,27,Ziekenhuisopname,0,25
2020-07-02,385,Edam-Volendam,Noord-Holland,27,Overleden,0,3
2020-07-02,388,Enkhuizen,Noord-Holland,27,Totaal,0,30
2020-07-02,388,Enkhuizen,Noord-Holland,27,Ziekenhuisopname,0,18
2020-07-02,388,Enkhuizen,Noord-Holland,27,Overleden,0,4
2020-07-02,392,Haarlem,Noord-Holland,27,Totaal,1,293
2020-07-02,392,Haarlem,Noord-Holland,27,Ziekenhuisopname,0,61
2020-07-02,392,Haarlem,Noord-Holland,27,Overleden,0,57
2020-07-02,394,Haarlemmermeer,Noord-Holland,27,Totaal,1,282
2020-07-02,394,Haarlemmermeer,Noord-Holland,27,Ziekenhuisopname,0,68
2020-07-02,394,Haarlemmermeer,Noord-Holland,27,Overleden,0,27
2020-07-02,396,Heemskerk,Noord-Holland,27,Totaal,0,92
2020-07-02,396,Heemskerk,Noord-Holland,27,Ziekenhuisopname,0,28
2020-07-02,396,Heemskerk,Noord-Holland,27,Overleden,0,10
2020-07-02,397,Heemstede,Noord-Holland,27,Totaal,0,94
2020-07-02,397,Heemstede,Noord-Holland,27,Ziekenhuisopname,0,11
2020-07-02,397,Heemstede,Noord-Holland,27,Overleden,0,32
2020-07-02,398,Heerhugowaard,Noord-Holland,27,Totaal,0,147
2020-07-02,398,Heerhugowaard,Noord-Holland,27,Ziekenhuisopname,0,27
2020-07-02,398,Heerhugowaard,Noord-Holland,27,Overleden,0,9
2020-07-02,399,Heiloo,Noord-Holland,27,Totaal,0,49
2020-07-02,399,Heiloo,Noord-Holland,27,Ziekenhuisopname,0,9
2020-07-02,399,Heiloo,Noord-Holland,27,Overleden,0,8
2020-07-02,400,Den Helder,Noord-Holland,27,Totaal,0,39
2020-07-02,400,Den Helder,Noord-Holland,27,Ziekenhuisopname,0,12
2020-07-02,400,Den Helder,Noord-Holland,27,Overleden,0,2
2020-07-02,402,Hilversum,Noord-Holland,27,Totaal,1,213
2020-07-02,402,Hilversum,Noord-Holland,27,Ziekenhuisopname,0,33
2020-07-02,402,Hilversum,Noord-Holland,27,Overleden,0,25
2020-07-02,405,Hoorn,Noord-Holland,27,Totaal,0,96
2020-07-02,405,Hoorn,Noord-Holland,27,Ziekenhuisopname,0,35
2020-07-02,405,Hoorn,Noord-Holland,27,Overleden,0,12
2020-07-02,406,Huizen,Noord-Holland,27,Totaal,4,152
2020-07-02,406,Huizen,Noord-Holland,27,Ziekenhuisopname,0,23
2020-07-02,406,Huizen,Noord-Holland,27,Overleden,0,10
2020-07-02,415,Landsmeer,Noord-Holland,27,Totaal,0,23
2020-07-02,415,Landsmeer,Noord-Holland,27,Ziekenhuisopname,0,3
2020-07-02,415,Landsmeer,Noord-Holland,27,Overleden,0,3
2020-07-02,416,Langedijk,Noord-Holland,27,Totaal,0,45
2020-07-02,416,Langedijk,Noord-Holland,27,Ziekenhuisopname,0,16
2020-07-02,416,Langedijk,Noord-Holland,27,Overleden,0,4
2020-07-02,417,Laren,Noord-Holland,27,Totaal,0,26
2020-07-02,417,Laren,Noord-Holland,27,Ziekenhuisopname,0,8
2020-07-02,417,Laren,Noord-Holland,27,Overleden,0,2
2020-07-02,420,Medemblik,Noord-Holland,27,Totaal,0,74
2020-07-02,420,Medemblik,Noord-Holland,27,Ziekenhuisopname,0,19
2020-07-02,420,Medemblik,Noord-Holland,27,Overleden,0,6
2020-07-02,431,Oostzaan,Noord-Holland,27,Totaal,0,26
2020-07-02,431,Oostzaan,Noord-Holland,27,Ziekenhuisopname,0,11
2020-07-02,431,Oostzaan,Noord-Holland,27,Overleden,0,2
2020-07-02,432,Opmeer,Noord-Holland,27,Totaal,0,8
2020-07-02,432,Opmeer,Noord-Holland,27,Ziekenhuisopname,0,1
2020-07-02,432,Opmeer,Noord-Holland,27,Overleden,0,1
2020-07-02,437,Ouder-Amstel,Noord-Holland,27,Totaal,0,39
2020-07-02,437,Ouder-Amstel,Noord-Holland,27,Ziekenhuisopname,0,5
2020-07-02,437,Ouder-Amstel,Noord-Holland,27,Overleden,0,0
2020-07-02,439,Purmerend,Noord-Holland,27,Totaal,1,226
2020-07-02,439,Purmerend,Noord-Holland,27,Ziekenhuisopname,0,66
2020-07-02,439,Purmerend,Noord-Holland,27,Overleden,0,35
2020-07-02,441,Schagen,Noord-Holland,27,Totaal,0,74
2020-07-02,441,Schagen,Noord-Holland,27,Ziekenhuisopname,0,19
2020-07-02,441,Schagen,Noord-Holland,27,Overleden,0,10
2020-07-02,448,Texel,Noord-Holland,27,Totaal,0,11
2020-07-02,448,Texel,Noord-Holland,27,Ziekenhuisopname,0,5
2020-07-02,448,Texel,Noord-Holland,27,Overleden,0,2
2020-07-02,450,Uitgeest,Noord-Holland,27,Totaal,0,24
2020-07-02,450,Uitgeest,Noord-Holland,27,Ziekenhuisopname,0,5
2020-07-02,450,Uitgeest,Noord-Holland,27,Overleden,0,1
2020-07-02,451,Uithoorn,Noord-Holland,27,Totaal,0,57
2020-07-02,451,Uithoorn,Noord-Holland,27,Ziekenhuisopname,0,16
2020-07-02,451,Uithoorn,Noord-Holland,27,Overleden,0,2
2020-07-02,453,Velsen,Noord-Holland,27,Totaal,0,283
2020-07-02,453,Velsen,Noord-Holland,27,Ziekenhuisopname,0,32
2020-07-02,453,Velsen,Noord-Holland,27,Overleden,0,39
2020-07-02,457,Weesp,Noord-Holland,27,Totaal,0,81
2020-07-02,457,Weesp,Noord-Holland,27,Ziekenhuisopname,0,9
2020-07-02,457,Weesp,Noord-Holland,27,Overleden,0,11
2020-07-02,473,Zandvoort,Noord-Holland,27,Totaal,1,35
2020-07-02,473,Zandvoort,Noord-Holland,27,Ziekenhuisopname,0,10
2020-07-02,473,Zandvoort,Noord-Holland,27,Overleden,0,8
2020-07-02,479,Zaanstad,Noord-Holland,27,Totaal,1,453
2020-07-02,479,Zaanstad,Noord-Holland,27,Ziekenhuisopname,0,117
2020-07-02,479,Zaanstad,Noord-Holland,27,Overleden,0,48
2020-07-02,482,Alblasserdam,Zuid-Holland,28,Totaal,0,42
2020-07-02,482,Alblasserdam,Zuid-Holland,28,Ziekenhuisopname,0,10
2020-07-02,482,Alblasserdam,Zuid-Holland,28,Overleden,0,4
2020-07-02,484,Alphen aan den Rijn,Zuid-Holland,28,Totaal,0,218
2020-07-02,484,Alphen aan den Rijn,Zuid-Holland,28,Ziekenhuisopname,0,62
2020-07-02,484,Alphen aan den Rijn,Zuid-Holland,28,Overleden,0,25
2020-07-02,489,Barendrecht,Zuid-Holland,28,Totaal,0,142
2020-07-02,489,Barendrecht,Zuid-Holland,28,Ziekenhuisopname,0,40
2020-07-02,489,Barendrecht,Zuid-Holland,28,Overleden,0,12
2020-07-02,498,Drechterland,Noord-Holland,27,Totaal,0,46
2020-07-02,498,Drechterland,Noord-Holland,27,Ziekenhuisopname,0,4
2020-07-02,498,Drechterland,Noord-Holland,27,Overleden,0,8
2020-07-02,501,Brielle,Zuid-Holland,28,Totaal,0,33
2020-07-02,501,Brielle,Zuid-Holland,28,Ziekenhuisopname,0,11
2020-07-02,501,Brielle,Zuid-Holland,28,Overleden,0,0
2020-07-02,502,Capelle aan den IJssel,Zuid-Holland,28,Totaal,2,310
2020-07-02,502,Capelle aan den IJssel,Zuid-Holland,28,Ziekenhuisopname,0,53
2020-07-02,502,Capelle aan den IJssel,Zuid-Holland,28,Overleden,0,53
2020-07-02,503,Delft,Zuid-Holland,28,Totaal,0,151
2020-07-02,503,Delft,Zuid-Holland,28,Ziekenhuisopname,0,38
2020-07-02,503,Delft,Zuid-Holland,28,Overleden,0,12
2020-07-02,505,Dordrecht,Zuid-Holland,28,Totaal,1,540
2020-07-02,505,Dordrecht,Zuid-Holland,28,Ziekenhuisopname,0,84
2020-07-02,505,Dordrecht,Zuid-Holland,28,Overleden,0,61
2020-07-02,512,Gorinchem,Zuid-Holland,28,Totaal,0,152
2020-07-02,512,Gorinchem,Zuid-Holland,28,Ziekenhuisopname,0,18
2020-07-02,512,Gorinchem,Zuid-Holland,28,Overleden,0,15
2020-07-02,513,Gouda,Zuid-Holland,28,Totaal,0,261
2020-07-02,513,Gouda,Zuid-Holland,28,Ziekenhuisopname,0,40
2020-07-02,513,Gouda,Zuid-Holland,28,Overleden,0,41
2020-07-02,518,'s-Gravenhage,Zuid-Holland,28,Totaal,6,1798
2020-07-02,518,'s-Gravenhage,Zuid-Holland,28,Ziekenhuisopname,0,340
2020-07-02,518,'s-Gravenhage,Zuid-Holland,28,Overleden,1,240
2020-07-02,523,Hardinxveld-Giessendam,Zuid-Holland,28,Totaal,0,33
2020-07-02,523,Hardinxveld-Giessendam,Zuid-Holland,28,Ziekenhuisopname,0,2
2020-07-02,523,Hardinxveld-Giessendam,Zuid-Holland,28,Overleden,0,2
2020-07-02,530,Hellevoetsluis,Zuid-Holland,28,Totaal,1,73
2020-07-02,530,Hellevoetsluis,Zuid-Holland,28,Ziekenhuisopname,0,16
2020-07-02,530,Hellevoetsluis,Zuid-Holland,28,Overleden,0,3
2020-07-02,531,Hendrik-Ido-Ambacht,Zuid-Holland,28,Totaal,1,72
2020-07-02,531,Hendrik-Ido-Ambacht,Zuid-Holland,28,Ziekenhuisopname,0,10
2020-07-02,531,Hendrik-Ido-Ambacht,Zuid-Holland,28,Overleden,0,6
2020-07-02,532,Stede Broec,Noord-Holland,27,Totaal,0,50
2020-07-02,532,Stede Broec,Noord-Holland,27,Ziekenhuisopname,0,19
2020-07-02,532,Stede Broec,Noord-Holland,27,Overleden,0,5
2020-07-02,534,Hillegom,Zuid-Holland,28,Totaal,0,35
2020-07-02,534,Hillegom,Zuid-Holland,28,Ziekenhuisopname,0,8
2020-07-02,534,Hillegom,Zuid-Holland,28,Overleden,0,2
2020-07-02,537,Katwijk,Zuid-Holland,28,Totaal,1,277
2020-07-02,537,Katwijk,Zuid-Holland,28,Ziekenhuisopname,0,31
2020-07-02,537,Katwijk,Zuid-Holland,28,Overleden,0,15
2020-07-02,542,Krimpen aan den IJssel,Zuid-Holland,28,Totaal,0,82
2020-07-02,542,Krimpen aan den IJssel,Zuid-Holland,28,Ziekenhuisopname,0,10
2020-07-02,542,Krimpen aan den IJssel,Zuid-Holland,28,Overleden,0,8
2020-07-02,546,Leiden,Zuid-Holland,28,Totaal,0,176
2020-07-02,546,Leiden,Zuid-Holland,28,Ziekenhuisopname,0,40
2020-07-02,546,Leiden,Zuid-Holland,28,Overleden,0,18
2020-07-02,547,Leiderdorp,Zuid-Holland,28,Totaal,1,39
2020-07-02,547,Leiderdorp,Zuid-Holland,28,Ziekenhuisopname,0,13
2020-07-02,547,Leiderdorp,Zuid-Holland,28,Overleden,0,6
2020-07-02,553,Lisse,Zuid-Holland,28,Totaal,0,28
2020-07-02,553,Lisse,Zuid-Holland,28,Ziekenhuisopname,0,8
2020-07-02,553,Lisse,Zuid-Holland,28,Overleden,0,2
2020-07-02,556,Maassluis,Zuid-Holland,28,Totaal,0,85
2020-07-02,556,Maassluis,Zuid-Holland,28,Ziekenhuisopname,0,20
2020-07-02,556,Maassluis,Zuid-Holland,28,Overleden,0,6
2020-07-02,569,Nieuwkoop,Zuid-Holland,28,Totaal,0,52
2020-07-02,569,Nieuwkoop,Zuid-Holland,28,Ziekenhuisopname,0,9
2020-07-02,569,Nieuwkoop,Zuid-Holland,28,Overleden,0,5
2020-07-02,575,Noordwijk,Zuid-Holland,28,Totaal,0,53
2020-07-02,575,Noordwijk,Zuid-Holland,28,Ziekenhuisopname,0,19
2020-07-02,575,Noordwijk,Zuid-Holland,28,Overleden,0,3
2020-07-02,579,Oegstgeest,Zuid-Holland,28,Totaal,0,46
2020-07-02,579,Oegstgeest,Zuid-Holland,28,Ziekenhuisopname,0,8
2020-07-02,579,Oegstgeest,Zuid-Holland,28,Overleden,0,3
2020-07-02,589,Oudewater,Utrecht,26,Totaal,0,58
2020-07-02,589,Oudewater,Utrecht,26,Ziekenhuisopname,0,26
2020-07-02,589,Oudewater,Utrecht,26,Overleden,0,8
2020-07-02,590,Papendrecht,Zuid-Holland,28,Totaal,0,80
2020-07-02,590,Papendrecht,Zuid-Holland,28,Ziekenhuisopname,0,9
2020-07-02,590,Papendrecht,Zuid-Holland,28,Overleden,0,7
2020-07-02,597,Ridderkerk,Zuid-Holland,28,Totaal,0,152
2020-07-02,597,Ridderkerk,Zuid-Holland,28,Ziekenhuisopname,0,37
2020-07-02,597,Ridderkerk,Zuid-Holland,28,Overleden,0,16
2020-07-02,599,Rotterdam,Zuid-Holland,28,Totaal,8,2702
2020-07-02,599,Rotterdam,Zuid-Holland,28,Ziekenhuisopname,0,522
2020-07-02,599,Rotterdam,Zuid-Holland,28,Overleden,0,346
2020-07-02,603,Rijswijk,Zuid-Holland,28,Totaal,1,146
2020-07-02,603,Rijswijk,Zuid-Holland,28,Ziekenhuisopname,0,36
2020-07-02,603,Rijswijk,Zuid-Holland,28,Overleden,0,22
2020-07-02,606,Schiedam,Zuid-Holland,28,Totaal,2,268
2020-07-02,606,Schiedam,Zuid-Holland,28,Ziekenhuisopname,0,57
2020-07-02,606,Schiedam,Zuid-Holland,28,Overleden,0,23
2020-07-02,610,Sliedrecht,Zuid-Holland,28,Totaal,0,67
2020-07-02,610,Sliedrecht,Zuid-Holland,28,Ziekenhuisopname,0,9
2020-07-02,610,Sliedrecht,Zuid-Holland,28,Overleden,0,5
2020-07-02,613,Albrandswaard,Zuid-Holland,28,Totaal,2,105
2020-07-02,613,Albrandswaard,Zuid-Holland,28,Ziekenhuisopname,0,14
2020-07-02,613,Albrandswaard,Zuid-Holland,28,Overleden,0,8
2020-07-02,614,Westvoorne,Zuid-Holland,28,Totaal,0,25
2020-07-02,614,Westvoorne,Zuid-Holland,28,Ziekenhuisopname,0,6
2020-07-02,614,Westvoorne,Zuid-Holland,28,Overleden,0,0
2020-07-02,622,Vlaardingen,Zuid-Holland,28,Totaal,1,297
2020-07-02,622,Vlaardingen,Zuid-Holland,28,Ziekenhuisopname,0,43
2020-07-02,622,Vlaardingen,Zuid-Holland,28,Overleden,0,29
2020-07-02,626,Voorschoten,Zuid-Holland,28,Totaal,0,65
2020-07-02,626,Voorschoten,Zuid-Holland,28,Ziekenhuisopname,0,9
2020-07-02,626,Voorschoten,Zuid-Holland,28,Overleden,0,11
2020-07-02,627,Waddinxveen,Zuid-Holland,28,Totaal,0,78
2020-07-02,627,Waddinxveen,Zuid-Holland,28,Ziekenhuisopname,0,16
2020-07-02,627,Waddinxveen,Zuid-Holland,28,Overleden,0,7
2020-07-02,629,Wassenaar,Zuid-Holland,28,Totaal,0,55
2020-07-02,629,Wassenaar,Zuid-Holland,28,Ziekenhuisopname,0,9
2020-07-02,629,Wassenaar,Zuid-Holland,28,Overleden,0,12
2020-07-02,632,Woerden,Utrecht,26,Totaal,0,176
2020-07-02,632,Woerden,Utrecht,26,Ziekenhuisopname,0,49
2020-07-02,632,Woerden,Utrecht,26,Overleden,0,20
2020-07-02,637,Zoetermeer,Zuid-Holland,28,Totaal,2,238
2020-07-02,637,Zoetermeer,Zuid-Holland,28,Ziekenhuisopname,0,52
2020-07-02,637,Zoetermeer,Zuid-Holland,28,Overleden,0,14
2020-07-02,638,Zoeterwoude,Zuid-Holland,28,Totaal,0,13
2020-07-02,638,Zoeterwoude,Zuid-Holland,28,Ziekenhuisopname,0,3
2020-07-02,638,Zoeterwoude,Zuid-Holland,28,Overleden,0,1
2020-07-02,642,Zwijndrecht,Zuid-Holland,28,Totaal,0,163
2020-07-02,642,Zwijndrecht,Zuid-Holland,28,Ziekenhuisopname,0,23
2020-07-02,642,Zwijndrecht,Zuid-Holland,28,Overleden,0,27
2020-07-02,654,Borsele,Zeeland,29,Totaal,0,27
2020-07-02,654,Borsele,Zeeland,29,Ziekenhuisopname,0,5
2020-07-02,654,Borsele,Zeeland,29,Overleden,0,0
2020-07-02,664,Goes,Zeeland,29,Totaal,0,71
2020-07-02,664,Goes,Zeeland,29,Ziekenhuisopname,0,11
2020-07-02,664,Goes,Zeeland,29,Overleden,0,11
2020-07-02,668,West Maas en Waal,Gelderland,25,Totaal,0,83
2020-07-02,668,West Maas en Waal,Gelderland,25,Ziekenhuisopname,0,19
2020-07-02,668,West Maas en Waal,Gelderland,25,Overleden,0,9
2020-07-02,677,Hulst,Zeeland,29,Totaal,0,31
2020-07-02,677,Hulst,Zeeland,29,Ziekenhuisopname,0,9
2020-07-02,677,Hulst,Zeeland,29,Overleden,0,5
2020-07-02,678,Kapelle,Zeeland,29,Totaal,1,25
2020-07-02,678,Kapelle,Zeeland,29,Ziekenhuisopname,0,3
2020-07-02,678,Kapelle,Zeeland,29,Overleden,0,1
2020-07-02,687,Middelburg,Zeeland,29,Totaal,1,62
2020-07-02,687,Middelburg,Zeeland,29,Ziekenhuisopname,0,18
2020-07-02,687,Middelburg,Zeeland,29,Overleden,0,10
2020-07-02,703,Reimerswaal,Zeeland,29,Totaal,0,32
2020-07-02,703,Reimerswaal,Zeeland,29,Ziekenhuisopname,0,4
2020-07-02,703,Reimerswaal,Zeeland,29,Overleden,0,2
2020-07-02,715,Terneuzen,Zeeland,29,Totaal,0,119
2020-07-02,715,Terneuzen,Zeeland,29,Ziekenhuisopname,0,25
2020-07-02,715,Terneuzen,Zeeland,29,Overleden,0,4
2020-07-02,716,Tholen,Zeeland,29,Totaal,0,168
2020-07-02,716,Tholen,Zeeland,29,Ziekenhuisopname,0,40
2020-07-02,716,Tholen,Zeeland,29,Overleden,0,16
2020-07-02,717,Veere,Zeeland,29,Totaal,0,27
2020-07-02,717,Veere,Zeeland,29,Ziekenhuisopname,0,6
2020-07-02,717,Veere,Zeeland,29,Overleden,0,2
2020-07-02,718,Vlissingen,Zeeland,29,Totaal,0,51
2020-07-02,718,Vlissingen,Zeeland,29,Ziekenhuisopname,0,9
2020-07-02,718,Vlissingen,Zeeland,29,Overleden,0,5
2020-07-02,736,De Ronde Venen,Utrecht,26,Totaal,0,104
2020-07-02,736,De Ronde Venen,Utrecht,26,Ziekenhuisopname,0,39
2020-07-02,736,De Ronde Venen,Utrecht,26,Overleden,0,13
2020-07-02,737,Tytsjerksteradiel,Friesland,21,Totaal,0,16
2020-07-02,737,Tytsjerksteradiel,Friesland,21,Ziekenhuisopname,0,4
2020-07-02,737,Tytsjerksteradiel,Friesland,21,Overleden,0,1
2020-07-02,743,Asten,Noord-Brabant,30,Totaal,0,77
2020-07-02,743,Asten,Noord-Brabant,30,Ziekenhuisopname,0,18
2020-07-02,743,Asten,Noord-Brabant,30,Overleden,0,12
2020-07-02,744,Baarle-Nassau,Noord-Brabant,30,Totaal,0,25
2020-07-02,744,Baarle-Nassau,Noord-Brabant,30,Ziekenhuisopname,0,9
2020-07-02,744,Baarle-Nassau,Noord-Brabant,30,Overleden,0,2
2020-07-02,748,Bergen op Zoom,Noord-Brabant,30,Totaal,0,172
2020-07-02,748,Bergen op Zoom,Noord-Brabant,30,Ziekenhuisopname,0,24
2020-07-02,748,Bergen op Zoom,Noord-Brabant,30,Overleden,0,13
2020-07-02,753,Best,Noord-Brabant,30,Totaal,0,80
2020-07-02,753,Best,Noord-Brabant,30,Ziekenhuisopname,0,31
2020-07-02,753,Best,Noord-Brabant,30,Overleden,0,10
2020-07-02,755,Boekel,Noord-Brabant,30,Totaal,0,90
2020-07-02,755,Boekel,Noord-Brabant,30,Ziekenhuisopname,0,35
2020-07-02,755,Boekel,Noord-Brabant,30,Overleden,0,21
2020-07-02,756,Boxmeer,Noord-Brabant,30,Totaal,0,126
2020-07-02,756,Boxmeer,Noord-Brabant,30,Ziekenhuisopname,0,20
2020-07-02,756,Boxmeer,Noord-Brabant,30,Overleden,0,27
2020-07-02,757,Boxtel,Noord-Brabant,30,Totaal,1,133
2020-07-02,757,Boxtel,Noord-Brabant,30,Ziekenhuisopname,0,24
2020-07-02,757,Boxtel,Noord-Brabant,30,Overleden,0,26
2020-07-02,758,Breda,Noord-Brabant,30,Totaal,0,505
2020-07-02,758,Breda,Noord-Brabant,30,Ziekenhuisopname,0,146
2020-07-02,758,Breda,Noord-Brabant,30,Overleden,0,63
2020-07-02,762,Deurne,Noord-Brabant,30,Totaal,0,191
2020-07-02,762,Deurne,Noord-Brabant,30,Ziekenhuisopname,0,55
2020-07-02,762,Deurne,Noord-Brabant,30,Overleden,0,24
2020-07-02,765,Pekela,Groningen,20,Totaal,0,5
2020-07-02,765,Pekela,Groningen,20,Ziekenhuisopname,0,4
2020-07-02,765,Pekela,Groningen,20,Overleden,0,0
2020-07-02,766,Dongen,Noord-Brabant,30,Totaal,0,84
2020-07-02,766,Dongen,Noord-Brabant,30,Ziekenhuisopname,0,20
2020-07-02,766,Dongen,Noord-Brabant,30,Overleden,0,13
2020-07-02,770,Eersel,Noord-Brabant,30,Totaal,0,69
2020-07-02,770,Eersel,Noord-Brabant,30,Ziekenhuisopname,0,27
2020-07-02,770,Eersel,Noord-Brabant,30,Overleden,0,10
2020-07-02,772,Eindhoven,Noord-Brabant,30,Totaal,1,539
2020-07-02,772,Eindhoven,Noord-Brabant,30,Ziekenhuisopname,0,182
2020-07-02,772,Eindhoven,Noord-Brabant,30,Overleden,0,85
2020-07-02,777,Etten-Leur,Noord-Brabant,30,Totaal,0,203
2020-07-02,777,Etten-Leur,Noord-Brabant,30,Ziekenhuisopname,0,40
2020-07-02,777,Etten-Leur,Noord-Brabant,30,Overleden,0,30
2020-07-02,779,Geertruidenberg,Noord-Brabant,30,Totaal,0,43
2020-07-02,779,Geertruidenberg,Noord-Brabant,30,Ziekenhuisopname,0,11
2020-07-02,779,Geertruidenberg,Noord-Brabant,30,Overleden,0,6
2020-07-02,784,Gilze en Rijen,Noord-Brabant,30,Totaal,0,80
2020-07-02,784,Gilze en Rijen,Noord-Brabant,30,Ziekenhuisopname,0,20
2020-07-02,784,Gilze en Rijen,Noord-Brabant,30,Overleden,0,15
2020-07-02,785,Goirle,Noord-Brabant,30,Totaal,0,79
2020-07-02,785,Goirle,Noord-Brabant,30,Ziekenhuisopname,0,32
2020-07-02,785,Goirle,Noord-Brabant,30,Overleden,0,17
2020-07-02,786,Grave,Noord-Brabant,30,Totaal,0,72
2020-07-02,786,Grave,Noord-Brabant,30,Ziekenhuisopname,0,21
2020-07-02,786,Grave,Noord-Brabant,30,Overleden,0,11
2020-07-02,788,Haaren,Noord-Brabant,30,Totaal,0,56
2020-07-02,788,Haaren,Noord-Brabant,30,Ziekenhuisopname,0,18
2020-07-02,788,Haaren,Noord-Brabant,30,Overleden,0,8
2020-07-02,794,Helmond,Noord-Brabant,30,Totaal,1,422
2020-07-02,794,Helmond,Noord-Brabant,30,Ziekenhuisopname,0,115
2020-07-02,794,Helmond,Noord-Brabant,30,Overleden,0,42
2020-07-02,796,'s-Hertogenbosch,Noord-Brabant,30,Totaal,1,518
2020-07-02,796,'s-Hertogenbosch,Noord-Brabant,30,Ziekenhuisopname,0,126
2020-07-02,796,'s-Hertogenbosch,Noord-Brabant,30,Overleden,1,78
2020-07-02,797,Heusden,Noord-Brabant,30,Totaal,0,143
2020-07-02,797,Heusden,Noord-Brabant,30,Ziekenhuisopname,0,44
2020-07-02,797,Heusden,Noord-Brabant,30,Overleden,0,22
2020-07-02,798,Hilvarenbeek,Noord-Brabant,30,Totaal,0,49
2020-07-02,798,Hilvarenbeek,Noord-Brabant,30,Ziekenhuisopname,0,9
2020-07-02,798,Hilvarenbeek,Noord-Brabant,30,Overleden,0,6
2020-07-02,809,Loon op Zand,Noord-Brabant,30,Totaal,0,61
2020-07-02,809,Loon op Zand,Noord-Brabant,30,Ziekenhuisopname,0,24
2020-07-02,809,Loon op Zand,Noord-Brabant,30,Overleden,0,7
2020-07-02,815,Mill en Sint Hubert,Noord-Brabant,30,Totaal,0,40
2020-07-02,815,Mill en Sint Hubert,Noord-Brabant,30,Ziekenhuisopname,0,9
2020-07-02,815,Mill en Sint Hubert,Noord-Brabant,30,Overleden,0,5
2020-07-02,820,"Nuenen, Gerwen en Nederwetten",Noord-Brabant,30,Totaal,0,55
2020-07-02,820,"Nuenen, Gerwen en Nederwetten",Noord-Brabant,30,Ziekenhuisopname,0,18
2020-07-02,820,"Nuenen, Gerwen en Nederwetten",Noord-Brabant,30,Overleden,0,9
2020-07-02,823,Oirschot,Noord-Brabant,30,Totaal,0,65
2020-07-02,823,Oirschot,Noord-Brabant,30,Ziekenhuisopname,0,13
2020-07-02,823,Oirschot,Noord-Brabant,30,Overleden,0,9
2020-07-02,824,Oisterwijk,Noord-Brabant,30,Totaal,-1,76
2020-07-02,824,Oisterwijk,Noord-Brabant,30,Ziekenhuisopname,0,23
2020-07-02,824,Oisterwijk,Noord-Brabant,30,Overleden,0,11
2020-07-02,826,Oosterhout,Noord-Brabant,30,Totaal,0,132
2020-07-02,826,Oosterhout,Noord-Brabant,30,Ziekenhuisopname,0,48
2020-07-02,826,Oosterhout,Noord-Brabant,30,Overleden,0,17
2020-07-02,828,Oss,Noord-Brabant,30,Totaal,0,494
2020-07-02,828,Oss,Noord-Brabant,30,Ziekenhuisopname,0,164
2020-07-02,828,Oss,Noord-Brabant,30,Overleden,0,87
2020-07-02,840,Rucphen,Noord-Brabant,30,Totaal,0,69
2020-07-02,840,Rucphen,Noord-Brabant,30,Ziekenhuisopname,0,10
2020-07-02,840,Rucphen,Noord-Brabant,30,Overleden,0,10
2020-07-02,845,Sint-Michielsgestel,Noord-Brabant,30,Totaal,0,120
2020-07-02,845,Sint-Michielsgestel,Noord-Brabant,30,Ziekenhuisopname,0,36
2020-07-02,845,Sint-Michielsgestel,Noord-Brabant,30,Overleden,0,19
2020-07-02,847,Someren,Noord-Brabant,30,Totaal,0,106
2020-07-02,847,Someren,Noord-Brabant,30,Ziekenhuisopname,0,33
2020-07-02,847,Someren,Noord-Brabant,30,Overleden,0,8
2020-07-02,848,Son en Breugel,Noord-Brabant,30,Totaal,0,74
2020-07-02,848,Son en Breugel,Noord-Brabant,30,Ziekenhuisopname,0,31
2020-07-02,848,Son en Breugel,Noord-Brabant,30,Overleden,0,14
2020-07-02,851,Steenbergen,Noord-Brabant,30,Totaal,0,86
2020-07-02,851,Steenbergen,Noord-Brabant,30,Ziekenhuisopname,0,13
2020-07-02,851,Steenbergen,Noord-Brabant,30,Overleden,0,13
2020-07-02,852,Waterland,Noord-Holland,27,Totaal,0,33
2020-07-02,852,Waterland,Noord-Holland,27,Ziekenhuisopname,0,16
2020-07-02,852,Waterland,Noord-Holland,27,Overleden,0,4
2020-07-02,855,Tilburg,Noord-Brabant,30,Totaal,1,823
2020-07-02,855,Tilburg,Noord-Brabant,30,Ziekenhuisopname,0,249
2020-07-02,855,Tilburg,Noord-Brabant,30,Overleden,0,162
2020-07-02,856,Uden,Noord-Brabant,30,Totaal,0,263
2020-07-02,856,Uden,Noord-Brabant,30,Ziekenhuisopname,0,115
2020-07-02,856,Uden,Noord-Brabant,30,Overleden,0,63
2020-07-02,858,Valkenswaard,Noord-Brabant,30,Totaal,0,180
2020-07-02,858,Valkenswaard,Noord-Brabant,30,Ziekenhuisopname,0,19
2020-07-02,858,Valkenswaard,Noord-Brabant,30,Overleden,0,37
2020-07-02,861,Veldhoven,Noord-Brabant,30,Totaal,0,130
2020-07-02,861,Veldhoven,Noord-Brabant,30,Ziekenhuisopname,0,31
2020-07-02,861,Veldhoven,Noord-Brabant,30,Overleden,0,16
2020-07-02,865,Vught,Noord-Brabant,30,Totaal,0,107
2020-07-02,865,Vught,Noord-Brabant,30,Ziekenhuisopname,0,42
2020-07-02,865,Vught,Noord-Brabant,30,Overleden,0,18
2020-07-02,866,Waalre,Noord-Brabant,30,Totaal,0,30
2020-07-02,866,Waalre,Noord-Brabant,30,Ziekenhuisopname,0,7
2020-07-02,866,Waalre,Noord-Brabant,30,Overleden,0,5
2020-07-02,867,Waalwijk,Noord-Brabant,30,Totaal,0,186
2020-07-02,867,Waalwijk,Noord-Brabant,30,Ziekenhuisopname,0,36
2020-07-02,867,Waalwijk,Noord-Brabant,30,Overleden,0,36
2020-07-02,873,Woensdrecht,Noord-Brabant,30,Totaal,1,68
2020-07-02,873,Woensdrecht,Noord-Brabant,30,Ziekenhuisopname,0,5
2020-07-02,873,Woensdrecht,Noord-Brabant,30,Overleden,0,7
2020-07-02,879,Zundert,Noord-Brabant,30,Totaal,0,103
2020-07-02,879,Zundert,Noord-Brabant,30,Ziekenhuisopname,0,24
2020-07-02,879,Zundert,Noord-Brabant,30,Overleden,0,11
2020-07-02,880,Wormerland,Noord-Holland,27,Totaal,1,48
2020-07-02,880,Wormerland,Noord-Holland,27,Ziekenhuisopname,0,20
2020-07-02,880,Wormerland,Noord-Holland,27,Overleden,0,6
2020-07-02,882,Landgraaf,Limburg,31,Totaal,0,144
2020-07-02,882,Landgraaf,Limburg,31,Ziekenhuisopname,0,52
2020-07-02,882,Landgraaf,Limburg,31,Overleden,0,13
2020-07-02,888,Beek,Limburg,31,Totaal,0,44
2020-07-02,888,Beek,Limburg,31,Ziekenhuisopname,0,16
2020-07-02,888,Beek,Limburg,31,Overleden,0,6
2020-07-02,889,Beesel,Limburg,31,Totaal,0,44
2020-07-02,889,Beesel,Limburg,31,Ziekenhuisopname,0,20
2020-07-02,889,Beesel,Limburg,31,Overleden,0,8
2020-07-02,893,Bergen (L.),Limburg,31,Totaal,0,25
2020-07-02,893,Bergen (L.),Limburg,31,Ziekenhuisopname,0,7
2020-07-02,893,Bergen (L.),Limburg,31,Overleden,0,2
2020-07-02,899,Brunssum,Limburg,31,Totaal,0,111
2020-07-02,899,Brunssum,Limburg,31,Ziekenhuisopname,0,44
2020-07-02,899,Brunssum,Limburg,31,Overleden,0,19
2020-07-02,907,Gennep,Limburg,31,Totaal,0,58
2020-07-02,907,Gennep,Limburg,31,Ziekenhuisopname,0,16
2020-07-02,907,Gennep,Limburg,31,Overleden,0,10
2020-07-02,917,Heerlen,Limburg,31,Totaal,0,387
2020-07-02,917,Heerlen,Limburg,31,Ziekenhuisopname,0,125
2020-07-02,917,Heerlen,Limburg,31,Overleden,0,54
2020-07-02,928,Kerkrade,Limburg,31,Totaal,0,208
2020-07-02,928,Kerkrade,Limburg,31,Ziekenhuisopname,0,64
2020-07-02,928,Kerkrade,Limburg,31,Overleden,0,35
2020-07-02,935,Maastricht,Limburg,31,Totaal,1,915
2020-07-02,935,Maastricht,Limburg,31,Ziekenhuisopname,0,187
2020-07-02,935,Maastricht,Limburg,31,Overleden,0,139
2020-07-02,938,Meerssen,Limburg,31,Totaal,0,115
2020-07-02,938,Meerssen,Limburg,31,Ziekenhuisopname,0,22
2020-07-02,938,Meerssen,Limburg,31,Overleden,0,13
2020-07-02,944,Mook en Middelaar,Limburg,31,Totaal,0,39
2020-07-02,944,Mook en Middelaar,Limburg,31,Ziekenhuisopname,0,6
2020-07-02,944,Mook en Middelaar,Limburg,31,Overleden,0,5
2020-07-02,946,Nederweert,Limburg,31,Totaal,0,53
2020-07-02,946,Nederweert,Limburg,31,Ziekenhuisopname,0,31
2020-07-02,946,Nederweert,Limburg,31,Overleden,0,7
2020-07-02,957,Roermond,Limburg,31,Totaal,1,136
2020-07-02,957,Roermond,Limburg,31,Ziekenhuisopname,0,59
2020-07-02,957,Roermond,Limburg,31,Overleden,0,23
2020-07-02,965,Simpelveld,Limburg,31,Totaal,0,47
2020-07-02,965,Simpelveld,Limburg,31,Ziekenhuisopname,0,19
2020-07-02,965,Simpelveld,Limburg,31,Overleden,0,5
2020-07-02,971,Stein,Limburg,31,Totaal,0,119
2020-07-02,971,Stein,Limburg,31,Ziekenhuisopname,0,43
2020-07-02,971,Stein,Limburg,31,Overleden,0,15
2020-07-02,981,Vaals,Limburg,31,Totaal,0,30
2020-07-02,981,Vaals,Limburg,31,Ziekenhuisopname,0,10
2020-07-02,981,Vaals,Limburg,31,Overleden,0,1
2020-07-02,983,Venlo,Limburg,31,Totaal,0,309
2020-07-02,983,Venlo,Limburg,31,Ziekenhuisopname,0,129
2020-07-02,983,Venlo,Limburg,31,Overleden,0,63
2020-07-02,984,Venray,Limburg,31,Totaal,0,126
2020-07-02,984,Venray,Limburg,31,Ziekenhuisopname,0,37
2020-07-02,984,Venray,Limburg,31,Overleden,0,17
2020-07-02,986,Voerendaal,Limburg,31,Totaal,0,47
2020-07-02,986,Voerendaal,Limburg,31,Ziekenhuisopname,0,17
2020-07-02,986,Voerendaal,Limburg,31,Overleden,0,8
2020-07-02,988,Weert,Limburg,31,Totaal,0,141
2020-07-02,988,Weert,Limburg,31,Ziekenhuisopname,0,67
2020-07-02,988,Weert,Limburg,31,Overleden,0,14
2020-07-02,994,Valkenburg aan de Geul,Limburg,31,Totaal,0,87
2020-07-02,994,Valkenburg aan de Geul,Limburg,31,Ziekenhuisopname,0,19
2020-07-02,994,Valkenburg aan de Geul,Limburg,31,Overleden,0,7
2020-07-02,995,Lelystad,Flevoland,24,Totaal,0,192
2020-07-02,995,Lelystad,Flevoland,24,Ziekenhuisopname,0,64
2020-07-02,995,Lelystad,Flevoland,24,Overleden,0,29
2020-07-02,1507,Horst aan de Maas,Limburg,31,Totaal,0,136
2020-07-02,1507,Horst aan de Maas,Limburg,31,Ziekenhuisopname,0,41
2020-07-02,1507,Horst aan de Maas,Limburg,31,Overleden,0,24
2020-07-02,1509,Oude IJsselstreek,Gelderland,25,Totaal,0,78
2020-07-02,1509,Oude IJsselstreek,Gelderland,25,Ziekenhuisopname,0,21
2020-07-02,1509,Oude IJsselstreek,Gelderland,25,Overleden,0,9
2020-07-02,1525,Teylingen,Zuid-Holland,28,Totaal,0,64
2020-07-02,1525,Teylingen,Zuid-Holland,28,Ziekenhuisopname,0,14
2020-07-02,1525,Teylingen,Zuid-Holland,28,Overleden,0,2
2020-07-02,1581,Utrechtse Heuvelrug,Utrecht,26,Totaal,0,123
2020-07-02,1581,Utrechtse Heuvelrug,Utrecht,26,Ziekenhuisopname,0,28
2020-07-02,1581,Utrechtse Heuvelrug,Utrecht,26,Overleden,0,14
2020-07-02,1586,Oost Gelre,Gelderland,25,Totaal,1,78
2020-07-02,1586,Oost Gelre,Gelderland,25,Ziekenhuisopname,0,18
2020-07-02,1586,Oost Gelre,Gelderland,25,Overleden,0,6
2020-07-02,1598,Koggenland,Noord-Holland,27,Totaal,0,36
2020-07-02,1598,Koggenland,Noord-Holland,27,Ziekenhuisopname,0,6
2020-07-02,1598,Koggenland,Noord-Holland,27,Overleden,0,6
2020-07-02,1621,Lansingerland,Zuid-Holland,28,Totaal,0,190
2020-07-02,1621,Lansingerland,Zuid-Holland,28,Ziekenhuisopname,0,42
2020-07-02,1621,Lansingerland,Zuid-Holland,28,Overleden,0,25
2020-07-02,1640,Leudal,Limburg,31,Totaal,0,188
2020-07-02,1640,Leudal,Limburg,31,Ziekenhuisopname,0,52
2020-07-02,1640,Leudal,Limburg,31,Overleden,0,32
2020-07-02,1641,Maasgouw,Limburg,31,Totaal,0,107
2020-07-02,1641,Maasgouw,Limburg,31,Ziekenhuisopname,0,27
2020-07-02,1641,Maasgouw,Limburg,31,Overleden,0,14
2020-07-02,1652,Gemert-Bakel,Noord-Brabant,30,Totaal,1,207
2020-07-02,1652,Gemert-Bakel,Noord-Brabant,30,Ziekenhuisopname,0,79
2020-07-02,1652,Gemert-Bakel,Noord-Brabant,30,Overleden,0,32
2020-07-02,1655,Halderberge,Noord-Brabant,30,Totaal,0,58
2020-07-02,1655,Halderberge,Noord-Brabant,30,Ziekenhuisopname,0,14
2020-07-02,1655,Halderberge,Noord-Brabant,30,Overleden,0,7
2020-07-02,1658,Heeze-Leende,Noord-Brabant,30,Totaal,0,70
2020-07-02,1658,Heeze-Leende,Noord-Brabant,30,Ziekenhuisopname,0,16
2020-07-02,1658,Heeze-Leende,Noord-Brabant,30,Overleden,0,8
2020-07-02,1659,Laarbeek,Noord-Brabant,30,Totaal,0,125
2020-07-02,1659,Laarbeek,Noord-Brabant,30,Ziekenhuisopname,0,41
2020-07-02,1659,Laarbeek,Noord-Brabant,30,Overleden,0,26
2020-07-02,1667,Reusel-De Mierden,Noord-Brabant,30,Totaal,0,24
2020-07-02,1667,Reusel-De Mierden,Noord-Brabant,30,Ziekenhuisopname,0,11
2020-07-02,1667,Reusel-De Mierden,Noord-Brabant,30,Overleden,0,2
2020-07-02,1669,Roerdalen,Limburg,31,Totaal,0,49
2020-07-02,1669,Roerdalen,Limburg,31,Ziekenhuisopname,0,27
2020-07-02,1669,Roerdalen,Limburg,31,Overleden,0,8
2020-07-02,1674,Roosendaal,Noord-Brabant,30,Totaal,0,224
2020-07-02,1674,Roosendaal,Noord-Brabant,30,Ziekenhuisopname,0,28
2020-07-02,1674,Roosendaal,Noord-Brabant,30,Overleden,0,21
2020-07-02,1676,Schouwen-Duiveland,Zeeland,29,Totaal,0,94
2020-07-02,1676,Schouwen-Duiveland,Zeeland,29,Ziekenhuisopname,0,11
2020-07-02,1676,Schouwen-Duiveland,Zeeland,29,Overleden,0,9
2020-07-02,1680,Aa en Hunze,Drenthe,22,Totaal,0,14
2020-07-02,1680,Aa en Hunze,Drenthe,22,Ziekenhuisopname,0,1
2020-07-02,1680,Aa en Hunze,Drenthe,22,Overleden,0,0
2020-07-02,1681,Borger-Odoorn,Drenthe,22,Totaal,0,9
2020-07-02,1681,Borger-Odoorn,Drenthe,22,Ziekenhuisopname,0,4
2020-07-02,1681,Borger-Odoorn,Drenthe,22,Overleden,0,3
2020-07-02,1684,Cuijk,Noord-Brabant,30,Totaal,0,78
2020-07-02,1684,Cuijk,Noord-Brabant,30,Ziekenhuisopname,0,12
2020-07-02,1684,Cuijk,Noord-Brabant,30,Overleden,0,10
2020-07-02,1685,Landerd,Noord-Brabant,30,Totaal,0,147
2020-07-02,1685,Landerd,Noord-Brabant,30,Ziekenhuisopname,0,39
2020-07-02,1685,Landerd,Noord-Brabant,30,Overleden,0,21
2020-07-02,1690,De Wolden,Drenthe,22,Totaal,0,48
2020-07-02,1690,De Wolden,Drenthe,22,Ziekenhuisopname,0,11
2020-07-02,1690,De Wolden,Drenthe,22,Overleden,0,5
2020-07-02,1695,Noord-Beveland,Zeeland,29,Totaal,0,10
2020-07-02,1695,Noord-Beveland,Zeeland,29,Ziekenhuisopname,0,1
2020-07-02,1695,Noord-Beveland,Zeeland,29,Overleden,0,0
2020-07-02,1696,Wijdemeren,Noord-Holland,27,Totaal,1,33
2020-07-02,1696,Wijdemeren,Noord-Holland,27,Ziekenhuisopname,0,8
2020-07-02,1696,Wijdemeren,Noord-Holland,27,Overleden,0,0
2020-07-02,1699,Noordenveld,Drenthe,22,Totaal,0,21
2020-07-02,1699,Noordenveld,Drenthe,22,Ziekenhuisopname,0,4
2020-07-02,1699,Noordenveld,Drenthe,22,Overleden,0,1
2020-07-02,1700,Twenterand,Overijssel,23,Totaal,0,61
2020-07-02,1700,Twenterand,Overijssel,23,Ziekenhuisopname,0,12
2020-07-02,1700,Twenterand,Overijssel,23,Overleden,0,2
2020-07-02,1701,Westerveld,Drenthe,22,Totaal,1,34
2020-07-02,1701,Westerveld,Drenthe,22,Ziekenhuisopname,0,9
2020-07-02,1701,Westerveld,Drenthe,22,Overleden,0,4
2020-07-02,1702,Sint Anthonis,Noord-Brabant,30,Totaal,1,69
2020-07-02,1702,Sint Anthonis,Noord-Brabant,30,Ziekenhuisopname,0,20
2020-07-02,1702,Sint Anthonis,Noord-Brabant,30,Overleden,0,11
2020-07-02,1705,Lingewaard,Gelderland,25,Totaal,0,130
2020-07-02,1705,Lingewaard,Gelderland,25,Ziekenhuisopname,0,31
2020-07-02,1705,Lingewaard,Gelderland,25,Overleden,0,10
2020-07-02,1706,Cranendonck,Noord-Brabant,30,Totaal,0,173
2020-07-02,1706,Cranendonck,Noord-Brabant,30,Ziekenhuisopname,0,63
2020-07-02,1706,Cranendonck,Noord-Brabant,30,Overleden,0,36
2020-07-02,1708,Steenwijkerland,Overijssel,23,Totaal,0,87
2020-07-02,1708,Steenwijkerland,Overijssel,23,Ziekenhuisopname,0,14
2020-07-02,1708,Steenwijkerland,Overijssel,23,Overleden,0,5
2020-07-02,1709,Moerdijk,Noord-Brabant,30,Totaal,0,83
2020-07-02,1709,Moerdijk,Noord-Brabant,30,Ziekenhuisopname,0,14
2020-07-02,1709,Moerdijk,Noord-Brabant,30,Overleden,0,8
2020-07-02,1711,Echt-Susteren,Limburg,31,Totaal,0,93
2020-07-02,1711,Echt-Susteren,Limburg,31,Ziekenhuisopname,0,39
2020-07-02,1711,Echt-Susteren,Limburg,31,Overleden,0,16
2020-07-02,1714,Sluis,Zeeland,29,Totaal,0,17
2020-07-02,1714,Sluis,Zeeland,29,Ziekenhuisopname,0,8
2020-07-02,1714,Sluis,Zeeland,29,Overleden,0,4
2020-07-02,1719,Drimmelen,Noord-Brabant,30,Totaal,0,67
2020-07-02,1719,Drimmelen,Noord-Brabant,30,Ziekenhuisopname,0,18
2020-07-02,1719,Drimmelen,Noord-Brabant,30,Overleden,0,8
2020-07-02,1721,Bernheze,Noord-Brabant,30,Totaal,1,282
2020-07-02,1721,Bernheze,Noord-Brabant,30,Ziekenhuisopname,0,96
2020-07-02,1721,Bernheze,Noord-Brabant,30,Overleden,0,65
2020-07-02,1723,Alphen-Chaam,Noord-Brabant,30,Totaal,0,47
2020-07-02,1723,Alphen-Chaam,Noord-Brabant,30,Ziekenhuisopname,0,18
2020-07-02,1723,Alphen-Chaam,Noord-Brabant,30,Overleden,0,5
2020-07-02,1724,Bergeijk,Noord-Brabant,30,Totaal,0,58
2020-07-02,1724,Bergeijk,Noord-Brabant,30,Ziekenhuisopname,0,19
2020-07-02,1724,Bergeijk,Noord-Brabant,30,Overleden,0,5
2020-07-02,1728,Bladel,Noord-Brabant,30,Totaal,0,78
2020-07-02,1728,Bladel,Noord-Brabant,30,Ziekenhuisopname,0,21
2020-07-02,1728,Bladel,Noord-Brabant,30,Overleden,0,8
2020-07-02,1729,Gulpen-Wittem,Limburg,31,Totaal,1,79
2020-07-02,1729,Gulpen-Wittem,Limburg,31,Ziekenhuisopname,0,21
2020-07-02,1729,Gulpen-Wittem,Limburg,31,Overleden,0,14
2020-07-02,1730,Tynaarlo,Drenthe,22,Totaal,0,40
2020-07-02,1730,Tynaarlo,Drenthe,22,Ziekenhuisopname,0,9
2020-07-02,1730,Tynaarlo,Drenthe,22,Overleden,0,0
2020-07-02,1731,Midden-Drenthe,Drenthe,22,Totaal,0,22
2020-07-02,1731,Midden-Drenthe,Drenthe,22,Ziekenhuisopname,0,6
2020-07-02,1731,Midden-Drenthe,Drenthe,22,Overleden,0,0
2020-07-02,1734,Overbetuwe,Gelderland,25,Totaal,0,136
2020-07-02,1734,Overbetuwe,Gelderland,25,Ziekenhuisopname,0,57
2020-07-02,1734,Overbetuwe,Gelderland,25,Overleden,0,16
2020-07-02,1735,Hof van Twente,Overijssel,23,Totaal,0,63
2020-07-02,1735,Hof van Twente,Overijssel,23,Ziekenhuisopname,0,15
2020-07-02,1735,Hof van Twente,Overijssel,23,Overleden,0,5
2020-07-02,1740,Neder-Betuwe,Gelderland,25,Totaal,0,145
2020-07-02,1740,Neder-Betuwe,Gelderland,25,Ziekenhuisopname,0,37
2020-07-02,1740,Neder-Betuwe,Gelderland,25,Overleden,0,21
2020-07-02,1742,Rijssen-Holten,Overijssel,23,Totaal,0,205
2020-07-02,1742,Rijssen-Holten,Overijssel,23,Ziekenhuisopname,0,30
2020-07-02,1742,Rijssen-Holten,Overijssel,23,Overleden,0,22
2020-07-02,1771,Geldrop-Mierlo,Noord-Brabant,30,Totaal,0,110
2020-07-02,1771,Geldrop-Mierlo,Noord-Brabant,30,Ziekenhuisopname,0,33
2020-07-02,1771,Geldrop-Mierlo,Noord-Brabant,30,Overleden,0,16
2020-07-02,1773,Olst-Wijhe,Overijssel,23,Totaal,0,51
2020-07-02,1773,Olst-Wijhe,Overijssel,23,Ziekenhuisopname,0,12
2020-07-02,1773,Olst-Wijhe,Overijssel,23,Overleden,0,8
2020-07-02,1774,Dinkelland,Overijssel,23,Totaal,0,73
2020-07-02,1774,Dinkelland,Overijssel,23,Ziekenhuisopname,0,20
2020-07-02,1774,Dinkelland,Overijssel,23,Overleden,0,10
2020-07-02,1783,Westland,Zuid-Holland,28,Totaal,0,283
2020-07-02,1783,Westland,Zuid-Holland,28,Ziekenhuisopname,0,57
2020-07-02,1783,Westland,Zuid-Holland,28,Overleden,0,30
2020-07-02,1842,Midden-Delfland,Zuid-Holland,28,Totaal,0,29
2020-07-02,1842,Midden-Delfland,Zuid-Holland,28,Ziekenhuisopname,0,4
2020-07-02,1842,Midden-Delfland,Zuid-Holland,28,Overleden,0,0
2020-07-02,1859,Berkelland,Gelderland,25,Totaal,0,97
2020-07-02,1859,Berkelland,Gelderland,25,Ziekenhuisopname,0,13
2020-07-02,1859,Berkelland,Gelderland,25,Overleden,0,7
2020-07-02,1876,Bronckhorst,Gelderland,25,Totaal,0,74
2020-07-02,1876,Bronckhorst,Gelderland,25,Ziekenhuisopname,0,17
2020-07-02,1876,Bronckhorst,Gelderland,25,Overleden,0,7
2020-07-02,1883,Sittard-Geleen,Limburg,31,Totaal,0,411
2020-07-02,1883,Sittard-Geleen,Limburg,31,Ziekenhuisopname,0,115
2020-07-02,1883,Sittard-Geleen,Limburg,31,Overleden,0,63
2020-07-02,1884,Kaag en Braassem,Zuid-Holland,28,Totaal,0,30
2020-07-02,1884,Kaag en Braassem,Zuid-Holland,28,Ziekenhuisopname,0,6
2020-07-02,1884,Kaag en Braassem,Zuid-Holland,28,Overleden,0,2
2020-07-02,1891,Dantumadiel,Friesland,21,Totaal,0,5
2020-07-02,1891,Dantumadiel,Friesland,21,Ziekenhuisopname,0,2
2020-07-02,1891,Dantumadiel,Friesland,21,Overleden,0,0
2020-07-02,1892,Zuidplas,Zuid-Holland,28,Totaal,0,150
2020-07-02,1892,Zuidplas,Zuid-Holland,28,Ziekenhuisopname,0,24
2020-07-02,1892,Zuidplas,Zuid-Holland,28,Overleden,0,21
2020-07-02,1894,Peel en Maas,Limburg,31,Totaal,0,277
2020-07-02,1894,Peel en Maas,Limburg,31,Ziekenhuisopname,0,144
2020-07-02,1894,Peel en Maas,Limburg,31,Overleden,0,64
2020-07-02,1895,Oldambt,Groningen,20,Totaal,0,13
2020-07-02,1895,Oldambt,Groningen,20,Ziekenhuisopname,0,7
2020-07-02,1895,Oldambt,Groningen,20,Overleden,0,2
2020-07-02,1896,Zwartewaterland,Overijssel,23,Totaal,0,146
2020-07-02,1896,Zwartewaterland,Overijssel,23,Ziekenhuisopname,0,35
2020-07-02,1896,Zwartewaterland,Overijssel,23,Overleden,0,19
2020-07-02,1900,Sdwest-Frysln,Friesland,21,Totaal,0,106
2020-07-02,1900,Sdwest-Frysln,Friesland,21,Ziekenhuisopname,0,18
2020-07-02,1900,Sdwest-Frysln,Friesland,21,Overleden,0,4
2020-07-02,1901,Bodegraven-Reeuwijk,Zuid-Holland,28,Totaal,0,63
2020-07-02,1901,Bodegraven-Reeuwijk,Zuid-Holland,28,Ziekenhuisopname,0,7
2020-07-02,1901,Bodegraven-Reeuwijk,Zuid-Holland,28,Overleden,0,1
2020-07-02,1903,Eijsden-Margraten,Limburg,31,Totaal,0,172
2020-07-02,1903,Eijsden-Margraten,Limburg,31,Ziekenhuisopname,0,54
2020-07-02,1903,Eijsden-Margraten,Limburg,31,Overleden,0,27
2020-07-02,1904,Stichtse Vecht,Utrecht,26,Totaal,0,129
2020-07-02,1904,Stichtse Vecht,Utrecht,26,Ziekenhuisopname,0,34
2020-07-02,1904,Stichtse Vecht,Utrecht,26,Overleden,0,13
2020-07-02,1911,Hollands Kroon,Noord-Holland,27,Totaal,0,62
2020-07-02,1911,Hollands Kroon,Noord-Holland,27,Ziekenhuisopname,0,26
2020-07-02,1911,Hollands Kroon,Noord-Holland,27,Overleden,0,6
2020-07-02,1916,Leidschendam-Voorburg,Zuid-Holland,28,Totaal,1,144
2020-07-02,1916,Leidschendam-Voorburg,Zuid-Holland,28,Ziekenhuisopname,0,20
2020-07-02,1916,Leidschendam-Voorburg,Zuid-Holland,28,Overleden,0,15
2020-07-02,1924,Goeree-Overflakkee,Zuid-Holland,28,Totaal,0,263
2020-07-02,1924,Goeree-Overflakkee,Zuid-Holland,28,Ziekenhuisopname,0,54
2020-07-02,1924,Goeree-Overflakkee,Zuid-Holland,28,Overleden,0,34
2020-07-02,1926,Pijnacker-Nootdorp,Zuid-Holland,28,Totaal,2,128
2020-07-02,1926,Pijnacker-Nootdorp,Zuid-Holland,28,Ziekenhuisopname,0,24
2020-07-02,1926,Pijnacker-Nootdorp,Zuid-Holland,28,Overleden,0,16
2020-07-02,1930,Nissewaard,Zuid-Holland,28,Totaal,0,191
2020-07-02,1930,Nissewaard,Zuid-Holland,28,Ziekenhuisopname,0,55
2020-07-02,1930,Nissewaard,Zuid-Holland,28,Overleden,0,17
2020-07-02,1931,Krimpenerwaard,Zuid-Holland,28,Totaal,0,192
2020-07-02,1931,Krimpenerwaard,Zuid-Holland,28,Ziekenhuisopname,0,45
2020-07-02,1931,Krimpenerwaard,Zuid-Holland,28,Overleden,0,34
2020-07-02,1940,De Fryske Marren,Friesland,21,Totaal,0,70
2020-07-02,1940,De Fryske Marren,Friesland,21,Ziekenhuisopname,0,16
2020-07-02,1940,De Fryske Marren,Friesland,21,Overleden,0,5
2020-07-02,1942,Gooise Meren,Noord-Holland,27,Totaal,1,118
2020-07-02,1942,Gooise Meren,Noord-Holland,27,Ziekenhuisopname,0,23
2020-07-02,1942,Gooise Meren,Noord-Holland,27,Overleden,0,9
2020-07-02,1945,Berg en Dal,Gelderland,25,Totaal,0,180
2020-07-02,1945,Berg en Dal,Gelderland,25,Ziekenhuisopname,0,29
2020-07-02,1945,Berg en Dal,Gelderland,25,Overleden,0,16
2020-07-02,1948,Meierijstad,Noord-Brabant,30,Totaal,0,554
2020-07-02,1948,Meierijstad,Noord-Brabant,30,Ziekenhuisopname,0,211
2020-07-02,1948,Meierijstad,Noord-Brabant,30,Overleden,0,131
2020-07-02,1949,Waadhoeke,Friesland,21,Totaal,0,101
2020-07-02,1949,Waadhoeke,Friesland,21,Ziekenhuisopname,0,12
2020-07-02,1949,Waadhoeke,Friesland,21,Overleden,0,15
2020-07-02,1950,Westerwolde,Groningen,20,Totaal,0,6
2020-07-02,1950,Westerwolde,Groningen,20,Ziekenhuisopname,0,5
2020-07-02,1950,Westerwolde,Groningen,20,Overleden,0,0
2020-07-02,1952,Midden-Groningen,Groningen,20,Totaal,0,32
2020-07-02,1952,Midden-Groningen,Groningen,20,Ziekenhuisopname,0,6
2020-07-02,1952,Midden-Groningen,Groningen,20,Overleden,0,3
2020-07-02,1954,Beekdaelen,Limburg,31,Totaal,0,172
2020-07-02,1954,Beekdaelen,Limburg,31,Ziekenhuisopname,0,52
2020-07-02,1954,Beekdaelen,Limburg,31,Overleden,0,23
2020-07-02,1955,Montferland,Gelderland,25,Totaal,0,103
2020-07-02,1955,Montferland,Gelderland,25,Ziekenhuisopname,0,21
2020-07-02,1955,Montferland,Gelderland,25,Overleden,0,9
2020-07-02,1959,Altena,Noord-Brabant,30,Totaal,0,131
2020-07-02,1959,Altena,Noord-Brabant,30,Ziekenhuisopname,0,32
2020-07-02,1959,Altena,Noord-Brabant,30,Overleden,0,11
2020-07-02,1960,West Betuwe,Gelderland,25,Totaal,1,213
2020-07-02,1960,West Betuwe,Gelderland,25,Ziekenhuisopname,0,43
2020-07-02,1960,West Betuwe,Gelderland,25,Overleden,0,27
2020-07-02,1961,Vijfheerenlanden,Utrecht,26,Totaal,0,274
2020-07-02,1961,Vijfheerenlanden,Utrecht,26,Ziekenhuisopname,0,34
2020-07-02,1961,Vijfheerenlanden,Utrecht,26,Overleden,0,37
2020-07-02,1963,Hoeksche Waard,Zuid-Holland,28,Totaal,0,311
2020-07-02,1963,Hoeksche Waard,Zuid-Holland,28,Ziekenhuisopname,0,76
2020-07-02,1963,Hoeksche Waard,Zuid-Holland,28,Overleden,0,20
2020-07-02,1966,Het Hogeland,Groningen,20,Totaal,0,34
2020-07-02,1966,Het Hogeland,Groningen,20,Ziekenhuisopname,0,7
2020-07-02,1966,Het Hogeland,Groningen,20,Overleden,0,3
2020-07-02,1969,Westerkwartier,Groningen,20,Totaal,0,58
2020-07-02,1969,Westerkwartier,Groningen,20,Ziekenhuisopname,0,14
2020-07-02,1969,Westerkwartier,Groningen,20,Overleden,0,4
2020-07-02,1970,Noardeast-Frysln,Friesland,21,Totaal,1,29
2020-07-02,1970,Noardeast-Frysln,Friesland,21,Ziekenhuisopname,0,6
2020-07-02,1970,Noardeast-Frysln,Friesland,21,Overleden,0,4
2020-07-02,1978,Molenlanden,Zuid-Holland,28,Totaal,0,122
2020-07-02,1978,Molenlanden,Zuid-Holland,28,Ziekenhuisopname,0,18
2020-07-02,1978,Molenlanden,Zuid-Holland,28,Overleden,0,8
