Datum,Gemeentecode,Gemeentenaam,Provincienaam,Provinciecode,Type,Aantal,AantalCumulatief
2020-08-26,-1,,,-1,Totaal,0,603
2020-08-26,-1,,,-1,Ziekenhuisopname,0,66
2020-08-26,-1,,,-1,Overleden,0,18
2020-08-26,3,Appingedam,Groningen,20,Totaal,0,6
2020-08-26,3,Appingedam,Groningen,20,Ziekenhuisopname,0,3
2020-08-26,3,Appingedam,Groningen,20,Overleden,0,0
2020-08-26,10,Delfzijl,Groningen,20,Totaal,0,51
2020-08-26,10,Delfzijl,Groningen,20,Ziekenhuisopname,0,6
2020-08-26,10,Delfzijl,Groningen,20,Overleden,0,0
2020-08-26,14,Groningen,Groningen,20,Totaal,4,292
2020-08-26,14,Groningen,Groningen,20,Ziekenhuisopname,0,18
2020-08-26,14,Groningen,Groningen,20,Overleden,0,3
2020-08-26,24,Loppersum,Groningen,20,Totaal,0,2
2020-08-26,24,Loppersum,Groningen,20,Ziekenhuisopname,0,0
2020-08-26,24,Loppersum,Groningen,20,Overleden,0,0
2020-08-26,34,Almere,Flevoland,24,Totaal,6,692
2020-08-26,34,Almere,Flevoland,24,Ziekenhuisopname,0,130
2020-08-26,34,Almere,Flevoland,24,Overleden,0,32
2020-08-26,37,Stadskanaal,Groningen,20,Totaal,0,13
2020-08-26,37,Stadskanaal,Groningen,20,Ziekenhuisopname,0,2
2020-08-26,37,Stadskanaal,Groningen,20,Overleden,0,2
2020-08-26,47,Veendam,Groningen,20,Totaal,0,20
2020-08-26,47,Veendam,Groningen,20,Ziekenhuisopname,0,2
2020-08-26,47,Veendam,Groningen,20,Overleden,0,1
2020-08-26,50,Zeewolde,Flevoland,24,Totaal,0,51
2020-08-26,50,Zeewolde,Flevoland,24,Ziekenhuisopname,0,12
2020-08-26,50,Zeewolde,Flevoland,24,Overleden,0,6
2020-08-26,59,Achtkarspelen,Friesland,21,Totaal,0,20
2020-08-26,59,Achtkarspelen,Friesland,21,Ziekenhuisopname,0,0
2020-08-26,59,Achtkarspelen,Friesland,21,Overleden,0,0
2020-08-26,60,Ameland,Friesland,21,Totaal,0,0
2020-08-26,60,Ameland,Friesland,21,Ziekenhuisopname,0,0
2020-08-26,60,Ameland,Friesland,21,Overleden,0,0
2020-08-26,72,Harlingen,Friesland,21,Totaal,0,20
2020-08-26,72,Harlingen,Friesland,21,Ziekenhuisopname,0,4
2020-08-26,72,Harlingen,Friesland,21,Overleden,0,1
2020-08-26,74,Heerenveen,Friesland,21,Totaal,0,101
2020-08-26,74,Heerenveen,Friesland,21,Ziekenhuisopname,0,13
2020-08-26,74,Heerenveen,Friesland,21,Overleden,0,21
2020-08-26,80,Leeuwarden,Friesland,21,Totaal,5,112
2020-08-26,80,Leeuwarden,Friesland,21,Ziekenhuisopname,0,33
2020-08-26,80,Leeuwarden,Friesland,21,Overleden,0,6
2020-08-26,85,Ooststellingwerf,Friesland,21,Totaal,0,8
2020-08-26,85,Ooststellingwerf,Friesland,21,Ziekenhuisopname,0,3
2020-08-26,85,Ooststellingwerf,Friesland,21,Overleden,0,0
2020-08-26,86,Opsterland,Friesland,21,Totaal,0,24
2020-08-26,86,Opsterland,Friesland,21,Ziekenhuisopname,0,7
2020-08-26,86,Opsterland,Friesland,21,Overleden,0,0
2020-08-26,88,Schiermonnikoog,Friesland,21,Totaal,0,0
2020-08-26,88,Schiermonnikoog,Friesland,21,Ziekenhuisopname,0,0
2020-08-26,88,Schiermonnikoog,Friesland,21,Overleden,0,0
2020-08-26,90,Smallingerland,Friesland,21,Totaal,0,62
2020-08-26,90,Smallingerland,Friesland,21,Ziekenhuisopname,0,9
2020-08-26,90,Smallingerland,Friesland,21,Overleden,0,5
2020-08-26,93,Terschelling,Friesland,21,Totaal,0,2
2020-08-26,93,Terschelling,Friesland,21,Ziekenhuisopname,0,0
2020-08-26,93,Terschelling,Friesland,21,Overleden,0,0
2020-08-26,96,Vlieland,Friesland,21,Totaal,0,0
2020-08-26,96,Vlieland,Friesland,21,Ziekenhuisopname,0,0
2020-08-26,96,Vlieland,Friesland,21,Overleden,0,0
2020-08-26,98,Weststellingwerf,Friesland,21,Totaal,0,29
2020-08-26,98,Weststellingwerf,Friesland,21,Ziekenhuisopname,0,3
2020-08-26,98,Weststellingwerf,Friesland,21,Overleden,0,4
2020-08-26,106,Assen,Drenthe,22,Totaal,0,60
2020-08-26,106,Assen,Drenthe,22,Ziekenhuisopname,0,12
2020-08-26,106,Assen,Drenthe,22,Overleden,0,2
2020-08-26,109,Coevorden,Drenthe,22,Totaal,0,63
2020-08-26,109,Coevorden,Drenthe,22,Ziekenhuisopname,0,13
2020-08-26,109,Coevorden,Drenthe,22,Overleden,0,2
2020-08-26,114,Emmen,Drenthe,22,Totaal,0,115
2020-08-26,114,Emmen,Drenthe,22,Ziekenhuisopname,0,20
2020-08-26,114,Emmen,Drenthe,22,Overleden,0,11
2020-08-26,118,Hoogeveen,Drenthe,22,Totaal,0,105
2020-08-26,118,Hoogeveen,Drenthe,22,Ziekenhuisopname,0,19
2020-08-26,118,Hoogeveen,Drenthe,22,Overleden,0,8
2020-08-26,119,Meppel,Drenthe,22,Totaal,0,56
2020-08-26,119,Meppel,Drenthe,22,Ziekenhuisopname,0,11
2020-08-26,119,Meppel,Drenthe,22,Overleden,0,5
2020-08-26,141,Almelo,Overijssel,23,Totaal,1,104
2020-08-26,141,Almelo,Overijssel,23,Ziekenhuisopname,-1,22
2020-08-26,141,Almelo,Overijssel,23,Overleden,1,10
2020-08-26,147,Borne,Overijssel,23,Totaal,0,54
2020-08-26,147,Borne,Overijssel,23,Ziekenhuisopname,0,14
2020-08-26,147,Borne,Overijssel,23,Overleden,0,6
2020-08-26,148,Dalfsen,Overijssel,23,Totaal,0,90
2020-08-26,148,Dalfsen,Overijssel,23,Ziekenhuisopname,0,16
2020-08-26,148,Dalfsen,Overijssel,23,Overleden,0,6
2020-08-26,150,Deventer,Overijssel,23,Totaal,3,386
2020-08-26,150,Deventer,Overijssel,23,Ziekenhuisopname,0,48
2020-08-26,150,Deventer,Overijssel,23,Overleden,0,33
2020-08-26,153,Enschede,Overijssel,23,Totaal,1,332
2020-08-26,153,Enschede,Overijssel,23,Ziekenhuisopname,2,57
2020-08-26,153,Enschede,Overijssel,23,Overleden,0,26
2020-08-26,158,Haaksbergen,Overijssel,23,Totaal,0,60
2020-08-26,158,Haaksbergen,Overijssel,23,Ziekenhuisopname,0,14
2020-08-26,158,Haaksbergen,Overijssel,23,Overleden,0,7
2020-08-26,160,Hardenberg,Overijssel,23,Totaal,0,186
2020-08-26,160,Hardenberg,Overijssel,23,Ziekenhuisopname,0,23
2020-08-26,160,Hardenberg,Overijssel,23,Overleden,0,8
2020-08-26,163,Hellendoorn,Overijssel,23,Totaal,0,99
2020-08-26,163,Hellendoorn,Overijssel,23,Ziekenhuisopname,0,8
2020-08-26,163,Hellendoorn,Overijssel,23,Overleden,0,12
2020-08-26,164,Hengelo,Overijssel,23,Totaal,0,151
2020-08-26,164,Hengelo,Overijssel,23,Ziekenhuisopname,1,23
2020-08-26,164,Hengelo,Overijssel,23,Overleden,0,19
2020-08-26,166,Kampen,Overijssel,23,Totaal,1,352
2020-08-26,166,Kampen,Overijssel,23,Ziekenhuisopname,0,59
2020-08-26,166,Kampen,Overijssel,23,Overleden,0,27
2020-08-26,168,Losser,Overijssel,23,Totaal,1,30
2020-08-26,168,Losser,Overijssel,23,Ziekenhuisopname,0,7
2020-08-26,168,Losser,Overijssel,23,Overleden,0,0
2020-08-26,171,Noordoostpolder,Flevoland,24,Totaal,0,86
2020-08-26,171,Noordoostpolder,Flevoland,24,Ziekenhuisopname,0,14
2020-08-26,171,Noordoostpolder,Flevoland,24,Overleden,0,10
2020-08-26,173,Oldenzaal,Overijssel,23,Totaal,2,66
2020-08-26,173,Oldenzaal,Overijssel,23,Ziekenhuisopname,0,13
2020-08-26,173,Oldenzaal,Overijssel,23,Overleden,0,7
2020-08-26,175,Ommen,Overijssel,23,Totaal,2,57
2020-08-26,175,Ommen,Overijssel,23,Ziekenhuisopname,0,9
2020-08-26,175,Ommen,Overijssel,23,Overleden,0,2
2020-08-26,177,Raalte,Overijssel,23,Totaal,0,159
2020-08-26,177,Raalte,Overijssel,23,Ziekenhuisopname,0,24
2020-08-26,177,Raalte,Overijssel,23,Overleden,0,17
2020-08-26,180,Staphorst,Overijssel,23,Totaal,0,62
2020-08-26,180,Staphorst,Overijssel,23,Ziekenhuisopname,0,8
2020-08-26,180,Staphorst,Overijssel,23,Overleden,0,4
2020-08-26,183,Tubbergen,Overijssel,23,Totaal,0,82
2020-08-26,183,Tubbergen,Overijssel,23,Ziekenhuisopname,0,12
2020-08-26,183,Tubbergen,Overijssel,23,Overleden,0,5
2020-08-26,184,Urk,Flevoland,24,Totaal,0,86
2020-08-26,184,Urk,Flevoland,24,Ziekenhuisopname,0,23
2020-08-26,184,Urk,Flevoland,24,Overleden,0,4
2020-08-26,189,Wierden,Overijssel,23,Totaal,0,54
2020-08-26,189,Wierden,Overijssel,23,Ziekenhuisopname,0,5
2020-08-26,189,Wierden,Overijssel,23,Overleden,0,6
2020-08-26,193,Zwolle,Overijssel,23,Totaal,5,397
2020-08-26,193,Zwolle,Overijssel,23,Ziekenhuisopname,0,53
2020-08-26,193,Zwolle,Overijssel,23,Overleden,0,46
2020-08-26,197,Aalten,Gelderland,25,Totaal,0,71
2020-08-26,197,Aalten,Gelderland,25,Ziekenhuisopname,0,9
2020-08-26,197,Aalten,Gelderland,25,Overleden,0,7
2020-08-26,200,Apeldoorn,Gelderland,25,Totaal,1,502
2020-08-26,200,Apeldoorn,Gelderland,25,Ziekenhuisopname,0,97
2020-08-26,200,Apeldoorn,Gelderland,25,Overleden,0,50
2020-08-26,202,Arnhem,Gelderland,25,Totaal,3,512
2020-08-26,202,Arnhem,Gelderland,25,Ziekenhuisopname,0,67
2020-08-26,202,Arnhem,Gelderland,25,Overleden,0,32
2020-08-26,203,Barneveld,Gelderland,25,Totaal,0,166
2020-08-26,203,Barneveld,Gelderland,25,Ziekenhuisopname,0,18
2020-08-26,203,Barneveld,Gelderland,25,Overleden,0,6
2020-08-26,209,Beuningen,Gelderland,25,Totaal,0,90
2020-08-26,209,Beuningen,Gelderland,25,Ziekenhuisopname,0,19
2020-08-26,209,Beuningen,Gelderland,25,Overleden,0,5
2020-08-26,213,Brummen,Gelderland,25,Totaal,0,44
2020-08-26,213,Brummen,Gelderland,25,Ziekenhuisopname,0,18
2020-08-26,213,Brummen,Gelderland,25,Overleden,0,6
2020-08-26,214,Buren,Gelderland,25,Totaal,0,63
2020-08-26,214,Buren,Gelderland,25,Ziekenhuisopname,0,17
2020-08-26,214,Buren,Gelderland,25,Overleden,0,8
2020-08-26,216,Culemborg,Gelderland,25,Totaal,0,99
2020-08-26,216,Culemborg,Gelderland,25,Ziekenhuisopname,0,21
2020-08-26,216,Culemborg,Gelderland,25,Overleden,0,8
2020-08-26,221,Doesburg,Gelderland,25,Totaal,0,34
2020-08-26,221,Doesburg,Gelderland,25,Ziekenhuisopname,0,9
2020-08-26,221,Doesburg,Gelderland,25,Overleden,0,6
2020-08-26,222,Doetinchem,Gelderland,25,Totaal,0,119
2020-08-26,222,Doetinchem,Gelderland,25,Ziekenhuisopname,0,26
2020-08-26,222,Doetinchem,Gelderland,25,Overleden,0,15
2020-08-26,225,Druten,Gelderland,25,Totaal,0,115
2020-08-26,225,Druten,Gelderland,25,Ziekenhuisopname,0,25
2020-08-26,225,Druten,Gelderland,25,Overleden,0,8
2020-08-26,226,Duiven,Gelderland,25,Totaal,0,57
2020-08-26,226,Duiven,Gelderland,25,Ziekenhuisopname,0,14
2020-08-26,226,Duiven,Gelderland,25,Overleden,0,6
2020-08-26,228,Ede,Gelderland,25,Totaal,4,271
2020-08-26,228,Ede,Gelderland,25,Ziekenhuisopname,1,55
2020-08-26,228,Ede,Gelderland,25,Overleden,1,22
2020-08-26,230,Elburg,Gelderland,25,Totaal,1,155
2020-08-26,230,Elburg,Gelderland,25,Ziekenhuisopname,0,28
2020-08-26,230,Elburg,Gelderland,25,Overleden,0,8
2020-08-26,232,Epe,Gelderland,25,Totaal,0,139
2020-08-26,232,Epe,Gelderland,25,Ziekenhuisopname,0,48
2020-08-26,232,Epe,Gelderland,25,Overleden,0,23
2020-08-26,233,Ermelo,Gelderland,25,Totaal,2,160
2020-08-26,233,Ermelo,Gelderland,25,Ziekenhuisopname,0,33
2020-08-26,233,Ermelo,Gelderland,25,Overleden,0,23
2020-08-26,243,Harderwijk,Gelderland,25,Totaal,3,210
2020-08-26,243,Harderwijk,Gelderland,25,Ziekenhuisopname,0,43
2020-08-26,243,Harderwijk,Gelderland,25,Overleden,0,20
2020-08-26,244,Hattem,Gelderland,25,Totaal,0,44
2020-08-26,244,Hattem,Gelderland,25,Ziekenhuisopname,0,16
2020-08-26,244,Hattem,Gelderland,25,Overleden,0,5
2020-08-26,246,Heerde,Gelderland,25,Totaal,1,195
2020-08-26,246,Heerde,Gelderland,25,Ziekenhuisopname,0,55
2020-08-26,246,Heerde,Gelderland,25,Overleden,0,28
2020-08-26,252,Heumen,Gelderland,25,Totaal,0,80
2020-08-26,252,Heumen,Gelderland,25,Ziekenhuisopname,0,17
2020-08-26,252,Heumen,Gelderland,25,Overleden,0,9
2020-08-26,262,Lochem,Gelderland,25,Totaal,0,102
2020-08-26,262,Lochem,Gelderland,25,Ziekenhuisopname,0,15
2020-08-26,262,Lochem,Gelderland,25,Overleden,0,15
2020-08-26,263,Maasdriel,Gelderland,25,Totaal,0,66
2020-08-26,263,Maasdriel,Gelderland,25,Ziekenhuisopname,0,15
2020-08-26,263,Maasdriel,Gelderland,25,Overleden,0,7
2020-08-26,267,Nijkerk,Gelderland,25,Totaal,3,78
2020-08-26,267,Nijkerk,Gelderland,25,Ziekenhuisopname,0,22
2020-08-26,267,Nijkerk,Gelderland,25,Overleden,0,3
2020-08-26,268,Nijmegen,Gelderland,25,Totaal,3,780
2020-08-26,268,Nijmegen,Gelderland,25,Ziekenhuisopname,0,130
2020-08-26,268,Nijmegen,Gelderland,25,Overleden,0,70
2020-08-26,269,Oldebroek,Gelderland,25,Totaal,0,177
2020-08-26,269,Oldebroek,Gelderland,25,Ziekenhuisopname,0,40
2020-08-26,269,Oldebroek,Gelderland,25,Overleden,0,19
2020-08-26,273,Putten,Gelderland,25,Totaal,0,47
2020-08-26,273,Putten,Gelderland,25,Ziekenhuisopname,0,10
2020-08-26,273,Putten,Gelderland,25,Overleden,0,0
2020-08-26,274,Renkum,Gelderland,25,Totaal,0,91
2020-08-26,274,Renkum,Gelderland,25,Ziekenhuisopname,0,14
2020-08-26,274,Renkum,Gelderland,25,Overleden,0,7
2020-08-26,275,Rheden,Gelderland,25,Totaal,0,159
2020-08-26,275,Rheden,Gelderland,25,Ziekenhuisopname,0,34
2020-08-26,275,Rheden,Gelderland,25,Overleden,0,14
2020-08-26,277,Rozendaal,Gelderland,25,Totaal,0,3
2020-08-26,277,Rozendaal,Gelderland,25,Ziekenhuisopname,0,1
2020-08-26,277,Rozendaal,Gelderland,25,Overleden,0,0
2020-08-26,279,Scherpenzeel,Gelderland,25,Totaal,0,38
2020-08-26,279,Scherpenzeel,Gelderland,25,Ziekenhuisopname,0,4
2020-08-26,279,Scherpenzeel,Gelderland,25,Overleden,0,2
2020-08-26,281,Tiel,Gelderland,25,Totaal,1,161
2020-08-26,281,Tiel,Gelderland,25,Ziekenhuisopname,0,42
2020-08-26,281,Tiel,Gelderland,25,Overleden,0,19
2020-08-26,285,Voorst,Gelderland,25,Totaal,1,101
2020-08-26,285,Voorst,Gelderland,25,Ziekenhuisopname,0,17
2020-08-26,285,Voorst,Gelderland,25,Overleden,0,11
2020-08-26,289,Wageningen,Gelderland,25,Totaal,0,80
2020-08-26,289,Wageningen,Gelderland,25,Ziekenhuisopname,0,20
2020-08-26,289,Wageningen,Gelderland,25,Overleden,0,9
2020-08-26,293,Westervoort,Gelderland,25,Totaal,0,48
2020-08-26,293,Westervoort,Gelderland,25,Ziekenhuisopname,0,12
2020-08-26,293,Westervoort,Gelderland,25,Overleden,0,6
2020-08-26,294,Winterswijk,Gelderland,25,Totaal,1,60
2020-08-26,294,Winterswijk,Gelderland,25,Ziekenhuisopname,0,7
2020-08-26,294,Winterswijk,Gelderland,25,Overleden,0,3
2020-08-26,296,Wijchen,Gelderland,25,Totaal,4,173
2020-08-26,296,Wijchen,Gelderland,25,Ziekenhuisopname,0,44
2020-08-26,296,Wijchen,Gelderland,25,Overleden,0,13
2020-08-26,297,Zaltbommel,Gelderland,25,Totaal,2,114
2020-08-26,297,Zaltbommel,Gelderland,25,Ziekenhuisopname,0,21
2020-08-26,297,Zaltbommel,Gelderland,25,Overleden,0,9
2020-08-26,299,Zevenaar,Gelderland,25,Totaal,0,124
2020-08-26,299,Zevenaar,Gelderland,25,Ziekenhuisopname,0,45
2020-08-26,299,Zevenaar,Gelderland,25,Overleden,0,15
2020-08-26,301,Zutphen,Gelderland,25,Totaal,4,127
2020-08-26,301,Zutphen,Gelderland,25,Ziekenhuisopname,0,30
2020-08-26,301,Zutphen,Gelderland,25,Overleden,0,13
2020-08-26,302,Nunspeet,Gelderland,25,Totaal,0,225
2020-08-26,302,Nunspeet,Gelderland,25,Ziekenhuisopname,0,55
2020-08-26,302,Nunspeet,Gelderland,25,Overleden,0,21
2020-08-26,303,Dronten,Flevoland,24,Totaal,0,128
2020-08-26,303,Dronten,Flevoland,24,Ziekenhuisopname,0,30
2020-08-26,303,Dronten,Flevoland,24,Overleden,0,12
2020-08-26,307,Amersfoort,Utrecht,26,Totaal,1,339
2020-08-26,307,Amersfoort,Utrecht,26,Ziekenhuisopname,0,67
2020-08-26,307,Amersfoort,Utrecht,26,Overleden,0,23
2020-08-26,308,Baarn,Utrecht,26,Totaal,0,67
2020-08-26,308,Baarn,Utrecht,26,Ziekenhuisopname,0,12
2020-08-26,308,Baarn,Utrecht,26,Overleden,0,9
2020-08-26,310,De Bilt,Utrecht,26,Totaal,2,206
2020-08-26,310,De Bilt,Utrecht,26,Ziekenhuisopname,0,28
2020-08-26,310,De Bilt,Utrecht,26,Overleden,0,24
2020-08-26,312,Bunnik,Utrecht,26,Totaal,0,51
2020-08-26,312,Bunnik,Utrecht,26,Ziekenhuisopname,0,9
2020-08-26,312,Bunnik,Utrecht,26,Overleden,0,1
2020-08-26,313,Bunschoten,Utrecht,26,Totaal,0,80
2020-08-26,313,Bunschoten,Utrecht,26,Ziekenhuisopname,0,10
2020-08-26,313,Bunschoten,Utrecht,26,Overleden,0,7
2020-08-26,317,Eemnes,Utrecht,26,Totaal,0,25
2020-08-26,317,Eemnes,Utrecht,26,Ziekenhuisopname,0,2
2020-08-26,317,Eemnes,Utrecht,26,Overleden,0,1
2020-08-26,321,Houten,Utrecht,26,Totaal,0,172
2020-08-26,321,Houten,Utrecht,26,Ziekenhuisopname,0,25
2020-08-26,321,Houten,Utrecht,26,Overleden,1,15
2020-08-26,327,Leusden,Utrecht,26,Totaal,0,71
2020-08-26,327,Leusden,Utrecht,26,Ziekenhuisopname,0,9
2020-08-26,327,Leusden,Utrecht,26,Overleden,0,5
2020-08-26,331,Lopik,Utrecht,26,Totaal,0,78
2020-08-26,331,Lopik,Utrecht,26,Ziekenhuisopname,0,19
2020-08-26,331,Lopik,Utrecht,26,Overleden,0,8
2020-08-26,335,Montfoort,Utrecht,26,Totaal,0,53
2020-08-26,335,Montfoort,Utrecht,26,Ziekenhuisopname,0,14
2020-08-26,335,Montfoort,Utrecht,26,Overleden,0,5
2020-08-26,339,Renswoude,Utrecht,26,Totaal,1,21
2020-08-26,339,Renswoude,Utrecht,26,Ziekenhuisopname,0,5
2020-08-26,339,Renswoude,Utrecht,26,Overleden,0,5
2020-08-26,340,Rhenen,Utrecht,26,Totaal,0,51
2020-08-26,340,Rhenen,Utrecht,26,Ziekenhuisopname,0,11
2020-08-26,340,Rhenen,Utrecht,26,Overleden,0,6
2020-08-26,342,Soest,Utrecht,26,Totaal,1,117
2020-08-26,342,Soest,Utrecht,26,Ziekenhuisopname,0,24
2020-08-26,342,Soest,Utrecht,26,Overleden,0,13
2020-08-26,344,Utrecht,Utrecht,26,Totaal,10,1909
2020-08-26,344,Utrecht,Utrecht,26,Ziekenhuisopname,1,277
2020-08-26,344,Utrecht,Utrecht,26,Overleden,0,118
2020-08-26,345,Veenendaal,Utrecht,26,Totaal,7,219
2020-08-26,345,Veenendaal,Utrecht,26,Ziekenhuisopname,1,49
2020-08-26,345,Veenendaal,Utrecht,26,Overleden,0,11
2020-08-26,351,Woudenberg,Utrecht,26,Totaal,0,34
2020-08-26,351,Woudenberg,Utrecht,26,Ziekenhuisopname,0,9
2020-08-26,351,Woudenberg,Utrecht,26,Overleden,0,2
2020-08-26,352,Wijk bij Duurstede,Utrecht,26,Totaal,0,47
2020-08-26,352,Wijk bij Duurstede,Utrecht,26,Ziekenhuisopname,0,10
2020-08-26,352,Wijk bij Duurstede,Utrecht,26,Overleden,0,1
2020-08-26,353,IJsselstein,Utrecht,26,Totaal,2,187
2020-08-26,353,IJsselstein,Utrecht,26,Ziekenhuisopname,0,36
2020-08-26,353,IJsselstein,Utrecht,26,Overleden,0,35
2020-08-26,355,Zeist,Utrecht,26,Totaal,3,268
2020-08-26,355,Zeist,Utrecht,26,Ziekenhuisopname,0,37
2020-08-26,355,Zeist,Utrecht,26,Overleden,0,24
2020-08-26,356,Nieuwegein,Utrecht,26,Totaal,2,216
2020-08-26,356,Nieuwegein,Utrecht,26,Ziekenhuisopname,0,45
2020-08-26,356,Nieuwegein,Utrecht,26,Overleden,0,14
2020-08-26,358,Aalsmeer,Noord-Holland,27,Totaal,0,59
2020-08-26,358,Aalsmeer,Noord-Holland,27,Ziekenhuisopname,0,9
2020-08-26,358,Aalsmeer,Noord-Holland,27,Overleden,0,4
2020-08-26,361,Alkmaar,Noord-Holland,27,Totaal,1,300
2020-08-26,361,Alkmaar,Noord-Holland,27,Ziekenhuisopname,0,54
2020-08-26,361,Alkmaar,Noord-Holland,27,Overleden,0,31
2020-08-26,362,Amstelveen,Noord-Holland,27,Totaal,3,460
2020-08-26,362,Amstelveen,Noord-Holland,27,Ziekenhuisopname,0,59
2020-08-26,362,Amstelveen,Noord-Holland,27,Overleden,0,35
2020-08-26,363,Amsterdam,Noord-Holland,27,Totaal,83,5642
2020-08-26,363,Amsterdam,Noord-Holland,27,Ziekenhuisopname,3,662
2020-08-26,363,Amsterdam,Noord-Holland,27,Overleden,0,290
2020-08-26,370,Beemster,Noord-Holland,27,Totaal,0,28
2020-08-26,370,Beemster,Noord-Holland,27,Ziekenhuisopname,0,4
2020-08-26,370,Beemster,Noord-Holland,27,Overleden,0,1
2020-08-26,373,Bergen (NH.),Noord-Holland,27,Totaal,0,107
2020-08-26,373,Bergen (NH.),Noord-Holland,27,Ziekenhuisopname,0,16
2020-08-26,373,Bergen (NH.),Noord-Holland,27,Overleden,0,4
2020-08-26,375,Beverwijk,Noord-Holland,27,Totaal,2,100
2020-08-26,375,Beverwijk,Noord-Holland,27,Ziekenhuisopname,0,15
2020-08-26,375,Beverwijk,Noord-Holland,27,Overleden,0,10
2020-08-26,376,Blaricum,Noord-Holland,27,Totaal,0,44
2020-08-26,376,Blaricum,Noord-Holland,27,Ziekenhuisopname,0,8
2020-08-26,376,Blaricum,Noord-Holland,27,Overleden,0,2
2020-08-26,377,Bloemendaal,Noord-Holland,27,Totaal,2,74
2020-08-26,377,Bloemendaal,Noord-Holland,27,Ziekenhuisopname,0,7
2020-08-26,377,Bloemendaal,Noord-Holland,27,Overleden,0,5
2020-08-26,383,Castricum,Noord-Holland,27,Totaal,0,89
2020-08-26,383,Castricum,Noord-Holland,27,Ziekenhuisopname,0,15
2020-08-26,383,Castricum,Noord-Holland,27,Overleden,0,9
2020-08-26,384,Diemen,Noord-Holland,27,Totaal,1,176
2020-08-26,384,Diemen,Noord-Holland,27,Ziekenhuisopname,0,17
2020-08-26,384,Diemen,Noord-Holland,27,Overleden,0,14
2020-08-26,385,Edam-Volendam,Noord-Holland,27,Totaal,0,138
2020-08-26,385,Edam-Volendam,Noord-Holland,27,Ziekenhuisopname,0,25
2020-08-26,385,Edam-Volendam,Noord-Holland,27,Overleden,0,3
2020-08-26,388,Enkhuizen,Noord-Holland,27,Totaal,0,32
2020-08-26,388,Enkhuizen,Noord-Holland,27,Ziekenhuisopname,0,18
2020-08-26,388,Enkhuizen,Noord-Holland,27,Overleden,0,4
2020-08-26,392,Haarlem,Noord-Holland,27,Totaal,6,461
2020-08-26,392,Haarlem,Noord-Holland,27,Ziekenhuisopname,0,61
2020-08-26,392,Haarlem,Noord-Holland,27,Overleden,0,58
2020-08-26,394,Haarlemmermeer,Noord-Holland,27,Totaal,4,467
2020-08-26,394,Haarlemmermeer,Noord-Holland,27,Ziekenhuisopname,0,70
2020-08-26,394,Haarlemmermeer,Noord-Holland,27,Overleden,0,28
2020-08-26,396,Heemskerk,Noord-Holland,27,Totaal,0,100
2020-08-26,396,Heemskerk,Noord-Holland,27,Ziekenhuisopname,0,29
2020-08-26,396,Heemskerk,Noord-Holland,27,Overleden,0,10
2020-08-26,397,Heemstede,Noord-Holland,27,Totaal,1,121
2020-08-26,397,Heemstede,Noord-Holland,27,Ziekenhuisopname,0,11
2020-08-26,397,Heemstede,Noord-Holland,27,Overleden,0,32
2020-08-26,398,Heerhugowaard,Noord-Holland,27,Totaal,5,186
2020-08-26,398,Heerhugowaard,Noord-Holland,27,Ziekenhuisopname,0,27
2020-08-26,398,Heerhugowaard,Noord-Holland,27,Overleden,0,9
2020-08-26,399,Heiloo,Noord-Holland,27,Totaal,1,54
2020-08-26,399,Heiloo,Noord-Holland,27,Ziekenhuisopname,0,10
2020-08-26,399,Heiloo,Noord-Holland,27,Overleden,0,8
2020-08-26,400,Den Helder,Noord-Holland,27,Totaal,0,53
2020-08-26,400,Den Helder,Noord-Holland,27,Ziekenhuisopname,0,12
2020-08-26,400,Den Helder,Noord-Holland,27,Overleden,0,2
2020-08-26,402,Hilversum,Noord-Holland,27,Totaal,8,314
2020-08-26,402,Hilversum,Noord-Holland,27,Ziekenhuisopname,0,35
2020-08-26,402,Hilversum,Noord-Holland,27,Overleden,0,24
2020-08-26,405,Hoorn,Noord-Holland,27,Totaal,1,146
2020-08-26,405,Hoorn,Noord-Holland,27,Ziekenhuisopname,0,35
2020-08-26,405,Hoorn,Noord-Holland,27,Overleden,0,12
2020-08-26,406,Huizen,Noord-Holland,27,Totaal,2,204
2020-08-26,406,Huizen,Noord-Holland,27,Ziekenhuisopname,0,23
2020-08-26,406,Huizen,Noord-Holland,27,Overleden,0,10
2020-08-26,415,Landsmeer,Noord-Holland,27,Totaal,0,35
2020-08-26,415,Landsmeer,Noord-Holland,27,Ziekenhuisopname,0,3
2020-08-26,415,Landsmeer,Noord-Holland,27,Overleden,0,3
2020-08-26,416,Langedijk,Noord-Holland,27,Totaal,1,58
2020-08-26,416,Langedijk,Noord-Holland,27,Ziekenhuisopname,0,16
2020-08-26,416,Langedijk,Noord-Holland,27,Overleden,0,4
2020-08-26,417,Laren,Noord-Holland,27,Totaal,1,41
2020-08-26,417,Laren,Noord-Holland,27,Ziekenhuisopname,0,8
2020-08-26,417,Laren,Noord-Holland,27,Overleden,0,2
2020-08-26,420,Medemblik,Noord-Holland,27,Totaal,0,80
2020-08-26,420,Medemblik,Noord-Holland,27,Ziekenhuisopname,0,19
2020-08-26,420,Medemblik,Noord-Holland,27,Overleden,0,6
2020-08-26,431,Oostzaan,Noord-Holland,27,Totaal,0,37
2020-08-26,431,Oostzaan,Noord-Holland,27,Ziekenhuisopname,0,10
2020-08-26,431,Oostzaan,Noord-Holland,27,Overleden,0,2
2020-08-26,432,Opmeer,Noord-Holland,27,Totaal,0,12
2020-08-26,432,Opmeer,Noord-Holland,27,Ziekenhuisopname,0,1
2020-08-26,432,Opmeer,Noord-Holland,27,Overleden,0,1
2020-08-26,437,Ouder-Amstel,Noord-Holland,27,Totaal,0,63
2020-08-26,437,Ouder-Amstel,Noord-Holland,27,Ziekenhuisopname,0,5
2020-08-26,437,Ouder-Amstel,Noord-Holland,27,Overleden,0,0
2020-08-26,439,Purmerend,Noord-Holland,27,Totaal,1,280
2020-08-26,439,Purmerend,Noord-Holland,27,Ziekenhuisopname,0,69
2020-08-26,439,Purmerend,Noord-Holland,27,Overleden,0,35
2020-08-26,441,Schagen,Noord-Holland,27,Totaal,0,84
2020-08-26,441,Schagen,Noord-Holland,27,Ziekenhuisopname,0,18
2020-08-26,441,Schagen,Noord-Holland,27,Overleden,0,10
2020-08-26,448,Texel,Noord-Holland,27,Totaal,0,11
2020-08-26,448,Texel,Noord-Holland,27,Ziekenhuisopname,0,5
2020-08-26,448,Texel,Noord-Holland,27,Overleden,0,2
2020-08-26,450,Uitgeest,Noord-Holland,27,Totaal,0,27
2020-08-26,450,Uitgeest,Noord-Holland,27,Ziekenhuisopname,0,5
2020-08-26,450,Uitgeest,Noord-Holland,27,Overleden,0,1
2020-08-26,451,Uithoorn,Noord-Holland,27,Totaal,1,79
2020-08-26,451,Uithoorn,Noord-Holland,27,Ziekenhuisopname,0,16
2020-08-26,451,Uithoorn,Noord-Holland,27,Overleden,0,2
2020-08-26,453,Velsen,Noord-Holland,27,Totaal,1,319
2020-08-26,453,Velsen,Noord-Holland,27,Ziekenhuisopname,0,32
2020-08-26,453,Velsen,Noord-Holland,27,Overleden,0,39
2020-08-26,457,Weesp,Noord-Holland,27,Totaal,0,97
2020-08-26,457,Weesp,Noord-Holland,27,Ziekenhuisopname,0,9
2020-08-26,457,Weesp,Noord-Holland,27,Overleden,0,13
2020-08-26,473,Zandvoort,Noord-Holland,27,Totaal,0,72
2020-08-26,473,Zandvoort,Noord-Holland,27,Ziekenhuisopname,0,10
2020-08-26,473,Zandvoort,Noord-Holland,27,Overleden,0,8
2020-08-26,479,Zaanstad,Noord-Holland,27,Totaal,4,587
2020-08-26,479,Zaanstad,Noord-Holland,27,Ziekenhuisopname,0,121
2020-08-26,479,Zaanstad,Noord-Holland,27,Overleden,0,48
2020-08-26,482,Alblasserdam,Zuid-Holland,28,Totaal,0,52
2020-08-26,482,Alblasserdam,Zuid-Holland,28,Ziekenhuisopname,0,11
2020-08-26,482,Alblasserdam,Zuid-Holland,28,Overleden,0,4
2020-08-26,484,Alphen aan den Rijn,Zuid-Holland,28,Totaal,1,286
2020-08-26,484,Alphen aan den Rijn,Zuid-Holland,28,Ziekenhuisopname,1,64
2020-08-26,484,Alphen aan den Rijn,Zuid-Holland,28,Overleden,0,25
2020-08-26,489,Barendrecht,Zuid-Holland,28,Totaal,3,212
2020-08-26,489,Barendrecht,Zuid-Holland,28,Ziekenhuisopname,0,40
2020-08-26,489,Barendrecht,Zuid-Holland,28,Overleden,0,12
2020-08-26,498,Drechterland,Noord-Holland,27,Totaal,0,46
2020-08-26,498,Drechterland,Noord-Holland,27,Ziekenhuisopname,0,5
2020-08-26,498,Drechterland,Noord-Holland,27,Overleden,0,8
2020-08-26,501,Brielle,Zuid-Holland,28,Totaal,0,49
2020-08-26,501,Brielle,Zuid-Holland,28,Ziekenhuisopname,0,12
2020-08-26,501,Brielle,Zuid-Holland,28,Overleden,0,0
2020-08-26,502,Capelle aan den IJssel,Zuid-Holland,28,Totaal,2,461
2020-08-26,502,Capelle aan den IJssel,Zuid-Holland,28,Ziekenhuisopname,1,57
2020-08-26,502,Capelle aan den IJssel,Zuid-Holland,28,Overleden,0,55
2020-08-26,503,Delft,Zuid-Holland,28,Totaal,8,265
2020-08-26,503,Delft,Zuid-Holland,28,Ziekenhuisopname,0,38
2020-08-26,503,Delft,Zuid-Holland,28,Overleden,0,12
2020-08-26,505,Dordrecht,Zuid-Holland,28,Totaal,5,698
2020-08-26,505,Dordrecht,Zuid-Holland,28,Ziekenhuisopname,0,91
2020-08-26,505,Dordrecht,Zuid-Holland,28,Overleden,0,63
2020-08-26,512,Gorinchem,Zuid-Holland,28,Totaal,1,212
2020-08-26,512,Gorinchem,Zuid-Holland,28,Ziekenhuisopname,0,19
2020-08-26,512,Gorinchem,Zuid-Holland,28,Overleden,0,15
2020-08-26,513,Gouda,Zuid-Holland,28,Totaal,5,487
2020-08-26,513,Gouda,Zuid-Holland,28,Ziekenhuisopname,0,45
2020-08-26,513,Gouda,Zuid-Holland,28,Overleden,0,41
2020-08-26,518,'s-Gravenhage,Zuid-Holland,28,Totaal,53,3132
2020-08-26,518,'s-Gravenhage,Zuid-Holland,28,Ziekenhuisopname,2,366
2020-08-26,518,'s-Gravenhage,Zuid-Holland,28,Overleden,1,257
2020-08-26,523,Hardinxveld-Giessendam,Zuid-Holland,28,Totaal,0,50
2020-08-26,523,Hardinxveld-Giessendam,Zuid-Holland,28,Ziekenhuisopname,0,2
2020-08-26,523,Hardinxveld-Giessendam,Zuid-Holland,28,Overleden,0,2
2020-08-26,530,Hellevoetsluis,Zuid-Holland,28,Totaal,2,114
2020-08-26,530,Hellevoetsluis,Zuid-Holland,28,Ziekenhuisopname,0,16
2020-08-26,530,Hellevoetsluis,Zuid-Holland,28,Overleden,0,3
2020-08-26,531,Hendrik-Ido-Ambacht,Zuid-Holland,28,Totaal,1,104
2020-08-26,531,Hendrik-Ido-Ambacht,Zuid-Holland,28,Ziekenhuisopname,0,11
2020-08-26,531,Hendrik-Ido-Ambacht,Zuid-Holland,28,Overleden,0,6
2020-08-26,532,Stede Broec,Noord-Holland,27,Totaal,0,54
2020-08-26,532,Stede Broec,Noord-Holland,27,Ziekenhuisopname,0,18
2020-08-26,532,Stede Broec,Noord-Holland,27,Overleden,0,5
2020-08-26,534,Hillegom,Zuid-Holland,28,Totaal,1,92
2020-08-26,534,Hillegom,Zuid-Holland,28,Ziekenhuisopname,0,8
2020-08-26,534,Hillegom,Zuid-Holland,28,Overleden,0,2
2020-08-26,537,Katwijk,Zuid-Holland,28,Totaal,2,303
2020-08-26,537,Katwijk,Zuid-Holland,28,Ziekenhuisopname,0,31
2020-08-26,537,Katwijk,Zuid-Holland,28,Overleden,0,15
2020-08-26,542,Krimpen aan den IJssel,Zuid-Holland,28,Totaal,0,107
2020-08-26,542,Krimpen aan den IJssel,Zuid-Holland,28,Ziekenhuisopname,0,11
2020-08-26,542,Krimpen aan den IJssel,Zuid-Holland,28,Overleden,0,8
2020-08-26,546,Leiden,Zuid-Holland,28,Totaal,1,280
2020-08-26,546,Leiden,Zuid-Holland,28,Ziekenhuisopname,0,41
2020-08-26,546,Leiden,Zuid-Holland,28,Overleden,0,22
2020-08-26,547,Leiderdorp,Zuid-Holland,28,Totaal,0,56
2020-08-26,547,Leiderdorp,Zuid-Holland,28,Ziekenhuisopname,0,14
2020-08-26,547,Leiderdorp,Zuid-Holland,28,Overleden,0,6
2020-08-26,553,Lisse,Zuid-Holland,28,Totaal,1,48
2020-08-26,553,Lisse,Zuid-Holland,28,Ziekenhuisopname,0,8
2020-08-26,553,Lisse,Zuid-Holland,28,Overleden,0,2
2020-08-26,556,Maassluis,Zuid-Holland,28,Totaal,0,155
2020-08-26,556,Maassluis,Zuid-Holland,28,Ziekenhuisopname,0,21
2020-08-26,556,Maassluis,Zuid-Holland,28,Overleden,0,9
2020-08-26,569,Nieuwkoop,Zuid-Holland,28,Totaal,0,61
2020-08-26,569,Nieuwkoop,Zuid-Holland,28,Ziekenhuisopname,0,9
2020-08-26,569,Nieuwkoop,Zuid-Holland,28,Overleden,0,5
2020-08-26,575,Noordwijk,Zuid-Holland,28,Totaal,0,76
2020-08-26,575,Noordwijk,Zuid-Holland,28,Ziekenhuisopname,0,19
2020-08-26,575,Noordwijk,Zuid-Holland,28,Overleden,0,3
2020-08-26,579,Oegstgeest,Zuid-Holland,28,Totaal,1,58
2020-08-26,579,Oegstgeest,Zuid-Holland,28,Ziekenhuisopname,0,8
2020-08-26,579,Oegstgeest,Zuid-Holland,28,Overleden,0,3
2020-08-26,589,Oudewater,Utrecht,26,Totaal,1,67
2020-08-26,589,Oudewater,Utrecht,26,Ziekenhuisopname,0,26
2020-08-26,589,Oudewater,Utrecht,26,Overleden,0,9
2020-08-26,590,Papendrecht,Zuid-Holland,28,Totaal,0,96
2020-08-26,590,Papendrecht,Zuid-Holland,28,Ziekenhuisopname,0,9
2020-08-26,590,Papendrecht,Zuid-Holland,28,Overleden,0,8
2020-08-26,597,Ridderkerk,Zuid-Holland,28,Totaal,3,212
2020-08-26,597,Ridderkerk,Zuid-Holland,28,Ziekenhuisopname,0,38
2020-08-26,597,Ridderkerk,Zuid-Holland,28,Overleden,0,17
2020-08-26,599,Rotterdam,Zuid-Holland,28,Totaal,65,5423
2020-08-26,599,Rotterdam,Zuid-Holland,28,Ziekenhuisopname,6,570
2020-08-26,599,Rotterdam,Zuid-Holland,28,Overleden,1,356
2020-08-26,603,Rijswijk,Zuid-Holland,28,Totaal,4,236
2020-08-26,603,Rijswijk,Zuid-Holland,28,Ziekenhuisopname,0,38
2020-08-26,603,Rijswijk,Zuid-Holland,28,Overleden,0,23
2020-08-26,606,Schiedam,Zuid-Holland,28,Totaal,6,476
2020-08-26,606,Schiedam,Zuid-Holland,28,Ziekenhuisopname,0,59
2020-08-26,606,Schiedam,Zuid-Holland,28,Overleden,0,23
2020-08-26,610,Sliedrecht,Zuid-Holland,28,Totaal,1,80
2020-08-26,610,Sliedrecht,Zuid-Holland,28,Ziekenhuisopname,0,9
2020-08-26,610,Sliedrecht,Zuid-Holland,28,Overleden,0,5
2020-08-26,613,Albrandswaard,Zuid-Holland,28,Totaal,0,142
2020-08-26,613,Albrandswaard,Zuid-Holland,28,Ziekenhuisopname,0,14
2020-08-26,613,Albrandswaard,Zuid-Holland,28,Overleden,0,8
2020-08-26,614,Westvoorne,Zuid-Holland,28,Totaal,0,38
2020-08-26,614,Westvoorne,Zuid-Holland,28,Ziekenhuisopname,0,6
2020-08-26,614,Westvoorne,Zuid-Holland,28,Overleden,0,0
2020-08-26,622,Vlaardingen,Zuid-Holland,28,Totaal,7,464
2020-08-26,622,Vlaardingen,Zuid-Holland,28,Ziekenhuisopname,0,45
2020-08-26,622,Vlaardingen,Zuid-Holland,28,Overleden,0,30
2020-08-26,626,Voorschoten,Zuid-Holland,28,Totaal,0,81
2020-08-26,626,Voorschoten,Zuid-Holland,28,Ziekenhuisopname,0,9
2020-08-26,626,Voorschoten,Zuid-Holland,28,Overleden,0,11
2020-08-26,627,Waddinxveen,Zuid-Holland,28,Totaal,2,145
2020-08-26,627,Waddinxveen,Zuid-Holland,28,Ziekenhuisopname,0,18
2020-08-26,627,Waddinxveen,Zuid-Holland,28,Overleden,0,7
2020-08-26,629,Wassenaar,Zuid-Holland,28,Totaal,0,73
2020-08-26,629,Wassenaar,Zuid-Holland,28,Ziekenhuisopname,0,9
2020-08-26,629,Wassenaar,Zuid-Holland,28,Overleden,0,12
2020-08-26,632,Woerden,Utrecht,26,Totaal,3,213
2020-08-26,632,Woerden,Utrecht,26,Ziekenhuisopname,0,50
2020-08-26,632,Woerden,Utrecht,26,Overleden,0,20
2020-08-26,637,Zoetermeer,Zuid-Holland,28,Totaal,7,373
2020-08-26,637,Zoetermeer,Zuid-Holland,28,Ziekenhuisopname,0,54
2020-08-26,637,Zoetermeer,Zuid-Holland,28,Overleden,0,14
2020-08-26,638,Zoeterwoude,Zuid-Holland,28,Totaal,0,18
2020-08-26,638,Zoeterwoude,Zuid-Holland,28,Ziekenhuisopname,0,3
2020-08-26,638,Zoeterwoude,Zuid-Holland,28,Overleden,0,1
2020-08-26,642,Zwijndrecht,Zuid-Holland,28,Totaal,0,212
2020-08-26,642,Zwijndrecht,Zuid-Holland,28,Ziekenhuisopname,0,23
2020-08-26,642,Zwijndrecht,Zuid-Holland,28,Overleden,0,26
2020-08-26,654,Borsele,Zeeland,29,Totaal,0,30
2020-08-26,654,Borsele,Zeeland,29,Ziekenhuisopname,0,5
2020-08-26,654,Borsele,Zeeland,29,Overleden,0,1
2020-08-26,664,Goes,Zeeland,29,Totaal,1,172
2020-08-26,664,Goes,Zeeland,29,Ziekenhuisopname,0,12
2020-08-26,664,Goes,Zeeland,29,Overleden,2,13
2020-08-26,668,West Maas en Waal,Gelderland,25,Totaal,0,86
2020-08-26,668,West Maas en Waal,Gelderland,25,Ziekenhuisopname,0,20
2020-08-26,668,West Maas en Waal,Gelderland,25,Overleden,0,9
2020-08-26,677,Hulst,Zeeland,29,Totaal,0,42
2020-08-26,677,Hulst,Zeeland,29,Ziekenhuisopname,0,9
2020-08-26,677,Hulst,Zeeland,29,Overleden,0,5
2020-08-26,678,Kapelle,Zeeland,29,Totaal,0,31
2020-08-26,678,Kapelle,Zeeland,29,Ziekenhuisopname,0,3
2020-08-26,678,Kapelle,Zeeland,29,Overleden,0,1
2020-08-26,687,Middelburg,Zeeland,29,Totaal,0,109
2020-08-26,687,Middelburg,Zeeland,29,Ziekenhuisopname,0,18
2020-08-26,687,Middelburg,Zeeland,29,Overleden,0,10
2020-08-26,703,Reimerswaal,Zeeland,29,Totaal,0,44
2020-08-26,703,Reimerswaal,Zeeland,29,Ziekenhuisopname,0,4
2020-08-26,703,Reimerswaal,Zeeland,29,Overleden,0,2
2020-08-26,715,Terneuzen,Zeeland,29,Totaal,0,136
2020-08-26,715,Terneuzen,Zeeland,29,Ziekenhuisopname,0,25
2020-08-26,715,Terneuzen,Zeeland,29,Overleden,0,4
2020-08-26,716,Tholen,Zeeland,29,Totaal,0,179
2020-08-26,716,Tholen,Zeeland,29,Ziekenhuisopname,0,40
2020-08-26,716,Tholen,Zeeland,29,Overleden,0,16
2020-08-26,717,Veere,Zeeland,29,Totaal,0,46
2020-08-26,717,Veere,Zeeland,29,Ziekenhuisopname,0,6
2020-08-26,717,Veere,Zeeland,29,Overleden,0,2
2020-08-26,718,Vlissingen,Zeeland,29,Totaal,0,97
2020-08-26,718,Vlissingen,Zeeland,29,Ziekenhuisopname,0,9
2020-08-26,718,Vlissingen,Zeeland,29,Overleden,0,5
2020-08-26,736,De Ronde Venen,Utrecht,26,Totaal,3,149
2020-08-26,736,De Ronde Venen,Utrecht,26,Ziekenhuisopname,0,39
2020-08-26,736,De Ronde Venen,Utrecht,26,Overleden,0,13
2020-08-26,737,Tytsjerksteradiel,Friesland,21,Totaal,1,22
2020-08-26,737,Tytsjerksteradiel,Friesland,21,Ziekenhuisopname,0,4
2020-08-26,737,Tytsjerksteradiel,Friesland,21,Overleden,0,1
2020-08-26,743,Asten,Noord-Brabant,30,Totaal,1,81
2020-08-26,743,Asten,Noord-Brabant,30,Ziekenhuisopname,0,18
2020-08-26,743,Asten,Noord-Brabant,30,Overleden,0,12
2020-08-26,744,Baarle-Nassau,Noord-Brabant,30,Totaal,1,30
2020-08-26,744,Baarle-Nassau,Noord-Brabant,30,Ziekenhuisopname,0,9
2020-08-26,744,Baarle-Nassau,Noord-Brabant,30,Overleden,0,2
2020-08-26,748,Bergen op Zoom,Noord-Brabant,30,Totaal,3,411
2020-08-26,748,Bergen op Zoom,Noord-Brabant,30,Ziekenhuisopname,0,26
2020-08-26,748,Bergen op Zoom,Noord-Brabant,30,Overleden,0,13
2020-08-26,753,Best,Noord-Brabant,30,Totaal,0,98
2020-08-26,753,Best,Noord-Brabant,30,Ziekenhuisopname,0,31
2020-08-26,753,Best,Noord-Brabant,30,Overleden,0,10
2020-08-26,755,Boekel,Noord-Brabant,30,Totaal,0,89
2020-08-26,755,Boekel,Noord-Brabant,30,Ziekenhuisopname,0,34
2020-08-26,755,Boekel,Noord-Brabant,30,Overleden,0,20
2020-08-26,756,Boxmeer,Noord-Brabant,30,Totaal,1,136
2020-08-26,756,Boxmeer,Noord-Brabant,30,Ziekenhuisopname,0,20
2020-08-26,756,Boxmeer,Noord-Brabant,30,Overleden,0,27
2020-08-26,757,Boxtel,Noord-Brabant,30,Totaal,1,143
2020-08-26,757,Boxtel,Noord-Brabant,30,Ziekenhuisopname,0,24
2020-08-26,757,Boxtel,Noord-Brabant,30,Overleden,0,26
2020-08-26,758,Breda,Noord-Brabant,30,Totaal,7,877
2020-08-26,758,Breda,Noord-Brabant,30,Ziekenhuisopname,0,146
2020-08-26,758,Breda,Noord-Brabant,30,Overleden,0,67
2020-08-26,762,Deurne,Noord-Brabant,30,Totaal,1,211
2020-08-26,762,Deurne,Noord-Brabant,30,Ziekenhuisopname,0,56
2020-08-26,762,Deurne,Noord-Brabant,30,Overleden,0,25
2020-08-26,765,Pekela,Groningen,20,Totaal,0,7
2020-08-26,765,Pekela,Groningen,20,Ziekenhuisopname,0,4
2020-08-26,765,Pekela,Groningen,20,Overleden,0,0
2020-08-26,766,Dongen,Noord-Brabant,30,Totaal,1,99
2020-08-26,766,Dongen,Noord-Brabant,30,Ziekenhuisopname,0,20
2020-08-26,766,Dongen,Noord-Brabant,30,Overleden,0,13
2020-08-26,770,Eersel,Noord-Brabant,30,Totaal,1,76
2020-08-26,770,Eersel,Noord-Brabant,30,Ziekenhuisopname,0,27
2020-08-26,770,Eersel,Noord-Brabant,30,Overleden,0,10
2020-08-26,772,Eindhoven,Noord-Brabant,30,Totaal,10,700
2020-08-26,772,Eindhoven,Noord-Brabant,30,Ziekenhuisopname,0,183
2020-08-26,772,Eindhoven,Noord-Brabant,30,Overleden,0,87
2020-08-26,777,Etten-Leur,Noord-Brabant,30,Totaal,0,237
2020-08-26,777,Etten-Leur,Noord-Brabant,30,Ziekenhuisopname,0,42
2020-08-26,777,Etten-Leur,Noord-Brabant,30,Overleden,0,30
2020-08-26,779,Geertruidenberg,Noord-Brabant,30,Totaal,1,56
2020-08-26,779,Geertruidenberg,Noord-Brabant,30,Ziekenhuisopname,1,12
2020-08-26,779,Geertruidenberg,Noord-Brabant,30,Overleden,0,6
2020-08-26,784,Gilze en Rijen,Noord-Brabant,30,Totaal,0,115
2020-08-26,784,Gilze en Rijen,Noord-Brabant,30,Ziekenhuisopname,0,20
2020-08-26,784,Gilze en Rijen,Noord-Brabant,30,Overleden,0,15
2020-08-26,785,Goirle,Noord-Brabant,30,Totaal,2,98
2020-08-26,785,Goirle,Noord-Brabant,30,Ziekenhuisopname,0,32
2020-08-26,785,Goirle,Noord-Brabant,30,Overleden,0,17
2020-08-26,786,Grave,Noord-Brabant,30,Totaal,3,76
2020-08-26,786,Grave,Noord-Brabant,30,Ziekenhuisopname,0,21
2020-08-26,786,Grave,Noord-Brabant,30,Overleden,0,11
2020-08-26,788,Haaren,Noord-Brabant,30,Totaal,0,66
2020-08-26,788,Haaren,Noord-Brabant,30,Ziekenhuisopname,0,18
2020-08-26,788,Haaren,Noord-Brabant,30,Overleden,0,8
2020-08-26,794,Helmond,Noord-Brabant,30,Totaal,6,509
2020-08-26,794,Helmond,Noord-Brabant,30,Ziekenhuisopname,0,118
2020-08-26,794,Helmond,Noord-Brabant,30,Overleden,0,43
2020-08-26,796,'s-Hertogenbosch,Noord-Brabant,30,Totaal,11,650
2020-08-26,796,'s-Hertogenbosch,Noord-Brabant,30,Ziekenhuisopname,0,129
2020-08-26,796,'s-Hertogenbosch,Noord-Brabant,30,Overleden,0,78
2020-08-26,797,Heusden,Noord-Brabant,30,Totaal,2,182
2020-08-26,797,Heusden,Noord-Brabant,30,Ziekenhuisopname,0,45
2020-08-26,797,Heusden,Noord-Brabant,30,Overleden,0,23
2020-08-26,798,Hilvarenbeek,Noord-Brabant,30,Totaal,1,58
2020-08-26,798,Hilvarenbeek,Noord-Brabant,30,Ziekenhuisopname,0,9
2020-08-26,798,Hilvarenbeek,Noord-Brabant,30,Overleden,0,6
2020-08-26,809,Loon op Zand,Noord-Brabant,30,Totaal,1,74
2020-08-26,809,Loon op Zand,Noord-Brabant,30,Ziekenhuisopname,0,25
2020-08-26,809,Loon op Zand,Noord-Brabant,30,Overleden,0,7
2020-08-26,815,Mill en Sint Hubert,Noord-Brabant,30,Totaal,0,44
2020-08-26,815,Mill en Sint Hubert,Noord-Brabant,30,Ziekenhuisopname,0,9
2020-08-26,815,Mill en Sint Hubert,Noord-Brabant,30,Overleden,0,5
2020-08-26,820,"Nuenen, Gerwen en Nederwetten",Noord-Brabant,30,Totaal,1,68
2020-08-26,820,"Nuenen, Gerwen en Nederwetten",Noord-Brabant,30,Ziekenhuisopname,0,18
2020-08-26,820,"Nuenen, Gerwen en Nederwetten",Noord-Brabant,30,Overleden,0,9
2020-08-26,823,Oirschot,Noord-Brabant,30,Totaal,3,82
2020-08-26,823,Oirschot,Noord-Brabant,30,Ziekenhuisopname,0,13
2020-08-26,823,Oirschot,Noord-Brabant,30,Overleden,0,9
2020-08-26,824,Oisterwijk,Noord-Brabant,30,Totaal,0,88
2020-08-26,824,Oisterwijk,Noord-Brabant,30,Ziekenhuisopname,0,23
2020-08-26,824,Oisterwijk,Noord-Brabant,30,Overleden,0,11
2020-08-26,826,Oosterhout,Noord-Brabant,30,Totaal,6,200
2020-08-26,826,Oosterhout,Noord-Brabant,30,Ziekenhuisopname,0,48
2020-08-26,826,Oosterhout,Noord-Brabant,30,Overleden,0,17
2020-08-26,828,Oss,Noord-Brabant,30,Totaal,4,550
2020-08-26,828,Oss,Noord-Brabant,30,Ziekenhuisopname,0,166
2020-08-26,828,Oss,Noord-Brabant,30,Overleden,0,88
2020-08-26,840,Rucphen,Noord-Brabant,30,Totaal,0,74
2020-08-26,840,Rucphen,Noord-Brabant,30,Ziekenhuisopname,0,10
2020-08-26,840,Rucphen,Noord-Brabant,30,Overleden,0,10
2020-08-26,845,Sint-Michielsgestel,Noord-Brabant,30,Totaal,1,126
2020-08-26,845,Sint-Michielsgestel,Noord-Brabant,30,Ziekenhuisopname,0,36
2020-08-26,845,Sint-Michielsgestel,Noord-Brabant,30,Overleden,0,19
2020-08-26,847,Someren,Noord-Brabant,30,Totaal,2,116
2020-08-26,847,Someren,Noord-Brabant,30,Ziekenhuisopname,0,33
2020-08-26,847,Someren,Noord-Brabant,30,Overleden,0,8
2020-08-26,848,Son en Breugel,Noord-Brabant,30,Totaal,0,76
2020-08-26,848,Son en Breugel,Noord-Brabant,30,Ziekenhuisopname,0,31
2020-08-26,848,Son en Breugel,Noord-Brabant,30,Overleden,0,14
2020-08-26,851,Steenbergen,Noord-Brabant,30,Totaal,0,105
2020-08-26,851,Steenbergen,Noord-Brabant,30,Ziekenhuisopname,0,13
2020-08-26,851,Steenbergen,Noord-Brabant,30,Overleden,0,13
2020-08-26,852,Waterland,Noord-Holland,27,Totaal,0,51
2020-08-26,852,Waterland,Noord-Holland,27,Ziekenhuisopname,0,16
2020-08-26,852,Waterland,Noord-Holland,27,Overleden,0,4
2020-08-26,855,Tilburg,Noord-Brabant,30,Totaal,12,1046
2020-08-26,855,Tilburg,Noord-Brabant,30,Ziekenhuisopname,0,253
2020-08-26,855,Tilburg,Noord-Brabant,30,Overleden,0,163
2020-08-26,856,Uden,Noord-Brabant,30,Totaal,0,273
2020-08-26,856,Uden,Noord-Brabant,30,Ziekenhuisopname,0,115
2020-08-26,856,Uden,Noord-Brabant,30,Overleden,0,63
2020-08-26,858,Valkenswaard,Noord-Brabant,30,Totaal,0,194
2020-08-26,858,Valkenswaard,Noord-Brabant,30,Ziekenhuisopname,0,19
2020-08-26,858,Valkenswaard,Noord-Brabant,30,Overleden,0,37
2020-08-26,861,Veldhoven,Noord-Brabant,30,Totaal,2,154
2020-08-26,861,Veldhoven,Noord-Brabant,30,Ziekenhuisopname,0,31
2020-08-26,861,Veldhoven,Noord-Brabant,30,Overleden,0,16
2020-08-26,865,Vught,Noord-Brabant,30,Totaal,0,121
2020-08-26,865,Vught,Noord-Brabant,30,Ziekenhuisopname,0,43
2020-08-26,865,Vught,Noord-Brabant,30,Overleden,0,17
2020-08-26,866,Waalre,Noord-Brabant,30,Totaal,0,40
2020-08-26,866,Waalre,Noord-Brabant,30,Ziekenhuisopname,0,7
2020-08-26,866,Waalre,Noord-Brabant,30,Overleden,0,5
2020-08-26,867,Waalwijk,Noord-Brabant,30,Totaal,1,225
2020-08-26,867,Waalwijk,Noord-Brabant,30,Ziekenhuisopname,0,36
2020-08-26,867,Waalwijk,Noord-Brabant,30,Overleden,0,37
2020-08-26,873,Woensdrecht,Noord-Brabant,30,Totaal,0,87
2020-08-26,873,Woensdrecht,Noord-Brabant,30,Ziekenhuisopname,0,5
2020-08-26,873,Woensdrecht,Noord-Brabant,30,Overleden,0,7
2020-08-26,879,Zundert,Noord-Brabant,30,Totaal,1,117
2020-08-26,879,Zundert,Noord-Brabant,30,Ziekenhuisopname,0,24
2020-08-26,879,Zundert,Noord-Brabant,30,Overleden,0,11
2020-08-26,880,Wormerland,Noord-Holland,27,Totaal,0,55
2020-08-26,880,Wormerland,Noord-Holland,27,Ziekenhuisopname,0,20
2020-08-26,880,Wormerland,Noord-Holland,27,Overleden,0,6
2020-08-26,882,Landgraaf,Limburg,31,Totaal,0,150
2020-08-26,882,Landgraaf,Limburg,31,Ziekenhuisopname,0,52
2020-08-26,882,Landgraaf,Limburg,31,Overleden,0,13
2020-08-26,888,Beek,Limburg,31,Totaal,2,46
2020-08-26,888,Beek,Limburg,31,Ziekenhuisopname,0,16
2020-08-26,888,Beek,Limburg,31,Overleden,0,6
2020-08-26,889,Beesel,Limburg,31,Totaal,0,50
2020-08-26,889,Beesel,Limburg,31,Ziekenhuisopname,0,20
2020-08-26,889,Beesel,Limburg,31,Overleden,0,8
2020-08-26,893,Bergen (L.),Limburg,31,Totaal,0,26
2020-08-26,893,Bergen (L.),Limburg,31,Ziekenhuisopname,0,7
2020-08-26,893,Bergen (L.),Limburg,31,Overleden,0,2
2020-08-26,899,Brunssum,Limburg,31,Totaal,1,119
2020-08-26,899,Brunssum,Limburg,31,Ziekenhuisopname,0,44
2020-08-26,899,Brunssum,Limburg,31,Overleden,0,19
2020-08-26,907,Gennep,Limburg,31,Totaal,1,78
2020-08-26,907,Gennep,Limburg,31,Ziekenhuisopname,0,16
2020-08-26,907,Gennep,Limburg,31,Overleden,0,10
2020-08-26,917,Heerlen,Limburg,31,Totaal,3,418
2020-08-26,917,Heerlen,Limburg,31,Ziekenhuisopname,0,125
2020-08-26,917,Heerlen,Limburg,31,Overleden,0,54
2020-08-26,928,Kerkrade,Limburg,31,Totaal,0,216
2020-08-26,928,Kerkrade,Limburg,31,Ziekenhuisopname,0,64
2020-08-26,928,Kerkrade,Limburg,31,Overleden,0,35
2020-08-26,935,Maastricht,Limburg,31,Totaal,5,969
2020-08-26,935,Maastricht,Limburg,31,Ziekenhuisopname,0,188
2020-08-26,935,Maastricht,Limburg,31,Overleden,0,140
2020-08-26,938,Meerssen,Limburg,31,Totaal,0,125
2020-08-26,938,Meerssen,Limburg,31,Ziekenhuisopname,0,22
2020-08-26,938,Meerssen,Limburg,31,Overleden,0,13
2020-08-26,944,Mook en Middelaar,Limburg,31,Totaal,0,42
2020-08-26,944,Mook en Middelaar,Limburg,31,Ziekenhuisopname,0,6
2020-08-26,944,Mook en Middelaar,Limburg,31,Overleden,0,5
2020-08-26,946,Nederweert,Limburg,31,Totaal,0,55
2020-08-26,946,Nederweert,Limburg,31,Ziekenhuisopname,0,31
2020-08-26,946,Nederweert,Limburg,31,Overleden,0,7
2020-08-26,957,Roermond,Limburg,31,Totaal,0,179
2020-08-26,957,Roermond,Limburg,31,Ziekenhuisopname,0,59
2020-08-26,957,Roermond,Limburg,31,Overleden,0,23
2020-08-26,965,Simpelveld,Limburg,31,Totaal,0,49
2020-08-26,965,Simpelveld,Limburg,31,Ziekenhuisopname,0,19
2020-08-26,965,Simpelveld,Limburg,31,Overleden,0,5
2020-08-26,971,Stein,Limburg,31,Totaal,1,132
2020-08-26,971,Stein,Limburg,31,Ziekenhuisopname,0,43
2020-08-26,971,Stein,Limburg,31,Overleden,0,15
2020-08-26,981,Vaals,Limburg,31,Totaal,0,31
2020-08-26,981,Vaals,Limburg,31,Ziekenhuisopname,0,10
2020-08-26,981,Vaals,Limburg,31,Overleden,0,2
2020-08-26,983,Venlo,Limburg,31,Totaal,3,377
2020-08-26,983,Venlo,Limburg,31,Ziekenhuisopname,0,129
2020-08-26,983,Venlo,Limburg,31,Overleden,0,63
2020-08-26,984,Venray,Limburg,31,Totaal,2,148
2020-08-26,984,Venray,Limburg,31,Ziekenhuisopname,0,37
2020-08-26,984,Venray,Limburg,31,Overleden,0,17
2020-08-26,986,Voerendaal,Limburg,31,Totaal,0,51
2020-08-26,986,Voerendaal,Limburg,31,Ziekenhuisopname,0,17
2020-08-26,986,Voerendaal,Limburg,31,Overleden,0,8
2020-08-26,988,Weert,Limburg,31,Totaal,1,160
2020-08-26,988,Weert,Limburg,31,Ziekenhuisopname,0,67
2020-08-26,988,Weert,Limburg,31,Overleden,0,14
2020-08-26,994,Valkenburg aan de Geul,Limburg,31,Totaal,0,90
2020-08-26,994,Valkenburg aan de Geul,Limburg,31,Ziekenhuisopname,0,19
2020-08-26,994,Valkenburg aan de Geul,Limburg,31,Overleden,0,7
2020-08-26,995,Lelystad,Flevoland,24,Totaal,2,227
2020-08-26,995,Lelystad,Flevoland,24,Ziekenhuisopname,0,66
2020-08-26,995,Lelystad,Flevoland,24,Overleden,0,29
2020-08-26,1507,Horst aan de Maas,Limburg,31,Totaal,0,147
2020-08-26,1507,Horst aan de Maas,Limburg,31,Ziekenhuisopname,0,41
2020-08-26,1507,Horst aan de Maas,Limburg,31,Overleden,0,24
2020-08-26,1509,Oude IJsselstreek,Gelderland,25,Totaal,0,86
2020-08-26,1509,Oude IJsselstreek,Gelderland,25,Ziekenhuisopname,0,21
2020-08-26,1509,Oude IJsselstreek,Gelderland,25,Overleden,0,9
2020-08-26,1525,Teylingen,Zuid-Holland,28,Totaal,0,86
2020-08-26,1525,Teylingen,Zuid-Holland,28,Ziekenhuisopname,0,15
2020-08-26,1525,Teylingen,Zuid-Holland,28,Overleden,0,2
2020-08-26,1581,Utrechtse Heuvelrug,Utrecht,26,Totaal,1,142
2020-08-26,1581,Utrechtse Heuvelrug,Utrecht,26,Ziekenhuisopname,0,28
2020-08-26,1581,Utrechtse Heuvelrug,Utrecht,26,Overleden,0,14
2020-08-26,1586,Oost Gelre,Gelderland,25,Totaal,0,79
2020-08-26,1586,Oost Gelre,Gelderland,25,Ziekenhuisopname,0,18
2020-08-26,1586,Oost Gelre,Gelderland,25,Overleden,0,6
2020-08-26,1598,Koggenland,Noord-Holland,27,Totaal,1,42
2020-08-26,1598,Koggenland,Noord-Holland,27,Ziekenhuisopname,0,6
2020-08-26,1598,Koggenland,Noord-Holland,27,Overleden,0,6
2020-08-26,1621,Lansingerland,Zuid-Holland,28,Totaal,3,267
2020-08-26,1621,Lansingerland,Zuid-Holland,28,Ziekenhuisopname,0,43
2020-08-26,1621,Lansingerland,Zuid-Holland,28,Overleden,0,25
2020-08-26,1640,Leudal,Limburg,31,Totaal,0,199
2020-08-26,1640,Leudal,Limburg,31,Ziekenhuisopname,0,54
2020-08-26,1640,Leudal,Limburg,31,Overleden,0,33
2020-08-26,1641,Maasgouw,Limburg,31,Totaal,0,110
2020-08-26,1641,Maasgouw,Limburg,31,Ziekenhuisopname,0,27
2020-08-26,1641,Maasgouw,Limburg,31,Overleden,0,15
2020-08-26,1652,Gemert-Bakel,Noord-Brabant,30,Totaal,2,233
2020-08-26,1652,Gemert-Bakel,Noord-Brabant,30,Ziekenhuisopname,0,79
2020-08-26,1652,Gemert-Bakel,Noord-Brabant,30,Overleden,0,32
2020-08-26,1655,Halderberge,Noord-Brabant,30,Totaal,3,95
2020-08-26,1655,Halderberge,Noord-Brabant,30,Ziekenhuisopname,0,14
2020-08-26,1655,Halderberge,Noord-Brabant,30,Overleden,0,7
2020-08-26,1658,Heeze-Leende,Noord-Brabant,30,Totaal,0,79
2020-08-26,1658,Heeze-Leende,Noord-Brabant,30,Ziekenhuisopname,0,16
2020-08-26,1658,Heeze-Leende,Noord-Brabant,30,Overleden,0,8
2020-08-26,1659,Laarbeek,Noord-Brabant,30,Totaal,1,136
2020-08-26,1659,Laarbeek,Noord-Brabant,30,Ziekenhuisopname,0,41
2020-08-26,1659,Laarbeek,Noord-Brabant,30,Overleden,0,26
2020-08-26,1667,Reusel-De Mierden,Noord-Brabant,30,Totaal,0,30
2020-08-26,1667,Reusel-De Mierden,Noord-Brabant,30,Ziekenhuisopname,0,11
2020-08-26,1667,Reusel-De Mierden,Noord-Brabant,30,Overleden,0,2
2020-08-26,1669,Roerdalen,Limburg,31,Totaal,1,60
2020-08-26,1669,Roerdalen,Limburg,31,Ziekenhuisopname,0,27
2020-08-26,1669,Roerdalen,Limburg,31,Overleden,0,8
2020-08-26,1674,Roosendaal,Noord-Brabant,30,Totaal,1,327
2020-08-26,1674,Roosendaal,Noord-Brabant,30,Ziekenhuisopname,0,29
2020-08-26,1674,Roosendaal,Noord-Brabant,30,Overleden,0,22
2020-08-26,1676,Schouwen-Duiveland,Zeeland,29,Totaal,0,101
2020-08-26,1676,Schouwen-Duiveland,Zeeland,29,Ziekenhuisopname,0,11
2020-08-26,1676,Schouwen-Duiveland,Zeeland,29,Overleden,0,9
2020-08-26,1680,Aa en Hunze,Drenthe,22,Totaal,0,15
2020-08-26,1680,Aa en Hunze,Drenthe,22,Ziekenhuisopname,0,1
2020-08-26,1680,Aa en Hunze,Drenthe,22,Overleden,0,0
2020-08-26,1681,Borger-Odoorn,Drenthe,22,Totaal,0,10
2020-08-26,1681,Borger-Odoorn,Drenthe,22,Ziekenhuisopname,0,4
2020-08-26,1681,Borger-Odoorn,Drenthe,22,Overleden,0,3
2020-08-26,1684,Cuijk,Noord-Brabant,30,Totaal,0,87
2020-08-26,1684,Cuijk,Noord-Brabant,30,Ziekenhuisopname,0,12
2020-08-26,1684,Cuijk,Noord-Brabant,30,Overleden,0,10
2020-08-26,1685,Landerd,Noord-Brabant,30,Totaal,0,148
2020-08-26,1685,Landerd,Noord-Brabant,30,Ziekenhuisopname,0,39
2020-08-26,1685,Landerd,Noord-Brabant,30,Overleden,0,21
2020-08-26,1690,De Wolden,Drenthe,22,Totaal,0,48
2020-08-26,1690,De Wolden,Drenthe,22,Ziekenhuisopname,0,11
2020-08-26,1690,De Wolden,Drenthe,22,Overleden,0,5
2020-08-26,1695,Noord-Beveland,Zeeland,29,Totaal,0,13
2020-08-26,1695,Noord-Beveland,Zeeland,29,Ziekenhuisopname,0,1
2020-08-26,1695,Noord-Beveland,Zeeland,29,Overleden,0,0
2020-08-26,1696,Wijdemeren,Noord-Holland,27,Totaal,0,47
2020-08-26,1696,Wijdemeren,Noord-Holland,27,Ziekenhuisopname,0,8
2020-08-26,1696,Wijdemeren,Noord-Holland,27,Overleden,0,0
2020-08-26,1699,Noordenveld,Drenthe,22,Totaal,0,22
2020-08-26,1699,Noordenveld,Drenthe,22,Ziekenhuisopname,0,4
2020-08-26,1699,Noordenveld,Drenthe,22,Overleden,0,1
2020-08-26,1700,Twenterand,Overijssel,23,Totaal,0,62
2020-08-26,1700,Twenterand,Overijssel,23,Ziekenhuisopname,0,12
2020-08-26,1700,Twenterand,Overijssel,23,Overleden,0,2
2020-08-26,1701,Westerveld,Drenthe,22,Totaal,0,38
2020-08-26,1701,Westerveld,Drenthe,22,Ziekenhuisopname,0,9
2020-08-26,1701,Westerveld,Drenthe,22,Overleden,0,4
2020-08-26,1702,Sint Anthonis,Noord-Brabant,30,Totaal,0,73
2020-08-26,1702,Sint Anthonis,Noord-Brabant,30,Ziekenhuisopname,0,20
2020-08-26,1702,Sint Anthonis,Noord-Brabant,30,Overleden,0,11
2020-08-26,1705,Lingewaard,Gelderland,25,Totaal,0,138
2020-08-26,1705,Lingewaard,Gelderland,25,Ziekenhuisopname,0,31
2020-08-26,1705,Lingewaard,Gelderland,25,Overleden,0,10
2020-08-26,1706,Cranendonck,Noord-Brabant,30,Totaal,0,177
2020-08-26,1706,Cranendonck,Noord-Brabant,30,Ziekenhuisopname,0,63
2020-08-26,1706,Cranendonck,Noord-Brabant,30,Overleden,0,36
2020-08-26,1708,Steenwijkerland,Overijssel,23,Totaal,0,109
2020-08-26,1708,Steenwijkerland,Overijssel,23,Ziekenhuisopname,0,14
2020-08-26,1708,Steenwijkerland,Overijssel,23,Overleden,0,5
2020-08-26,1709,Moerdijk,Noord-Brabant,30,Totaal,0,97
2020-08-26,1709,Moerdijk,Noord-Brabant,30,Ziekenhuisopname,0,14
2020-08-26,1709,Moerdijk,Noord-Brabant,30,Overleden,0,8
2020-08-26,1711,Echt-Susteren,Limburg,31,Totaal,0,103
2020-08-26,1711,Echt-Susteren,Limburg,31,Ziekenhuisopname,0,39
2020-08-26,1711,Echt-Susteren,Limburg,31,Overleden,0,16
2020-08-26,1714,Sluis,Zeeland,29,Totaal,0,25
2020-08-26,1714,Sluis,Zeeland,29,Ziekenhuisopname,0,9
2020-08-26,1714,Sluis,Zeeland,29,Overleden,0,4
2020-08-26,1719,Drimmelen,Noord-Brabant,30,Totaal,0,86
2020-08-26,1719,Drimmelen,Noord-Brabant,30,Ziekenhuisopname,0,19
2020-08-26,1719,Drimmelen,Noord-Brabant,30,Overleden,0,8
2020-08-26,1721,Bernheze,Noord-Brabant,30,Totaal,1,295
2020-08-26,1721,Bernheze,Noord-Brabant,30,Ziekenhuisopname,0,95
2020-08-26,1721,Bernheze,Noord-Brabant,30,Overleden,0,65
2020-08-26,1723,Alphen-Chaam,Noord-Brabant,30,Totaal,0,65
2020-08-26,1723,Alphen-Chaam,Noord-Brabant,30,Ziekenhuisopname,0,18
2020-08-26,1723,Alphen-Chaam,Noord-Brabant,30,Overleden,0,5
2020-08-26,1724,Bergeijk,Noord-Brabant,30,Totaal,2,67
2020-08-26,1724,Bergeijk,Noord-Brabant,30,Ziekenhuisopname,0,19
2020-08-26,1724,Bergeijk,Noord-Brabant,30,Overleden,0,5
2020-08-26,1728,Bladel,Noord-Brabant,30,Totaal,0,96
2020-08-26,1728,Bladel,Noord-Brabant,30,Ziekenhuisopname,0,21
2020-08-26,1728,Bladel,Noord-Brabant,30,Overleden,0,8
2020-08-26,1729,Gulpen-Wittem,Limburg,31,Totaal,1,82
2020-08-26,1729,Gulpen-Wittem,Limburg,31,Ziekenhuisopname,0,21
2020-08-26,1729,Gulpen-Wittem,Limburg,31,Overleden,0,14
2020-08-26,1730,Tynaarlo,Drenthe,22,Totaal,1,44
2020-08-26,1730,Tynaarlo,Drenthe,22,Ziekenhuisopname,0,9
2020-08-26,1730,Tynaarlo,Drenthe,22,Overleden,0,0
2020-08-26,1731,Midden-Drenthe,Drenthe,22,Totaal,0,27
2020-08-26,1731,Midden-Drenthe,Drenthe,22,Ziekenhuisopname,0,6
2020-08-26,1731,Midden-Drenthe,Drenthe,22,Overleden,0,0
2020-08-26,1734,Overbetuwe,Gelderland,25,Totaal,0,148
2020-08-26,1734,Overbetuwe,Gelderland,25,Ziekenhuisopname,0,55
2020-08-26,1734,Overbetuwe,Gelderland,25,Overleden,0,16
2020-08-26,1735,Hof van Twente,Overijssel,23,Totaal,0,68
2020-08-26,1735,Hof van Twente,Overijssel,23,Ziekenhuisopname,0,15
2020-08-26,1735,Hof van Twente,Overijssel,23,Overleden,0,5
2020-08-26,1740,Neder-Betuwe,Gelderland,25,Totaal,0,147
2020-08-26,1740,Neder-Betuwe,Gelderland,25,Ziekenhuisopname,0,37
2020-08-26,1740,Neder-Betuwe,Gelderland,25,Overleden,0,21
2020-08-26,1742,Rijssen-Holten,Overijssel,23,Totaal,0,206
2020-08-26,1742,Rijssen-Holten,Overijssel,23,Ziekenhuisopname,0,29
2020-08-26,1742,Rijssen-Holten,Overijssel,23,Overleden,1,24
2020-08-26,1771,Geldrop-Mierlo,Noord-Brabant,30,Totaal,0,130
2020-08-26,1771,Geldrop-Mierlo,Noord-Brabant,30,Ziekenhuisopname,0,33
2020-08-26,1771,Geldrop-Mierlo,Noord-Brabant,30,Overleden,0,16
2020-08-26,1773,Olst-Wijhe,Overijssel,23,Totaal,0,56
2020-08-26,1773,Olst-Wijhe,Overijssel,23,Ziekenhuisopname,0,12
2020-08-26,1773,Olst-Wijhe,Overijssel,23,Overleden,0,8
2020-08-26,1774,Dinkelland,Overijssel,23,Totaal,0,84
2020-08-26,1774,Dinkelland,Overijssel,23,Ziekenhuisopname,0,20
2020-08-26,1774,Dinkelland,Overijssel,23,Overleden,0,10
2020-08-26,1783,Westland,Zuid-Holland,28,Totaal,5,440
2020-08-26,1783,Westland,Zuid-Holland,28,Ziekenhuisopname,0,58
2020-08-26,1783,Westland,Zuid-Holland,28,Overleden,0,30
2020-08-26,1842,Midden-Delfland,Zuid-Holland,28,Totaal,0,41
2020-08-26,1842,Midden-Delfland,Zuid-Holland,28,Ziekenhuisopname,0,4
2020-08-26,1842,Midden-Delfland,Zuid-Holland,28,Overleden,0,0
2020-08-26,1859,Berkelland,Gelderland,25,Totaal,0,98
2020-08-26,1859,Berkelland,Gelderland,25,Ziekenhuisopname,0,12
2020-08-26,1859,Berkelland,Gelderland,25,Overleden,0,7
2020-08-26,1876,Bronckhorst,Gelderland,25,Totaal,0,84
2020-08-26,1876,Bronckhorst,Gelderland,25,Ziekenhuisopname,0,17
2020-08-26,1876,Bronckhorst,Gelderland,25,Overleden,0,7
2020-08-26,1883,Sittard-Geleen,Limburg,31,Totaal,3,459
2020-08-26,1883,Sittard-Geleen,Limburg,31,Ziekenhuisopname,0,119
2020-08-26,1883,Sittard-Geleen,Limburg,31,Overleden,0,64
2020-08-26,1884,Kaag en Braassem,Zuid-Holland,28,Totaal,0,37
2020-08-26,1884,Kaag en Braassem,Zuid-Holland,28,Ziekenhuisopname,0,7
2020-08-26,1884,Kaag en Braassem,Zuid-Holland,28,Overleden,0,2
2020-08-26,1891,Dantumadiel,Friesland,21,Totaal,0,15
2020-08-26,1891,Dantumadiel,Friesland,21,Ziekenhuisopname,0,2
2020-08-26,1891,Dantumadiel,Friesland,21,Overleden,0,0
2020-08-26,1892,Zuidplas,Zuid-Holland,28,Totaal,1,196
2020-08-26,1892,Zuidplas,Zuid-Holland,28,Ziekenhuisopname,0,24
2020-08-26,1892,Zuidplas,Zuid-Holland,28,Overleden,0,21
2020-08-26,1894,Peel en Maas,Limburg,31,Totaal,0,290
2020-08-26,1894,Peel en Maas,Limburg,31,Ziekenhuisopname,0,144
2020-08-26,1894,Peel en Maas,Limburg,31,Overleden,0,65
2020-08-26,1895,Oldambt,Groningen,20,Totaal,0,16
2020-08-26,1895,Oldambt,Groningen,20,Ziekenhuisopname,0,7
2020-08-26,1895,Oldambt,Groningen,20,Overleden,0,2
2020-08-26,1896,Zwartewaterland,Overijssel,23,Totaal,0,148
2020-08-26,1896,Zwartewaterland,Overijssel,23,Ziekenhuisopname,0,35
2020-08-26,1896,Zwartewaterland,Overijssel,23,Overleden,0,19
2020-08-26,1900,Sdwest-Frysln,Friesland,21,Totaal,1,120
2020-08-26,1900,Sdwest-Frysln,Friesland,21,Ziekenhuisopname,0,18
2020-08-26,1900,Sdwest-Frysln,Friesland,21,Overleden,0,6
2020-08-26,1901,Bodegraven-Reeuwijk,Zuid-Holland,28,Totaal,2,113
2020-08-26,1901,Bodegraven-Reeuwijk,Zuid-Holland,28,Ziekenhuisopname,0,7
2020-08-26,1901,Bodegraven-Reeuwijk,Zuid-Holland,28,Overleden,0,1
2020-08-26,1903,Eijsden-Margraten,Limburg,31,Totaal,0,180
2020-08-26,1903,Eijsden-Margraten,Limburg,31,Ziekenhuisopname,0,54
2020-08-26,1903,Eijsden-Margraten,Limburg,31,Overleden,0,27
2020-08-26,1904,Stichtse Vecht,Utrecht,26,Totaal,0,183
2020-08-26,1904,Stichtse Vecht,Utrecht,26,Ziekenhuisopname,0,36
2020-08-26,1904,Stichtse Vecht,Utrecht,26,Overleden,0,14
2020-08-26,1911,Hollands Kroon,Noord-Holland,27,Totaal,1,75
2020-08-26,1911,Hollands Kroon,Noord-Holland,27,Ziekenhuisopname,0,26
2020-08-26,1911,Hollands Kroon,Noord-Holland,27,Overleden,0,6
2020-08-26,1916,Leidschendam-Voorburg,Zuid-Holland,28,Totaal,3,229
2020-08-26,1916,Leidschendam-Voorburg,Zuid-Holland,28,Ziekenhuisopname,0,23
2020-08-26,1916,Leidschendam-Voorburg,Zuid-Holland,28,Overleden,0,20
2020-08-26,1924,Goeree-Overflakkee,Zuid-Holland,28,Totaal,2,280
2020-08-26,1924,Goeree-Overflakkee,Zuid-Holland,28,Ziekenhuisopname,0,54
2020-08-26,1924,Goeree-Overflakkee,Zuid-Holland,28,Overleden,0,34
2020-08-26,1926,Pijnacker-Nootdorp,Zuid-Holland,28,Totaal,1,188
2020-08-26,1926,Pijnacker-Nootdorp,Zuid-Holland,28,Ziekenhuisopname,0,24
2020-08-26,1926,Pijnacker-Nootdorp,Zuid-Holland,28,Overleden,0,16
2020-08-26,1930,Nissewaard,Zuid-Holland,28,Totaal,1,278
2020-08-26,1930,Nissewaard,Zuid-Holland,28,Ziekenhuisopname,0,56
2020-08-26,1930,Nissewaard,Zuid-Holland,28,Overleden,0,17
2020-08-26,1931,Krimpenerwaard,Zuid-Holland,28,Totaal,1,244
2020-08-26,1931,Krimpenerwaard,Zuid-Holland,28,Ziekenhuisopname,0,45
2020-08-26,1931,Krimpenerwaard,Zuid-Holland,28,Overleden,0,34
2020-08-26,1940,De Fryske Marren,Friesland,21,Totaal,0,82
2020-08-26,1940,De Fryske Marren,Friesland,21,Ziekenhuisopname,0,16
2020-08-26,1940,De Fryske Marren,Friesland,21,Overleden,0,6
2020-08-26,1942,Gooise Meren,Noord-Holland,27,Totaal,1,164
2020-08-26,1942,Gooise Meren,Noord-Holland,27,Ziekenhuisopname,0,24
2020-08-26,1942,Gooise Meren,Noord-Holland,27,Overleden,0,9
2020-08-26,1945,Berg en Dal,Gelderland,25,Totaal,0,190
2020-08-26,1945,Berg en Dal,Gelderland,25,Ziekenhuisopname,0,29
2020-08-26,1945,Berg en Dal,Gelderland,25,Overleden,0,16
2020-08-26,1948,Meierijstad,Noord-Brabant,30,Totaal,1,584
2020-08-26,1948,Meierijstad,Noord-Brabant,30,Ziekenhuisopname,0,211
2020-08-26,1948,Meierijstad,Noord-Brabant,30,Overleden,0,131
2020-08-26,1949,Waadhoeke,Friesland,21,Totaal,0,102
2020-08-26,1949,Waadhoeke,Friesland,21,Ziekenhuisopname,0,12
2020-08-26,1949,Waadhoeke,Friesland,21,Overleden,0,15
2020-08-26,1950,Westerwolde,Groningen,20,Totaal,0,13
2020-08-26,1950,Westerwolde,Groningen,20,Ziekenhuisopname,0,5
2020-08-26,1950,Westerwolde,Groningen,20,Overleden,0,0
2020-08-26,1952,Midden-Groningen,Groningen,20,Totaal,0,45
2020-08-26,1952,Midden-Groningen,Groningen,20,Ziekenhuisopname,0,6
2020-08-26,1952,Midden-Groningen,Groningen,20,Overleden,0,4
2020-08-26,1954,Beekdaelen,Limburg,31,Totaal,0,176
2020-08-26,1954,Beekdaelen,Limburg,31,Ziekenhuisopname,0,52
2020-08-26,1954,Beekdaelen,Limburg,31,Overleden,0,23
2020-08-26,1955,Montferland,Gelderland,25,Totaal,0,112
2020-08-26,1955,Montferland,Gelderland,25,Ziekenhuisopname,0,21
2020-08-26,1955,Montferland,Gelderland,25,Overleden,0,9
2020-08-26,1959,Altena,Noord-Brabant,30,Totaal,1,171
2020-08-26,1959,Altena,Noord-Brabant,30,Ziekenhuisopname,0,32
2020-08-26,1959,Altena,Noord-Brabant,30,Overleden,0,11
2020-08-26,1960,West Betuwe,Gelderland,25,Totaal,1,231
2020-08-26,1960,West Betuwe,Gelderland,25,Ziekenhuisopname,0,44
2020-08-26,1960,West Betuwe,Gelderland,25,Overleden,0,27
2020-08-26,1961,Vijfheerenlanden,Utrecht,26,Totaal,1,302
2020-08-26,1961,Vijfheerenlanden,Utrecht,26,Ziekenhuisopname,0,35
2020-08-26,1961,Vijfheerenlanden,Utrecht,26,Overleden,0,36
2020-08-26,1963,Hoeksche Waard,Zuid-Holland,28,Totaal,3,365
2020-08-26,1963,Hoeksche Waard,Zuid-Holland,28,Ziekenhuisopname,0,78
2020-08-26,1963,Hoeksche Waard,Zuid-Holland,28,Overleden,0,20
2020-08-26,1966,Het Hogeland,Groningen,20,Totaal,1,41
2020-08-26,1966,Het Hogeland,Groningen,20,Ziekenhuisopname,0,7
2020-08-26,1966,Het Hogeland,Groningen,20,Overleden,0,3
2020-08-26,1969,Westerkwartier,Groningen,20,Totaal,0,62
2020-08-26,1969,Westerkwartier,Groningen,20,Ziekenhuisopname,0,14
2020-08-26,1969,Westerkwartier,Groningen,20,Overleden,0,4
2020-08-26,1970,Noardeast-Frysln,Friesland,21,Totaal,1,82
2020-08-26,1970,Noardeast-Frysln,Friesland,21,Ziekenhuisopname,0,6
2020-08-26,1970,Noardeast-Frysln,Friesland,21,Overleden,0,4
2020-08-26,1978,Molenlanden,Zuid-Holland,28,Totaal,0,131
2020-08-26,1978,Molenlanden,Zuid-Holland,28,Ziekenhuisopname,0,18
2020-08-26,1978,Molenlanden,Zuid-Holland,28,Overleden,0,8
