Datum,Gemeentecode,Gemeentenaam,Provincienaam,Provinciecode,Type,Aantal,AantalCumulatief
2020-10-25,-1,,,-1,Totaal,66,2088
2020-10-25,-1,,,-1,Ziekenhuisopname,0,84
2020-10-25,-1,,,-1,Overleden,0,23
2020-10-25,3,Appingedam,Groningen,20,Totaal,0,45
2020-10-25,3,Appingedam,Groningen,20,Ziekenhuisopname,0,7
2020-10-25,3,Appingedam,Groningen,20,Overleden,0,0
2020-10-25,10,Delfzijl,Groningen,20,Totaal,1,120
2020-10-25,10,Delfzijl,Groningen,20,Ziekenhuisopname,0,7
2020-10-25,10,Delfzijl,Groningen,20,Overleden,0,0
2020-10-25,14,Groningen,Groningen,20,Totaal,36,3153
2020-10-25,14,Groningen,Groningen,20,Ziekenhuisopname,0,32
2020-10-25,14,Groningen,Groningen,20,Overleden,0,4
2020-10-25,24,Loppersum,Groningen,20,Totaal,3,39
2020-10-25,24,Loppersum,Groningen,20,Ziekenhuisopname,0,0
2020-10-25,24,Loppersum,Groningen,20,Overleden,0,0
2020-10-25,34,Almere,Flevoland,24,Totaal,147,3301
2020-10-25,34,Almere,Flevoland,24,Ziekenhuisopname,0,165
2020-10-25,34,Almere,Flevoland,24,Overleden,0,39
2020-10-25,37,Stadskanaal,Groningen,20,Totaal,14,213
2020-10-25,37,Stadskanaal,Groningen,20,Ziekenhuisopname,1,6
2020-10-25,37,Stadskanaal,Groningen,20,Overleden,0,2
2020-10-25,47,Veendam,Groningen,20,Totaal,0,155
2020-10-25,47,Veendam,Groningen,20,Ziekenhuisopname,0,2
2020-10-25,47,Veendam,Groningen,20,Overleden,0,1
2020-10-25,50,Zeewolde,Flevoland,24,Totaal,10,233
2020-10-25,50,Zeewolde,Flevoland,24,Ziekenhuisopname,0,13
2020-10-25,50,Zeewolde,Flevoland,24,Overleden,0,6
2020-10-25,59,Achtkarspelen,Friesland,21,Totaal,1,166
2020-10-25,59,Achtkarspelen,Friesland,21,Ziekenhuisopname,0,0
2020-10-25,59,Achtkarspelen,Friesland,21,Overleden,0,0
2020-10-25,60,Ameland,Friesland,21,Totaal,2,35
2020-10-25,60,Ameland,Friesland,21,Ziekenhuisopname,0,0
2020-10-25,60,Ameland,Friesland,21,Overleden,0,0
2020-10-25,72,Harlingen,Friesland,21,Totaal,4,84
2020-10-25,72,Harlingen,Friesland,21,Ziekenhuisopname,0,4
2020-10-25,72,Harlingen,Friesland,21,Overleden,0,1
2020-10-25,74,Heerenveen,Friesland,21,Totaal,7,365
2020-10-25,74,Heerenveen,Friesland,21,Ziekenhuisopname,0,16
2020-10-25,74,Heerenveen,Friesland,21,Overleden,0,22
2020-10-25,80,Leeuwarden,Friesland,21,Totaal,21,1281
2020-10-25,80,Leeuwarden,Friesland,21,Ziekenhuisopname,0,45
2020-10-25,80,Leeuwarden,Friesland,21,Overleden,0,8
2020-10-25,85,Ooststellingwerf,Friesland,21,Totaal,3,136
2020-10-25,85,Ooststellingwerf,Friesland,21,Ziekenhuisopname,0,5
2020-10-25,85,Ooststellingwerf,Friesland,21,Overleden,0,1
2020-10-25,86,Opsterland,Friesland,21,Totaal,4,165
2020-10-25,86,Opsterland,Friesland,21,Ziekenhuisopname,0,8
2020-10-25,86,Opsterland,Friesland,21,Overleden,0,0
2020-10-25,88,Schiermonnikoog,Friesland,21,Totaal,0,2
2020-10-25,88,Schiermonnikoog,Friesland,21,Ziekenhuisopname,0,1
2020-10-25,88,Schiermonnikoog,Friesland,21,Overleden,0,0
2020-10-25,90,Smallingerland,Friesland,21,Totaal,9,350
2020-10-25,90,Smallingerland,Friesland,21,Ziekenhuisopname,0,12
2020-10-25,90,Smallingerland,Friesland,21,Overleden,0,7
2020-10-25,93,Terschelling,Friesland,21,Totaal,1,56
2020-10-25,93,Terschelling,Friesland,21,Ziekenhuisopname,0,1
2020-10-25,93,Terschelling,Friesland,21,Overleden,0,0
2020-10-25,96,Vlieland,Friesland,21,Totaal,0,16
2020-10-25,96,Vlieland,Friesland,21,Ziekenhuisopname,0,0
2020-10-25,96,Vlieland,Friesland,21,Overleden,0,0
2020-10-25,98,Weststellingwerf,Friesland,21,Totaal,6,184
2020-10-25,98,Weststellingwerf,Friesland,21,Ziekenhuisopname,0,3
2020-10-25,98,Weststellingwerf,Friesland,21,Overleden,0,5
2020-10-25,106,Assen,Drenthe,22,Totaal,48,572
2020-10-25,106,Assen,Drenthe,22,Ziekenhuisopname,0,14
2020-10-25,106,Assen,Drenthe,22,Overleden,0,3
2020-10-25,109,Coevorden,Drenthe,22,Totaal,14,291
2020-10-25,109,Coevorden,Drenthe,22,Ziekenhuisopname,0,14
2020-10-25,109,Coevorden,Drenthe,22,Overleden,0,2
2020-10-25,114,Emmen,Drenthe,22,Totaal,31,1284
2020-10-25,114,Emmen,Drenthe,22,Ziekenhuisopname,0,46
2020-10-25,114,Emmen,Drenthe,22,Overleden,0,21
2020-10-25,118,Hoogeveen,Drenthe,22,Totaal,25,536
2020-10-25,118,Hoogeveen,Drenthe,22,Ziekenhuisopname,0,27
2020-10-25,118,Hoogeveen,Drenthe,22,Overleden,0,12
2020-10-25,119,Meppel,Drenthe,22,Totaal,15,251
2020-10-25,119,Meppel,Drenthe,22,Ziekenhuisopname,0,11
2020-10-25,119,Meppel,Drenthe,22,Overleden,0,5
2020-10-25,141,Almelo,Overijssel,23,Totaal,82,1000
2020-10-25,141,Almelo,Overijssel,23,Ziekenhuisopname,0,32
2020-10-25,141,Almelo,Overijssel,23,Overleden,0,14
2020-10-25,147,Borne,Overijssel,23,Totaal,9,318
2020-10-25,147,Borne,Overijssel,23,Ziekenhuisopname,0,15
2020-10-25,147,Borne,Overijssel,23,Overleden,0,6
2020-10-25,148,Dalfsen,Overijssel,23,Totaal,17,386
2020-10-25,148,Dalfsen,Overijssel,23,Ziekenhuisopname,0,17
2020-10-25,148,Dalfsen,Overijssel,23,Overleden,0,7
2020-10-25,150,Deventer,Overijssel,23,Totaal,48,1232
2020-10-25,150,Deventer,Overijssel,23,Ziekenhuisopname,0,50
2020-10-25,150,Deventer,Overijssel,23,Overleden,0,38
2020-10-25,153,Enschede,Overijssel,23,Totaal,154,2214
2020-10-25,153,Enschede,Overijssel,23,Ziekenhuisopname,0,68
2020-10-25,153,Enschede,Overijssel,23,Overleden,0,33
2020-10-25,158,Haaksbergen,Overijssel,23,Totaal,19,446
2020-10-25,158,Haaksbergen,Overijssel,23,Ziekenhuisopname,0,17
2020-10-25,158,Haaksbergen,Overijssel,23,Overleden,0,10
2020-10-25,160,Hardenberg,Overijssel,23,Totaal,29,582
2020-10-25,160,Hardenberg,Overijssel,23,Ziekenhuisopname,0,24
2020-10-25,160,Hardenberg,Overijssel,23,Overleden,0,10
2020-10-25,163,Hellendoorn,Overijssel,23,Totaal,31,421
2020-10-25,163,Hellendoorn,Overijssel,23,Ziekenhuisopname,0,13
2020-10-25,163,Hellendoorn,Overijssel,23,Overleden,1,14
2020-10-25,164,Hengelo,Overijssel,23,Totaal,65,1262
2020-10-25,164,Hengelo,Overijssel,23,Ziekenhuisopname,0,38
2020-10-25,164,Hengelo,Overijssel,23,Overleden,0,24
2020-10-25,166,Kampen,Overijssel,23,Totaal,12,632
2020-10-25,166,Kampen,Overijssel,23,Ziekenhuisopname,0,60
2020-10-25,166,Kampen,Overijssel,23,Overleden,0,37
2020-10-25,168,Losser,Overijssel,23,Totaal,26,331
2020-10-25,168,Losser,Overijssel,23,Ziekenhuisopname,0,11
2020-10-25,168,Losser,Overijssel,23,Overleden,0,2
2020-10-25,171,Noordoostpolder,Flevoland,24,Totaal,9,387
2020-10-25,171,Noordoostpolder,Flevoland,24,Ziekenhuisopname,0,19
2020-10-25,171,Noordoostpolder,Flevoland,24,Overleden,0,11
2020-10-25,173,Oldenzaal,Overijssel,23,Totaal,32,581
2020-10-25,173,Oldenzaal,Overijssel,23,Ziekenhuisopname,0,16
2020-10-25,173,Oldenzaal,Overijssel,23,Overleden,0,14
2020-10-25,175,Ommen,Overijssel,23,Totaal,7,165
2020-10-25,175,Ommen,Overijssel,23,Ziekenhuisopname,0,9
2020-10-25,175,Ommen,Overijssel,23,Overleden,0,4
2020-10-25,177,Raalte,Overijssel,23,Totaal,14,477
2020-10-25,177,Raalte,Overijssel,23,Ziekenhuisopname,0,25
2020-10-25,177,Raalte,Overijssel,23,Overleden,0,23
2020-10-25,180,Staphorst,Overijssel,23,Totaal,24,288
2020-10-25,180,Staphorst,Overijssel,23,Ziekenhuisopname,0,8
2020-10-25,180,Staphorst,Overijssel,23,Overleden,0,4
2020-10-25,183,Tubbergen,Overijssel,23,Totaal,36,591
2020-10-25,183,Tubbergen,Overijssel,23,Ziekenhuisopname,0,12
2020-10-25,183,Tubbergen,Overijssel,23,Overleden,0,6
2020-10-25,184,Urk,Flevoland,24,Totaal,13,146
2020-10-25,184,Urk,Flevoland,24,Ziekenhuisopname,0,23
2020-10-25,184,Urk,Flevoland,24,Overleden,0,4
2020-10-25,189,Wierden,Overijssel,23,Totaal,28,432
2020-10-25,189,Wierden,Overijssel,23,Ziekenhuisopname,0,7
2020-10-25,189,Wierden,Overijssel,23,Overleden,0,6
2020-10-25,193,Zwolle,Overijssel,23,Totaal,60,1314
2020-10-25,193,Zwolle,Overijssel,23,Ziekenhuisopname,0,54
2020-10-25,193,Zwolle,Overijssel,23,Overleden,0,50
2020-10-25,197,Aalten,Gelderland,25,Totaal,10,329
2020-10-25,197,Aalten,Gelderland,25,Ziekenhuisopname,0,13
2020-10-25,197,Aalten,Gelderland,25,Overleden,0,7
2020-10-25,200,Apeldoorn,Gelderland,25,Totaal,53,1636
2020-10-25,200,Apeldoorn,Gelderland,25,Ziekenhuisopname,0,113
2020-10-25,200,Apeldoorn,Gelderland,25,Overleden,0,54
2020-10-25,202,Arnhem,Gelderland,25,Totaal,96,2074
2020-10-25,202,Arnhem,Gelderland,25,Ziekenhuisopname,3,86
2020-10-25,202,Arnhem,Gelderland,25,Overleden,0,35
2020-10-25,203,Barneveld,Gelderland,25,Totaal,49,733
2020-10-25,203,Barneveld,Gelderland,25,Ziekenhuisopname,0,24
2020-10-25,203,Barneveld,Gelderland,25,Overleden,0,11
2020-10-25,209,Beuningen,Gelderland,25,Totaal,14,336
2020-10-25,209,Beuningen,Gelderland,25,Ziekenhuisopname,0,20
2020-10-25,209,Beuningen,Gelderland,25,Overleden,0,6
2020-10-25,213,Brummen,Gelderland,25,Totaal,7,163
2020-10-25,213,Brummen,Gelderland,25,Ziekenhuisopname,0,19
2020-10-25,213,Brummen,Gelderland,25,Overleden,0,6
2020-10-25,214,Buren,Gelderland,25,Totaal,14,312
2020-10-25,214,Buren,Gelderland,25,Ziekenhuisopname,0,23
2020-10-25,214,Buren,Gelderland,25,Overleden,0,8
2020-10-25,216,Culemborg,Gelderland,25,Totaal,2,477
2020-10-25,216,Culemborg,Gelderland,25,Ziekenhuisopname,1,26
2020-10-25,216,Culemborg,Gelderland,25,Overleden,0,9
2020-10-25,221,Doesburg,Gelderland,25,Totaal,4,161
2020-10-25,221,Doesburg,Gelderland,25,Ziekenhuisopname,0,11
2020-10-25,221,Doesburg,Gelderland,25,Overleden,0,7
2020-10-25,222,Doetinchem,Gelderland,25,Totaal,12,652
2020-10-25,222,Doetinchem,Gelderland,25,Ziekenhuisopname,0,31
2020-10-25,222,Doetinchem,Gelderland,25,Overleden,0,16
2020-10-25,225,Druten,Gelderland,25,Totaal,4,265
2020-10-25,225,Druten,Gelderland,25,Ziekenhuisopname,0,28
2020-10-25,225,Druten,Gelderland,25,Overleden,0,9
2020-10-25,226,Duiven,Gelderland,25,Totaal,8,306
2020-10-25,226,Duiven,Gelderland,25,Ziekenhuisopname,0,16
2020-10-25,226,Duiven,Gelderland,25,Overleden,0,6
2020-10-25,228,Ede,Gelderland,25,Totaal,96,1685
2020-10-25,228,Ede,Gelderland,25,Ziekenhuisopname,0,72
2020-10-25,228,Ede,Gelderland,25,Overleden,0,28
2020-10-25,230,Elburg,Gelderland,25,Totaal,4,279
2020-10-25,230,Elburg,Gelderland,25,Ziekenhuisopname,0,28
2020-10-25,230,Elburg,Gelderland,25,Overleden,0,8
2020-10-25,232,Epe,Gelderland,25,Totaal,9,368
2020-10-25,232,Epe,Gelderland,25,Ziekenhuisopname,0,52
2020-10-25,232,Epe,Gelderland,25,Overleden,0,23
2020-10-25,233,Ermelo,Gelderland,25,Totaal,10,328
2020-10-25,233,Ermelo,Gelderland,25,Ziekenhuisopname,0,33
2020-10-25,233,Ermelo,Gelderland,25,Overleden,0,23
2020-10-25,243,Harderwijk,Gelderland,25,Totaal,11,620
2020-10-25,243,Harderwijk,Gelderland,25,Ziekenhuisopname,0,47
2020-10-25,243,Harderwijk,Gelderland,25,Overleden,0,21
2020-10-25,244,Hattem,Gelderland,25,Totaal,3,128
2020-10-25,244,Hattem,Gelderland,25,Ziekenhuisopname,0,18
2020-10-25,244,Hattem,Gelderland,25,Overleden,0,5
2020-10-25,246,Heerde,Gelderland,25,Totaal,3,297
2020-10-25,246,Heerde,Gelderland,25,Ziekenhuisopname,0,55
2020-10-25,246,Heerde,Gelderland,25,Overleden,0,28
2020-10-25,252,Heumen,Gelderland,25,Totaal,3,322
2020-10-25,252,Heumen,Gelderland,25,Ziekenhuisopname,0,19
2020-10-25,252,Heumen,Gelderland,25,Overleden,0,13
2020-10-25,262,Lochem,Gelderland,25,Totaal,7,363
2020-10-25,262,Lochem,Gelderland,25,Ziekenhuisopname,0,17
2020-10-25,262,Lochem,Gelderland,25,Overleden,0,15
2020-10-25,263,Maasdriel,Gelderland,25,Totaal,9,314
2020-10-25,263,Maasdriel,Gelderland,25,Ziekenhuisopname,0,17
2020-10-25,263,Maasdriel,Gelderland,25,Overleden,0,8
2020-10-25,267,Nijkerk,Gelderland,25,Totaal,35,671
2020-10-25,267,Nijkerk,Gelderland,25,Ziekenhuisopname,0,26
2020-10-25,267,Nijkerk,Gelderland,25,Overleden,0,4
2020-10-25,268,Nijmegen,Gelderland,25,Totaal,60,3275
2020-10-25,268,Nijmegen,Gelderland,25,Ziekenhuisopname,0,172
2020-10-25,268,Nijmegen,Gelderland,25,Overleden,0,78
2020-10-25,269,Oldebroek,Gelderland,25,Totaal,4,270
2020-10-25,269,Oldebroek,Gelderland,25,Ziekenhuisopname,0,40
2020-10-25,269,Oldebroek,Gelderland,25,Overleden,0,19
2020-10-25,273,Putten,Gelderland,25,Totaal,8,220
2020-10-25,273,Putten,Gelderland,25,Ziekenhuisopname,0,11
2020-10-25,273,Putten,Gelderland,25,Overleden,0,1
2020-10-25,274,Renkum,Gelderland,25,Totaal,22,442
2020-10-25,274,Renkum,Gelderland,25,Ziekenhuisopname,1,17
2020-10-25,274,Renkum,Gelderland,25,Overleden,0,10
2020-10-25,275,Rheden,Gelderland,25,Totaal,31,470
2020-10-25,275,Rheden,Gelderland,25,Ziekenhuisopname,0,35
2020-10-25,275,Rheden,Gelderland,25,Overleden,0,15
2020-10-25,277,Rozendaal,Gelderland,25,Totaal,0,11
2020-10-25,277,Rozendaal,Gelderland,25,Ziekenhuisopname,0,1
2020-10-25,277,Rozendaal,Gelderland,25,Overleden,0,0
2020-10-25,279,Scherpenzeel,Gelderland,25,Totaal,8,137
2020-10-25,279,Scherpenzeel,Gelderland,25,Ziekenhuisopname,0,5
2020-10-25,279,Scherpenzeel,Gelderland,25,Overleden,0,2
2020-10-25,281,Tiel,Gelderland,25,Totaal,29,675
2020-10-25,281,Tiel,Gelderland,25,Ziekenhuisopname,0,48
2020-10-25,281,Tiel,Gelderland,25,Overleden,0,22
2020-10-25,285,Voorst,Gelderland,25,Totaal,9,239
2020-10-25,285,Voorst,Gelderland,25,Ziekenhuisopname,1,18
2020-10-25,285,Voorst,Gelderland,25,Overleden,0,11
2020-10-25,289,Wageningen,Gelderland,25,Totaal,24,573
2020-10-25,289,Wageningen,Gelderland,25,Ziekenhuisopname,1,23
2020-10-25,289,Wageningen,Gelderland,25,Overleden,0,19
2020-10-25,293,Westervoort,Gelderland,25,Totaal,7,145
2020-10-25,293,Westervoort,Gelderland,25,Ziekenhuisopname,0,12
2020-10-25,293,Westervoort,Gelderland,25,Overleden,0,6
2020-10-25,294,Winterswijk,Gelderland,25,Totaal,8,233
2020-10-25,294,Winterswijk,Gelderland,25,Ziekenhuisopname,0,8
2020-10-25,294,Winterswijk,Gelderland,25,Overleden,0,4
2020-10-25,296,Wijchen,Gelderland,25,Totaal,16,586
2020-10-25,296,Wijchen,Gelderland,25,Ziekenhuisopname,0,50
2020-10-25,296,Wijchen,Gelderland,25,Overleden,0,15
2020-10-25,297,Zaltbommel,Gelderland,25,Totaal,13,383
2020-10-25,297,Zaltbommel,Gelderland,25,Ziekenhuisopname,0,23
2020-10-25,297,Zaltbommel,Gelderland,25,Overleden,0,10
2020-10-25,299,Zevenaar,Gelderland,25,Totaal,18,465
2020-10-25,299,Zevenaar,Gelderland,25,Ziekenhuisopname,0,54
2020-10-25,299,Zevenaar,Gelderland,25,Overleden,0,17
2020-10-25,301,Zutphen,Gelderland,25,Totaal,17,421
2020-10-25,301,Zutphen,Gelderland,25,Ziekenhuisopname,0,33
2020-10-25,301,Zutphen,Gelderland,25,Overleden,0,13
2020-10-25,302,Nunspeet,Gelderland,25,Totaal,3,395
2020-10-25,302,Nunspeet,Gelderland,25,Ziekenhuisopname,0,61
2020-10-25,302,Nunspeet,Gelderland,25,Overleden,0,22
2020-10-25,303,Dronten,Flevoland,24,Totaal,14,334
2020-10-25,303,Dronten,Flevoland,24,Ziekenhuisopname,0,39
2020-10-25,303,Dronten,Flevoland,24,Overleden,0,14
2020-10-25,307,Amersfoort,Utrecht,26,Totaal,120,2417
2020-10-25,307,Amersfoort,Utrecht,26,Ziekenhuisopname,0,90
2020-10-25,307,Amersfoort,Utrecht,26,Overleden,0,28
2020-10-25,308,Baarn,Utrecht,26,Totaal,19,365
2020-10-25,308,Baarn,Utrecht,26,Ziekenhuisopname,0,15
2020-10-25,308,Baarn,Utrecht,26,Overleden,0,9
2020-10-25,310,De Bilt,Utrecht,26,Totaal,23,824
2020-10-25,310,De Bilt,Utrecht,26,Ziekenhuisopname,1,33
2020-10-25,310,De Bilt,Utrecht,26,Overleden,0,24
2020-10-25,312,Bunnik,Utrecht,26,Totaal,13,217
2020-10-25,312,Bunnik,Utrecht,26,Ziekenhuisopname,0,12
2020-10-25,312,Bunnik,Utrecht,26,Overleden,0,1
2020-10-25,313,Bunschoten,Utrecht,26,Totaal,28,469
2020-10-25,313,Bunschoten,Utrecht,26,Ziekenhuisopname,0,15
2020-10-25,313,Bunschoten,Utrecht,26,Overleden,0,8
2020-10-25,317,Eemnes,Utrecht,26,Totaal,4,113
2020-10-25,317,Eemnes,Utrecht,26,Ziekenhuisopname,0,2
2020-10-25,317,Eemnes,Utrecht,26,Overleden,0,1
2020-10-25,321,Houten,Utrecht,26,Totaal,37,769
2020-10-25,321,Houten,Utrecht,26,Ziekenhuisopname,0,33
2020-10-25,321,Houten,Utrecht,26,Overleden,0,17
2020-10-25,327,Leusden,Utrecht,26,Totaal,27,422
2020-10-25,327,Leusden,Utrecht,26,Ziekenhuisopname,0,11
2020-10-25,327,Leusden,Utrecht,26,Overleden,0,9
2020-10-25,331,Lopik,Utrecht,26,Totaal,7,267
2020-10-25,331,Lopik,Utrecht,26,Ziekenhuisopname,0,22
2020-10-25,331,Lopik,Utrecht,26,Overleden,0,8
2020-10-25,335,Montfoort,Utrecht,26,Totaal,9,213
2020-10-25,335,Montfoort,Utrecht,26,Ziekenhuisopname,0,15
2020-10-25,335,Montfoort,Utrecht,26,Overleden,0,7
2020-10-25,339,Renswoude,Utrecht,26,Totaal,6,67
2020-10-25,339,Renswoude,Utrecht,26,Ziekenhuisopname,0,5
2020-10-25,339,Renswoude,Utrecht,26,Overleden,0,5
2020-10-25,340,Rhenen,Utrecht,26,Totaal,10,297
2020-10-25,340,Rhenen,Utrecht,26,Ziekenhuisopname,0,13
2020-10-25,340,Rhenen,Utrecht,26,Overleden,0,6
2020-10-25,342,Soest,Utrecht,26,Totaal,44,906
2020-10-25,342,Soest,Utrecht,26,Ziekenhuisopname,0,33
2020-10-25,342,Soest,Utrecht,26,Overleden,0,15
2020-10-25,344,Utrecht,Utrecht,26,Totaal,340,8999
2020-10-25,344,Utrecht,Utrecht,26,Ziekenhuisopname,2,350
2020-10-25,344,Utrecht,Utrecht,26,Overleden,0,124
2020-10-25,345,Veenendaal,Utrecht,26,Totaal,65,1269
2020-10-25,345,Veenendaal,Utrecht,26,Ziekenhuisopname,3,56
2020-10-25,345,Veenendaal,Utrecht,26,Overleden,0,16
2020-10-25,351,Woudenberg,Utrecht,26,Totaal,11,183
2020-10-25,351,Woudenberg,Utrecht,26,Ziekenhuisopname,0,9
2020-10-25,351,Woudenberg,Utrecht,26,Overleden,0,2
2020-10-25,352,Wijk bij Duurstede,Utrecht,26,Totaal,18,303
2020-10-25,352,Wijk bij Duurstede,Utrecht,26,Ziekenhuisopname,0,13
2020-10-25,352,Wijk bij Duurstede,Utrecht,26,Overleden,0,4
2020-10-25,353,IJsselstein,Utrecht,26,Totaal,23,625
2020-10-25,353,IJsselstein,Utrecht,26,Ziekenhuisopname,1,42
2020-10-25,353,IJsselstein,Utrecht,26,Overleden,0,35
2020-10-25,355,Zeist,Utrecht,26,Totaal,39,1123
2020-10-25,355,Zeist,Utrecht,26,Ziekenhuisopname,1,44
2020-10-25,355,Zeist,Utrecht,26,Overleden,0,27
2020-10-25,356,Nieuwegein,Utrecht,26,Totaal,54,995
2020-10-25,356,Nieuwegein,Utrecht,26,Ziekenhuisopname,0,54
2020-10-25,356,Nieuwegein,Utrecht,26,Overleden,0,14
2020-10-25,358,Aalsmeer,Noord-Holland,27,Totaal,31,548
2020-10-25,358,Aalsmeer,Noord-Holland,27,Ziekenhuisopname,0,11
2020-10-25,358,Aalsmeer,Noord-Holland,27,Overleden,0,6
2020-10-25,361,Alkmaar,Noord-Holland,27,Totaal,56,1256
2020-10-25,361,Alkmaar,Noord-Holland,27,Ziekenhuisopname,0,64
2020-10-25,361,Alkmaar,Noord-Holland,27,Overleden,1,32
2020-10-25,362,Amstelveen,Noord-Holland,27,Totaal,62,1968
2020-10-25,362,Amstelveen,Noord-Holland,27,Ziekenhuisopname,0,74
2020-10-25,362,Amstelveen,Noord-Holland,27,Overleden,0,45
2020-10-25,363,Amsterdam,Noord-Holland,27,Totaal,831,27273
2020-10-25,363,Amsterdam,Noord-Holland,27,Ziekenhuisopname,8,974
2020-10-25,363,Amsterdam,Noord-Holland,27,Overleden,0,319
2020-10-25,370,Beemster,Noord-Holland,27,Totaal,8,112
2020-10-25,370,Beemster,Noord-Holland,27,Ziekenhuisopname,0,4
2020-10-25,370,Beemster,Noord-Holland,27,Overleden,0,1
2020-10-25,373,Bergen (NH.),Noord-Holland,27,Totaal,17,497
2020-10-25,373,Bergen (NH.),Noord-Holland,27,Ziekenhuisopname,0,22
2020-10-25,373,Bergen (NH.),Noord-Holland,27,Overleden,2,12
2020-10-25,375,Beverwijk,Noord-Holland,27,Totaal,14,615
2020-10-25,375,Beverwijk,Noord-Holland,27,Ziekenhuisopname,0,20
2020-10-25,375,Beverwijk,Noord-Holland,27,Overleden,0,13
2020-10-25,376,Blaricum,Noord-Holland,27,Totaal,5,168
2020-10-25,376,Blaricum,Noord-Holland,27,Ziekenhuisopname,0,8
2020-10-25,376,Blaricum,Noord-Holland,27,Overleden,0,2
2020-10-25,377,Bloemendaal,Noord-Holland,27,Totaal,6,341
2020-10-25,377,Bloemendaal,Noord-Holland,27,Ziekenhuisopname,0,10
2020-10-25,377,Bloemendaal,Noord-Holland,27,Overleden,0,6
2020-10-25,383,Castricum,Noord-Holland,27,Totaal,22,380
2020-10-25,383,Castricum,Noord-Holland,27,Ziekenhuisopname,0,18
2020-10-25,383,Castricum,Noord-Holland,27,Overleden,0,10
2020-10-25,384,Diemen,Noord-Holland,27,Totaal,17,911
2020-10-25,384,Diemen,Noord-Holland,27,Ziekenhuisopname,1,24
2020-10-25,384,Diemen,Noord-Holland,27,Overleden,0,14
2020-10-25,385,Edam-Volendam,Noord-Holland,27,Totaal,39,846
2020-10-25,385,Edam-Volendam,Noord-Holland,27,Ziekenhuisopname,0,38
2020-10-25,385,Edam-Volendam,Noord-Holland,27,Overleden,0,4
2020-10-25,388,Enkhuizen,Noord-Holland,27,Totaal,7,152
2020-10-25,388,Enkhuizen,Noord-Holland,27,Ziekenhuisopname,0,20
2020-10-25,388,Enkhuizen,Noord-Holland,27,Overleden,0,4
2020-10-25,392,Haarlem,Noord-Holland,27,Totaal,62,2495
2020-10-25,392,Haarlem,Noord-Holland,27,Ziekenhuisopname,4,104
2020-10-25,392,Haarlem,Noord-Holland,27,Overleden,1,75
2020-10-25,394,Haarlemmermeer,Noord-Holland,27,Totaal,66,2720
2020-10-25,394,Haarlemmermeer,Noord-Holland,27,Ziekenhuisopname,0,94
2020-10-25,394,Haarlemmermeer,Noord-Holland,27,Overleden,0,38
2020-10-25,396,Heemskerk,Noord-Holland,27,Totaal,17,555
2020-10-25,396,Heemskerk,Noord-Holland,27,Ziekenhuisopname,0,34
2020-10-25,396,Heemskerk,Noord-Holland,27,Overleden,0,14
2020-10-25,397,Heemstede,Noord-Holland,27,Totaal,5,393
2020-10-25,397,Heemstede,Noord-Holland,27,Ziekenhuisopname,0,15
2020-10-25,397,Heemstede,Noord-Holland,27,Overleden,0,35
2020-10-25,398,Heerhugowaard,Noord-Holland,27,Totaal,22,624
2020-10-25,398,Heerhugowaard,Noord-Holland,27,Ziekenhuisopname,0,29
2020-10-25,398,Heerhugowaard,Noord-Holland,27,Overleden,0,9
2020-10-25,399,Heiloo,Noord-Holland,27,Totaal,8,234
2020-10-25,399,Heiloo,Noord-Holland,27,Ziekenhuisopname,0,12
2020-10-25,399,Heiloo,Noord-Holland,27,Overleden,0,9
2020-10-25,400,Den Helder,Noord-Holland,27,Totaal,12,330
2020-10-25,400,Den Helder,Noord-Holland,27,Ziekenhuisopname,0,15
2020-10-25,400,Den Helder,Noord-Holland,27,Overleden,0,2
2020-10-25,402,Hilversum,Noord-Holland,27,Totaal,49,1373
2020-10-25,402,Hilversum,Noord-Holland,27,Ziekenhuisopname,0,39
2020-10-25,402,Hilversum,Noord-Holland,27,Overleden,0,26
2020-10-25,405,Hoorn,Noord-Holland,27,Totaal,23,795
2020-10-25,405,Hoorn,Noord-Holland,27,Ziekenhuisopname,0,38
2020-10-25,405,Hoorn,Noord-Holland,27,Overleden,0,13
2020-10-25,406,Huizen,Noord-Holland,27,Totaal,23,753
2020-10-25,406,Huizen,Noord-Holland,27,Ziekenhuisopname,1,28
2020-10-25,406,Huizen,Noord-Holland,27,Overleden,0,10
2020-10-25,415,Landsmeer,Noord-Holland,27,Totaal,6,196
2020-10-25,415,Landsmeer,Noord-Holland,27,Ziekenhuisopname,0,5
2020-10-25,415,Landsmeer,Noord-Holland,27,Overleden,0,3
2020-10-25,416,Langedijk,Noord-Holland,27,Totaal,8,340
2020-10-25,416,Langedijk,Noord-Holland,27,Ziekenhuisopname,0,21
2020-10-25,416,Langedijk,Noord-Holland,27,Overleden,0,7
2020-10-25,417,Laren,Noord-Holland,27,Totaal,7,178
2020-10-25,417,Laren,Noord-Holland,27,Ziekenhuisopname,1,10
2020-10-25,417,Laren,Noord-Holland,27,Overleden,0,3
2020-10-25,420,Medemblik,Noord-Holland,27,Totaal,18,396
2020-10-25,420,Medemblik,Noord-Holland,27,Ziekenhuisopname,0,19
2020-10-25,420,Medemblik,Noord-Holland,27,Overleden,0,6
2020-10-25,431,Oostzaan,Noord-Holland,27,Totaal,7,225
2020-10-25,431,Oostzaan,Noord-Holland,27,Ziekenhuisopname,0,12
2020-10-25,431,Oostzaan,Noord-Holland,27,Overleden,0,2
2020-10-25,432,Opmeer,Noord-Holland,27,Totaal,10,90
2020-10-25,432,Opmeer,Noord-Holland,27,Ziekenhuisopname,0,1
2020-10-25,432,Opmeer,Noord-Holland,27,Overleden,1,2
2020-10-25,437,Ouder-Amstel,Noord-Holland,27,Totaal,11,356
2020-10-25,437,Ouder-Amstel,Noord-Holland,27,Ziekenhuisopname,0,8
2020-10-25,437,Ouder-Amstel,Noord-Holland,27,Overleden,0,0
2020-10-25,439,Purmerend,Noord-Holland,27,Totaal,83,1211
2020-10-25,439,Purmerend,Noord-Holland,27,Ziekenhuisopname,2,83
2020-10-25,439,Purmerend,Noord-Holland,27,Overleden,0,38
2020-10-25,441,Schagen,Noord-Holland,27,Totaal,19,442
2020-10-25,441,Schagen,Noord-Holland,27,Ziekenhuisopname,0,20
2020-10-25,441,Schagen,Noord-Holland,27,Overleden,0,10
2020-10-25,448,Texel,Noord-Holland,27,Totaal,3,72
2020-10-25,448,Texel,Noord-Holland,27,Ziekenhuisopname,0,6
2020-10-25,448,Texel,Noord-Holland,27,Overleden,0,2
2020-10-25,450,Uitgeest,Noord-Holland,27,Totaal,11,196
2020-10-25,450,Uitgeest,Noord-Holland,27,Ziekenhuisopname,1,7
2020-10-25,450,Uitgeest,Noord-Holland,27,Overleden,0,1
2020-10-25,451,Uithoorn,Noord-Holland,27,Totaal,20,525
2020-10-25,451,Uithoorn,Noord-Holland,27,Ziekenhuisopname,0,21
2020-10-25,451,Uithoorn,Noord-Holland,27,Overleden,0,3
2020-10-25,453,Velsen,Noord-Holland,27,Totaal,39,1071
2020-10-25,453,Velsen,Noord-Holland,27,Ziekenhuisopname,0,46
2020-10-25,453,Velsen,Noord-Holland,27,Overleden,0,44
2020-10-25,457,Weesp,Noord-Holland,27,Totaal,11,505
2020-10-25,457,Weesp,Noord-Holland,27,Ziekenhuisopname,0,10
2020-10-25,457,Weesp,Noord-Holland,27,Overleden,0,14
2020-10-25,473,Zandvoort,Noord-Holland,27,Totaal,4,222
2020-10-25,473,Zandvoort,Noord-Holland,27,Ziekenhuisopname,0,12
2020-10-25,473,Zandvoort,Noord-Holland,27,Overleden,0,9
2020-10-25,479,Zaanstad,Noord-Holland,27,Totaal,190,3015
2020-10-25,479,Zaanstad,Noord-Holland,27,Ziekenhuisopname,2,154
2020-10-25,479,Zaanstad,Noord-Holland,27,Overleden,0,59
2020-10-25,482,Alblasserdam,Zuid-Holland,28,Totaal,17,485
2020-10-25,482,Alblasserdam,Zuid-Holland,28,Ziekenhuisopname,0,11
2020-10-25,482,Alblasserdam,Zuid-Holland,28,Overleden,0,7
2020-10-25,484,Alphen aan den Rijn,Zuid-Holland,28,Totaal,110,1990
2020-10-25,484,Alphen aan den Rijn,Zuid-Holland,28,Ziekenhuisopname,4,83
2020-10-25,484,Alphen aan den Rijn,Zuid-Holland,28,Overleden,0,32
2020-10-25,489,Barendrecht,Zuid-Holland,28,Totaal,58,1272
2020-10-25,489,Barendrecht,Zuid-Holland,28,Ziekenhuisopname,1,48
2020-10-25,489,Barendrecht,Zuid-Holland,28,Overleden,0,16
2020-10-25,498,Drechterland,Noord-Holland,27,Totaal,6,236
2020-10-25,498,Drechterland,Noord-Holland,27,Ziekenhuisopname,1,6
2020-10-25,498,Drechterland,Noord-Holland,27,Overleden,0,8
2020-10-25,501,Brielle,Zuid-Holland,28,Totaal,8,291
2020-10-25,501,Brielle,Zuid-Holland,28,Ziekenhuisopname,1,16
2020-10-25,501,Brielle,Zuid-Holland,28,Overleden,0,0
2020-10-25,502,Capelle aan den IJssel,Zuid-Holland,28,Totaal,41,1637
2020-10-25,502,Capelle aan den IJssel,Zuid-Holland,28,Ziekenhuisopname,1,68
2020-10-25,502,Capelle aan den IJssel,Zuid-Holland,28,Overleden,0,65
2020-10-25,503,Delft,Zuid-Holland,28,Totaal,76,2328
2020-10-25,503,Delft,Zuid-Holland,28,Ziekenhuisopname,1,47
2020-10-25,503,Delft,Zuid-Holland,28,Overleden,0,15
2020-10-25,505,Dordrecht,Zuid-Holland,28,Totaal,79,2503
2020-10-25,505,Dordrecht,Zuid-Holland,28,Ziekenhuisopname,0,97
2020-10-25,505,Dordrecht,Zuid-Holland,28,Overleden,0,76
2020-10-25,512,Gorinchem,Zuid-Holland,28,Totaal,17,674
2020-10-25,512,Gorinchem,Zuid-Holland,28,Ziekenhuisopname,0,19
2020-10-25,512,Gorinchem,Zuid-Holland,28,Overleden,0,16
2020-10-25,513,Gouda,Zuid-Holland,28,Totaal,61,1674
2020-10-25,513,Gouda,Zuid-Holland,28,Ziekenhuisopname,5,62
2020-10-25,513,Gouda,Zuid-Holland,28,Overleden,1,47
2020-10-25,518,'s-Gravenhage,Zuid-Holland,28,Totaal,408,14797
2020-10-25,518,'s-Gravenhage,Zuid-Holland,28,Ziekenhuisopname,9,561
2020-10-25,518,'s-Gravenhage,Zuid-Holland,28,Overleden,0,318
2020-10-25,523,Hardinxveld-Giessendam,Zuid-Holland,28,Totaal,9,278
2020-10-25,523,Hardinxveld-Giessendam,Zuid-Holland,28,Ziekenhuisopname,0,2
2020-10-25,523,Hardinxveld-Giessendam,Zuid-Holland,28,Overleden,0,2
2020-10-25,530,Hellevoetsluis,Zuid-Holland,28,Totaal,23,600
2020-10-25,530,Hellevoetsluis,Zuid-Holland,28,Ziekenhuisopname,0,21
2020-10-25,530,Hellevoetsluis,Zuid-Holland,28,Overleden,0,6
2020-10-25,531,Hendrik-Ido-Ambacht,Zuid-Holland,28,Totaal,13,644
2020-10-25,531,Hendrik-Ido-Ambacht,Zuid-Holland,28,Ziekenhuisopname,0,13
2020-10-25,531,Hendrik-Ido-Ambacht,Zuid-Holland,28,Overleden,0,6
2020-10-25,532,Stede Broec,Noord-Holland,27,Totaal,4,193
2020-10-25,532,Stede Broec,Noord-Holland,27,Ziekenhuisopname,0,19
2020-10-25,532,Stede Broec,Noord-Holland,27,Overleden,0,5
2020-10-25,534,Hillegom,Zuid-Holland,28,Totaal,26,354
2020-10-25,534,Hillegom,Zuid-Holland,28,Ziekenhuisopname,0,8
2020-10-25,534,Hillegom,Zuid-Holland,28,Overleden,0,2
2020-10-25,537,Katwijk,Zuid-Holland,28,Totaal,78,1408
2020-10-25,537,Katwijk,Zuid-Holland,28,Ziekenhuisopname,0,42
2020-10-25,537,Katwijk,Zuid-Holland,28,Overleden,0,18
2020-10-25,542,Krimpen aan den IJssel,Zuid-Holland,28,Totaal,30,697
2020-10-25,542,Krimpen aan den IJssel,Zuid-Holland,28,Ziekenhuisopname,0,18
2020-10-25,542,Krimpen aan den IJssel,Zuid-Holland,28,Overleden,0,10
2020-10-25,546,Leiden,Zuid-Holland,28,Totaal,131,2541
2020-10-25,546,Leiden,Zuid-Holland,28,Ziekenhuisopname,0,59
2020-10-25,546,Leiden,Zuid-Holland,28,Overleden,0,25
2020-10-25,547,Leiderdorp,Zuid-Holland,28,Totaal,33,483
2020-10-25,547,Leiderdorp,Zuid-Holland,28,Ziekenhuisopname,0,22
2020-10-25,547,Leiderdorp,Zuid-Holland,28,Overleden,0,7
2020-10-25,553,Lisse,Zuid-Holland,28,Totaal,19,306
2020-10-25,553,Lisse,Zuid-Holland,28,Ziekenhuisopname,0,11
2020-10-25,553,Lisse,Zuid-Holland,28,Overleden,0,4
2020-10-25,556,Maassluis,Zuid-Holland,28,Totaal,24,789
2020-10-25,556,Maassluis,Zuid-Holland,28,Ziekenhuisopname,1,29
2020-10-25,556,Maassluis,Zuid-Holland,28,Overleden,0,10
2020-10-25,569,Nieuwkoop,Zuid-Holland,28,Totaal,19,386
2020-10-25,569,Nieuwkoop,Zuid-Holland,28,Ziekenhuisopname,0,12
2020-10-25,569,Nieuwkoop,Zuid-Holland,28,Overleden,0,6
2020-10-25,575,Noordwijk,Zuid-Holland,28,Totaal,31,689
2020-10-25,575,Noordwijk,Zuid-Holland,28,Ziekenhuisopname,1,29
2020-10-25,575,Noordwijk,Zuid-Holland,28,Overleden,0,4
2020-10-25,579,Oegstgeest,Zuid-Holland,28,Totaal,15,391
2020-10-25,579,Oegstgeest,Zuid-Holland,28,Ziekenhuisopname,0,11
2020-10-25,579,Oegstgeest,Zuid-Holland,28,Overleden,0,3
2020-10-25,589,Oudewater,Utrecht,26,Totaal,5,189
2020-10-25,589,Oudewater,Utrecht,26,Ziekenhuisopname,1,30
2020-10-25,589,Oudewater,Utrecht,26,Overleden,0,10
2020-10-25,590,Papendrecht,Zuid-Holland,28,Totaal,18,519
2020-10-25,590,Papendrecht,Zuid-Holland,28,Ziekenhuisopname,0,9
2020-10-25,590,Papendrecht,Zuid-Holland,28,Overleden,0,9
2020-10-25,597,Ridderkerk,Zuid-Holland,28,Totaal,36,1044
2020-10-25,597,Ridderkerk,Zuid-Holland,28,Ziekenhuisopname,0,43
2020-10-25,597,Ridderkerk,Zuid-Holland,28,Overleden,0,19
2020-10-25,599,Rotterdam,Zuid-Holland,28,Totaal,628,20711
2020-10-25,599,Rotterdam,Zuid-Holland,28,Ziekenhuisopname,6,787
2020-10-25,599,Rotterdam,Zuid-Holland,28,Overleden,2,419
2020-10-25,603,Rijswijk,Zuid-Holland,28,Totaal,50,1238
2020-10-25,603,Rijswijk,Zuid-Holland,28,Ziekenhuisopname,0,60
2020-10-25,603,Rijswijk,Zuid-Holland,28,Overleden,0,35
2020-10-25,606,Schiedam,Zuid-Holland,28,Totaal,77,2126
2020-10-25,606,Schiedam,Zuid-Holland,28,Ziekenhuisopname,1,74
2020-10-25,606,Schiedam,Zuid-Holland,28,Overleden,1,26
2020-10-25,610,Sliedrecht,Zuid-Holland,28,Totaal,9,368
2020-10-25,610,Sliedrecht,Zuid-Holland,28,Ziekenhuisopname,0,9
2020-10-25,610,Sliedrecht,Zuid-Holland,28,Overleden,0,5
2020-10-25,613,Albrandswaard,Zuid-Holland,28,Totaal,30,665
2020-10-25,613,Albrandswaard,Zuid-Holland,28,Ziekenhuisopname,0,17
2020-10-25,613,Albrandswaard,Zuid-Holland,28,Overleden,0,9
2020-10-25,614,Westvoorne,Zuid-Holland,28,Totaal,8,262
2020-10-25,614,Westvoorne,Zuid-Holland,28,Ziekenhuisopname,0,6
2020-10-25,614,Westvoorne,Zuid-Holland,28,Overleden,0,0
2020-10-25,622,Vlaardingen,Zuid-Holland,28,Totaal,83,1972
2020-10-25,622,Vlaardingen,Zuid-Holland,28,Ziekenhuisopname,0,55
2020-10-25,622,Vlaardingen,Zuid-Holland,28,Overleden,0,32
2020-10-25,626,Voorschoten,Zuid-Holland,28,Totaal,18,362
2020-10-25,626,Voorschoten,Zuid-Holland,28,Ziekenhuisopname,0,11
2020-10-25,626,Voorschoten,Zuid-Holland,28,Overleden,0,11
2020-10-25,627,Waddinxveen,Zuid-Holland,28,Totaal,26,556
2020-10-25,627,Waddinxveen,Zuid-Holland,28,Ziekenhuisopname,0,25
2020-10-25,627,Waddinxveen,Zuid-Holland,28,Overleden,0,7
2020-10-25,629,Wassenaar,Zuid-Holland,28,Totaal,20,436
2020-10-25,629,Wassenaar,Zuid-Holland,28,Ziekenhuisopname,0,10
2020-10-25,629,Wassenaar,Zuid-Holland,28,Overleden,0,13
2020-10-25,632,Woerden,Utrecht,26,Totaal,23,814
2020-10-25,632,Woerden,Utrecht,26,Ziekenhuisopname,0,61
2020-10-25,632,Woerden,Utrecht,26,Overleden,0,22
2020-10-25,637,Zoetermeer,Zuid-Holland,28,Totaal,67,2284
2020-10-25,637,Zoetermeer,Zuid-Holland,28,Ziekenhuisopname,0,66
2020-10-25,637,Zoetermeer,Zuid-Holland,28,Overleden,0,18
2020-10-25,638,Zoeterwoude,Zuid-Holland,28,Totaal,10,131
2020-10-25,638,Zoeterwoude,Zuid-Holland,28,Ziekenhuisopname,0,4
2020-10-25,638,Zoeterwoude,Zuid-Holland,28,Overleden,0,1
2020-10-25,642,Zwijndrecht,Zuid-Holland,28,Totaal,43,1025
2020-10-25,642,Zwijndrecht,Zuid-Holland,28,Ziekenhuisopname,0,29
2020-10-25,642,Zwijndrecht,Zuid-Holland,28,Overleden,0,30
2020-10-25,654,Borsele,Zeeland,29,Totaal,5,131
2020-10-25,654,Borsele,Zeeland,29,Ziekenhuisopname,0,5
2020-10-25,654,Borsele,Zeeland,29,Overleden,0,1
2020-10-25,664,Goes,Zeeland,29,Totaal,6,355
2020-10-25,664,Goes,Zeeland,29,Ziekenhuisopname,0,14
2020-10-25,664,Goes,Zeeland,29,Overleden,0,13
2020-10-25,668,West Maas en Waal,Gelderland,25,Totaal,7,252
2020-10-25,668,West Maas en Waal,Gelderland,25,Ziekenhuisopname,0,23
2020-10-25,668,West Maas en Waal,Gelderland,25,Overleden,0,10
2020-10-25,677,Hulst,Zeeland,29,Totaal,13,210
2020-10-25,677,Hulst,Zeeland,29,Ziekenhuisopname,1,11
2020-10-25,677,Hulst,Zeeland,29,Overleden,0,5
2020-10-25,678,Kapelle,Zeeland,29,Totaal,2,78
2020-10-25,678,Kapelle,Zeeland,29,Ziekenhuisopname,0,3
2020-10-25,678,Kapelle,Zeeland,29,Overleden,0,1
2020-10-25,687,Middelburg,Zeeland,29,Totaal,8,285
2020-10-25,687,Middelburg,Zeeland,29,Ziekenhuisopname,1,21
2020-10-25,687,Middelburg,Zeeland,29,Overleden,0,10
2020-10-25,703,Reimerswaal,Zeeland,29,Totaal,9,180
2020-10-25,703,Reimerswaal,Zeeland,29,Ziekenhuisopname,0,6
2020-10-25,703,Reimerswaal,Zeeland,29,Overleden,0,2
2020-10-25,715,Terneuzen,Zeeland,29,Totaal,12,384
2020-10-25,715,Terneuzen,Zeeland,29,Ziekenhuisopname,0,25
2020-10-25,715,Terneuzen,Zeeland,29,Overleden,0,4
2020-10-25,716,Tholen,Zeeland,29,Totaal,9,356
2020-10-25,716,Tholen,Zeeland,29,Ziekenhuisopname,0,43
2020-10-25,716,Tholen,Zeeland,29,Overleden,0,18
2020-10-25,717,Veere,Zeeland,29,Totaal,0,108
2020-10-25,717,Veere,Zeeland,29,Ziekenhuisopname,0,8
2020-10-25,717,Veere,Zeeland,29,Overleden,0,2
2020-10-25,718,Vlissingen,Zeeland,29,Totaal,6,268
2020-10-25,718,Vlissingen,Zeeland,29,Ziekenhuisopname,0,10
2020-10-25,718,Vlissingen,Zeeland,29,Overleden,0,5
2020-10-25,736,De Ronde Venen,Utrecht,26,Totaal,29,766
2020-10-25,736,De Ronde Venen,Utrecht,26,Ziekenhuisopname,0,47
2020-10-25,736,De Ronde Venen,Utrecht,26,Overleden,0,14
2020-10-25,737,Tytsjerksteradiel,Friesland,21,Totaal,1,207
2020-10-25,737,Tytsjerksteradiel,Friesland,21,Ziekenhuisopname,0,7
2020-10-25,737,Tytsjerksteradiel,Friesland,21,Overleden,0,2
2020-10-25,743,Asten,Noord-Brabant,30,Totaal,6,224
2020-10-25,743,Asten,Noord-Brabant,30,Ziekenhuisopname,0,18
2020-10-25,743,Asten,Noord-Brabant,30,Overleden,0,12
2020-10-25,744,Baarle-Nassau,Noord-Brabant,30,Totaal,4,86
2020-10-25,744,Baarle-Nassau,Noord-Brabant,30,Ziekenhuisopname,0,9
2020-10-25,744,Baarle-Nassau,Noord-Brabant,30,Overleden,0,2
2020-10-25,748,Bergen op Zoom,Noord-Brabant,30,Totaal,70,1484
2020-10-25,748,Bergen op Zoom,Noord-Brabant,30,Ziekenhuisopname,3,45
2020-10-25,748,Bergen op Zoom,Noord-Brabant,30,Overleden,0,15
2020-10-25,753,Best,Noord-Brabant,30,Totaal,12,392
2020-10-25,753,Best,Noord-Brabant,30,Ziekenhuisopname,2,35
2020-10-25,753,Best,Noord-Brabant,30,Overleden,0,12
2020-10-25,755,Boekel,Noord-Brabant,30,Totaal,2,169
2020-10-25,755,Boekel,Noord-Brabant,30,Ziekenhuisopname,0,36
2020-10-25,755,Boekel,Noord-Brabant,30,Overleden,0,20
2020-10-25,756,Boxmeer,Noord-Brabant,30,Totaal,13,426
2020-10-25,756,Boxmeer,Noord-Brabant,30,Ziekenhuisopname,0,20
2020-10-25,756,Boxmeer,Noord-Brabant,30,Overleden,0,28
2020-10-25,757,Boxtel,Noord-Brabant,30,Totaal,9,404
2020-10-25,757,Boxtel,Noord-Brabant,30,Ziekenhuisopname,0,24
2020-10-25,757,Boxtel,Noord-Brabant,30,Overleden,0,26
2020-10-25,758,Breda,Noord-Brabant,30,Totaal,167,3165
2020-10-25,758,Breda,Noord-Brabant,30,Ziekenhuisopname,3,175
2020-10-25,758,Breda,Noord-Brabant,30,Overleden,4,78
2020-10-25,762,Deurne,Noord-Brabant,30,Totaal,23,602
2020-10-25,762,Deurne,Noord-Brabant,30,Ziekenhuisopname,0,58
2020-10-25,762,Deurne,Noord-Brabant,30,Overleden,0,26
2020-10-25,765,Pekela,Groningen,20,Totaal,3,64
2020-10-25,765,Pekela,Groningen,20,Ziekenhuisopname,0,5
2020-10-25,765,Pekela,Groningen,20,Overleden,0,0
2020-10-25,766,Dongen,Noord-Brabant,30,Totaal,10,365
2020-10-25,766,Dongen,Noord-Brabant,30,Ziekenhuisopname,0,24
2020-10-25,766,Dongen,Noord-Brabant,30,Overleden,0,13
2020-10-25,770,Eersel,Noord-Brabant,30,Totaal,12,406
2020-10-25,770,Eersel,Noord-Brabant,30,Ziekenhuisopname,0,29
2020-10-25,770,Eersel,Noord-Brabant,30,Overleden,0,10
2020-10-25,772,Eindhoven,Noord-Brabant,30,Totaal,101,3425
2020-10-25,772,Eindhoven,Noord-Brabant,30,Ziekenhuisopname,3,208
2020-10-25,772,Eindhoven,Noord-Brabant,30,Overleden,1,100
2020-10-25,777,Etten-Leur,Noord-Brabant,30,Totaal,37,805
2020-10-25,777,Etten-Leur,Noord-Brabant,30,Ziekenhuisopname,1,48
2020-10-25,777,Etten-Leur,Noord-Brabant,30,Overleden,1,31
2020-10-25,779,Geertruidenberg,Noord-Brabant,30,Totaal,11,265
2020-10-25,779,Geertruidenberg,Noord-Brabant,30,Ziekenhuisopname,1,14
2020-10-25,779,Geertruidenberg,Noord-Brabant,30,Overleden,0,6
2020-10-25,784,Gilze en Rijen,Noord-Brabant,30,Totaal,2,379
2020-10-25,784,Gilze en Rijen,Noord-Brabant,30,Ziekenhuisopname,0,21
2020-10-25,784,Gilze en Rijen,Noord-Brabant,30,Overleden,0,16
2020-10-25,785,Goirle,Noord-Brabant,30,Totaal,9,382
2020-10-25,785,Goirle,Noord-Brabant,30,Ziekenhuisopname,0,33
2020-10-25,785,Goirle,Noord-Brabant,30,Overleden,0,20
2020-10-25,786,Grave,Noord-Brabant,30,Totaal,9,228
2020-10-25,786,Grave,Noord-Brabant,30,Ziekenhuisopname,0,21
2020-10-25,786,Grave,Noord-Brabant,30,Overleden,0,11
2020-10-25,788,Haaren,Noord-Brabant,30,Totaal,11,215
2020-10-25,788,Haaren,Noord-Brabant,30,Ziekenhuisopname,0,20
2020-10-25,788,Haaren,Noord-Brabant,30,Overleden,0,8
2020-10-25,794,Helmond,Noord-Brabant,30,Totaal,40,1898
2020-10-25,794,Helmond,Noord-Brabant,30,Ziekenhuisopname,0,124
2020-10-25,794,Helmond,Noord-Brabant,30,Overleden,0,46
2020-10-25,796,'s-Hertogenbosch,Noord-Brabant,30,Totaal,48,2351
2020-10-25,796,'s-Hertogenbosch,Noord-Brabant,30,Ziekenhuisopname,4,149
2020-10-25,796,'s-Hertogenbosch,Noord-Brabant,30,Overleden,1,86
2020-10-25,797,Heusden,Noord-Brabant,30,Totaal,24,699
2020-10-25,797,Heusden,Noord-Brabant,30,Ziekenhuisopname,0,49
2020-10-25,797,Heusden,Noord-Brabant,30,Overleden,0,26
2020-10-25,798,Hilvarenbeek,Noord-Brabant,30,Totaal,9,253
2020-10-25,798,Hilvarenbeek,Noord-Brabant,30,Ziekenhuisopname,0,12
2020-10-25,798,Hilvarenbeek,Noord-Brabant,30,Overleden,0,8
2020-10-25,809,Loon op Zand,Noord-Brabant,30,Totaal,6,348
2020-10-25,809,Loon op Zand,Noord-Brabant,30,Ziekenhuisopname,0,29
2020-10-25,809,Loon op Zand,Noord-Brabant,30,Overleden,0,16
2020-10-25,815,Mill en Sint Hubert,Noord-Brabant,30,Totaal,8,206
2020-10-25,815,Mill en Sint Hubert,Noord-Brabant,30,Ziekenhuisopname,0,9
2020-10-25,815,Mill en Sint Hubert,Noord-Brabant,30,Overleden,0,5
2020-10-25,820,"Nuenen, Gerwen en Nederwetten",Noord-Brabant,30,Totaal,8,329
2020-10-25,820,"Nuenen, Gerwen en Nederwetten",Noord-Brabant,30,Ziekenhuisopname,0,19
2020-10-25,820,"Nuenen, Gerwen en Nederwetten",Noord-Brabant,30,Overleden,0,10
2020-10-25,823,Oirschot,Noord-Brabant,30,Totaal,7,352
2020-10-25,823,Oirschot,Noord-Brabant,30,Ziekenhuisopname,0,17
2020-10-25,823,Oirschot,Noord-Brabant,30,Overleden,0,9
2020-10-25,824,Oisterwijk,Noord-Brabant,30,Totaal,14,342
2020-10-25,824,Oisterwijk,Noord-Brabant,30,Ziekenhuisopname,0,27
2020-10-25,824,Oisterwijk,Noord-Brabant,30,Overleden,0,12
2020-10-25,826,Oosterhout,Noord-Brabant,30,Totaal,30,812
2020-10-25,826,Oosterhout,Noord-Brabant,30,Ziekenhuisopname,0,52
2020-10-25,826,Oosterhout,Noord-Brabant,30,Overleden,0,17
2020-10-25,828,Oss,Noord-Brabant,30,Totaal,31,1859
2020-10-25,828,Oss,Noord-Brabant,30,Ziekenhuisopname,0,175
2020-10-25,828,Oss,Noord-Brabant,30,Overleden,0,93
2020-10-25,840,Rucphen,Noord-Brabant,30,Totaal,20,421
2020-10-25,840,Rucphen,Noord-Brabant,30,Ziekenhuisopname,0,14
2020-10-25,840,Rucphen,Noord-Brabant,30,Overleden,0,10
2020-10-25,845,Sint-Michielsgestel,Noord-Brabant,30,Totaal,7,493
2020-10-25,845,Sint-Michielsgestel,Noord-Brabant,30,Ziekenhuisopname,0,37
2020-10-25,845,Sint-Michielsgestel,Noord-Brabant,30,Overleden,0,19
2020-10-25,847,Someren,Noord-Brabant,30,Totaal,11,248
2020-10-25,847,Someren,Noord-Brabant,30,Ziekenhuisopname,0,34
2020-10-25,847,Someren,Noord-Brabant,30,Overleden,0,8
2020-10-25,848,Son en Breugel,Noord-Brabant,30,Totaal,4,238
2020-10-25,848,Son en Breugel,Noord-Brabant,30,Ziekenhuisopname,0,31
2020-10-25,848,Son en Breugel,Noord-Brabant,30,Overleden,0,14
2020-10-25,851,Steenbergen,Noord-Brabant,30,Totaal,12,409
2020-10-25,851,Steenbergen,Noord-Brabant,30,Ziekenhuisopname,0,18
2020-10-25,851,Steenbergen,Noord-Brabant,30,Overleden,0,13
2020-10-25,852,Waterland,Noord-Holland,27,Totaal,15,320
2020-10-25,852,Waterland,Noord-Holland,27,Ziekenhuisopname,0,20
2020-10-25,852,Waterland,Noord-Holland,27,Overleden,0,6
2020-10-25,855,Tilburg,Noord-Brabant,30,Totaal,67,3573
2020-10-25,855,Tilburg,Noord-Brabant,30,Ziekenhuisopname,2,267
2020-10-25,855,Tilburg,Noord-Brabant,30,Overleden,1,173
2020-10-25,856,Uden,Noord-Brabant,30,Totaal,9,589
2020-10-25,856,Uden,Noord-Brabant,30,Ziekenhuisopname,0,115
2020-10-25,856,Uden,Noord-Brabant,30,Overleden,0,63
2020-10-25,858,Valkenswaard,Noord-Brabant,30,Totaal,25,587
2020-10-25,858,Valkenswaard,Noord-Brabant,30,Ziekenhuisopname,0,23
2020-10-25,858,Valkenswaard,Noord-Brabant,30,Overleden,0,37
2020-10-25,861,Veldhoven,Noord-Brabant,30,Totaal,24,744
2020-10-25,861,Veldhoven,Noord-Brabant,30,Ziekenhuisopname,1,37
2020-10-25,861,Veldhoven,Noord-Brabant,30,Overleden,0,19
2020-10-25,865,Vught,Noord-Brabant,30,Totaal,9,393
2020-10-25,865,Vught,Noord-Brabant,30,Ziekenhuisopname,0,43
2020-10-25,865,Vught,Noord-Brabant,30,Overleden,0,17
2020-10-25,866,Waalre,Noord-Brabant,30,Totaal,3,241
2020-10-25,866,Waalre,Noord-Brabant,30,Ziekenhuisopname,0,8
2020-10-25,866,Waalre,Noord-Brabant,30,Overleden,0,8
2020-10-25,867,Waalwijk,Noord-Brabant,30,Totaal,15,752
2020-10-25,867,Waalwijk,Noord-Brabant,30,Ziekenhuisopname,0,42
2020-10-25,867,Waalwijk,Noord-Brabant,30,Overleden,0,39
2020-10-25,873,Woensdrecht,Noord-Brabant,30,Totaal,7,349
2020-10-25,873,Woensdrecht,Noord-Brabant,30,Ziekenhuisopname,1,9
2020-10-25,873,Woensdrecht,Noord-Brabant,30,Overleden,0,9
2020-10-25,879,Zundert,Noord-Brabant,30,Totaal,10,373
2020-10-25,879,Zundert,Noord-Brabant,30,Ziekenhuisopname,0,24
2020-10-25,879,Zundert,Noord-Brabant,30,Overleden,0,11
2020-10-25,880,Wormerland,Noord-Holland,27,Totaal,16,259
2020-10-25,880,Wormerland,Noord-Holland,27,Ziekenhuisopname,0,21
2020-10-25,880,Wormerland,Noord-Holland,27,Overleden,0,12
2020-10-25,882,Landgraaf,Limburg,31,Totaal,14,304
2020-10-25,882,Landgraaf,Limburg,31,Ziekenhuisopname,0,54
2020-10-25,882,Landgraaf,Limburg,31,Overleden,0,14
2020-10-25,888,Beek,Limburg,31,Totaal,4,140
2020-10-25,888,Beek,Limburg,31,Ziekenhuisopname,0,17
2020-10-25,888,Beek,Limburg,31,Overleden,0,7
2020-10-25,889,Beesel,Limburg,31,Totaal,8,163
2020-10-25,889,Beesel,Limburg,31,Ziekenhuisopname,0,20
2020-10-25,889,Beesel,Limburg,31,Overleden,0,8
2020-10-25,893,Bergen (L.),Limburg,31,Totaal,5,145
2020-10-25,893,Bergen (L.),Limburg,31,Ziekenhuisopname,0,9
2020-10-25,893,Bergen (L.),Limburg,31,Overleden,0,2
2020-10-25,899,Brunssum,Limburg,31,Totaal,4,287
2020-10-25,899,Brunssum,Limburg,31,Ziekenhuisopname,0,50
2020-10-25,899,Brunssum,Limburg,31,Overleden,0,21
2020-10-25,907,Gennep,Limburg,31,Totaal,8,190
2020-10-25,907,Gennep,Limburg,31,Ziekenhuisopname,0,17
2020-10-25,907,Gennep,Limburg,31,Overleden,0,10
2020-10-25,917,Heerlen,Limburg,31,Totaal,16,820
2020-10-25,917,Heerlen,Limburg,31,Ziekenhuisopname,1,130
2020-10-25,917,Heerlen,Limburg,31,Overleden,0,55
2020-10-25,928,Kerkrade,Limburg,31,Totaal,8,465
2020-10-25,928,Kerkrade,Limburg,31,Ziekenhuisopname,0,68
2020-10-25,928,Kerkrade,Limburg,31,Overleden,0,37
2020-10-25,935,Maastricht,Limburg,31,Totaal,33,1781
2020-10-25,935,Maastricht,Limburg,31,Ziekenhuisopname,0,198
2020-10-25,935,Maastricht,Limburg,31,Overleden,0,140
2020-10-25,938,Meerssen,Limburg,31,Totaal,1,205
2020-10-25,938,Meerssen,Limburg,31,Ziekenhuisopname,0,23
2020-10-25,938,Meerssen,Limburg,31,Overleden,0,13
2020-10-25,944,Mook en Middelaar,Limburg,31,Totaal,3,141
2020-10-25,944,Mook en Middelaar,Limburg,31,Ziekenhuisopname,0,7
2020-10-25,944,Mook en Middelaar,Limburg,31,Overleden,0,5
2020-10-25,946,Nederweert,Limburg,31,Totaal,15,211
2020-10-25,946,Nederweert,Limburg,31,Ziekenhuisopname,0,33
2020-10-25,946,Nederweert,Limburg,31,Overleden,0,7
2020-10-25,957,Roermond,Limburg,31,Totaal,18,544
2020-10-25,957,Roermond,Limburg,31,Ziekenhuisopname,0,65
2020-10-25,957,Roermond,Limburg,31,Overleden,0,24
2020-10-25,965,Simpelveld,Limburg,31,Totaal,1,82
2020-10-25,965,Simpelveld,Limburg,31,Ziekenhuisopname,0,19
2020-10-25,965,Simpelveld,Limburg,31,Overleden,0,5
2020-10-25,971,Stein,Limburg,31,Totaal,9,231
2020-10-25,971,Stein,Limburg,31,Ziekenhuisopname,0,46
2020-10-25,971,Stein,Limburg,31,Overleden,0,15
2020-10-25,981,Vaals,Limburg,31,Totaal,1,60
2020-10-25,981,Vaals,Limburg,31,Ziekenhuisopname,0,10
2020-10-25,981,Vaals,Limburg,31,Overleden,0,2
2020-10-25,983,Venlo,Limburg,31,Totaal,62,1552
2020-10-25,983,Venlo,Limburg,31,Ziekenhuisopname,0,139
2020-10-25,983,Venlo,Limburg,31,Overleden,1,70
2020-10-25,984,Venray,Limburg,31,Totaal,27,678
2020-10-25,984,Venray,Limburg,31,Ziekenhuisopname,0,38
2020-10-25,984,Venray,Limburg,31,Overleden,0,20
2020-10-25,986,Voerendaal,Limburg,31,Totaal,5,105
2020-10-25,986,Voerendaal,Limburg,31,Ziekenhuisopname,0,17
2020-10-25,986,Voerendaal,Limburg,31,Overleden,0,8
2020-10-25,988,Weert,Limburg,31,Totaal,26,598
2020-10-25,988,Weert,Limburg,31,Ziekenhuisopname,0,69
2020-10-25,988,Weert,Limburg,31,Overleden,0,16
2020-10-25,994,Valkenburg aan de Geul,Limburg,31,Totaal,5,195
2020-10-25,994,Valkenburg aan de Geul,Limburg,31,Ziekenhuisopname,0,20
2020-10-25,994,Valkenburg aan de Geul,Limburg,31,Overleden,0,8
2020-10-25,995,Lelystad,Flevoland,24,Totaal,45,915
2020-10-25,995,Lelystad,Flevoland,24,Ziekenhuisopname,0,80
2020-10-25,995,Lelystad,Flevoland,24,Overleden,0,32
2020-10-25,1507,Horst aan de Maas,Limburg,31,Totaal,23,577
2020-10-25,1507,Horst aan de Maas,Limburg,31,Ziekenhuisopname,0,41
2020-10-25,1507,Horst aan de Maas,Limburg,31,Overleden,0,28
2020-10-25,1509,Oude IJsselstreek,Gelderland,25,Totaal,10,363
2020-10-25,1509,Oude IJsselstreek,Gelderland,25,Ziekenhuisopname,0,23
2020-10-25,1509,Oude IJsselstreek,Gelderland,25,Overleden,0,9
2020-10-25,1525,Teylingen,Zuid-Holland,28,Totaal,38,622
2020-10-25,1525,Teylingen,Zuid-Holland,28,Ziekenhuisopname,0,18
2020-10-25,1525,Teylingen,Zuid-Holland,28,Overleden,0,4
2020-10-25,1581,Utrechtse Heuvelrug,Utrecht,26,Totaal,27,827
2020-10-25,1581,Utrechtse Heuvelrug,Utrecht,26,Ziekenhuisopname,1,32
2020-10-25,1581,Utrechtse Heuvelrug,Utrecht,26,Overleden,0,17
2020-10-25,1586,Oost Gelre,Gelderland,25,Totaal,13,432
2020-10-25,1586,Oost Gelre,Gelderland,25,Ziekenhuisopname,0,21
2020-10-25,1586,Oost Gelre,Gelderland,25,Overleden,0,11
2020-10-25,1598,Koggenland,Noord-Holland,27,Totaal,5,237
2020-10-25,1598,Koggenland,Noord-Holland,27,Ziekenhuisopname,0,8
2020-10-25,1598,Koggenland,Noord-Holland,27,Overleden,0,8
2020-10-25,1621,Lansingerland,Zuid-Holland,28,Totaal,39,1388
2020-10-25,1621,Lansingerland,Zuid-Holland,28,Ziekenhuisopname,0,49
2020-10-25,1621,Lansingerland,Zuid-Holland,28,Overleden,0,32
2020-10-25,1640,Leudal,Limburg,31,Totaal,15,392
2020-10-25,1640,Leudal,Limburg,31,Ziekenhuisopname,0,54
2020-10-25,1640,Leudal,Limburg,31,Overleden,0,33
2020-10-25,1641,Maasgouw,Limburg,31,Totaal,9,229
2020-10-25,1641,Maasgouw,Limburg,31,Ziekenhuisopname,0,28
2020-10-25,1641,Maasgouw,Limburg,31,Overleden,0,15
2020-10-25,1652,Gemert-Bakel,Noord-Brabant,30,Totaal,15,485
2020-10-25,1652,Gemert-Bakel,Noord-Brabant,30,Ziekenhuisopname,0,79
2020-10-25,1652,Gemert-Bakel,Noord-Brabant,30,Overleden,0,32
2020-10-25,1655,Halderberge,Noord-Brabant,30,Totaal,21,505
2020-10-25,1655,Halderberge,Noord-Brabant,30,Ziekenhuisopname,0,23
2020-10-25,1655,Halderberge,Noord-Brabant,30,Overleden,0,12
2020-10-25,1658,Heeze-Leende,Noord-Brabant,30,Totaal,14,275
2020-10-25,1658,Heeze-Leende,Noord-Brabant,30,Ziekenhuisopname,0,17
2020-10-25,1658,Heeze-Leende,Noord-Brabant,30,Overleden,0,8
2020-10-25,1659,Laarbeek,Noord-Brabant,30,Totaal,7,353
2020-10-25,1659,Laarbeek,Noord-Brabant,30,Ziekenhuisopname,0,42
2020-10-25,1659,Laarbeek,Noord-Brabant,30,Overleden,0,26
2020-10-25,1667,Reusel-De Mierden,Noord-Brabant,30,Totaal,11,352
2020-10-25,1667,Reusel-De Mierden,Noord-Brabant,30,Ziekenhuisopname,0,15
2020-10-25,1667,Reusel-De Mierden,Noord-Brabant,30,Overleden,0,2
2020-10-25,1669,Roerdalen,Limburg,31,Totaal,6,132
2020-10-25,1669,Roerdalen,Limburg,31,Ziekenhuisopname,0,27
2020-10-25,1669,Roerdalen,Limburg,31,Overleden,0,8
2020-10-25,1674,Roosendaal,Noord-Brabant,30,Totaal,58,1389
2020-10-25,1674,Roosendaal,Noord-Brabant,30,Ziekenhuisopname,0,45
2020-10-25,1674,Roosendaal,Noord-Brabant,30,Overleden,0,26
2020-10-25,1676,Schouwen-Duiveland,Zeeland,29,Totaal,8,301
2020-10-25,1676,Schouwen-Duiveland,Zeeland,29,Ziekenhuisopname,0,12
2020-10-25,1676,Schouwen-Duiveland,Zeeland,29,Overleden,0,13
2020-10-25,1680,Aa en Hunze,Drenthe,22,Totaal,1,202
2020-10-25,1680,Aa en Hunze,Drenthe,22,Ziekenhuisopname,0,1
2020-10-25,1680,Aa en Hunze,Drenthe,22,Overleden,0,1
2020-10-25,1681,Borger-Odoorn,Drenthe,22,Totaal,0,232
2020-10-25,1681,Borger-Odoorn,Drenthe,22,Ziekenhuisopname,0,8
2020-10-25,1681,Borger-Odoorn,Drenthe,22,Overleden,0,5
2020-10-25,1684,Cuijk,Noord-Brabant,30,Totaal,11,353
2020-10-25,1684,Cuijk,Noord-Brabant,30,Ziekenhuisopname,0,13
2020-10-25,1684,Cuijk,Noord-Brabant,30,Overleden,0,10
2020-10-25,1685,Landerd,Noord-Brabant,30,Totaal,7,369
2020-10-25,1685,Landerd,Noord-Brabant,30,Ziekenhuisopname,0,42
2020-10-25,1685,Landerd,Noord-Brabant,30,Overleden,0,21
2020-10-25,1690,De Wolden,Drenthe,22,Totaal,10,208
2020-10-25,1690,De Wolden,Drenthe,22,Ziekenhuisopname,0,14
2020-10-25,1690,De Wolden,Drenthe,22,Overleden,0,5
2020-10-25,1695,Noord-Beveland,Zeeland,29,Totaal,1,52
2020-10-25,1695,Noord-Beveland,Zeeland,29,Ziekenhuisopname,0,1
2020-10-25,1695,Noord-Beveland,Zeeland,29,Overleden,0,0
2020-10-25,1696,Wijdemeren,Noord-Holland,27,Totaal,11,384
2020-10-25,1696,Wijdemeren,Noord-Holland,27,Ziekenhuisopname,0,11
2020-10-25,1696,Wijdemeren,Noord-Holland,27,Overleden,0,1
2020-10-25,1699,Noordenveld,Drenthe,22,Totaal,4,231
2020-10-25,1699,Noordenveld,Drenthe,22,Ziekenhuisopname,0,6
2020-10-25,1699,Noordenveld,Drenthe,22,Overleden,0,14
2020-10-25,1700,Twenterand,Overijssel,23,Totaal,35,365
2020-10-25,1700,Twenterand,Overijssel,23,Ziekenhuisopname,0,12
2020-10-25,1700,Twenterand,Overijssel,23,Overleden,0,2
2020-10-25,1701,Westerveld,Drenthe,22,Totaal,0,99
2020-10-25,1701,Westerveld,Drenthe,22,Ziekenhuisopname,0,9
2020-10-25,1701,Westerveld,Drenthe,22,Overleden,0,4
2020-10-25,1702,Sint Anthonis,Noord-Brabant,30,Totaal,2,189
2020-10-25,1702,Sint Anthonis,Noord-Brabant,30,Ziekenhuisopname,0,21
2020-10-25,1702,Sint Anthonis,Noord-Brabant,30,Overleden,0,11
2020-10-25,1705,Lingewaard,Gelderland,25,Totaal,28,663
2020-10-25,1705,Lingewaard,Gelderland,25,Ziekenhuisopname,0,38
2020-10-25,1705,Lingewaard,Gelderland,25,Overleden,0,12
2020-10-25,1706,Cranendonck,Noord-Brabant,30,Totaal,13,429
2020-10-25,1706,Cranendonck,Noord-Brabant,30,Ziekenhuisopname,0,63
2020-10-25,1706,Cranendonck,Noord-Brabant,30,Overleden,0,36
2020-10-25,1708,Steenwijkerland,Overijssel,23,Totaal,20,364
2020-10-25,1708,Steenwijkerland,Overijssel,23,Ziekenhuisopname,0,15
2020-10-25,1708,Steenwijkerland,Overijssel,23,Overleden,0,8
2020-10-25,1709,Moerdijk,Noord-Brabant,30,Totaal,24,554
2020-10-25,1709,Moerdijk,Noord-Brabant,30,Ziekenhuisopname,0,19
2020-10-25,1709,Moerdijk,Noord-Brabant,30,Overleden,0,10
2020-10-25,1711,Echt-Susteren,Limburg,31,Totaal,6,230
2020-10-25,1711,Echt-Susteren,Limburg,31,Ziekenhuisopname,0,43
2020-10-25,1711,Echt-Susteren,Limburg,31,Overleden,0,19
2020-10-25,1714,Sluis,Zeeland,29,Totaal,2,72
2020-10-25,1714,Sluis,Zeeland,29,Ziekenhuisopname,0,9
2020-10-25,1714,Sluis,Zeeland,29,Overleden,0,4
2020-10-25,1719,Drimmelen,Noord-Brabant,30,Totaal,20,334
2020-10-25,1719,Drimmelen,Noord-Brabant,30,Ziekenhuisopname,0,21
2020-10-25,1719,Drimmelen,Noord-Brabant,30,Overleden,0,9
2020-10-25,1721,Bernheze,Noord-Brabant,30,Totaal,10,629
2020-10-25,1721,Bernheze,Noord-Brabant,30,Ziekenhuisopname,0,96
2020-10-25,1721,Bernheze,Noord-Brabant,30,Overleden,0,66
2020-10-25,1723,Alphen-Chaam,Noord-Brabant,30,Totaal,8,158
2020-10-25,1723,Alphen-Chaam,Noord-Brabant,30,Ziekenhuisopname,0,18
2020-10-25,1723,Alphen-Chaam,Noord-Brabant,30,Overleden,0,5
2020-10-25,1724,Bergeijk,Noord-Brabant,30,Totaal,13,365
2020-10-25,1724,Bergeijk,Noord-Brabant,30,Ziekenhuisopname,1,20
2020-10-25,1724,Bergeijk,Noord-Brabant,30,Overleden,0,5
2020-10-25,1728,Bladel,Noord-Brabant,30,Totaal,17,614
2020-10-25,1728,Bladel,Noord-Brabant,30,Ziekenhuisopname,0,23
2020-10-25,1728,Bladel,Noord-Brabant,30,Overleden,0,9
2020-10-25,1729,Gulpen-Wittem,Limburg,31,Totaal,2,211
2020-10-25,1729,Gulpen-Wittem,Limburg,31,Ziekenhuisopname,0,24
2020-10-25,1729,Gulpen-Wittem,Limburg,31,Overleden,0,15
2020-10-25,1730,Tynaarlo,Drenthe,22,Totaal,6,249
2020-10-25,1730,Tynaarlo,Drenthe,22,Ziekenhuisopname,0,11
2020-10-25,1730,Tynaarlo,Drenthe,22,Overleden,0,0
2020-10-25,1731,Midden-Drenthe,Drenthe,22,Totaal,14,254
2020-10-25,1731,Midden-Drenthe,Drenthe,22,Ziekenhuisopname,0,6
2020-10-25,1731,Midden-Drenthe,Drenthe,22,Overleden,0,0
2020-10-25,1734,Overbetuwe,Gelderland,25,Totaal,11,594
2020-10-25,1734,Overbetuwe,Gelderland,25,Ziekenhuisopname,0,60
2020-10-25,1734,Overbetuwe,Gelderland,25,Overleden,0,17
2020-10-25,1735,Hof van Twente,Overijssel,23,Totaal,13,470
2020-10-25,1735,Hof van Twente,Overijssel,23,Ziekenhuisopname,0,18
2020-10-25,1735,Hof van Twente,Overijssel,23,Overleden,0,6
2020-10-25,1740,Neder-Betuwe,Gelderland,25,Totaal,21,402
2020-10-25,1740,Neder-Betuwe,Gelderland,25,Ziekenhuisopname,0,42
2020-10-25,1740,Neder-Betuwe,Gelderland,25,Overleden,0,22
2020-10-25,1742,Rijssen-Holten,Overijssel,23,Totaal,23,541
2020-10-25,1742,Rijssen-Holten,Overijssel,23,Ziekenhuisopname,0,30
2020-10-25,1742,Rijssen-Holten,Overijssel,23,Overleden,0,26
2020-10-25,1771,Geldrop-Mierlo,Noord-Brabant,30,Totaal,23,529
2020-10-25,1771,Geldrop-Mierlo,Noord-Brabant,30,Ziekenhuisopname,0,35
2020-10-25,1771,Geldrop-Mierlo,Noord-Brabant,30,Overleden,0,16
2020-10-25,1773,Olst-Wijhe,Overijssel,23,Totaal,6,179
2020-10-25,1773,Olst-Wijhe,Overijssel,23,Ziekenhuisopname,0,12
2020-10-25,1773,Olst-Wijhe,Overijssel,23,Overleden,0,8
2020-10-25,1774,Dinkelland,Overijssel,23,Totaal,40,533
2020-10-25,1774,Dinkelland,Overijssel,23,Ziekenhuisopname,0,21
2020-10-25,1774,Dinkelland,Overijssel,23,Overleden,0,10
2020-10-25,1783,Westland,Zuid-Holland,28,Totaal,92,2126
2020-10-25,1783,Westland,Zuid-Holland,28,Ziekenhuisopname,1,70
2020-10-25,1783,Westland,Zuid-Holland,28,Overleden,0,30
2020-10-25,1842,Midden-Delfland,Zuid-Holland,28,Totaal,13,345
2020-10-25,1842,Midden-Delfland,Zuid-Holland,28,Ziekenhuisopname,0,5
2020-10-25,1842,Midden-Delfland,Zuid-Holland,28,Overleden,0,1
2020-10-25,1859,Berkelland,Gelderland,25,Totaal,23,536
2020-10-25,1859,Berkelland,Gelderland,25,Ziekenhuisopname,0,18
2020-10-25,1859,Berkelland,Gelderland,25,Overleden,0,9
2020-10-25,1876,Bronckhorst,Gelderland,25,Totaal,14,454
2020-10-25,1876,Bronckhorst,Gelderland,25,Ziekenhuisopname,0,18
2020-10-25,1876,Bronckhorst,Gelderland,25,Overleden,0,7
2020-10-25,1883,Sittard-Geleen,Limburg,31,Totaal,21,885
2020-10-25,1883,Sittard-Geleen,Limburg,31,Ziekenhuisopname,0,124
2020-10-25,1883,Sittard-Geleen,Limburg,31,Overleden,0,65
2020-10-25,1884,Kaag en Braassem,Zuid-Holland,28,Totaal,29,410
2020-10-25,1884,Kaag en Braassem,Zuid-Holland,28,Ziekenhuisopname,0,8
2020-10-25,1884,Kaag en Braassem,Zuid-Holland,28,Overleden,0,3
2020-10-25,1891,Dantumadiel,Friesland,21,Totaal,1,112
2020-10-25,1891,Dantumadiel,Friesland,21,Ziekenhuisopname,0,2
2020-10-25,1891,Dantumadiel,Friesland,21,Overleden,0,0
2020-10-25,1892,Zuidplas,Zuid-Holland,28,Totaal,37,959
2020-10-25,1892,Zuidplas,Zuid-Holland,28,Ziekenhuisopname,1,32
2020-10-25,1892,Zuidplas,Zuid-Holland,28,Overleden,0,23
2020-10-25,1894,Peel en Maas,Limburg,31,Totaal,26,700
2020-10-25,1894,Peel en Maas,Limburg,31,Ziekenhuisopname,0,145
2020-10-25,1894,Peel en Maas,Limburg,31,Overleden,0,65
2020-10-25,1895,Oldambt,Groningen,20,Totaal,4,198
2020-10-25,1895,Oldambt,Groningen,20,Ziekenhuisopname,0,10
2020-10-25,1895,Oldambt,Groningen,20,Overleden,0,4
2020-10-25,1896,Zwartewaterland,Overijssel,23,Totaal,15,326
2020-10-25,1896,Zwartewaterland,Overijssel,23,Ziekenhuisopname,0,35
2020-10-25,1896,Zwartewaterland,Overijssel,23,Overleden,0,22
2020-10-25,1900,Sdwest-Frysln,Friesland,21,Totaal,14,744
2020-10-25,1900,Sdwest-Frysln,Friesland,21,Ziekenhuisopname,0,21
2020-10-25,1900,Sdwest-Frysln,Friesland,21,Overleden,0,6
2020-10-25,1901,Bodegraven-Reeuwijk,Zuid-Holland,28,Totaal,29,585
2020-10-25,1901,Bodegraven-Reeuwijk,Zuid-Holland,28,Ziekenhuisopname,0,12
2020-10-25,1901,Bodegraven-Reeuwijk,Zuid-Holland,28,Overleden,1,10
2020-10-25,1903,Eijsden-Margraten,Limburg,31,Totaal,9,379
2020-10-25,1903,Eijsden-Margraten,Limburg,31,Ziekenhuisopname,0,57
2020-10-25,1903,Eijsden-Margraten,Limburg,31,Overleden,0,28
2020-10-25,1904,Stichtse Vecht,Utrecht,26,Totaal,48,1074
2020-10-25,1904,Stichtse Vecht,Utrecht,26,Ziekenhuisopname,1,47
2020-10-25,1904,Stichtse Vecht,Utrecht,26,Overleden,0,14
2020-10-25,1911,Hollands Kroon,Noord-Holland,27,Totaal,15,348
2020-10-25,1911,Hollands Kroon,Noord-Holland,27,Ziekenhuisopname,0,26
2020-10-25,1911,Hollands Kroon,Noord-Holland,27,Overleden,0,6
2020-10-25,1916,Leidschendam-Voorburg,Zuid-Holland,28,Totaal,37,1385
2020-10-25,1916,Leidschendam-Voorburg,Zuid-Holland,28,Ziekenhuisopname,0,36
2020-10-25,1916,Leidschendam-Voorburg,Zuid-Holland,28,Overleden,0,28
2020-10-25,1924,Goeree-Overflakkee,Zuid-Holland,28,Totaal,19,807
2020-10-25,1924,Goeree-Overflakkee,Zuid-Holland,28,Ziekenhuisopname,0,58
2020-10-25,1924,Goeree-Overflakkee,Zuid-Holland,28,Overleden,0,35
2020-10-25,1926,Pijnacker-Nootdorp,Zuid-Holland,28,Totaal,37,1113
2020-10-25,1926,Pijnacker-Nootdorp,Zuid-Holland,28,Ziekenhuisopname,1,32
2020-10-25,1926,Pijnacker-Nootdorp,Zuid-Holland,28,Overleden,0,18
2020-10-25,1930,Nissewaard,Zuid-Holland,28,Totaal,74,1605
2020-10-25,1930,Nissewaard,Zuid-Holland,28,Ziekenhuisopname,2,71
2020-10-25,1930,Nissewaard,Zuid-Holland,28,Overleden,0,24
2020-10-25,1931,Krimpenerwaard,Zuid-Holland,28,Totaal,46,1106
2020-10-25,1931,Krimpenerwaard,Zuid-Holland,28,Ziekenhuisopname,2,54
2020-10-25,1931,Krimpenerwaard,Zuid-Holland,28,Overleden,0,37
2020-10-25,1940,De Fryske Marren,Friesland,21,Totaal,12,433
2020-10-25,1940,De Fryske Marren,Friesland,21,Ziekenhuisopname,0,22
2020-10-25,1940,De Fryske Marren,Friesland,21,Overleden,0,8
2020-10-25,1942,Gooise Meren,Noord-Holland,27,Totaal,24,932
2020-10-25,1942,Gooise Meren,Noord-Holland,27,Ziekenhuisopname,0,27
2020-10-25,1942,Gooise Meren,Noord-Holland,27,Overleden,0,15
2020-10-25,1945,Berg en Dal,Gelderland,25,Totaal,21,665
2020-10-25,1945,Berg en Dal,Gelderland,25,Ziekenhuisopname,1,37
2020-10-25,1945,Berg en Dal,Gelderland,25,Overleden,1,23
2020-10-25,1948,Meierijstad,Noord-Brabant,30,Totaal,14,1372
2020-10-25,1948,Meierijstad,Noord-Brabant,30,Ziekenhuisopname,1,214
2020-10-25,1948,Meierijstad,Noord-Brabant,30,Overleden,0,134
2020-10-25,1949,Waadhoeke,Friesland,21,Totaal,10,383
2020-10-25,1949,Waadhoeke,Friesland,21,Ziekenhuisopname,1,15
2020-10-25,1949,Waadhoeke,Friesland,21,Overleden,0,17
2020-10-25,1950,Westerwolde,Groningen,20,Totaal,8,168
2020-10-25,1950,Westerwolde,Groningen,20,Ziekenhuisopname,0,11
2020-10-25,1950,Westerwolde,Groningen,20,Overleden,0,2
2020-10-25,1952,Midden-Groningen,Groningen,20,Totaal,7,332
2020-10-25,1952,Midden-Groningen,Groningen,20,Ziekenhuisopname,0,10
2020-10-25,1952,Midden-Groningen,Groningen,20,Overleden,0,5
2020-10-25,1954,Beekdaelen,Limburg,31,Totaal,20,374
2020-10-25,1954,Beekdaelen,Limburg,31,Ziekenhuisopname,0,52
2020-10-25,1954,Beekdaelen,Limburg,31,Overleden,0,25
2020-10-25,1955,Montferland,Gelderland,25,Totaal,11,377
2020-10-25,1955,Montferland,Gelderland,25,Ziekenhuisopname,0,25
2020-10-25,1955,Montferland,Gelderland,25,Overleden,0,9
2020-10-25,1959,Altena,Noord-Brabant,30,Totaal,28,765
2020-10-25,1959,Altena,Noord-Brabant,30,Ziekenhuisopname,0,38
2020-10-25,1959,Altena,Noord-Brabant,30,Overleden,6,18
2020-10-25,1960,West Betuwe,Gelderland,25,Totaal,21,694
2020-10-25,1960,West Betuwe,Gelderland,25,Ziekenhuisopname,1,50
2020-10-25,1960,West Betuwe,Gelderland,25,Overleden,0,30
2020-10-25,1961,Vijfheerenlanden,Utrecht,26,Totaal,36,1082
2020-10-25,1961,Vijfheerenlanden,Utrecht,26,Ziekenhuisopname,1,47
2020-10-25,1961,Vijfheerenlanden,Utrecht,26,Overleden,0,44
2020-10-25,1963,Hoeksche Waard,Zuid-Holland,28,Totaal,28,1639
2020-10-25,1963,Hoeksche Waard,Zuid-Holland,28,Ziekenhuisopname,1,83
2020-10-25,1963,Hoeksche Waard,Zuid-Holland,28,Overleden,0,28
2020-10-25,1966,Het Hogeland,Groningen,20,Totaal,7,337
2020-10-25,1966,Het Hogeland,Groningen,20,Ziekenhuisopname,0,7
2020-10-25,1966,Het Hogeland,Groningen,20,Overleden,0,5
2020-10-25,1969,Westerkwartier,Groningen,20,Totaal,10,382
2020-10-25,1969,Westerkwartier,Groningen,20,Ziekenhuisopname,0,19
2020-10-25,1969,Westerkwartier,Groningen,20,Overleden,0,4
2020-10-25,1970,Noardeast-Frysln,Friesland,21,Totaal,7,250
2020-10-25,1970,Noardeast-Frysln,Friesland,21,Ziekenhuisopname,0,7
2020-10-25,1970,Noardeast-Frysln,Friesland,21,Overleden,0,4
2020-10-25,1978,Molenlanden,Zuid-Holland,28,Totaal,29,650
2020-10-25,1978,Molenlanden,Zuid-Holland,28,Ziekenhuisopname,0,20
2020-10-25,1978,Molenlanden,Zuid-Holland,28,Overleden,0,10
