Datum,Gemeentecode,Gemeentenaam,Provincienaam,Provinciecode,Type,Aantal,AantalCumulatief
2020-06-25,-1,,,-1,Totaal,1,503
2020-06-25,-1,,,-1,Ziekenhuisopname,0,61
2020-06-25,-1,,,-1,Overleden,0,18
2020-06-25,3,Appingedam,Groningen,20,Totaal,0,5
2020-06-25,3,Appingedam,Groningen,20,Ziekenhuisopname,0,3
2020-06-25,3,Appingedam,Groningen,20,Overleden,0,0
2020-06-25,10,Delfzijl,Groningen,20,Totaal,0,18
2020-06-25,10,Delfzijl,Groningen,20,Ziekenhuisopname,0,6
2020-06-25,10,Delfzijl,Groningen,20,Overleden,0,0
2020-06-25,14,Groningen,Groningen,20,Totaal,0,172
2020-06-25,14,Groningen,Groningen,20,Ziekenhuisopname,0,18
2020-06-25,14,Groningen,Groningen,20,Overleden,0,3
2020-06-25,24,Loppersum,Groningen,20,Totaal,0,2
2020-06-25,24,Loppersum,Groningen,20,Ziekenhuisopname,0,0
2020-06-25,24,Loppersum,Groningen,20,Overleden,0,0
2020-06-25,34,Almere,Flevoland,24,Totaal,0,449
2020-06-25,34,Almere,Flevoland,24,Ziekenhuisopname,0,125
2020-06-25,34,Almere,Flevoland,24,Overleden,0,31
2020-06-25,37,Stadskanaal,Groningen,20,Totaal,0,9
2020-06-25,37,Stadskanaal,Groningen,20,Ziekenhuisopname,0,2
2020-06-25,37,Stadskanaal,Groningen,20,Overleden,0,2
2020-06-25,47,Veendam,Groningen,20,Totaal,0,8
2020-06-25,47,Veendam,Groningen,20,Ziekenhuisopname,0,2
2020-06-25,47,Veendam,Groningen,20,Overleden,0,0
2020-06-25,50,Zeewolde,Flevoland,24,Totaal,0,48
2020-06-25,50,Zeewolde,Flevoland,24,Ziekenhuisopname,0,12
2020-06-25,50,Zeewolde,Flevoland,24,Overleden,0,5
2020-06-25,59,Achtkarspelen,Friesland,21,Totaal,1,12
2020-06-25,59,Achtkarspelen,Friesland,21,Ziekenhuisopname,0,0
2020-06-25,59,Achtkarspelen,Friesland,21,Overleden,0,0
2020-06-25,60,Ameland,Friesland,21,Totaal,0,0
2020-06-25,60,Ameland,Friesland,21,Ziekenhuisopname,0,0
2020-06-25,60,Ameland,Friesland,21,Overleden,0,0
2020-06-25,72,Harlingen,Friesland,21,Totaal,0,17
2020-06-25,72,Harlingen,Friesland,21,Ziekenhuisopname,0,4
2020-06-25,72,Harlingen,Friesland,21,Overleden,0,1
2020-06-25,74,Heerenveen,Friesland,21,Totaal,0,93
2020-06-25,74,Heerenveen,Friesland,21,Ziekenhuisopname,0,13
2020-06-25,74,Heerenveen,Friesland,21,Overleden,0,20
2020-06-25,80,Leeuwarden,Friesland,21,Totaal,0,65
2020-06-25,80,Leeuwarden,Friesland,21,Ziekenhuisopname,0,33
2020-06-25,80,Leeuwarden,Friesland,21,Overleden,0,6
2020-06-25,85,Ooststellingwerf,Friesland,21,Totaal,0,7
2020-06-25,85,Ooststellingwerf,Friesland,21,Ziekenhuisopname,0,3
2020-06-25,85,Ooststellingwerf,Friesland,21,Overleden,0,0
2020-06-25,86,Opsterland,Friesland,21,Totaal,0,23
2020-06-25,86,Opsterland,Friesland,21,Ziekenhuisopname,0,7
2020-06-25,86,Opsterland,Friesland,21,Overleden,0,0
2020-06-25,88,Schiermonnikoog,Friesland,21,Totaal,0,0
2020-06-25,88,Schiermonnikoog,Friesland,21,Ziekenhuisopname,0,0
2020-06-25,88,Schiermonnikoog,Friesland,21,Overleden,0,0
2020-06-25,90,Smallingerland,Friesland,21,Totaal,0,56
2020-06-25,90,Smallingerland,Friesland,21,Ziekenhuisopname,0,9
2020-06-25,90,Smallingerland,Friesland,21,Overleden,0,5
2020-06-25,93,Terschelling,Friesland,21,Totaal,0,2
2020-06-25,93,Terschelling,Friesland,21,Ziekenhuisopname,0,0
2020-06-25,93,Terschelling,Friesland,21,Overleden,0,0
2020-06-25,96,Vlieland,Friesland,21,Totaal,0,0
2020-06-25,96,Vlieland,Friesland,21,Ziekenhuisopname,0,0
2020-06-25,96,Vlieland,Friesland,21,Overleden,0,0
2020-06-25,98,Weststellingwerf,Friesland,21,Totaal,0,29
2020-06-25,98,Weststellingwerf,Friesland,21,Ziekenhuisopname,0,3
2020-06-25,98,Weststellingwerf,Friesland,21,Overleden,0,4
2020-06-25,106,Assen,Drenthe,22,Totaal,0,46
2020-06-25,106,Assen,Drenthe,22,Ziekenhuisopname,0,12
2020-06-25,106,Assen,Drenthe,22,Overleden,0,2
2020-06-25,109,Coevorden,Drenthe,22,Totaal,0,57
2020-06-25,109,Coevorden,Drenthe,22,Ziekenhuisopname,0,13
2020-06-25,109,Coevorden,Drenthe,22,Overleden,0,2
2020-06-25,114,Emmen,Drenthe,22,Totaal,0,104
2020-06-25,114,Emmen,Drenthe,22,Ziekenhuisopname,0,20
2020-06-25,114,Emmen,Drenthe,22,Overleden,0,11
2020-06-25,118,Hoogeveen,Drenthe,22,Totaal,0,93
2020-06-25,118,Hoogeveen,Drenthe,22,Ziekenhuisopname,0,19
2020-06-25,118,Hoogeveen,Drenthe,22,Overleden,0,8
2020-06-25,119,Meppel,Drenthe,22,Totaal,0,46
2020-06-25,119,Meppel,Drenthe,22,Ziekenhuisopname,0,8
2020-06-25,119,Meppel,Drenthe,22,Overleden,0,5
2020-06-25,141,Almelo,Overijssel,23,Totaal,0,92
2020-06-25,141,Almelo,Overijssel,23,Ziekenhuisopname,0,23
2020-06-25,141,Almelo,Overijssel,23,Overleden,0,9
2020-06-25,147,Borne,Overijssel,23,Totaal,0,50
2020-06-25,147,Borne,Overijssel,23,Ziekenhuisopname,0,14
2020-06-25,147,Borne,Overijssel,23,Overleden,0,6
2020-06-25,148,Dalfsen,Overijssel,23,Totaal,0,79
2020-06-25,148,Dalfsen,Overijssel,23,Ziekenhuisopname,0,16
2020-06-25,148,Dalfsen,Overijssel,23,Overleden,0,6
2020-06-25,150,Deventer,Overijssel,23,Totaal,1,312
2020-06-25,150,Deventer,Overijssel,23,Ziekenhuisopname,0,47
2020-06-25,150,Deventer,Overijssel,23,Overleden,0,33
2020-06-25,153,Enschede,Overijssel,23,Totaal,1,239
2020-06-25,153,Enschede,Overijssel,23,Ziekenhuisopname,0,53
2020-06-25,153,Enschede,Overijssel,23,Overleden,0,25
2020-06-25,158,Haaksbergen,Overijssel,23,Totaal,0,55
2020-06-25,158,Haaksbergen,Overijssel,23,Ziekenhuisopname,0,14
2020-06-25,158,Haaksbergen,Overijssel,23,Overleden,0,7
2020-06-25,160,Hardenberg,Overijssel,23,Totaal,0,170
2020-06-25,160,Hardenberg,Overijssel,23,Ziekenhuisopname,0,23
2020-06-25,160,Hardenberg,Overijssel,23,Overleden,0,8
2020-06-25,163,Hellendoorn,Overijssel,23,Totaal,0,95
2020-06-25,163,Hellendoorn,Overijssel,23,Ziekenhuisopname,0,8
2020-06-25,163,Hellendoorn,Overijssel,23,Overleden,0,12
2020-06-25,164,Hengelo,Overijssel,23,Totaal,0,128
2020-06-25,164,Hengelo,Overijssel,23,Ziekenhuisopname,0,21
2020-06-25,164,Hengelo,Overijssel,23,Overleden,0,19
2020-06-25,166,Kampen,Overijssel,23,Totaal,0,342
2020-06-25,166,Kampen,Overijssel,23,Ziekenhuisopname,0,59
2020-06-25,166,Kampen,Overijssel,23,Overleden,0,26
2020-06-25,168,Losser,Overijssel,23,Totaal,0,25
2020-06-25,168,Losser,Overijssel,23,Ziekenhuisopname,0,7
2020-06-25,168,Losser,Overijssel,23,Overleden,0,0
2020-06-25,171,Noordoostpolder,Flevoland,24,Totaal,0,81
2020-06-25,171,Noordoostpolder,Flevoland,24,Ziekenhuisopname,0,14
2020-06-25,171,Noordoostpolder,Flevoland,24,Overleden,0,10
2020-06-25,173,Oldenzaal,Overijssel,23,Totaal,0,50
2020-06-25,173,Oldenzaal,Overijssel,23,Ziekenhuisopname,0,14
2020-06-25,173,Oldenzaal,Overijssel,23,Overleden,0,7
2020-06-25,175,Ommen,Overijssel,23,Totaal,0,53
2020-06-25,175,Ommen,Overijssel,23,Ziekenhuisopname,0,9
2020-06-25,175,Ommen,Overijssel,23,Overleden,0,2
2020-06-25,177,Raalte,Overijssel,23,Totaal,0,155
2020-06-25,177,Raalte,Overijssel,23,Ziekenhuisopname,0,24
2020-06-25,177,Raalte,Overijssel,23,Overleden,0,17
2020-06-25,180,Staphorst,Overijssel,23,Totaal,0,59
2020-06-25,180,Staphorst,Overijssel,23,Ziekenhuisopname,0,8
2020-06-25,180,Staphorst,Overijssel,23,Overleden,0,4
2020-06-25,183,Tubbergen,Overijssel,23,Totaal,0,81
2020-06-25,183,Tubbergen,Overijssel,23,Ziekenhuisopname,0,12
2020-06-25,183,Tubbergen,Overijssel,23,Overleden,0,5
2020-06-25,184,Urk,Flevoland,24,Totaal,0,84
2020-06-25,184,Urk,Flevoland,24,Ziekenhuisopname,0,22
2020-06-25,184,Urk,Flevoland,24,Overleden,0,4
2020-06-25,189,Wierden,Overijssel,23,Totaal,0,49
2020-06-25,189,Wierden,Overijssel,23,Ziekenhuisopname,0,5
2020-06-25,189,Wierden,Overijssel,23,Overleden,0,6
2020-06-25,193,Zwolle,Overijssel,23,Totaal,0,359
2020-06-25,193,Zwolle,Overijssel,23,Ziekenhuisopname,0,53
2020-06-25,193,Zwolle,Overijssel,23,Overleden,0,46
2020-06-25,197,Aalten,Gelderland,25,Totaal,0,60
2020-06-25,197,Aalten,Gelderland,25,Ziekenhuisopname,0,9
2020-06-25,197,Aalten,Gelderland,25,Overleden,0,7
2020-06-25,200,Apeldoorn,Gelderland,25,Totaal,1,452
2020-06-25,200,Apeldoorn,Gelderland,25,Ziekenhuisopname,0,92
2020-06-25,200,Apeldoorn,Gelderland,25,Overleden,0,50
2020-06-25,202,Arnhem,Gelderland,25,Totaal,1,403
2020-06-25,202,Arnhem,Gelderland,25,Ziekenhuisopname,1,68
2020-06-25,202,Arnhem,Gelderland,25,Overleden,1,32
2020-06-25,203,Barneveld,Gelderland,25,Totaal,0,133
2020-06-25,203,Barneveld,Gelderland,25,Ziekenhuisopname,0,18
2020-06-25,203,Barneveld,Gelderland,25,Overleden,0,6
2020-06-25,209,Beuningen,Gelderland,25,Totaal,0,74
2020-06-25,209,Beuningen,Gelderland,25,Ziekenhuisopname,0,19
2020-06-25,209,Beuningen,Gelderland,25,Overleden,0,5
2020-06-25,213,Brummen,Gelderland,25,Totaal,0,36
2020-06-25,213,Brummen,Gelderland,25,Ziekenhuisopname,0,17
2020-06-25,213,Brummen,Gelderland,25,Overleden,0,5
2020-06-25,214,Buren,Gelderland,25,Totaal,0,63
2020-06-25,214,Buren,Gelderland,25,Ziekenhuisopname,0,17
2020-06-25,214,Buren,Gelderland,25,Overleden,0,8
2020-06-25,216,Culemborg,Gelderland,25,Totaal,1,71
2020-06-25,216,Culemborg,Gelderland,25,Ziekenhuisopname,0,21
2020-06-25,216,Culemborg,Gelderland,25,Overleden,0,7
2020-06-25,221,Doesburg,Gelderland,25,Totaal,0,32
2020-06-25,221,Doesburg,Gelderland,25,Ziekenhuisopname,0,9
2020-06-25,221,Doesburg,Gelderland,25,Overleden,0,6
2020-06-25,222,Doetinchem,Gelderland,25,Totaal,1,104
2020-06-25,222,Doetinchem,Gelderland,25,Ziekenhuisopname,0,26
2020-06-25,222,Doetinchem,Gelderland,25,Overleden,0,15
2020-06-25,225,Druten,Gelderland,25,Totaal,0,115
2020-06-25,225,Druten,Gelderland,25,Ziekenhuisopname,0,25
2020-06-25,225,Druten,Gelderland,25,Overleden,0,8
2020-06-25,226,Duiven,Gelderland,25,Totaal,0,52
2020-06-25,226,Duiven,Gelderland,25,Ziekenhuisopname,0,14
2020-06-25,226,Duiven,Gelderland,25,Overleden,0,6
2020-06-25,228,Ede,Gelderland,25,Totaal,1,222
2020-06-25,228,Ede,Gelderland,25,Ziekenhuisopname,0,54
2020-06-25,228,Ede,Gelderland,25,Overleden,0,20
2020-06-25,230,Elburg,Gelderland,25,Totaal,0,149
2020-06-25,230,Elburg,Gelderland,25,Ziekenhuisopname,0,28
2020-06-25,230,Elburg,Gelderland,25,Overleden,0,8
2020-06-25,232,Epe,Gelderland,25,Totaal,0,138
2020-06-25,232,Epe,Gelderland,25,Ziekenhuisopname,0,47
2020-06-25,232,Epe,Gelderland,25,Overleden,0,23
2020-06-25,233,Ermelo,Gelderland,25,Totaal,0,148
2020-06-25,233,Ermelo,Gelderland,25,Ziekenhuisopname,0,33
2020-06-25,233,Ermelo,Gelderland,25,Overleden,0,22
2020-06-25,243,Harderwijk,Gelderland,25,Totaal,1,181
2020-06-25,243,Harderwijk,Gelderland,25,Ziekenhuisopname,0,43
2020-06-25,243,Harderwijk,Gelderland,25,Overleden,0,21
2020-06-25,244,Hattem,Gelderland,25,Totaal,0,42
2020-06-25,244,Hattem,Gelderland,25,Ziekenhuisopname,0,16
2020-06-25,244,Hattem,Gelderland,25,Overleden,0,5
2020-06-25,246,Heerde,Gelderland,25,Totaal,0,192
2020-06-25,246,Heerde,Gelderland,25,Ziekenhuisopname,0,54
2020-06-25,246,Heerde,Gelderland,25,Overleden,0,28
2020-06-25,252,Heumen,Gelderland,25,Totaal,0,74
2020-06-25,252,Heumen,Gelderland,25,Ziekenhuisopname,0,17
2020-06-25,252,Heumen,Gelderland,25,Overleden,0,9
2020-06-25,262,Lochem,Gelderland,25,Totaal,0,96
2020-06-25,262,Lochem,Gelderland,25,Ziekenhuisopname,0,14
2020-06-25,262,Lochem,Gelderland,25,Overleden,0,15
2020-06-25,263,Maasdriel,Gelderland,25,Totaal,3,55
2020-06-25,263,Maasdriel,Gelderland,25,Ziekenhuisopname,0,15
2020-06-25,263,Maasdriel,Gelderland,25,Overleden,0,7
2020-06-25,267,Nijkerk,Gelderland,25,Totaal,0,62
2020-06-25,267,Nijkerk,Gelderland,25,Ziekenhuisopname,0,22
2020-06-25,267,Nijkerk,Gelderland,25,Overleden,0,3
2020-06-25,268,Nijmegen,Gelderland,25,Totaal,0,654
2020-06-25,268,Nijmegen,Gelderland,25,Ziekenhuisopname,0,128
2020-06-25,268,Nijmegen,Gelderland,25,Overleden,0,70
2020-06-25,269,Oldebroek,Gelderland,25,Totaal,0,171
2020-06-25,269,Oldebroek,Gelderland,25,Ziekenhuisopname,0,40
2020-06-25,269,Oldebroek,Gelderland,25,Overleden,0,19
2020-06-25,273,Putten,Gelderland,25,Totaal,0,35
2020-06-25,273,Putten,Gelderland,25,Ziekenhuisopname,0,10
2020-06-25,273,Putten,Gelderland,25,Overleden,0,0
2020-06-25,274,Renkum,Gelderland,25,Totaal,0,78
2020-06-25,274,Renkum,Gelderland,25,Ziekenhuisopname,0,14
2020-06-25,274,Renkum,Gelderland,25,Overleden,0,7
2020-06-25,275,Rheden,Gelderland,25,Totaal,0,144
2020-06-25,275,Rheden,Gelderland,25,Ziekenhuisopname,0,34
2020-06-25,275,Rheden,Gelderland,25,Overleden,0,14
2020-06-25,277,Rozendaal,Gelderland,25,Totaal,0,3
2020-06-25,277,Rozendaal,Gelderland,25,Ziekenhuisopname,0,1
2020-06-25,277,Rozendaal,Gelderland,25,Overleden,0,0
2020-06-25,279,Scherpenzeel,Gelderland,25,Totaal,0,33
2020-06-25,279,Scherpenzeel,Gelderland,25,Ziekenhuisopname,0,4
2020-06-25,279,Scherpenzeel,Gelderland,25,Overleden,0,2
2020-06-25,281,Tiel,Gelderland,25,Totaal,0,149
2020-06-25,281,Tiel,Gelderland,25,Ziekenhuisopname,0,42
2020-06-25,281,Tiel,Gelderland,25,Overleden,0,18
2020-06-25,285,Voorst,Gelderland,25,Totaal,4,73
2020-06-25,285,Voorst,Gelderland,25,Ziekenhuisopname,0,18
2020-06-25,285,Voorst,Gelderland,25,Overleden,0,11
2020-06-25,289,Wageningen,Gelderland,25,Totaal,0,52
2020-06-25,289,Wageningen,Gelderland,25,Ziekenhuisopname,0,20
2020-06-25,289,Wageningen,Gelderland,25,Overleden,0,9
2020-06-25,293,Westervoort,Gelderland,25,Totaal,0,39
2020-06-25,293,Westervoort,Gelderland,25,Ziekenhuisopname,0,12
2020-06-25,293,Westervoort,Gelderland,25,Overleden,0,5
2020-06-25,294,Winterswijk,Gelderland,25,Totaal,0,48
2020-06-25,294,Winterswijk,Gelderland,25,Ziekenhuisopname,0,7
2020-06-25,294,Winterswijk,Gelderland,25,Overleden,0,3
2020-06-25,296,Wijchen,Gelderland,25,Totaal,1,146
2020-06-25,296,Wijchen,Gelderland,25,Ziekenhuisopname,0,43
2020-06-25,296,Wijchen,Gelderland,25,Overleden,0,13
2020-06-25,297,Zaltbommel,Gelderland,25,Totaal,0,99
2020-06-25,297,Zaltbommel,Gelderland,25,Ziekenhuisopname,0,20
2020-06-25,297,Zaltbommel,Gelderland,25,Overleden,0,9
2020-06-25,299,Zevenaar,Gelderland,25,Totaal,0,118
2020-06-25,299,Zevenaar,Gelderland,25,Ziekenhuisopname,0,44
2020-06-25,299,Zevenaar,Gelderland,25,Overleden,0,15
2020-06-25,301,Zutphen,Gelderland,25,Totaal,0,103
2020-06-25,301,Zutphen,Gelderland,25,Ziekenhuisopname,0,31
2020-06-25,301,Zutphen,Gelderland,25,Overleden,0,13
2020-06-25,302,Nunspeet,Gelderland,25,Totaal,0,224
2020-06-25,302,Nunspeet,Gelderland,25,Ziekenhuisopname,0,56
2020-06-25,302,Nunspeet,Gelderland,25,Overleden,0,21
2020-06-25,303,Dronten,Flevoland,24,Totaal,1,123
2020-06-25,303,Dronten,Flevoland,24,Ziekenhuisopname,0,30
2020-06-25,303,Dronten,Flevoland,24,Overleden,0,12
2020-06-25,307,Amersfoort,Utrecht,26,Totaal,0,226
2020-06-25,307,Amersfoort,Utrecht,26,Ziekenhuisopname,0,59
2020-06-25,307,Amersfoort,Utrecht,26,Overleden,0,23
2020-06-25,308,Baarn,Utrecht,26,Totaal,0,62
2020-06-25,308,Baarn,Utrecht,26,Ziekenhuisopname,0,11
2020-06-25,308,Baarn,Utrecht,26,Overleden,0,9
2020-06-25,310,De Bilt,Utrecht,26,Totaal,0,179
2020-06-25,310,De Bilt,Utrecht,26,Ziekenhuisopname,0,27
2020-06-25,310,De Bilt,Utrecht,26,Overleden,0,24
2020-06-25,312,Bunnik,Utrecht,26,Totaal,0,45
2020-06-25,312,Bunnik,Utrecht,26,Ziekenhuisopname,0,9
2020-06-25,312,Bunnik,Utrecht,26,Overleden,0,1
2020-06-25,313,Bunschoten,Utrecht,26,Totaal,0,65
2020-06-25,313,Bunschoten,Utrecht,26,Ziekenhuisopname,0,9
2020-06-25,313,Bunschoten,Utrecht,26,Overleden,0,7
2020-06-25,317,Eemnes,Utrecht,26,Totaal,0,17
2020-06-25,317,Eemnes,Utrecht,26,Ziekenhuisopname,0,2
2020-06-25,317,Eemnes,Utrecht,26,Overleden,0,1
2020-06-25,321,Houten,Utrecht,26,Totaal,0,139
2020-06-25,321,Houten,Utrecht,26,Ziekenhuisopname,0,24
2020-06-25,321,Houten,Utrecht,26,Overleden,0,14
2020-06-25,327,Leusden,Utrecht,26,Totaal,0,53
2020-06-25,327,Leusden,Utrecht,26,Ziekenhuisopname,0,9
2020-06-25,327,Leusden,Utrecht,26,Overleden,0,5
2020-06-25,331,Lopik,Utrecht,26,Totaal,0,65
2020-06-25,331,Lopik,Utrecht,26,Ziekenhuisopname,0,19
2020-06-25,331,Lopik,Utrecht,26,Overleden,0,8
2020-06-25,335,Montfoort,Utrecht,26,Totaal,0,45
2020-06-25,335,Montfoort,Utrecht,26,Ziekenhuisopname,0,13
2020-06-25,335,Montfoort,Utrecht,26,Overleden,0,5
2020-06-25,339,Renswoude,Utrecht,26,Totaal,0,19
2020-06-25,339,Renswoude,Utrecht,26,Ziekenhuisopname,0,5
2020-06-25,339,Renswoude,Utrecht,26,Overleden,0,5
2020-06-25,340,Rhenen,Utrecht,26,Totaal,0,48
2020-06-25,340,Rhenen,Utrecht,26,Ziekenhuisopname,0,11
2020-06-25,340,Rhenen,Utrecht,26,Overleden,0,6
2020-06-25,342,Soest,Utrecht,26,Totaal,0,94
2020-06-25,342,Soest,Utrecht,26,Ziekenhuisopname,0,23
2020-06-25,342,Soest,Utrecht,26,Overleden,0,12
2020-06-25,344,Utrecht,Utrecht,26,Totaal,15,1280
2020-06-25,344,Utrecht,Utrecht,26,Ziekenhuisopname,0,265
2020-06-25,344,Utrecht,Utrecht,26,Overleden,0,116
2020-06-25,345,Veenendaal,Utrecht,26,Totaal,0,196
2020-06-25,345,Veenendaal,Utrecht,26,Ziekenhuisopname,0,47
2020-06-25,345,Veenendaal,Utrecht,26,Overleden,0,10
2020-06-25,351,Woudenberg,Utrecht,26,Totaal,0,32
2020-06-25,351,Woudenberg,Utrecht,26,Ziekenhuisopname,0,9
2020-06-25,351,Woudenberg,Utrecht,26,Overleden,0,2
2020-06-25,352,Wijk bij Duurstede,Utrecht,26,Totaal,0,40
2020-06-25,352,Wijk bij Duurstede,Utrecht,26,Ziekenhuisopname,0,10
2020-06-25,352,Wijk bij Duurstede,Utrecht,26,Overleden,0,1
2020-06-25,353,IJsselstein,Utrecht,26,Totaal,0,152
2020-06-25,353,IJsselstein,Utrecht,26,Ziekenhuisopname,0,36
2020-06-25,353,IJsselstein,Utrecht,26,Overleden,0,34
2020-06-25,355,Zeist,Utrecht,26,Totaal,1,213
2020-06-25,355,Zeist,Utrecht,26,Ziekenhuisopname,0,37
2020-06-25,355,Zeist,Utrecht,26,Overleden,0,23
2020-06-25,356,Nieuwegein,Utrecht,26,Totaal,1,156
2020-06-25,356,Nieuwegein,Utrecht,26,Ziekenhuisopname,0,44
2020-06-25,356,Nieuwegein,Utrecht,26,Overleden,0,14
2020-06-25,358,Aalsmeer,Noord-Holland,27,Totaal,0,42
2020-06-25,358,Aalsmeer,Noord-Holland,27,Ziekenhuisopname,0,9
2020-06-25,358,Aalsmeer,Noord-Holland,27,Overleden,0,4
2020-06-25,361,Alkmaar,Noord-Holland,27,Totaal,0,245
2020-06-25,361,Alkmaar,Noord-Holland,27,Ziekenhuisopname,0,54
2020-06-25,361,Alkmaar,Noord-Holland,27,Overleden,0,31
2020-06-25,362,Amstelveen,Noord-Holland,27,Totaal,0,325
2020-06-25,362,Amstelveen,Noord-Holland,27,Ziekenhuisopname,0,58
2020-06-25,362,Amstelveen,Noord-Holland,27,Overleden,0,35
2020-06-25,363,Amsterdam,Noord-Holland,27,Totaal,5,2640
2020-06-25,363,Amsterdam,Noord-Holland,27,Ziekenhuisopname,1,620
2020-06-25,363,Amsterdam,Noord-Holland,27,Overleden,0,284
2020-06-25,370,Beemster,Noord-Holland,27,Totaal,0,14
2020-06-25,370,Beemster,Noord-Holland,27,Ziekenhuisopname,0,4
2020-06-25,370,Beemster,Noord-Holland,27,Overleden,0,1
2020-06-25,373,Bergen (NH.),Noord-Holland,27,Totaal,0,86
2020-06-25,373,Bergen (NH.),Noord-Holland,27,Ziekenhuisopname,0,16
2020-06-25,373,Bergen (NH.),Noord-Holland,27,Overleden,0,4
2020-06-25,375,Beverwijk,Noord-Holland,27,Totaal,0,82
2020-06-25,375,Beverwijk,Noord-Holland,27,Ziekenhuisopname,0,15
2020-06-25,375,Beverwijk,Noord-Holland,27,Overleden,0,10
2020-06-25,376,Blaricum,Noord-Holland,27,Totaal,0,29
2020-06-25,376,Blaricum,Noord-Holland,27,Ziekenhuisopname,0,8
2020-06-25,376,Blaricum,Noord-Holland,27,Overleden,0,2
2020-06-25,377,Bloemendaal,Noord-Holland,27,Totaal,0,52
2020-06-25,377,Bloemendaal,Noord-Holland,27,Ziekenhuisopname,0,7
2020-06-25,377,Bloemendaal,Noord-Holland,27,Overleden,0,5
2020-06-25,383,Castricum,Noord-Holland,27,Totaal,0,80
2020-06-25,383,Castricum,Noord-Holland,27,Ziekenhuisopname,0,15
2020-06-25,383,Castricum,Noord-Holland,27,Overleden,0,9
2020-06-25,384,Diemen,Noord-Holland,27,Totaal,0,105
2020-06-25,384,Diemen,Noord-Holland,27,Ziekenhuisopname,0,17
2020-06-25,384,Diemen,Noord-Holland,27,Overleden,0,14
2020-06-25,385,Edam-Volendam,Noord-Holland,27,Totaal,0,125
2020-06-25,385,Edam-Volendam,Noord-Holland,27,Ziekenhuisopname,0,25
2020-06-25,385,Edam-Volendam,Noord-Holland,27,Overleden,0,3
2020-06-25,388,Enkhuizen,Noord-Holland,27,Totaal,0,30
2020-06-25,388,Enkhuizen,Noord-Holland,27,Ziekenhuisopname,0,18
2020-06-25,388,Enkhuizen,Noord-Holland,27,Overleden,0,4
2020-06-25,392,Haarlem,Noord-Holland,27,Totaal,0,291
2020-06-25,392,Haarlem,Noord-Holland,27,Ziekenhuisopname,0,61
2020-06-25,392,Haarlem,Noord-Holland,27,Overleden,0,57
2020-06-25,394,Haarlemmermeer,Noord-Holland,27,Totaal,0,281
2020-06-25,394,Haarlemmermeer,Noord-Holland,27,Ziekenhuisopname,0,68
2020-06-25,394,Haarlemmermeer,Noord-Holland,27,Overleden,0,27
2020-06-25,396,Heemskerk,Noord-Holland,27,Totaal,1,92
2020-06-25,396,Heemskerk,Noord-Holland,27,Ziekenhuisopname,0,28
2020-06-25,396,Heemskerk,Noord-Holland,27,Overleden,0,10
2020-06-25,397,Heemstede,Noord-Holland,27,Totaal,0,93
2020-06-25,397,Heemstede,Noord-Holland,27,Ziekenhuisopname,0,11
2020-06-25,397,Heemstede,Noord-Holland,27,Overleden,0,32
2020-06-25,398,Heerhugowaard,Noord-Holland,27,Totaal,0,147
2020-06-25,398,Heerhugowaard,Noord-Holland,27,Ziekenhuisopname,0,27
2020-06-25,398,Heerhugowaard,Noord-Holland,27,Overleden,0,9
2020-06-25,399,Heiloo,Noord-Holland,27,Totaal,0,48
2020-06-25,399,Heiloo,Noord-Holland,27,Ziekenhuisopname,0,9
2020-06-25,399,Heiloo,Noord-Holland,27,Overleden,0,8
2020-06-25,400,Den Helder,Noord-Holland,27,Totaal,0,39
2020-06-25,400,Den Helder,Noord-Holland,27,Ziekenhuisopname,0,12
2020-06-25,400,Den Helder,Noord-Holland,27,Overleden,0,2
2020-06-25,402,Hilversum,Noord-Holland,27,Totaal,2,202
2020-06-25,402,Hilversum,Noord-Holland,27,Ziekenhuisopname,0,32
2020-06-25,402,Hilversum,Noord-Holland,27,Overleden,0,25
2020-06-25,405,Hoorn,Noord-Holland,27,Totaal,0,96
2020-06-25,405,Hoorn,Noord-Holland,27,Ziekenhuisopname,0,35
2020-06-25,405,Hoorn,Noord-Holland,27,Overleden,0,12
2020-06-25,406,Huizen,Noord-Holland,27,Totaal,0,138
2020-06-25,406,Huizen,Noord-Holland,27,Ziekenhuisopname,0,23
2020-06-25,406,Huizen,Noord-Holland,27,Overleden,0,10
2020-06-25,415,Landsmeer,Noord-Holland,27,Totaal,0,23
2020-06-25,415,Landsmeer,Noord-Holland,27,Ziekenhuisopname,0,3
2020-06-25,415,Landsmeer,Noord-Holland,27,Overleden,0,3
2020-06-25,416,Langedijk,Noord-Holland,27,Totaal,0,45
2020-06-25,416,Langedijk,Noord-Holland,27,Ziekenhuisopname,0,16
2020-06-25,416,Langedijk,Noord-Holland,27,Overleden,0,4
2020-06-25,417,Laren,Noord-Holland,27,Totaal,0,26
2020-06-25,417,Laren,Noord-Holland,27,Ziekenhuisopname,0,8
2020-06-25,417,Laren,Noord-Holland,27,Overleden,0,2
2020-06-25,420,Medemblik,Noord-Holland,27,Totaal,0,74
2020-06-25,420,Medemblik,Noord-Holland,27,Ziekenhuisopname,0,19
2020-06-25,420,Medemblik,Noord-Holland,27,Overleden,0,6
2020-06-25,431,Oostzaan,Noord-Holland,27,Totaal,0,26
2020-06-25,431,Oostzaan,Noord-Holland,27,Ziekenhuisopname,0,11
2020-06-25,431,Oostzaan,Noord-Holland,27,Overleden,0,2
2020-06-25,432,Opmeer,Noord-Holland,27,Totaal,0,8
2020-06-25,432,Opmeer,Noord-Holland,27,Ziekenhuisopname,0,1
2020-06-25,432,Opmeer,Noord-Holland,27,Overleden,0,1
2020-06-25,437,Ouder-Amstel,Noord-Holland,27,Totaal,1,39
2020-06-25,437,Ouder-Amstel,Noord-Holland,27,Ziekenhuisopname,0,5
2020-06-25,437,Ouder-Amstel,Noord-Holland,27,Overleden,0,0
2020-06-25,439,Purmerend,Noord-Holland,27,Totaal,0,225
2020-06-25,439,Purmerend,Noord-Holland,27,Ziekenhuisopname,0,66
2020-06-25,439,Purmerend,Noord-Holland,27,Overleden,0,35
2020-06-25,441,Schagen,Noord-Holland,27,Totaal,0,74
2020-06-25,441,Schagen,Noord-Holland,27,Ziekenhuisopname,0,19
2020-06-25,441,Schagen,Noord-Holland,27,Overleden,0,10
2020-06-25,448,Texel,Noord-Holland,27,Totaal,0,11
2020-06-25,448,Texel,Noord-Holland,27,Ziekenhuisopname,0,5
2020-06-25,448,Texel,Noord-Holland,27,Overleden,0,2
2020-06-25,450,Uitgeest,Noord-Holland,27,Totaal,0,23
2020-06-25,450,Uitgeest,Noord-Holland,27,Ziekenhuisopname,0,5
2020-06-25,450,Uitgeest,Noord-Holland,27,Overleden,0,1
2020-06-25,451,Uithoorn,Noord-Holland,27,Totaal,0,58
2020-06-25,451,Uithoorn,Noord-Holland,27,Ziekenhuisopname,0,16
2020-06-25,451,Uithoorn,Noord-Holland,27,Overleden,0,2
2020-06-25,453,Velsen,Noord-Holland,27,Totaal,0,283
2020-06-25,453,Velsen,Noord-Holland,27,Ziekenhuisopname,0,32
2020-06-25,453,Velsen,Noord-Holland,27,Overleden,0,39
2020-06-25,457,Weesp,Noord-Holland,27,Totaal,0,81
2020-06-25,457,Weesp,Noord-Holland,27,Ziekenhuisopname,0,9
2020-06-25,457,Weesp,Noord-Holland,27,Overleden,0,11
2020-06-25,473,Zandvoort,Noord-Holland,27,Totaal,0,32
2020-06-25,473,Zandvoort,Noord-Holland,27,Ziekenhuisopname,0,10
2020-06-25,473,Zandvoort,Noord-Holland,27,Overleden,0,8
2020-06-25,479,Zaanstad,Noord-Holland,27,Totaal,0,449
2020-06-25,479,Zaanstad,Noord-Holland,27,Ziekenhuisopname,0,117
2020-06-25,479,Zaanstad,Noord-Holland,27,Overleden,0,48
2020-06-25,482,Alblasserdam,Zuid-Holland,28,Totaal,0,42
2020-06-25,482,Alblasserdam,Zuid-Holland,28,Ziekenhuisopname,0,10
2020-06-25,482,Alblasserdam,Zuid-Holland,28,Overleden,0,4
2020-06-25,484,Alphen aan den Rijn,Zuid-Holland,28,Totaal,0,216
2020-06-25,484,Alphen aan den Rijn,Zuid-Holland,28,Ziekenhuisopname,0,62
2020-06-25,484,Alphen aan den Rijn,Zuid-Holland,28,Overleden,0,25
2020-06-25,489,Barendrecht,Zuid-Holland,28,Totaal,0,142
2020-06-25,489,Barendrecht,Zuid-Holland,28,Ziekenhuisopname,0,40
2020-06-25,489,Barendrecht,Zuid-Holland,28,Overleden,0,12
2020-06-25,498,Drechterland,Noord-Holland,27,Totaal,0,46
2020-06-25,498,Drechterland,Noord-Holland,27,Ziekenhuisopname,0,4
2020-06-25,498,Drechterland,Noord-Holland,27,Overleden,0,8
2020-06-25,501,Brielle,Zuid-Holland,28,Totaal,0,33
2020-06-25,501,Brielle,Zuid-Holland,28,Ziekenhuisopname,0,11
2020-06-25,501,Brielle,Zuid-Holland,28,Overleden,0,0
2020-06-25,502,Capelle aan den IJssel,Zuid-Holland,28,Totaal,0,303
2020-06-25,502,Capelle aan den IJssel,Zuid-Holland,28,Ziekenhuisopname,0,53
2020-06-25,502,Capelle aan den IJssel,Zuid-Holland,28,Overleden,0,53
2020-06-25,503,Delft,Zuid-Holland,28,Totaal,0,148
2020-06-25,503,Delft,Zuid-Holland,28,Ziekenhuisopname,0,38
2020-06-25,503,Delft,Zuid-Holland,28,Overleden,0,12
2020-06-25,505,Dordrecht,Zuid-Holland,28,Totaal,2,536
2020-06-25,505,Dordrecht,Zuid-Holland,28,Ziekenhuisopname,0,84
2020-06-25,505,Dordrecht,Zuid-Holland,28,Overleden,0,61
2020-06-25,512,Gorinchem,Zuid-Holland,28,Totaal,1,152
2020-06-25,512,Gorinchem,Zuid-Holland,28,Ziekenhuisopname,0,18
2020-06-25,512,Gorinchem,Zuid-Holland,28,Overleden,0,15
2020-06-25,513,Gouda,Zuid-Holland,28,Totaal,1,259
2020-06-25,513,Gouda,Zuid-Holland,28,Ziekenhuisopname,0,40
2020-06-25,513,Gouda,Zuid-Holland,28,Overleden,0,41
2020-06-25,518,'s-Gravenhage,Zuid-Holland,28,Totaal,14,1760
2020-06-25,518,'s-Gravenhage,Zuid-Holland,28,Ziekenhuisopname,1,339
2020-06-25,518,'s-Gravenhage,Zuid-Holland,28,Overleden,0,237
2020-06-25,523,Hardinxveld-Giessendam,Zuid-Holland,28,Totaal,0,33
2020-06-25,523,Hardinxveld-Giessendam,Zuid-Holland,28,Ziekenhuisopname,0,2
2020-06-25,523,Hardinxveld-Giessendam,Zuid-Holland,28,Overleden,0,2
2020-06-25,530,Hellevoetsluis,Zuid-Holland,28,Totaal,0,72
2020-06-25,530,Hellevoetsluis,Zuid-Holland,28,Ziekenhuisopname,0,16
2020-06-25,530,Hellevoetsluis,Zuid-Holland,28,Overleden,0,3
2020-06-25,531,Hendrik-Ido-Ambacht,Zuid-Holland,28,Totaal,0,70
2020-06-25,531,Hendrik-Ido-Ambacht,Zuid-Holland,28,Ziekenhuisopname,0,10
2020-06-25,531,Hendrik-Ido-Ambacht,Zuid-Holland,28,Overleden,0,6
2020-06-25,532,Stede Broec,Noord-Holland,27,Totaal,0,49
2020-06-25,532,Stede Broec,Noord-Holland,27,Ziekenhuisopname,0,19
2020-06-25,532,Stede Broec,Noord-Holland,27,Overleden,0,5
2020-06-25,534,Hillegom,Zuid-Holland,28,Totaal,0,34
2020-06-25,534,Hillegom,Zuid-Holland,28,Ziekenhuisopname,0,8
2020-06-25,534,Hillegom,Zuid-Holland,28,Overleden,0,2
2020-06-25,537,Katwijk,Zuid-Holland,28,Totaal,0,272
2020-06-25,537,Katwijk,Zuid-Holland,28,Ziekenhuisopname,0,31
2020-06-25,537,Katwijk,Zuid-Holland,28,Overleden,0,15
2020-06-25,542,Krimpen aan den IJssel,Zuid-Holland,28,Totaal,0,82
2020-06-25,542,Krimpen aan den IJssel,Zuid-Holland,28,Ziekenhuisopname,0,10
2020-06-25,542,Krimpen aan den IJssel,Zuid-Holland,28,Overleden,0,8
2020-06-25,546,Leiden,Zuid-Holland,28,Totaal,1,175
2020-06-25,546,Leiden,Zuid-Holland,28,Ziekenhuisopname,1,40
2020-06-25,546,Leiden,Zuid-Holland,28,Overleden,0,18
2020-06-25,547,Leiderdorp,Zuid-Holland,28,Totaal,0,38
2020-06-25,547,Leiderdorp,Zuid-Holland,28,Ziekenhuisopname,0,13
2020-06-25,547,Leiderdorp,Zuid-Holland,28,Overleden,0,6
2020-06-25,553,Lisse,Zuid-Holland,28,Totaal,1,28
2020-06-25,553,Lisse,Zuid-Holland,28,Ziekenhuisopname,0,8
2020-06-25,553,Lisse,Zuid-Holland,28,Overleden,0,2
2020-06-25,556,Maassluis,Zuid-Holland,28,Totaal,3,71
2020-06-25,556,Maassluis,Zuid-Holland,28,Ziekenhuisopname,0,20
2020-06-25,556,Maassluis,Zuid-Holland,28,Overleden,0,4
2020-06-25,569,Nieuwkoop,Zuid-Holland,28,Totaal,1,52
2020-06-25,569,Nieuwkoop,Zuid-Holland,28,Ziekenhuisopname,0,9
2020-06-25,569,Nieuwkoop,Zuid-Holland,28,Overleden,0,5
2020-06-25,575,Noordwijk,Zuid-Holland,28,Totaal,0,52
2020-06-25,575,Noordwijk,Zuid-Holland,28,Ziekenhuisopname,0,19
2020-06-25,575,Noordwijk,Zuid-Holland,28,Overleden,0,3
2020-06-25,579,Oegstgeest,Zuid-Holland,28,Totaal,0,46
2020-06-25,579,Oegstgeest,Zuid-Holland,28,Ziekenhuisopname,0,8
2020-06-25,579,Oegstgeest,Zuid-Holland,28,Overleden,0,3
2020-06-25,589,Oudewater,Utrecht,26,Totaal,0,58
2020-06-25,589,Oudewater,Utrecht,26,Ziekenhuisopname,0,26
2020-06-25,589,Oudewater,Utrecht,26,Overleden,0,8
2020-06-25,590,Papendrecht,Zuid-Holland,28,Totaal,2,80
2020-06-25,590,Papendrecht,Zuid-Holland,28,Ziekenhuisopname,0,9
2020-06-25,590,Papendrecht,Zuid-Holland,28,Overleden,0,7
2020-06-25,597,Ridderkerk,Zuid-Holland,28,Totaal,0,152
2020-06-25,597,Ridderkerk,Zuid-Holland,28,Ziekenhuisopname,0,37
2020-06-25,597,Ridderkerk,Zuid-Holland,28,Overleden,0,16
2020-06-25,599,Rotterdam,Zuid-Holland,28,Totaal,7,2646
2020-06-25,599,Rotterdam,Zuid-Holland,28,Ziekenhuisopname,1,517
2020-06-25,599,Rotterdam,Zuid-Holland,28,Overleden,0,346
2020-06-25,603,Rijswijk,Zuid-Holland,28,Totaal,0,140
2020-06-25,603,Rijswijk,Zuid-Holland,28,Ziekenhuisopname,0,36
2020-06-25,603,Rijswijk,Zuid-Holland,28,Overleden,0,22
2020-06-25,606,Schiedam,Zuid-Holland,28,Totaal,1,253
2020-06-25,606,Schiedam,Zuid-Holland,28,Ziekenhuisopname,0,57
2020-06-25,606,Schiedam,Zuid-Holland,28,Overleden,0,23
2020-06-25,610,Sliedrecht,Zuid-Holland,28,Totaal,0,67
2020-06-25,610,Sliedrecht,Zuid-Holland,28,Ziekenhuisopname,0,9
2020-06-25,610,Sliedrecht,Zuid-Holland,28,Overleden,0,5
2020-06-25,613,Albrandswaard,Zuid-Holland,28,Totaal,0,103
2020-06-25,613,Albrandswaard,Zuid-Holland,28,Ziekenhuisopname,0,14
2020-06-25,613,Albrandswaard,Zuid-Holland,28,Overleden,0,8
2020-06-25,614,Westvoorne,Zuid-Holland,28,Totaal,0,25
2020-06-25,614,Westvoorne,Zuid-Holland,28,Ziekenhuisopname,0,6
2020-06-25,614,Westvoorne,Zuid-Holland,28,Overleden,0,0
2020-06-25,622,Vlaardingen,Zuid-Holland,28,Totaal,0,290
2020-06-25,622,Vlaardingen,Zuid-Holland,28,Ziekenhuisopname,0,43
2020-06-25,622,Vlaardingen,Zuid-Holland,28,Overleden,0,29
2020-06-25,626,Voorschoten,Zuid-Holland,28,Totaal,0,65
2020-06-25,626,Voorschoten,Zuid-Holland,28,Ziekenhuisopname,0,9
2020-06-25,626,Voorschoten,Zuid-Holland,28,Overleden,0,11
2020-06-25,627,Waddinxveen,Zuid-Holland,28,Totaal,0,77
2020-06-25,627,Waddinxveen,Zuid-Holland,28,Ziekenhuisopname,0,16
2020-06-25,627,Waddinxveen,Zuid-Holland,28,Overleden,0,7
2020-06-25,629,Wassenaar,Zuid-Holland,28,Totaal,0,53
2020-06-25,629,Wassenaar,Zuid-Holland,28,Ziekenhuisopname,0,9
2020-06-25,629,Wassenaar,Zuid-Holland,28,Overleden,0,12
2020-06-25,632,Woerden,Utrecht,26,Totaal,0,175
2020-06-25,632,Woerden,Utrecht,26,Ziekenhuisopname,0,49
2020-06-25,632,Woerden,Utrecht,26,Overleden,0,20
2020-06-25,637,Zoetermeer,Zuid-Holland,28,Totaal,3,231
2020-06-25,637,Zoetermeer,Zuid-Holland,28,Ziekenhuisopname,0,52
2020-06-25,637,Zoetermeer,Zuid-Holland,28,Overleden,1,14
2020-06-25,638,Zoeterwoude,Zuid-Holland,28,Totaal,0,13
2020-06-25,638,Zoeterwoude,Zuid-Holland,28,Ziekenhuisopname,0,3
2020-06-25,638,Zoeterwoude,Zuid-Holland,28,Overleden,0,1
2020-06-25,642,Zwijndrecht,Zuid-Holland,28,Totaal,1,162
2020-06-25,642,Zwijndrecht,Zuid-Holland,28,Ziekenhuisopname,0,23
2020-06-25,642,Zwijndrecht,Zuid-Holland,28,Overleden,0,27
2020-06-25,654,Borsele,Zeeland,29,Totaal,0,27
2020-06-25,654,Borsele,Zeeland,29,Ziekenhuisopname,0,5
2020-06-25,654,Borsele,Zeeland,29,Overleden,0,0
2020-06-25,664,Goes,Zeeland,29,Totaal,0,71
2020-06-25,664,Goes,Zeeland,29,Ziekenhuisopname,0,11
2020-06-25,664,Goes,Zeeland,29,Overleden,0,11
2020-06-25,668,West Maas en Waal,Gelderland,25,Totaal,0,83
2020-06-25,668,West Maas en Waal,Gelderland,25,Ziekenhuisopname,0,19
2020-06-25,668,West Maas en Waal,Gelderland,25,Overleden,0,9
2020-06-25,677,Hulst,Zeeland,29,Totaal,0,31
2020-06-25,677,Hulst,Zeeland,29,Ziekenhuisopname,0,9
2020-06-25,677,Hulst,Zeeland,29,Overleden,0,5
2020-06-25,678,Kapelle,Zeeland,29,Totaal,0,24
2020-06-25,678,Kapelle,Zeeland,29,Ziekenhuisopname,0,3
2020-06-25,678,Kapelle,Zeeland,29,Overleden,0,1
2020-06-25,687,Middelburg,Zeeland,29,Totaal,1,60
2020-06-25,687,Middelburg,Zeeland,29,Ziekenhuisopname,0,18
2020-06-25,687,Middelburg,Zeeland,29,Overleden,0,10
2020-06-25,703,Reimerswaal,Zeeland,29,Totaal,0,32
2020-06-25,703,Reimerswaal,Zeeland,29,Ziekenhuisopname,0,4
2020-06-25,703,Reimerswaal,Zeeland,29,Overleden,0,2
2020-06-25,715,Terneuzen,Zeeland,29,Totaal,0,119
2020-06-25,715,Terneuzen,Zeeland,29,Ziekenhuisopname,0,25
2020-06-25,715,Terneuzen,Zeeland,29,Overleden,0,4
2020-06-25,716,Tholen,Zeeland,29,Totaal,0,168
2020-06-25,716,Tholen,Zeeland,29,Ziekenhuisopname,0,40
2020-06-25,716,Tholen,Zeeland,29,Overleden,0,16
2020-06-25,717,Veere,Zeeland,29,Totaal,0,27
2020-06-25,717,Veere,Zeeland,29,Ziekenhuisopname,0,6
2020-06-25,717,Veere,Zeeland,29,Overleden,0,2
2020-06-25,718,Vlissingen,Zeeland,29,Totaal,0,51
2020-06-25,718,Vlissingen,Zeeland,29,Ziekenhuisopname,0,9
2020-06-25,718,Vlissingen,Zeeland,29,Overleden,0,5
2020-06-25,736,De Ronde Venen,Utrecht,26,Totaal,0,103
2020-06-25,736,De Ronde Venen,Utrecht,26,Ziekenhuisopname,0,39
2020-06-25,736,De Ronde Venen,Utrecht,26,Overleden,0,13
2020-06-25,737,Tytsjerksteradiel,Friesland,21,Totaal,0,16
2020-06-25,737,Tytsjerksteradiel,Friesland,21,Ziekenhuisopname,0,4
2020-06-25,737,Tytsjerksteradiel,Friesland,21,Overleden,0,1
2020-06-25,743,Asten,Noord-Brabant,30,Totaal,0,77
2020-06-25,743,Asten,Noord-Brabant,30,Ziekenhuisopname,0,18
2020-06-25,743,Asten,Noord-Brabant,30,Overleden,0,12
2020-06-25,744,Baarle-Nassau,Noord-Brabant,30,Totaal,0,25
2020-06-25,744,Baarle-Nassau,Noord-Brabant,30,Ziekenhuisopname,0,9
2020-06-25,744,Baarle-Nassau,Noord-Brabant,30,Overleden,0,2
2020-06-25,748,Bergen op Zoom,Noord-Brabant,30,Totaal,0,172
2020-06-25,748,Bergen op Zoom,Noord-Brabant,30,Ziekenhuisopname,0,24
2020-06-25,748,Bergen op Zoom,Noord-Brabant,30,Overleden,0,12
2020-06-25,753,Best,Noord-Brabant,30,Totaal,0,79
2020-06-25,753,Best,Noord-Brabant,30,Ziekenhuisopname,0,31
2020-06-25,753,Best,Noord-Brabant,30,Overleden,0,10
2020-06-25,755,Boekel,Noord-Brabant,30,Totaal,0,89
2020-06-25,755,Boekel,Noord-Brabant,30,Ziekenhuisopname,0,35
2020-06-25,755,Boekel,Noord-Brabant,30,Overleden,0,21
2020-06-25,756,Boxmeer,Noord-Brabant,30,Totaal,0,126
2020-06-25,756,Boxmeer,Noord-Brabant,30,Ziekenhuisopname,0,20
2020-06-25,756,Boxmeer,Noord-Brabant,30,Overleden,0,27
2020-06-25,757,Boxtel,Noord-Brabant,30,Totaal,1,129
2020-06-25,757,Boxtel,Noord-Brabant,30,Ziekenhuisopname,0,24
2020-06-25,757,Boxtel,Noord-Brabant,30,Overleden,0,26
2020-06-25,758,Breda,Noord-Brabant,30,Totaal,3,500
2020-06-25,758,Breda,Noord-Brabant,30,Ziekenhuisopname,0,145
2020-06-25,758,Breda,Noord-Brabant,30,Overleden,0,63
2020-06-25,762,Deurne,Noord-Brabant,30,Totaal,0,190
2020-06-25,762,Deurne,Noord-Brabant,30,Ziekenhuisopname,0,55
2020-06-25,762,Deurne,Noord-Brabant,30,Overleden,0,24
2020-06-25,765,Pekela,Groningen,20,Totaal,0,5
2020-06-25,765,Pekela,Groningen,20,Ziekenhuisopname,0,4
2020-06-25,765,Pekela,Groningen,20,Overleden,0,0
2020-06-25,766,Dongen,Noord-Brabant,30,Totaal,0,83
2020-06-25,766,Dongen,Noord-Brabant,30,Ziekenhuisopname,0,20
2020-06-25,766,Dongen,Noord-Brabant,30,Overleden,0,13
2020-06-25,770,Eersel,Noord-Brabant,30,Totaal,0,68
2020-06-25,770,Eersel,Noord-Brabant,30,Ziekenhuisopname,0,26
2020-06-25,770,Eersel,Noord-Brabant,30,Overleden,0,10
2020-06-25,772,Eindhoven,Noord-Brabant,30,Totaal,0,536
2020-06-25,772,Eindhoven,Noord-Brabant,30,Ziekenhuisopname,0,182
2020-06-25,772,Eindhoven,Noord-Brabant,30,Overleden,0,84
2020-06-25,777,Etten-Leur,Noord-Brabant,30,Totaal,0,203
2020-06-25,777,Etten-Leur,Noord-Brabant,30,Ziekenhuisopname,0,40
2020-06-25,777,Etten-Leur,Noord-Brabant,30,Overleden,0,30
2020-06-25,779,Geertruidenberg,Noord-Brabant,30,Totaal,0,43
2020-06-25,779,Geertruidenberg,Noord-Brabant,30,Ziekenhuisopname,0,11
2020-06-25,779,Geertruidenberg,Noord-Brabant,30,Overleden,0,6
2020-06-25,784,Gilze en Rijen,Noord-Brabant,30,Totaal,1,80
2020-06-25,784,Gilze en Rijen,Noord-Brabant,30,Ziekenhuisopname,0,20
2020-06-25,784,Gilze en Rijen,Noord-Brabant,30,Overleden,0,15
2020-06-25,785,Goirle,Noord-Brabant,30,Totaal,1,79
2020-06-25,785,Goirle,Noord-Brabant,30,Ziekenhuisopname,0,32
2020-06-25,785,Goirle,Noord-Brabant,30,Overleden,0,17
2020-06-25,786,Grave,Noord-Brabant,30,Totaal,0,72
2020-06-25,786,Grave,Noord-Brabant,30,Ziekenhuisopname,0,21
2020-06-25,786,Grave,Noord-Brabant,30,Overleden,0,11
2020-06-25,788,Haaren,Noord-Brabant,30,Totaal,0,54
2020-06-25,788,Haaren,Noord-Brabant,30,Ziekenhuisopname,0,18
2020-06-25,788,Haaren,Noord-Brabant,30,Overleden,0,8
2020-06-25,794,Helmond,Noord-Brabant,30,Totaal,0,415
2020-06-25,794,Helmond,Noord-Brabant,30,Ziekenhuisopname,0,115
2020-06-25,794,Helmond,Noord-Brabant,30,Overleden,0,42
2020-06-25,796,'s-Hertogenbosch,Noord-Brabant,30,Totaal,0,512
2020-06-25,796,'s-Hertogenbosch,Noord-Brabant,30,Ziekenhuisopname,0,126
2020-06-25,796,'s-Hertogenbosch,Noord-Brabant,30,Overleden,0,77
2020-06-25,797,Heusden,Noord-Brabant,30,Totaal,0,143
2020-06-25,797,Heusden,Noord-Brabant,30,Ziekenhuisopname,0,44
2020-06-25,797,Heusden,Noord-Brabant,30,Overleden,0,22
2020-06-25,798,Hilvarenbeek,Noord-Brabant,30,Totaal,0,49
2020-06-25,798,Hilvarenbeek,Noord-Brabant,30,Ziekenhuisopname,0,9
2020-06-25,798,Hilvarenbeek,Noord-Brabant,30,Overleden,0,6
2020-06-25,809,Loon op Zand,Noord-Brabant,30,Totaal,0,60
2020-06-25,809,Loon op Zand,Noord-Brabant,30,Ziekenhuisopname,0,24
2020-06-25,809,Loon op Zand,Noord-Brabant,30,Overleden,0,7
2020-06-25,815,Mill en Sint Hubert,Noord-Brabant,30,Totaal,0,40
2020-06-25,815,Mill en Sint Hubert,Noord-Brabant,30,Ziekenhuisopname,0,9
2020-06-25,815,Mill en Sint Hubert,Noord-Brabant,30,Overleden,0,5
2020-06-25,820,"Nuenen, Gerwen en Nederwetten",Noord-Brabant,30,Totaal,0,55
2020-06-25,820,"Nuenen, Gerwen en Nederwetten",Noord-Brabant,30,Ziekenhuisopname,0,18
2020-06-25,820,"Nuenen, Gerwen en Nederwetten",Noord-Brabant,30,Overleden,0,9
2020-06-25,823,Oirschot,Noord-Brabant,30,Totaal,0,64
2020-06-25,823,Oirschot,Noord-Brabant,30,Ziekenhuisopname,0,13
2020-06-25,823,Oirschot,Noord-Brabant,30,Overleden,0,9
2020-06-25,824,Oisterwijk,Noord-Brabant,30,Totaal,0,75
2020-06-25,824,Oisterwijk,Noord-Brabant,30,Ziekenhuisopname,0,23
2020-06-25,824,Oisterwijk,Noord-Brabant,30,Overleden,0,11
2020-06-25,826,Oosterhout,Noord-Brabant,30,Totaal,0,131
2020-06-25,826,Oosterhout,Noord-Brabant,30,Ziekenhuisopname,0,48
2020-06-25,826,Oosterhout,Noord-Brabant,30,Overleden,0,17
2020-06-25,828,Oss,Noord-Brabant,30,Totaal,0,491
2020-06-25,828,Oss,Noord-Brabant,30,Ziekenhuisopname,0,164
2020-06-25,828,Oss,Noord-Brabant,30,Overleden,0,87
2020-06-25,840,Rucphen,Noord-Brabant,30,Totaal,0,69
2020-06-25,840,Rucphen,Noord-Brabant,30,Ziekenhuisopname,0,9
2020-06-25,840,Rucphen,Noord-Brabant,30,Overleden,0,9
2020-06-25,845,Sint-Michielsgestel,Noord-Brabant,30,Totaal,1,119
2020-06-25,845,Sint-Michielsgestel,Noord-Brabant,30,Ziekenhuisopname,0,36
2020-06-25,845,Sint-Michielsgestel,Noord-Brabant,30,Overleden,0,19
2020-06-25,847,Someren,Noord-Brabant,30,Totaal,0,106
2020-06-25,847,Someren,Noord-Brabant,30,Ziekenhuisopname,0,33
2020-06-25,847,Someren,Noord-Brabant,30,Overleden,0,8
2020-06-25,848,Son en Breugel,Noord-Brabant,30,Totaal,0,74
2020-06-25,848,Son en Breugel,Noord-Brabant,30,Ziekenhuisopname,0,31
2020-06-25,848,Son en Breugel,Noord-Brabant,30,Overleden,0,14
2020-06-25,851,Steenbergen,Noord-Brabant,30,Totaal,0,86
2020-06-25,851,Steenbergen,Noord-Brabant,30,Ziekenhuisopname,0,13
2020-06-25,851,Steenbergen,Noord-Brabant,30,Overleden,0,13
2020-06-25,852,Waterland,Noord-Holland,27,Totaal,0,33
2020-06-25,852,Waterland,Noord-Holland,27,Ziekenhuisopname,0,16
2020-06-25,852,Waterland,Noord-Holland,27,Overleden,0,4
2020-06-25,855,Tilburg,Noord-Brabant,30,Totaal,1,821
2020-06-25,855,Tilburg,Noord-Brabant,30,Ziekenhuisopname,0,249
2020-06-25,855,Tilburg,Noord-Brabant,30,Overleden,0,162
2020-06-25,856,Uden,Noord-Brabant,30,Totaal,0,263
2020-06-25,856,Uden,Noord-Brabant,30,Ziekenhuisopname,0,115
2020-06-25,856,Uden,Noord-Brabant,30,Overleden,0,63
2020-06-25,858,Valkenswaard,Noord-Brabant,30,Totaal,0,180
2020-06-25,858,Valkenswaard,Noord-Brabant,30,Ziekenhuisopname,0,19
2020-06-25,858,Valkenswaard,Noord-Brabant,30,Overleden,0,37
2020-06-25,861,Veldhoven,Noord-Brabant,30,Totaal,0,129
2020-06-25,861,Veldhoven,Noord-Brabant,30,Ziekenhuisopname,0,31
2020-06-25,861,Veldhoven,Noord-Brabant,30,Overleden,0,16
2020-06-25,865,Vught,Noord-Brabant,30,Totaal,0,106
2020-06-25,865,Vught,Noord-Brabant,30,Ziekenhuisopname,0,42
2020-06-25,865,Vught,Noord-Brabant,30,Overleden,0,18
2020-06-25,866,Waalre,Noord-Brabant,30,Totaal,0,30
2020-06-25,866,Waalre,Noord-Brabant,30,Ziekenhuisopname,0,7
2020-06-25,866,Waalre,Noord-Brabant,30,Overleden,0,5
2020-06-25,867,Waalwijk,Noord-Brabant,30,Totaal,0,186
2020-06-25,867,Waalwijk,Noord-Brabant,30,Ziekenhuisopname,0,36
2020-06-25,867,Waalwijk,Noord-Brabant,30,Overleden,0,36
2020-06-25,873,Woensdrecht,Noord-Brabant,30,Totaal,0,67
2020-06-25,873,Woensdrecht,Noord-Brabant,30,Ziekenhuisopname,0,5
2020-06-25,873,Woensdrecht,Noord-Brabant,30,Overleden,0,7
2020-06-25,879,Zundert,Noord-Brabant,30,Totaal,0,103
2020-06-25,879,Zundert,Noord-Brabant,30,Ziekenhuisopname,0,24
2020-06-25,879,Zundert,Noord-Brabant,30,Overleden,0,11
2020-06-25,880,Wormerland,Noord-Holland,27,Totaal,0,47
2020-06-25,880,Wormerland,Noord-Holland,27,Ziekenhuisopname,0,20
2020-06-25,880,Wormerland,Noord-Holland,27,Overleden,0,6
2020-06-25,882,Landgraaf,Limburg,31,Totaal,0,144
2020-06-25,882,Landgraaf,Limburg,31,Ziekenhuisopname,0,52
2020-06-25,882,Landgraaf,Limburg,31,Overleden,0,13
2020-06-25,888,Beek,Limburg,31,Totaal,0,44
2020-06-25,888,Beek,Limburg,31,Ziekenhuisopname,0,16
2020-06-25,888,Beek,Limburg,31,Overleden,0,6
2020-06-25,889,Beesel,Limburg,31,Totaal,0,44
2020-06-25,889,Beesel,Limburg,31,Ziekenhuisopname,0,20
2020-06-25,889,Beesel,Limburg,31,Overleden,0,8
2020-06-25,893,Bergen (L.),Limburg,31,Totaal,0,25
2020-06-25,893,Bergen (L.),Limburg,31,Ziekenhuisopname,0,7
2020-06-25,893,Bergen (L.),Limburg,31,Overleden,0,2
2020-06-25,899,Brunssum,Limburg,31,Totaal,1,110
2020-06-25,899,Brunssum,Limburg,31,Ziekenhuisopname,0,44
2020-06-25,899,Brunssum,Limburg,31,Overleden,1,19
2020-06-25,907,Gennep,Limburg,31,Totaal,0,58
2020-06-25,907,Gennep,Limburg,31,Ziekenhuisopname,0,16
2020-06-25,907,Gennep,Limburg,31,Overleden,0,10
2020-06-25,917,Heerlen,Limburg,31,Totaal,1,386
2020-06-25,917,Heerlen,Limburg,31,Ziekenhuisopname,0,125
2020-06-25,917,Heerlen,Limburg,31,Overleden,0,54
2020-06-25,928,Kerkrade,Limburg,31,Totaal,0,208
2020-06-25,928,Kerkrade,Limburg,31,Ziekenhuisopname,0,64
2020-06-25,928,Kerkrade,Limburg,31,Overleden,0,35
2020-06-25,935,Maastricht,Limburg,31,Totaal,0,913
2020-06-25,935,Maastricht,Limburg,31,Ziekenhuisopname,0,187
2020-06-25,935,Maastricht,Limburg,31,Overleden,0,139
2020-06-25,938,Meerssen,Limburg,31,Totaal,0,115
2020-06-25,938,Meerssen,Limburg,31,Ziekenhuisopname,0,22
2020-06-25,938,Meerssen,Limburg,31,Overleden,0,13
2020-06-25,944,Mook en Middelaar,Limburg,31,Totaal,0,39
2020-06-25,944,Mook en Middelaar,Limburg,31,Ziekenhuisopname,0,6
2020-06-25,944,Mook en Middelaar,Limburg,31,Overleden,0,5
2020-06-25,946,Nederweert,Limburg,31,Totaal,0,53
2020-06-25,946,Nederweert,Limburg,31,Ziekenhuisopname,0,31
2020-06-25,946,Nederweert,Limburg,31,Overleden,0,7
2020-06-25,957,Roermond,Limburg,31,Totaal,0,135
2020-06-25,957,Roermond,Limburg,31,Ziekenhuisopname,0,59
2020-06-25,957,Roermond,Limburg,31,Overleden,0,23
2020-06-25,965,Simpelveld,Limburg,31,Totaal,0,47
2020-06-25,965,Simpelveld,Limburg,31,Ziekenhuisopname,0,19
2020-06-25,965,Simpelveld,Limburg,31,Overleden,0,5
2020-06-25,971,Stein,Limburg,31,Totaal,1,118
2020-06-25,971,Stein,Limburg,31,Ziekenhuisopname,0,43
2020-06-25,971,Stein,Limburg,31,Overleden,0,15
2020-06-25,981,Vaals,Limburg,31,Totaal,0,30
2020-06-25,981,Vaals,Limburg,31,Ziekenhuisopname,0,10
2020-06-25,981,Vaals,Limburg,31,Overleden,0,1
2020-06-25,983,Venlo,Limburg,31,Totaal,0,309
2020-06-25,983,Venlo,Limburg,31,Ziekenhuisopname,0,129
2020-06-25,983,Venlo,Limburg,31,Overleden,0,63
2020-06-25,984,Venray,Limburg,31,Totaal,0,126
2020-06-25,984,Venray,Limburg,31,Ziekenhuisopname,0,37
2020-06-25,984,Venray,Limburg,31,Overleden,0,17
2020-06-25,986,Voerendaal,Limburg,31,Totaal,0,47
2020-06-25,986,Voerendaal,Limburg,31,Ziekenhuisopname,0,17
2020-06-25,986,Voerendaal,Limburg,31,Overleden,0,8
2020-06-25,988,Weert,Limburg,31,Totaal,0,140
2020-06-25,988,Weert,Limburg,31,Ziekenhuisopname,0,67
2020-06-25,988,Weert,Limburg,31,Overleden,0,14
2020-06-25,994,Valkenburg aan de Geul,Limburg,31,Totaal,0,87
2020-06-25,994,Valkenburg aan de Geul,Limburg,31,Ziekenhuisopname,0,19
2020-06-25,994,Valkenburg aan de Geul,Limburg,31,Overleden,0,7
2020-06-25,995,Lelystad,Flevoland,24,Totaal,0,192
2020-06-25,995,Lelystad,Flevoland,24,Ziekenhuisopname,0,64
2020-06-25,995,Lelystad,Flevoland,24,Overleden,0,29
2020-06-25,1507,Horst aan de Maas,Limburg,31,Totaal,0,136
2020-06-25,1507,Horst aan de Maas,Limburg,31,Ziekenhuisopname,0,41
2020-06-25,1507,Horst aan de Maas,Limburg,31,Overleden,0,24
2020-06-25,1509,Oude IJsselstreek,Gelderland,25,Totaal,0,78
2020-06-25,1509,Oude IJsselstreek,Gelderland,25,Ziekenhuisopname,0,21
2020-06-25,1509,Oude IJsselstreek,Gelderland,25,Overleden,0,9
2020-06-25,1525,Teylingen,Zuid-Holland,28,Totaal,0,64
2020-06-25,1525,Teylingen,Zuid-Holland,28,Ziekenhuisopname,0,14
2020-06-25,1525,Teylingen,Zuid-Holland,28,Overleden,0,2
2020-06-25,1581,Utrechtse Heuvelrug,Utrecht,26,Totaal,0,121
2020-06-25,1581,Utrechtse Heuvelrug,Utrecht,26,Ziekenhuisopname,0,28
2020-06-25,1581,Utrechtse Heuvelrug,Utrecht,26,Overleden,0,14
2020-06-25,1586,Oost Gelre,Gelderland,25,Totaal,1,73
2020-06-25,1586,Oost Gelre,Gelderland,25,Ziekenhuisopname,0,17
2020-06-25,1586,Oost Gelre,Gelderland,25,Overleden,0,6
2020-06-25,1598,Koggenland,Noord-Holland,27,Totaal,0,36
2020-06-25,1598,Koggenland,Noord-Holland,27,Ziekenhuisopname,0,6
2020-06-25,1598,Koggenland,Noord-Holland,27,Overleden,0,6
2020-06-25,1621,Lansingerland,Zuid-Holland,28,Totaal,1,190
2020-06-25,1621,Lansingerland,Zuid-Holland,28,Ziekenhuisopname,0,42
2020-06-25,1621,Lansingerland,Zuid-Holland,28,Overleden,0,25
2020-06-25,1640,Leudal,Limburg,31,Totaal,0,188
2020-06-25,1640,Leudal,Limburg,31,Ziekenhuisopname,0,52
2020-06-25,1640,Leudal,Limburg,31,Overleden,0,32
2020-06-25,1641,Maasgouw,Limburg,31,Totaal,1,106
2020-06-25,1641,Maasgouw,Limburg,31,Ziekenhuisopname,0,27
2020-06-25,1641,Maasgouw,Limburg,31,Overleden,0,14
2020-06-25,1652,Gemert-Bakel,Noord-Brabant,30,Totaal,0,203
2020-06-25,1652,Gemert-Bakel,Noord-Brabant,30,Ziekenhuisopname,0,79
2020-06-25,1652,Gemert-Bakel,Noord-Brabant,30,Overleden,0,31
2020-06-25,1655,Halderberge,Noord-Brabant,30,Totaal,0,58
2020-06-25,1655,Halderberge,Noord-Brabant,30,Ziekenhuisopname,0,14
2020-06-25,1655,Halderberge,Noord-Brabant,30,Overleden,0,7
2020-06-25,1658,Heeze-Leende,Noord-Brabant,30,Totaal,0,70
2020-06-25,1658,Heeze-Leende,Noord-Brabant,30,Ziekenhuisopname,0,16
2020-06-25,1658,Heeze-Leende,Noord-Brabant,30,Overleden,0,8
2020-06-25,1659,Laarbeek,Noord-Brabant,30,Totaal,0,125
2020-06-25,1659,Laarbeek,Noord-Brabant,30,Ziekenhuisopname,0,41
2020-06-25,1659,Laarbeek,Noord-Brabant,30,Overleden,0,26
2020-06-25,1667,Reusel-De Mierden,Noord-Brabant,30,Totaal,0,23
2020-06-25,1667,Reusel-De Mierden,Noord-Brabant,30,Ziekenhuisopname,0,11
2020-06-25,1667,Reusel-De Mierden,Noord-Brabant,30,Overleden,0,2
2020-06-25,1669,Roerdalen,Limburg,31,Totaal,0,49
2020-06-25,1669,Roerdalen,Limburg,31,Ziekenhuisopname,-1,27
2020-06-25,1669,Roerdalen,Limburg,31,Overleden,0,8
2020-06-25,1674,Roosendaal,Noord-Brabant,30,Totaal,1,222
2020-06-25,1674,Roosendaal,Noord-Brabant,30,Ziekenhuisopname,0,28
2020-06-25,1674,Roosendaal,Noord-Brabant,30,Overleden,0,21
2020-06-25,1676,Schouwen-Duiveland,Zeeland,29,Totaal,0,94
2020-06-25,1676,Schouwen-Duiveland,Zeeland,29,Ziekenhuisopname,0,11
2020-06-25,1676,Schouwen-Duiveland,Zeeland,29,Overleden,0,8
2020-06-25,1680,Aa en Hunze,Drenthe,22,Totaal,0,14
2020-06-25,1680,Aa en Hunze,Drenthe,22,Ziekenhuisopname,0,1
2020-06-25,1680,Aa en Hunze,Drenthe,22,Overleden,0,0
2020-06-25,1681,Borger-Odoorn,Drenthe,22,Totaal,0,9
2020-06-25,1681,Borger-Odoorn,Drenthe,22,Ziekenhuisopname,0,4
2020-06-25,1681,Borger-Odoorn,Drenthe,22,Overleden,0,3
2020-06-25,1684,Cuijk,Noord-Brabant,30,Totaal,0,78
2020-06-25,1684,Cuijk,Noord-Brabant,30,Ziekenhuisopname,0,12
2020-06-25,1684,Cuijk,Noord-Brabant,30,Overleden,0,10
2020-06-25,1685,Landerd,Noord-Brabant,30,Totaal,0,147
2020-06-25,1685,Landerd,Noord-Brabant,30,Ziekenhuisopname,0,39
2020-06-25,1685,Landerd,Noord-Brabant,30,Overleden,0,21
2020-06-25,1690,De Wolden,Drenthe,22,Totaal,0,48
2020-06-25,1690,De Wolden,Drenthe,22,Ziekenhuisopname,0,11
2020-06-25,1690,De Wolden,Drenthe,22,Overleden,0,5
2020-06-25,1695,Noord-Beveland,Zeeland,29,Totaal,0,10
2020-06-25,1695,Noord-Beveland,Zeeland,29,Ziekenhuisopname,0,1
2020-06-25,1695,Noord-Beveland,Zeeland,29,Overleden,0,0
2020-06-25,1696,Wijdemeren,Noord-Holland,27,Totaal,0,32
2020-06-25,1696,Wijdemeren,Noord-Holland,27,Ziekenhuisopname,0,8
2020-06-25,1696,Wijdemeren,Noord-Holland,27,Overleden,0,0
2020-06-25,1699,Noordenveld,Drenthe,22,Totaal,0,21
2020-06-25,1699,Noordenveld,Drenthe,22,Ziekenhuisopname,0,4
2020-06-25,1699,Noordenveld,Drenthe,22,Overleden,0,1
2020-06-25,1700,Twenterand,Overijssel,23,Totaal,0,61
2020-06-25,1700,Twenterand,Overijssel,23,Ziekenhuisopname,0,12
2020-06-25,1700,Twenterand,Overijssel,23,Overleden,0,2
2020-06-25,1701,Westerveld,Drenthe,22,Totaal,0,33
2020-06-25,1701,Westerveld,Drenthe,22,Ziekenhuisopname,0,9
2020-06-25,1701,Westerveld,Drenthe,22,Overleden,0,4
2020-06-25,1702,Sint Anthonis,Noord-Brabant,30,Totaal,0,68
2020-06-25,1702,Sint Anthonis,Noord-Brabant,30,Ziekenhuisopname,0,20
2020-06-25,1702,Sint Anthonis,Noord-Brabant,30,Overleden,0,11
2020-06-25,1705,Lingewaard,Gelderland,25,Totaal,0,131
2020-06-25,1705,Lingewaard,Gelderland,25,Ziekenhuisopname,0,31
2020-06-25,1705,Lingewaard,Gelderland,25,Overleden,0,10
2020-06-25,1706,Cranendonck,Noord-Brabant,30,Totaal,0,173
2020-06-25,1706,Cranendonck,Noord-Brabant,30,Ziekenhuisopname,0,63
2020-06-25,1706,Cranendonck,Noord-Brabant,30,Overleden,0,36
2020-06-25,1708,Steenwijkerland,Overijssel,23,Totaal,0,87
2020-06-25,1708,Steenwijkerland,Overijssel,23,Ziekenhuisopname,0,14
2020-06-25,1708,Steenwijkerland,Overijssel,23,Overleden,0,5
2020-06-25,1709,Moerdijk,Noord-Brabant,30,Totaal,0,83
2020-06-25,1709,Moerdijk,Noord-Brabant,30,Ziekenhuisopname,0,14
2020-06-25,1709,Moerdijk,Noord-Brabant,30,Overleden,0,8
2020-06-25,1711,Echt-Susteren,Limburg,31,Totaal,0,93
2020-06-25,1711,Echt-Susteren,Limburg,31,Ziekenhuisopname,0,39
2020-06-25,1711,Echt-Susteren,Limburg,31,Overleden,0,16
2020-06-25,1714,Sluis,Zeeland,29,Totaal,0,17
2020-06-25,1714,Sluis,Zeeland,29,Ziekenhuisopname,0,8
2020-06-25,1714,Sluis,Zeeland,29,Overleden,0,4
2020-06-25,1719,Drimmelen,Noord-Brabant,30,Totaal,0,67
2020-06-25,1719,Drimmelen,Noord-Brabant,30,Ziekenhuisopname,0,18
2020-06-25,1719,Drimmelen,Noord-Brabant,30,Overleden,0,8
2020-06-25,1721,Bernheze,Noord-Brabant,30,Totaal,1,280
2020-06-25,1721,Bernheze,Noord-Brabant,30,Ziekenhuisopname,0,96
2020-06-25,1721,Bernheze,Noord-Brabant,30,Overleden,0,65
2020-06-25,1723,Alphen-Chaam,Noord-Brabant,30,Totaal,0,47
2020-06-25,1723,Alphen-Chaam,Noord-Brabant,30,Ziekenhuisopname,0,18
2020-06-25,1723,Alphen-Chaam,Noord-Brabant,30,Overleden,0,5
2020-06-25,1724,Bergeijk,Noord-Brabant,30,Totaal,0,58
2020-06-25,1724,Bergeijk,Noord-Brabant,30,Ziekenhuisopname,0,19
2020-06-25,1724,Bergeijk,Noord-Brabant,30,Overleden,0,5
2020-06-25,1728,Bladel,Noord-Brabant,30,Totaal,3,78
2020-06-25,1728,Bladel,Noord-Brabant,30,Ziekenhuisopname,0,21
2020-06-25,1728,Bladel,Noord-Brabant,30,Overleden,0,8
2020-06-25,1729,Gulpen-Wittem,Limburg,31,Totaal,0,78
2020-06-25,1729,Gulpen-Wittem,Limburg,31,Ziekenhuisopname,0,21
2020-06-25,1729,Gulpen-Wittem,Limburg,31,Overleden,0,14
2020-06-25,1730,Tynaarlo,Drenthe,22,Totaal,0,40
2020-06-25,1730,Tynaarlo,Drenthe,22,Ziekenhuisopname,0,9
2020-06-25,1730,Tynaarlo,Drenthe,22,Overleden,0,0
2020-06-25,1731,Midden-Drenthe,Drenthe,22,Totaal,0,22
2020-06-25,1731,Midden-Drenthe,Drenthe,22,Ziekenhuisopname,0,6
2020-06-25,1731,Midden-Drenthe,Drenthe,22,Overleden,0,0
2020-06-25,1734,Overbetuwe,Gelderland,25,Totaal,0,136
2020-06-25,1734,Overbetuwe,Gelderland,25,Ziekenhuisopname,0,57
2020-06-25,1734,Overbetuwe,Gelderland,25,Overleden,0,16
2020-06-25,1735,Hof van Twente,Overijssel,23,Totaal,0,63
2020-06-25,1735,Hof van Twente,Overijssel,23,Ziekenhuisopname,0,15
2020-06-25,1735,Hof van Twente,Overijssel,23,Overleden,0,4
2020-06-25,1740,Neder-Betuwe,Gelderland,25,Totaal,0,141
2020-06-25,1740,Neder-Betuwe,Gelderland,25,Ziekenhuisopname,0,36
2020-06-25,1740,Neder-Betuwe,Gelderland,25,Overleden,0,21
2020-06-25,1742,Rijssen-Holten,Overijssel,23,Totaal,0,205
2020-06-25,1742,Rijssen-Holten,Overijssel,23,Ziekenhuisopname,0,30
2020-06-25,1742,Rijssen-Holten,Overijssel,23,Overleden,0,22
2020-06-25,1771,Geldrop-Mierlo,Noord-Brabant,30,Totaal,0,110
2020-06-25,1771,Geldrop-Mierlo,Noord-Brabant,30,Ziekenhuisopname,0,33
2020-06-25,1771,Geldrop-Mierlo,Noord-Brabant,30,Overleden,0,16
2020-06-25,1773,Olst-Wijhe,Overijssel,23,Totaal,0,51
2020-06-25,1773,Olst-Wijhe,Overijssel,23,Ziekenhuisopname,0,12
2020-06-25,1773,Olst-Wijhe,Overijssel,23,Overleden,0,8
2020-06-25,1774,Dinkelland,Overijssel,23,Totaal,0,73
2020-06-25,1774,Dinkelland,Overijssel,23,Ziekenhuisopname,0,20
2020-06-25,1774,Dinkelland,Overijssel,23,Overleden,0,10
2020-06-25,1783,Westland,Zuid-Holland,28,Totaal,2,280
2020-06-25,1783,Westland,Zuid-Holland,28,Ziekenhuisopname,0,57
2020-06-25,1783,Westland,Zuid-Holland,28,Overleden,0,30
2020-06-25,1842,Midden-Delfland,Zuid-Holland,28,Totaal,0,21
2020-06-25,1842,Midden-Delfland,Zuid-Holland,28,Ziekenhuisopname,0,4
2020-06-25,1842,Midden-Delfland,Zuid-Holland,28,Overleden,0,0
2020-06-25,1859,Berkelland,Gelderland,25,Totaal,0,97
2020-06-25,1859,Berkelland,Gelderland,25,Ziekenhuisopname,0,13
2020-06-25,1859,Berkelland,Gelderland,25,Overleden,0,7
2020-06-25,1876,Bronckhorst,Gelderland,25,Totaal,0,74
2020-06-25,1876,Bronckhorst,Gelderland,25,Ziekenhuisopname,0,17
2020-06-25,1876,Bronckhorst,Gelderland,25,Overleden,0,7
2020-06-25,1883,Sittard-Geleen,Limburg,31,Totaal,0,411
2020-06-25,1883,Sittard-Geleen,Limburg,31,Ziekenhuisopname,0,115
2020-06-25,1883,Sittard-Geleen,Limburg,31,Overleden,0,63
2020-06-25,1884,Kaag en Braassem,Zuid-Holland,28,Totaal,0,30
2020-06-25,1884,Kaag en Braassem,Zuid-Holland,28,Ziekenhuisopname,0,6
2020-06-25,1884,Kaag en Braassem,Zuid-Holland,28,Overleden,0,2
2020-06-25,1891,Dantumadiel,Friesland,21,Totaal,0,6
2020-06-25,1891,Dantumadiel,Friesland,21,Ziekenhuisopname,0,2
2020-06-25,1891,Dantumadiel,Friesland,21,Overleden,0,0
2020-06-25,1892,Zuidplas,Zuid-Holland,28,Totaal,0,150
2020-06-25,1892,Zuidplas,Zuid-Holland,28,Ziekenhuisopname,0,24
2020-06-25,1892,Zuidplas,Zuid-Holland,28,Overleden,0,21
2020-06-25,1894,Peel en Maas,Limburg,31,Totaal,0,278
2020-06-25,1894,Peel en Maas,Limburg,31,Ziekenhuisopname,0,144
2020-06-25,1894,Peel en Maas,Limburg,31,Overleden,0,64
2020-06-25,1895,Oldambt,Groningen,20,Totaal,0,13
2020-06-25,1895,Oldambt,Groningen,20,Ziekenhuisopname,0,7
2020-06-25,1895,Oldambt,Groningen,20,Overleden,0,2
2020-06-25,1896,Zwartewaterland,Overijssel,23,Totaal,0,146
2020-06-25,1896,Zwartewaterland,Overijssel,23,Ziekenhuisopname,0,35
2020-06-25,1896,Zwartewaterland,Overijssel,23,Overleden,0,19
2020-06-25,1900,Sdwest-Frysln,Friesland,21,Totaal,0,106
2020-06-25,1900,Sdwest-Frysln,Friesland,21,Ziekenhuisopname,0,18
2020-06-25,1900,Sdwest-Frysln,Friesland,21,Overleden,0,4
2020-06-25,1901,Bodegraven-Reeuwijk,Zuid-Holland,28,Totaal,0,58
2020-06-25,1901,Bodegraven-Reeuwijk,Zuid-Holland,28,Ziekenhuisopname,0,7
2020-06-25,1901,Bodegraven-Reeuwijk,Zuid-Holland,28,Overleden,0,1
2020-06-25,1903,Eijsden-Margraten,Limburg,31,Totaal,0,171
2020-06-25,1903,Eijsden-Margraten,Limburg,31,Ziekenhuisopname,0,54
2020-06-25,1903,Eijsden-Margraten,Limburg,31,Overleden,0,27
2020-06-25,1904,Stichtse Vecht,Utrecht,26,Totaal,0,124
2020-06-25,1904,Stichtse Vecht,Utrecht,26,Ziekenhuisopname,0,34
2020-06-25,1904,Stichtse Vecht,Utrecht,26,Overleden,0,13
2020-06-25,1911,Hollands Kroon,Noord-Holland,27,Totaal,0,62
2020-06-25,1911,Hollands Kroon,Noord-Holland,27,Ziekenhuisopname,0,26
2020-06-25,1911,Hollands Kroon,Noord-Holland,27,Overleden,0,6
2020-06-25,1916,Leidschendam-Voorburg,Zuid-Holland,28,Totaal,0,135
2020-06-25,1916,Leidschendam-Voorburg,Zuid-Holland,28,Ziekenhuisopname,0,20
2020-06-25,1916,Leidschendam-Voorburg,Zuid-Holland,28,Overleden,0,15
2020-06-25,1924,Goeree-Overflakkee,Zuid-Holland,28,Totaal,0,263
2020-06-25,1924,Goeree-Overflakkee,Zuid-Holland,28,Ziekenhuisopname,0,54
2020-06-25,1924,Goeree-Overflakkee,Zuid-Holland,28,Overleden,0,34
2020-06-25,1926,Pijnacker-Nootdorp,Zuid-Holland,28,Totaal,0,123
2020-06-25,1926,Pijnacker-Nootdorp,Zuid-Holland,28,Ziekenhuisopname,0,24
2020-06-25,1926,Pijnacker-Nootdorp,Zuid-Holland,28,Overleden,0,16
2020-06-25,1930,Nissewaard,Zuid-Holland,28,Totaal,0,184
2020-06-25,1930,Nissewaard,Zuid-Holland,28,Ziekenhuisopname,0,55
2020-06-25,1930,Nissewaard,Zuid-Holland,28,Overleden,0,17
2020-06-25,1931,Krimpenerwaard,Zuid-Holland,28,Totaal,0,192
2020-06-25,1931,Krimpenerwaard,Zuid-Holland,28,Ziekenhuisopname,0,45
2020-06-25,1931,Krimpenerwaard,Zuid-Holland,28,Overleden,0,33
2020-06-25,1940,De Fryske Marren,Friesland,21,Totaal,1,71
2020-06-25,1940,De Fryske Marren,Friesland,21,Ziekenhuisopname,0,16
2020-06-25,1940,De Fryske Marren,Friesland,21,Overleden,0,5
2020-06-25,1942,Gooise Meren,Noord-Holland,27,Totaal,1,114
2020-06-25,1942,Gooise Meren,Noord-Holland,27,Ziekenhuisopname,0,23
2020-06-25,1942,Gooise Meren,Noord-Holland,27,Overleden,0,9
2020-06-25,1945,Berg en Dal,Gelderland,25,Totaal,0,179
2020-06-25,1945,Berg en Dal,Gelderland,25,Ziekenhuisopname,0,29
2020-06-25,1945,Berg en Dal,Gelderland,25,Overleden,0,16
2020-06-25,1948,Meierijstad,Noord-Brabant,30,Totaal,3,553
2020-06-25,1948,Meierijstad,Noord-Brabant,30,Ziekenhuisopname,0,211
2020-06-25,1948,Meierijstad,Noord-Brabant,30,Overleden,0,131
2020-06-25,1949,Waadhoeke,Friesland,21,Totaal,0,102
2020-06-25,1949,Waadhoeke,Friesland,21,Ziekenhuisopname,0,12
2020-06-25,1949,Waadhoeke,Friesland,21,Overleden,0,15
2020-06-25,1950,Westerwolde,Groningen,20,Totaal,0,6
2020-06-25,1950,Westerwolde,Groningen,20,Ziekenhuisopname,0,5
2020-06-25,1950,Westerwolde,Groningen,20,Overleden,0,0
2020-06-25,1952,Midden-Groningen,Groningen,20,Totaal,0,32
2020-06-25,1952,Midden-Groningen,Groningen,20,Ziekenhuisopname,0,6
2020-06-25,1952,Midden-Groningen,Groningen,20,Overleden,0,3
2020-06-25,1954,Beekdaelen,Limburg,31,Totaal,0,172
2020-06-25,1954,Beekdaelen,Limburg,31,Ziekenhuisopname,0,52
2020-06-25,1954,Beekdaelen,Limburg,31,Overleden,0,23
2020-06-25,1955,Montferland,Gelderland,25,Totaal,0,105
2020-06-25,1955,Montferland,Gelderland,25,Ziekenhuisopname,0,21
2020-06-25,1955,Montferland,Gelderland,25,Overleden,0,9
2020-06-25,1959,Altena,Noord-Brabant,30,Totaal,0,130
2020-06-25,1959,Altena,Noord-Brabant,30,Ziekenhuisopname,0,32
2020-06-25,1959,Altena,Noord-Brabant,30,Overleden,0,11
2020-06-25,1960,West Betuwe,Gelderland,25,Totaal,0,211
2020-06-25,1960,West Betuwe,Gelderland,25,Ziekenhuisopname,0,43
2020-06-25,1960,West Betuwe,Gelderland,25,Overleden,0,27
2020-06-25,1961,Vijfheerenlanden,Utrecht,26,Totaal,0,274
2020-06-25,1961,Vijfheerenlanden,Utrecht,26,Ziekenhuisopname,0,34
2020-06-25,1961,Vijfheerenlanden,Utrecht,26,Overleden,0,37
2020-06-25,1963,Hoeksche Waard,Zuid-Holland,28,Totaal,0,310
2020-06-25,1963,Hoeksche Waard,Zuid-Holland,28,Ziekenhuisopname,0,76
2020-06-25,1963,Hoeksche Waard,Zuid-Holland,28,Overleden,0,20
2020-06-25,1966,Het Hogeland,Groningen,20,Totaal,0,34
2020-06-25,1966,Het Hogeland,Groningen,20,Ziekenhuisopname,0,7
2020-06-25,1966,Het Hogeland,Groningen,20,Overleden,0,3
2020-06-25,1969,Westerkwartier,Groningen,20,Totaal,0,58
2020-06-25,1969,Westerkwartier,Groningen,20,Ziekenhuisopname,0,14
2020-06-25,1969,Westerkwartier,Groningen,20,Overleden,0,4
2020-06-25,1970,Noardeast-Frysln,Friesland,21,Totaal,0,27
2020-06-25,1970,Noardeast-Frysln,Friesland,21,Ziekenhuisopname,0,6
2020-06-25,1970,Noardeast-Frysln,Friesland,21,Overleden,0,4
2020-06-25,1978,Molenlanden,Zuid-Holland,28,Totaal,0,122
2020-06-25,1978,Molenlanden,Zuid-Holland,28,Ziekenhuisopname,0,18
2020-06-25,1978,Molenlanden,Zuid-Holland,28,Overleden,0,8
