Datum,Gemeentecode,Gemeentenaam,Provincienaam,Provinciecode,Type,Aantal,AantalCumulatief
2020-07-23,-1,,,-1,Totaal,2,498
2020-07-23,-1,,,-1,Ziekenhuisopname,0,61
2020-07-23,-1,,,-1,Overleden,0,18
2020-07-23,3,Appingedam,Groningen,20,Totaal,0,5
2020-07-23,3,Appingedam,Groningen,20,Ziekenhuisopname,0,3
2020-07-23,3,Appingedam,Groningen,20,Overleden,0,0
2020-07-23,10,Delfzijl,Groningen,20,Totaal,0,18
2020-07-23,10,Delfzijl,Groningen,20,Ziekenhuisopname,0,6
2020-07-23,10,Delfzijl,Groningen,20,Overleden,0,0
2020-07-23,14,Groningen,Groningen,20,Totaal,0,178
2020-07-23,14,Groningen,Groningen,20,Ziekenhuisopname,0,18
2020-07-23,14,Groningen,Groningen,20,Overleden,0,3
2020-07-23,24,Loppersum,Groningen,20,Totaal,0,2
2020-07-23,24,Loppersum,Groningen,20,Ziekenhuisopname,0,0
2020-07-23,24,Loppersum,Groningen,20,Overleden,0,0
2020-07-23,34,Almere,Flevoland,24,Totaal,1,455
2020-07-23,34,Almere,Flevoland,24,Ziekenhuisopname,0,123
2020-07-23,34,Almere,Flevoland,24,Overleden,0,31
2020-07-23,37,Stadskanaal,Groningen,20,Totaal,0,9
2020-07-23,37,Stadskanaal,Groningen,20,Ziekenhuisopname,0,2
2020-07-23,37,Stadskanaal,Groningen,20,Overleden,0,2
2020-07-23,47,Veendam,Groningen,20,Totaal,0,8
2020-07-23,47,Veendam,Groningen,20,Ziekenhuisopname,0,2
2020-07-23,47,Veendam,Groningen,20,Overleden,0,0
2020-07-23,50,Zeewolde,Flevoland,24,Totaal,0,50
2020-07-23,50,Zeewolde,Flevoland,24,Ziekenhuisopname,0,12
2020-07-23,50,Zeewolde,Flevoland,24,Overleden,0,6
2020-07-23,59,Achtkarspelen,Friesland,21,Totaal,0,13
2020-07-23,59,Achtkarspelen,Friesland,21,Ziekenhuisopname,0,0
2020-07-23,59,Achtkarspelen,Friesland,21,Overleden,0,0
2020-07-23,60,Ameland,Friesland,21,Totaal,0,0
2020-07-23,60,Ameland,Friesland,21,Ziekenhuisopname,0,0
2020-07-23,60,Ameland,Friesland,21,Overleden,0,0
2020-07-23,72,Harlingen,Friesland,21,Totaal,0,17
2020-07-23,72,Harlingen,Friesland,21,Ziekenhuisopname,0,4
2020-07-23,72,Harlingen,Friesland,21,Overleden,0,1
2020-07-23,74,Heerenveen,Friesland,21,Totaal,0,95
2020-07-23,74,Heerenveen,Friesland,21,Ziekenhuisopname,0,13
2020-07-23,74,Heerenveen,Friesland,21,Overleden,0,21
2020-07-23,80,Leeuwarden,Friesland,21,Totaal,0,70
2020-07-23,80,Leeuwarden,Friesland,21,Ziekenhuisopname,0,33
2020-07-23,80,Leeuwarden,Friesland,21,Overleden,0,6
2020-07-23,85,Ooststellingwerf,Friesland,21,Totaal,0,8
2020-07-23,85,Ooststellingwerf,Friesland,21,Ziekenhuisopname,0,3
2020-07-23,85,Ooststellingwerf,Friesland,21,Overleden,0,0
2020-07-23,86,Opsterland,Friesland,21,Totaal,0,24
2020-07-23,86,Opsterland,Friesland,21,Ziekenhuisopname,0,7
2020-07-23,86,Opsterland,Friesland,21,Overleden,0,0
2020-07-23,88,Schiermonnikoog,Friesland,21,Totaal,0,0
2020-07-23,88,Schiermonnikoog,Friesland,21,Ziekenhuisopname,0,0
2020-07-23,88,Schiermonnikoog,Friesland,21,Overleden,0,0
2020-07-23,90,Smallingerland,Friesland,21,Totaal,0,58
2020-07-23,90,Smallingerland,Friesland,21,Ziekenhuisopname,0,9
2020-07-23,90,Smallingerland,Friesland,21,Overleden,0,5
2020-07-23,93,Terschelling,Friesland,21,Totaal,0,2
2020-07-23,93,Terschelling,Friesland,21,Ziekenhuisopname,0,0
2020-07-23,93,Terschelling,Friesland,21,Overleden,0,0
2020-07-23,96,Vlieland,Friesland,21,Totaal,0,0
2020-07-23,96,Vlieland,Friesland,21,Ziekenhuisopname,0,0
2020-07-23,96,Vlieland,Friesland,21,Overleden,0,0
2020-07-23,98,Weststellingwerf,Friesland,21,Totaal,0,28
2020-07-23,98,Weststellingwerf,Friesland,21,Ziekenhuisopname,0,3
2020-07-23,98,Weststellingwerf,Friesland,21,Overleden,0,4
2020-07-23,106,Assen,Drenthe,22,Totaal,1,51
2020-07-23,106,Assen,Drenthe,22,Ziekenhuisopname,0,12
2020-07-23,106,Assen,Drenthe,22,Overleden,0,2
2020-07-23,109,Coevorden,Drenthe,22,Totaal,0,57
2020-07-23,109,Coevorden,Drenthe,22,Ziekenhuisopname,0,13
2020-07-23,109,Coevorden,Drenthe,22,Overleden,0,2
2020-07-23,114,Emmen,Drenthe,22,Totaal,0,104
2020-07-23,114,Emmen,Drenthe,22,Ziekenhuisopname,0,20
2020-07-23,114,Emmen,Drenthe,22,Overleden,0,11
2020-07-23,118,Hoogeveen,Drenthe,22,Totaal,0,93
2020-07-23,118,Hoogeveen,Drenthe,22,Ziekenhuisopname,0,19
2020-07-23,118,Hoogeveen,Drenthe,22,Overleden,0,8
2020-07-23,119,Meppel,Drenthe,22,Totaal,0,48
2020-07-23,119,Meppel,Drenthe,22,Ziekenhuisopname,0,11
2020-07-23,119,Meppel,Drenthe,22,Overleden,0,5
2020-07-23,141,Almelo,Overijssel,23,Totaal,0,93
2020-07-23,141,Almelo,Overijssel,23,Ziekenhuisopname,0,23
2020-07-23,141,Almelo,Overijssel,23,Overleden,0,9
2020-07-23,147,Borne,Overijssel,23,Totaal,0,50
2020-07-23,147,Borne,Overijssel,23,Ziekenhuisopname,0,14
2020-07-23,147,Borne,Overijssel,23,Overleden,0,6
2020-07-23,148,Dalfsen,Overijssel,23,Totaal,0,82
2020-07-23,148,Dalfsen,Overijssel,23,Ziekenhuisopname,0,16
2020-07-23,148,Dalfsen,Overijssel,23,Overleden,0,6
2020-07-23,150,Deventer,Overijssel,23,Totaal,1,343
2020-07-23,150,Deventer,Overijssel,23,Ziekenhuisopname,0,47
2020-07-23,150,Deventer,Overijssel,23,Overleden,0,33
2020-07-23,153,Enschede,Overijssel,23,Totaal,0,256
2020-07-23,153,Enschede,Overijssel,23,Ziekenhuisopname,0,53
2020-07-23,153,Enschede,Overijssel,23,Overleden,0,25
2020-07-23,158,Haaksbergen,Overijssel,23,Totaal,0,56
2020-07-23,158,Haaksbergen,Overijssel,23,Ziekenhuisopname,0,14
2020-07-23,158,Haaksbergen,Overijssel,23,Overleden,0,7
2020-07-23,160,Hardenberg,Overijssel,23,Totaal,0,171
2020-07-23,160,Hardenberg,Overijssel,23,Ziekenhuisopname,0,23
2020-07-23,160,Hardenberg,Overijssel,23,Overleden,0,8
2020-07-23,163,Hellendoorn,Overijssel,23,Totaal,0,96
2020-07-23,163,Hellendoorn,Overijssel,23,Ziekenhuisopname,0,8
2020-07-23,163,Hellendoorn,Overijssel,23,Overleden,0,12
2020-07-23,164,Hengelo,Overijssel,23,Totaal,0,129
2020-07-23,164,Hengelo,Overijssel,23,Ziekenhuisopname,0,21
2020-07-23,164,Hengelo,Overijssel,23,Overleden,0,19
2020-07-23,166,Kampen,Overijssel,23,Totaal,0,343
2020-07-23,166,Kampen,Overijssel,23,Ziekenhuisopname,0,59
2020-07-23,166,Kampen,Overijssel,23,Overleden,0,27
2020-07-23,168,Losser,Overijssel,23,Totaal,0,26
2020-07-23,168,Losser,Overijssel,23,Ziekenhuisopname,0,7
2020-07-23,168,Losser,Overijssel,23,Overleden,0,0
2020-07-23,171,Noordoostpolder,Flevoland,24,Totaal,0,81
2020-07-23,171,Noordoostpolder,Flevoland,24,Ziekenhuisopname,0,14
2020-07-23,171,Noordoostpolder,Flevoland,24,Overleden,0,10
2020-07-23,173,Oldenzaal,Overijssel,23,Totaal,0,49
2020-07-23,173,Oldenzaal,Overijssel,23,Ziekenhuisopname,0,13
2020-07-23,173,Oldenzaal,Overijssel,23,Overleden,0,7
2020-07-23,175,Ommen,Overijssel,23,Totaal,-1,53
2020-07-23,175,Ommen,Overijssel,23,Ziekenhuisopname,0,9
2020-07-23,175,Ommen,Overijssel,23,Overleden,0,2
2020-07-23,177,Raalte,Overijssel,23,Totaal,0,155
2020-07-23,177,Raalte,Overijssel,23,Ziekenhuisopname,0,24
2020-07-23,177,Raalte,Overijssel,23,Overleden,0,17
2020-07-23,180,Staphorst,Overijssel,23,Totaal,0,61
2020-07-23,180,Staphorst,Overijssel,23,Ziekenhuisopname,0,8
2020-07-23,180,Staphorst,Overijssel,23,Overleden,0,4
2020-07-23,183,Tubbergen,Overijssel,23,Totaal,0,81
2020-07-23,183,Tubbergen,Overijssel,23,Ziekenhuisopname,0,12
2020-07-23,183,Tubbergen,Overijssel,23,Overleden,0,5
2020-07-23,184,Urk,Flevoland,24,Totaal,0,83
2020-07-23,184,Urk,Flevoland,24,Ziekenhuisopname,0,22
2020-07-23,184,Urk,Flevoland,24,Overleden,0,4
2020-07-23,189,Wierden,Overijssel,23,Totaal,0,51
2020-07-23,189,Wierden,Overijssel,23,Ziekenhuisopname,0,5
2020-07-23,189,Wierden,Overijssel,23,Overleden,0,6
2020-07-23,193,Zwolle,Overijssel,23,Totaal,0,363
2020-07-23,193,Zwolle,Overijssel,23,Ziekenhuisopname,0,53
2020-07-23,193,Zwolle,Overijssel,23,Overleden,0,46
2020-07-23,197,Aalten,Gelderland,25,Totaal,0,60
2020-07-23,197,Aalten,Gelderland,25,Ziekenhuisopname,0,9
2020-07-23,197,Aalten,Gelderland,25,Overleden,0,7
2020-07-23,200,Apeldoorn,Gelderland,25,Totaal,0,457
2020-07-23,200,Apeldoorn,Gelderland,25,Ziekenhuisopname,0,96
2020-07-23,200,Apeldoorn,Gelderland,25,Overleden,0,50
2020-07-23,202,Arnhem,Gelderland,25,Totaal,1,422
2020-07-23,202,Arnhem,Gelderland,25,Ziekenhuisopname,0,67
2020-07-23,202,Arnhem,Gelderland,25,Overleden,0,32
2020-07-23,203,Barneveld,Gelderland,25,Totaal,0,139
2020-07-23,203,Barneveld,Gelderland,25,Ziekenhuisopname,0,18
2020-07-23,203,Barneveld,Gelderland,25,Overleden,0,6
2020-07-23,209,Beuningen,Gelderland,25,Totaal,0,76
2020-07-23,209,Beuningen,Gelderland,25,Ziekenhuisopname,0,19
2020-07-23,209,Beuningen,Gelderland,25,Overleden,0,5
2020-07-23,213,Brummen,Gelderland,25,Totaal,0,36
2020-07-23,213,Brummen,Gelderland,25,Ziekenhuisopname,0,18
2020-07-23,213,Brummen,Gelderland,25,Overleden,0,6
2020-07-23,214,Buren,Gelderland,25,Totaal,0,63
2020-07-23,214,Buren,Gelderland,25,Ziekenhuisopname,0,17
2020-07-23,214,Buren,Gelderland,25,Overleden,0,8
2020-07-23,216,Culemborg,Gelderland,25,Totaal,0,80
2020-07-23,216,Culemborg,Gelderland,25,Ziekenhuisopname,0,21
2020-07-23,216,Culemborg,Gelderland,25,Overleden,0,7
2020-07-23,221,Doesburg,Gelderland,25,Totaal,0,32
2020-07-23,221,Doesburg,Gelderland,25,Ziekenhuisopname,0,9
2020-07-23,221,Doesburg,Gelderland,25,Overleden,0,6
2020-07-23,222,Doetinchem,Gelderland,25,Totaal,0,102
2020-07-23,222,Doetinchem,Gelderland,25,Ziekenhuisopname,0,26
2020-07-23,222,Doetinchem,Gelderland,25,Overleden,0,15
2020-07-23,225,Druten,Gelderland,25,Totaal,0,115
2020-07-23,225,Druten,Gelderland,25,Ziekenhuisopname,0,25
2020-07-23,225,Druten,Gelderland,25,Overleden,0,8
2020-07-23,226,Duiven,Gelderland,25,Totaal,0,52
2020-07-23,226,Duiven,Gelderland,25,Ziekenhuisopname,0,14
2020-07-23,226,Duiven,Gelderland,25,Overleden,0,6
2020-07-23,228,Ede,Gelderland,25,Totaal,1,225
2020-07-23,228,Ede,Gelderland,25,Ziekenhuisopname,0,54
2020-07-23,228,Ede,Gelderland,25,Overleden,0,20
2020-07-23,230,Elburg,Gelderland,25,Totaal,0,151
2020-07-23,230,Elburg,Gelderland,25,Ziekenhuisopname,0,28
2020-07-23,230,Elburg,Gelderland,25,Overleden,0,8
2020-07-23,232,Epe,Gelderland,25,Totaal,0,138
2020-07-23,232,Epe,Gelderland,25,Ziekenhuisopname,0,48
2020-07-23,232,Epe,Gelderland,25,Overleden,0,23
2020-07-23,233,Ermelo,Gelderland,25,Totaal,0,149
2020-07-23,233,Ermelo,Gelderland,25,Ziekenhuisopname,0,33
2020-07-23,233,Ermelo,Gelderland,25,Overleden,0,23
2020-07-23,243,Harderwijk,Gelderland,25,Totaal,0,179
2020-07-23,243,Harderwijk,Gelderland,25,Ziekenhuisopname,0,42
2020-07-23,243,Harderwijk,Gelderland,25,Overleden,0,20
2020-07-23,244,Hattem,Gelderland,25,Totaal,0,42
2020-07-23,244,Hattem,Gelderland,25,Ziekenhuisopname,0,16
2020-07-23,244,Hattem,Gelderland,25,Overleden,0,5
2020-07-23,246,Heerde,Gelderland,25,Totaal,0,192
2020-07-23,246,Heerde,Gelderland,25,Ziekenhuisopname,0,55
2020-07-23,246,Heerde,Gelderland,25,Overleden,0,28
2020-07-23,252,Heumen,Gelderland,25,Totaal,0,73
2020-07-23,252,Heumen,Gelderland,25,Ziekenhuisopname,0,17
2020-07-23,252,Heumen,Gelderland,25,Overleden,0,9
2020-07-23,262,Lochem,Gelderland,25,Totaal,0,97
2020-07-23,262,Lochem,Gelderland,25,Ziekenhuisopname,0,15
2020-07-23,262,Lochem,Gelderland,25,Overleden,0,15
2020-07-23,263,Maasdriel,Gelderland,25,Totaal,0,62
2020-07-23,263,Maasdriel,Gelderland,25,Ziekenhuisopname,0,15
2020-07-23,263,Maasdriel,Gelderland,25,Overleden,0,7
2020-07-23,267,Nijkerk,Gelderland,25,Totaal,0,68
2020-07-23,267,Nijkerk,Gelderland,25,Ziekenhuisopname,0,22
2020-07-23,267,Nijkerk,Gelderland,25,Overleden,0,3
2020-07-23,268,Nijmegen,Gelderland,25,Totaal,0,678
2020-07-23,268,Nijmegen,Gelderland,25,Ziekenhuisopname,0,128
2020-07-23,268,Nijmegen,Gelderland,25,Overleden,0,70
2020-07-23,269,Oldebroek,Gelderland,25,Totaal,0,170
2020-07-23,269,Oldebroek,Gelderland,25,Ziekenhuisopname,0,40
2020-07-23,269,Oldebroek,Gelderland,25,Overleden,0,19
2020-07-23,273,Putten,Gelderland,25,Totaal,0,35
2020-07-23,273,Putten,Gelderland,25,Ziekenhuisopname,0,10
2020-07-23,273,Putten,Gelderland,25,Overleden,0,0
2020-07-23,274,Renkum,Gelderland,25,Totaal,0,80
2020-07-23,274,Renkum,Gelderland,25,Ziekenhuisopname,0,14
2020-07-23,274,Renkum,Gelderland,25,Overleden,0,7
2020-07-23,275,Rheden,Gelderland,25,Totaal,0,146
2020-07-23,275,Rheden,Gelderland,25,Ziekenhuisopname,0,34
2020-07-23,275,Rheden,Gelderland,25,Overleden,0,14
2020-07-23,277,Rozendaal,Gelderland,25,Totaal,0,3
2020-07-23,277,Rozendaal,Gelderland,25,Ziekenhuisopname,0,1
2020-07-23,277,Rozendaal,Gelderland,25,Overleden,0,0
2020-07-23,279,Scherpenzeel,Gelderland,25,Totaal,0,33
2020-07-23,279,Scherpenzeel,Gelderland,25,Ziekenhuisopname,0,4
2020-07-23,279,Scherpenzeel,Gelderland,25,Overleden,0,2
2020-07-23,281,Tiel,Gelderland,25,Totaal,0,150
2020-07-23,281,Tiel,Gelderland,25,Ziekenhuisopname,0,42
2020-07-23,281,Tiel,Gelderland,25,Overleden,0,18
2020-07-23,285,Voorst,Gelderland,25,Totaal,0,82
2020-07-23,285,Voorst,Gelderland,25,Ziekenhuisopname,0,17
2020-07-23,285,Voorst,Gelderland,25,Overleden,0,11
2020-07-23,289,Wageningen,Gelderland,25,Totaal,0,55
2020-07-23,289,Wageningen,Gelderland,25,Ziekenhuisopname,0,20
2020-07-23,289,Wageningen,Gelderland,25,Overleden,0,9
2020-07-23,293,Westervoort,Gelderland,25,Totaal,0,43
2020-07-23,293,Westervoort,Gelderland,25,Ziekenhuisopname,0,12
2020-07-23,293,Westervoort,Gelderland,25,Overleden,0,6
2020-07-23,294,Winterswijk,Gelderland,25,Totaal,0,48
2020-07-23,294,Winterswijk,Gelderland,25,Ziekenhuisopname,0,7
2020-07-23,294,Winterswijk,Gelderland,25,Overleden,0,3
2020-07-23,296,Wijchen,Gelderland,25,Totaal,0,150
2020-07-23,296,Wijchen,Gelderland,25,Ziekenhuisopname,0,44
2020-07-23,296,Wijchen,Gelderland,25,Overleden,0,13
2020-07-23,297,Zaltbommel,Gelderland,25,Totaal,0,100
2020-07-23,297,Zaltbommel,Gelderland,25,Ziekenhuisopname,0,20
2020-07-23,297,Zaltbommel,Gelderland,25,Overleden,0,9
2020-07-23,299,Zevenaar,Gelderland,25,Totaal,0,120
2020-07-23,299,Zevenaar,Gelderland,25,Ziekenhuisopname,0,44
2020-07-23,299,Zevenaar,Gelderland,25,Overleden,0,15
2020-07-23,301,Zutphen,Gelderland,25,Totaal,0,104
2020-07-23,301,Zutphen,Gelderland,25,Ziekenhuisopname,0,30
2020-07-23,301,Zutphen,Gelderland,25,Overleden,0,13
2020-07-23,302,Nunspeet,Gelderland,25,Totaal,0,222
2020-07-23,302,Nunspeet,Gelderland,25,Ziekenhuisopname,0,55
2020-07-23,302,Nunspeet,Gelderland,25,Overleden,0,21
2020-07-23,303,Dronten,Flevoland,24,Totaal,0,124
2020-07-23,303,Dronten,Flevoland,24,Ziekenhuisopname,0,30
2020-07-23,303,Dronten,Flevoland,24,Overleden,0,12
2020-07-23,307,Amersfoort,Utrecht,26,Totaal,2,256
2020-07-23,307,Amersfoort,Utrecht,26,Ziekenhuisopname,0,61
2020-07-23,307,Amersfoort,Utrecht,26,Overleden,0,23
2020-07-23,308,Baarn,Utrecht,26,Totaal,1,64
2020-07-23,308,Baarn,Utrecht,26,Ziekenhuisopname,0,11
2020-07-23,308,Baarn,Utrecht,26,Overleden,0,9
2020-07-23,310,De Bilt,Utrecht,26,Totaal,1,188
2020-07-23,310,De Bilt,Utrecht,26,Ziekenhuisopname,0,27
2020-07-23,310,De Bilt,Utrecht,26,Overleden,0,24
2020-07-23,312,Bunnik,Utrecht,26,Totaal,0,46
2020-07-23,312,Bunnik,Utrecht,26,Ziekenhuisopname,0,9
2020-07-23,312,Bunnik,Utrecht,26,Overleden,0,1
2020-07-23,313,Bunschoten,Utrecht,26,Totaal,0,68
2020-07-23,313,Bunschoten,Utrecht,26,Ziekenhuisopname,0,9
2020-07-23,313,Bunschoten,Utrecht,26,Overleden,0,7
2020-07-23,317,Eemnes,Utrecht,26,Totaal,0,23
2020-07-23,317,Eemnes,Utrecht,26,Ziekenhuisopname,0,2
2020-07-23,317,Eemnes,Utrecht,26,Overleden,0,1
2020-07-23,321,Houten,Utrecht,26,Totaal,0,144
2020-07-23,321,Houten,Utrecht,26,Ziekenhuisopname,0,24
2020-07-23,321,Houten,Utrecht,26,Overleden,0,14
2020-07-23,327,Leusden,Utrecht,26,Totaal,0,54
2020-07-23,327,Leusden,Utrecht,26,Ziekenhuisopname,0,9
2020-07-23,327,Leusden,Utrecht,26,Overleden,0,5
2020-07-23,331,Lopik,Utrecht,26,Totaal,1,64
2020-07-23,331,Lopik,Utrecht,26,Ziekenhuisopname,0,19
2020-07-23,331,Lopik,Utrecht,26,Overleden,0,8
2020-07-23,335,Montfoort,Utrecht,26,Totaal,0,45
2020-07-23,335,Montfoort,Utrecht,26,Ziekenhuisopname,0,13
2020-07-23,335,Montfoort,Utrecht,26,Overleden,0,5
2020-07-23,339,Renswoude,Utrecht,26,Totaal,0,19
2020-07-23,339,Renswoude,Utrecht,26,Ziekenhuisopname,0,5
2020-07-23,339,Renswoude,Utrecht,26,Overleden,0,5
2020-07-23,340,Rhenen,Utrecht,26,Totaal,0,48
2020-07-23,340,Rhenen,Utrecht,26,Ziekenhuisopname,0,11
2020-07-23,340,Rhenen,Utrecht,26,Overleden,0,6
2020-07-23,342,Soest,Utrecht,26,Totaal,1,97
2020-07-23,342,Soest,Utrecht,26,Ziekenhuisopname,1,24
2020-07-23,342,Soest,Utrecht,26,Overleden,0,12
2020-07-23,344,Utrecht,Utrecht,26,Totaal,6,1416
2020-07-23,344,Utrecht,Utrecht,26,Ziekenhuisopname,0,268
2020-07-23,344,Utrecht,Utrecht,26,Overleden,0,118
2020-07-23,345,Veenendaal,Utrecht,26,Totaal,0,197
2020-07-23,345,Veenendaal,Utrecht,26,Ziekenhuisopname,0,47
2020-07-23,345,Veenendaal,Utrecht,26,Overleden,0,11
2020-07-23,351,Woudenberg,Utrecht,26,Totaal,0,33
2020-07-23,351,Woudenberg,Utrecht,26,Ziekenhuisopname,0,9
2020-07-23,351,Woudenberg,Utrecht,26,Overleden,0,2
2020-07-23,352,Wijk bij Duurstede,Utrecht,26,Totaal,0,42
2020-07-23,352,Wijk bij Duurstede,Utrecht,26,Ziekenhuisopname,0,10
2020-07-23,352,Wijk bij Duurstede,Utrecht,26,Overleden,0,1
2020-07-23,353,IJsselstein,Utrecht,26,Totaal,0,154
2020-07-23,353,IJsselstein,Utrecht,26,Ziekenhuisopname,0,36
2020-07-23,353,IJsselstein,Utrecht,26,Overleden,0,34
2020-07-23,355,Zeist,Utrecht,26,Totaal,0,222
2020-07-23,355,Zeist,Utrecht,26,Ziekenhuisopname,0,37
2020-07-23,355,Zeist,Utrecht,26,Overleden,0,24
2020-07-23,356,Nieuwegein,Utrecht,26,Totaal,0,161
2020-07-23,356,Nieuwegein,Utrecht,26,Ziekenhuisopname,0,44
2020-07-23,356,Nieuwegein,Utrecht,26,Overleden,0,14
2020-07-23,358,Aalsmeer,Noord-Holland,27,Totaal,0,43
2020-07-23,358,Aalsmeer,Noord-Holland,27,Ziekenhuisopname,0,9
2020-07-23,358,Aalsmeer,Noord-Holland,27,Overleden,0,4
2020-07-23,361,Alkmaar,Noord-Holland,27,Totaal,1,249
2020-07-23,361,Alkmaar,Noord-Holland,27,Ziekenhuisopname,0,54
2020-07-23,361,Alkmaar,Noord-Holland,27,Overleden,0,31
2020-07-23,362,Amstelveen,Noord-Holland,27,Totaal,0,332
2020-07-23,362,Amstelveen,Noord-Holland,27,Ziekenhuisopname,0,58
2020-07-23,362,Amstelveen,Noord-Holland,27,Overleden,0,35
2020-07-23,363,Amsterdam,Noord-Holland,27,Totaal,15,2906
2020-07-23,363,Amsterdam,Noord-Holland,27,Ziekenhuisopname,0,623
2020-07-23,363,Amsterdam,Noord-Holland,27,Overleden,0,282
2020-07-23,370,Beemster,Noord-Holland,27,Totaal,0,14
2020-07-23,370,Beemster,Noord-Holland,27,Ziekenhuisopname,0,4
2020-07-23,370,Beemster,Noord-Holland,27,Overleden,0,1
2020-07-23,373,Bergen (NH.),Noord-Holland,27,Totaal,0,92
2020-07-23,373,Bergen (NH.),Noord-Holland,27,Ziekenhuisopname,0,16
2020-07-23,373,Bergen (NH.),Noord-Holland,27,Overleden,0,4
2020-07-23,375,Beverwijk,Noord-Holland,27,Totaal,0,83
2020-07-23,375,Beverwijk,Noord-Holland,27,Ziekenhuisopname,0,15
2020-07-23,375,Beverwijk,Noord-Holland,27,Overleden,0,10
2020-07-23,376,Blaricum,Noord-Holland,27,Totaal,0,33
2020-07-23,376,Blaricum,Noord-Holland,27,Ziekenhuisopname,0,8
2020-07-23,376,Blaricum,Noord-Holland,27,Overleden,0,2
2020-07-23,377,Bloemendaal,Noord-Holland,27,Totaal,1,53
2020-07-23,377,Bloemendaal,Noord-Holland,27,Ziekenhuisopname,0,7
2020-07-23,377,Bloemendaal,Noord-Holland,27,Overleden,0,5
2020-07-23,383,Castricum,Noord-Holland,27,Totaal,1,81
2020-07-23,383,Castricum,Noord-Holland,27,Ziekenhuisopname,0,15
2020-07-23,383,Castricum,Noord-Holland,27,Overleden,0,9
2020-07-23,384,Diemen,Noord-Holland,27,Totaal,1,108
2020-07-23,384,Diemen,Noord-Holland,27,Ziekenhuisopname,0,17
2020-07-23,384,Diemen,Noord-Holland,27,Overleden,0,13
2020-07-23,385,Edam-Volendam,Noord-Holland,27,Totaal,0,126
2020-07-23,385,Edam-Volendam,Noord-Holland,27,Ziekenhuisopname,0,25
2020-07-23,385,Edam-Volendam,Noord-Holland,27,Overleden,0,3
2020-07-23,388,Enkhuizen,Noord-Holland,27,Totaal,0,30
2020-07-23,388,Enkhuizen,Noord-Holland,27,Ziekenhuisopname,0,18
2020-07-23,388,Enkhuizen,Noord-Holland,27,Overleden,0,4
2020-07-23,392,Haarlem,Noord-Holland,27,Totaal,3,308
2020-07-23,392,Haarlem,Noord-Holland,27,Ziekenhuisopname,0,61
2020-07-23,392,Haarlem,Noord-Holland,27,Overleden,0,58
2020-07-23,394,Haarlemmermeer,Noord-Holland,27,Totaal,1,322
2020-07-23,394,Haarlemmermeer,Noord-Holland,27,Ziekenhuisopname,0,68
2020-07-23,394,Haarlemmermeer,Noord-Holland,27,Overleden,0,27
2020-07-23,396,Heemskerk,Noord-Holland,27,Totaal,0,94
2020-07-23,396,Heemskerk,Noord-Holland,27,Ziekenhuisopname,0,28
2020-07-23,396,Heemskerk,Noord-Holland,27,Overleden,0,10
2020-07-23,397,Heemstede,Noord-Holland,27,Totaal,0,100
2020-07-23,397,Heemstede,Noord-Holland,27,Ziekenhuisopname,0,11
2020-07-23,397,Heemstede,Noord-Holland,27,Overleden,0,32
2020-07-23,398,Heerhugowaard,Noord-Holland,27,Totaal,0,151
2020-07-23,398,Heerhugowaard,Noord-Holland,27,Ziekenhuisopname,0,27
2020-07-23,398,Heerhugowaard,Noord-Holland,27,Overleden,0,9
2020-07-23,399,Heiloo,Noord-Holland,27,Totaal,0,49
2020-07-23,399,Heiloo,Noord-Holland,27,Ziekenhuisopname,0,9
2020-07-23,399,Heiloo,Noord-Holland,27,Overleden,0,8
2020-07-23,400,Den Helder,Noord-Holland,27,Totaal,1,45
2020-07-23,400,Den Helder,Noord-Holland,27,Ziekenhuisopname,0,12
2020-07-23,400,Den Helder,Noord-Holland,27,Overleden,0,2
2020-07-23,402,Hilversum,Noord-Holland,27,Totaal,0,225
2020-07-23,402,Hilversum,Noord-Holland,27,Ziekenhuisopname,0,33
2020-07-23,402,Hilversum,Noord-Holland,27,Overleden,0,24
2020-07-23,405,Hoorn,Noord-Holland,27,Totaal,2,103
2020-07-23,405,Hoorn,Noord-Holland,27,Ziekenhuisopname,0,35
2020-07-23,405,Hoorn,Noord-Holland,27,Overleden,0,12
2020-07-23,406,Huizen,Noord-Holland,27,Totaal,2,162
2020-07-23,406,Huizen,Noord-Holland,27,Ziekenhuisopname,0,22
2020-07-23,406,Huizen,Noord-Holland,27,Overleden,0,10
2020-07-23,415,Landsmeer,Noord-Holland,27,Totaal,0,23
2020-07-23,415,Landsmeer,Noord-Holland,27,Ziekenhuisopname,0,3
2020-07-23,415,Landsmeer,Noord-Holland,27,Overleden,0,3
2020-07-23,416,Langedijk,Noord-Holland,27,Totaal,0,46
2020-07-23,416,Langedijk,Noord-Holland,27,Ziekenhuisopname,0,16
2020-07-23,416,Langedijk,Noord-Holland,27,Overleden,0,4
2020-07-23,417,Laren,Noord-Holland,27,Totaal,0,25
2020-07-23,417,Laren,Noord-Holland,27,Ziekenhuisopname,0,8
2020-07-23,417,Laren,Noord-Holland,27,Overleden,0,2
2020-07-23,420,Medemblik,Noord-Holland,27,Totaal,0,74
2020-07-23,420,Medemblik,Noord-Holland,27,Ziekenhuisopname,0,19
2020-07-23,420,Medemblik,Noord-Holland,27,Overleden,0,6
2020-07-23,431,Oostzaan,Noord-Holland,27,Totaal,0,27
2020-07-23,431,Oostzaan,Noord-Holland,27,Ziekenhuisopname,0,11
2020-07-23,431,Oostzaan,Noord-Holland,27,Overleden,0,2
2020-07-23,432,Opmeer,Noord-Holland,27,Totaal,0,9
2020-07-23,432,Opmeer,Noord-Holland,27,Ziekenhuisopname,0,1
2020-07-23,432,Opmeer,Noord-Holland,27,Overleden,0,1
2020-07-23,437,Ouder-Amstel,Noord-Holland,27,Totaal,0,40
2020-07-23,437,Ouder-Amstel,Noord-Holland,27,Ziekenhuisopname,0,5
2020-07-23,437,Ouder-Amstel,Noord-Holland,27,Overleden,0,0
2020-07-23,439,Purmerend,Noord-Holland,27,Totaal,0,228
2020-07-23,439,Purmerend,Noord-Holland,27,Ziekenhuisopname,0,66
2020-07-23,439,Purmerend,Noord-Holland,27,Overleden,0,35
2020-07-23,441,Schagen,Noord-Holland,27,Totaal,0,76
2020-07-23,441,Schagen,Noord-Holland,27,Ziekenhuisopname,0,18
2020-07-23,441,Schagen,Noord-Holland,27,Overleden,0,10
2020-07-23,448,Texel,Noord-Holland,27,Totaal,0,11
2020-07-23,448,Texel,Noord-Holland,27,Ziekenhuisopname,0,5
2020-07-23,448,Texel,Noord-Holland,27,Overleden,0,2
2020-07-23,450,Uitgeest,Noord-Holland,27,Totaal,0,25
2020-07-23,450,Uitgeest,Noord-Holland,27,Ziekenhuisopname,0,5
2020-07-23,450,Uitgeest,Noord-Holland,27,Overleden,0,1
2020-07-23,451,Uithoorn,Noord-Holland,27,Totaal,0,57
2020-07-23,451,Uithoorn,Noord-Holland,27,Ziekenhuisopname,0,16
2020-07-23,451,Uithoorn,Noord-Holland,27,Overleden,0,2
2020-07-23,453,Velsen,Noord-Holland,27,Totaal,0,285
2020-07-23,453,Velsen,Noord-Holland,27,Ziekenhuisopname,0,32
2020-07-23,453,Velsen,Noord-Holland,27,Overleden,0,39
2020-07-23,457,Weesp,Noord-Holland,27,Totaal,0,82
2020-07-23,457,Weesp,Noord-Holland,27,Ziekenhuisopname,0,9
2020-07-23,457,Weesp,Noord-Holland,27,Overleden,0,13
2020-07-23,473,Zandvoort,Noord-Holland,27,Totaal,0,36
2020-07-23,473,Zandvoort,Noord-Holland,27,Ziekenhuisopname,0,10
2020-07-23,473,Zandvoort,Noord-Holland,27,Overleden,0,8
2020-07-23,479,Zaanstad,Noord-Holland,27,Totaal,0,469
2020-07-23,479,Zaanstad,Noord-Holland,27,Ziekenhuisopname,0,117
2020-07-23,479,Zaanstad,Noord-Holland,27,Overleden,0,48
2020-07-23,482,Alblasserdam,Zuid-Holland,28,Totaal,0,44
2020-07-23,482,Alblasserdam,Zuid-Holland,28,Ziekenhuisopname,0,10
2020-07-23,482,Alblasserdam,Zuid-Holland,28,Overleden,0,4
2020-07-23,484,Alphen aan den Rijn,Zuid-Holland,28,Totaal,1,231
2020-07-23,484,Alphen aan den Rijn,Zuid-Holland,28,Ziekenhuisopname,0,62
2020-07-23,484,Alphen aan den Rijn,Zuid-Holland,28,Overleden,0,25
2020-07-23,489,Barendrecht,Zuid-Holland,28,Totaal,0,146
2020-07-23,489,Barendrecht,Zuid-Holland,28,Ziekenhuisopname,0,40
2020-07-23,489,Barendrecht,Zuid-Holland,28,Overleden,0,12
2020-07-23,498,Drechterland,Noord-Holland,27,Totaal,0,46
2020-07-23,498,Drechterland,Noord-Holland,27,Ziekenhuisopname,0,5
2020-07-23,498,Drechterland,Noord-Holland,27,Overleden,0,8
2020-07-23,501,Brielle,Zuid-Holland,28,Totaal,0,33
2020-07-23,501,Brielle,Zuid-Holland,28,Ziekenhuisopname,0,11
2020-07-23,501,Brielle,Zuid-Holland,28,Overleden,0,0
2020-07-23,502,Capelle aan den IJssel,Zuid-Holland,28,Totaal,0,329
2020-07-23,502,Capelle aan den IJssel,Zuid-Holland,28,Ziekenhuisopname,0,54
2020-07-23,502,Capelle aan den IJssel,Zuid-Holland,28,Overleden,0,54
2020-07-23,503,Delft,Zuid-Holland,28,Totaal,1,164
2020-07-23,503,Delft,Zuid-Holland,28,Ziekenhuisopname,0,38
2020-07-23,503,Delft,Zuid-Holland,28,Overleden,0,12
2020-07-23,505,Dordrecht,Zuid-Holland,28,Totaal,1,560
2020-07-23,505,Dordrecht,Zuid-Holland,28,Ziekenhuisopname,0,85
2020-07-23,505,Dordrecht,Zuid-Holland,28,Overleden,0,62
2020-07-23,512,Gorinchem,Zuid-Holland,28,Totaal,2,154
2020-07-23,512,Gorinchem,Zuid-Holland,28,Ziekenhuisopname,0,18
2020-07-23,512,Gorinchem,Zuid-Holland,28,Overleden,0,15
2020-07-23,513,Gouda,Zuid-Holland,28,Totaal,3,277
2020-07-23,513,Gouda,Zuid-Holland,28,Ziekenhuisopname,0,43
2020-07-23,513,Gouda,Zuid-Holland,28,Overleden,0,41
2020-07-23,518,'s-Gravenhage,Zuid-Holland,28,Totaal,17,1947
2020-07-23,518,'s-Gravenhage,Zuid-Holland,28,Ziekenhuisopname,0,344
2020-07-23,518,'s-Gravenhage,Zuid-Holland,28,Overleden,0,245
2020-07-23,523,Hardinxveld-Giessendam,Zuid-Holland,28,Totaal,0,35
2020-07-23,523,Hardinxveld-Giessendam,Zuid-Holland,28,Ziekenhuisopname,0,2
2020-07-23,523,Hardinxveld-Giessendam,Zuid-Holland,28,Overleden,0,2
2020-07-23,530,Hellevoetsluis,Zuid-Holland,28,Totaal,0,78
2020-07-23,530,Hellevoetsluis,Zuid-Holland,28,Ziekenhuisopname,0,16
2020-07-23,530,Hellevoetsluis,Zuid-Holland,28,Overleden,0,3
2020-07-23,531,Hendrik-Ido-Ambacht,Zuid-Holland,28,Totaal,0,72
2020-07-23,531,Hendrik-Ido-Ambacht,Zuid-Holland,28,Ziekenhuisopname,0,10
2020-07-23,531,Hendrik-Ido-Ambacht,Zuid-Holland,28,Overleden,0,6
2020-07-23,532,Stede Broec,Noord-Holland,27,Totaal,0,49
2020-07-23,532,Stede Broec,Noord-Holland,27,Ziekenhuisopname,0,18
2020-07-23,532,Stede Broec,Noord-Holland,27,Overleden,0,5
2020-07-23,534,Hillegom,Zuid-Holland,28,Totaal,2,68
2020-07-23,534,Hillegom,Zuid-Holland,28,Ziekenhuisopname,0,8
2020-07-23,534,Hillegom,Zuid-Holland,28,Overleden,0,2
2020-07-23,537,Katwijk,Zuid-Holland,28,Totaal,0,282
2020-07-23,537,Katwijk,Zuid-Holland,28,Ziekenhuisopname,0,31
2020-07-23,537,Katwijk,Zuid-Holland,28,Overleden,0,15
2020-07-23,542,Krimpen aan den IJssel,Zuid-Holland,28,Totaal,0,82
2020-07-23,542,Krimpen aan den IJssel,Zuid-Holland,28,Ziekenhuisopname,0,10
2020-07-23,542,Krimpen aan den IJssel,Zuid-Holland,28,Overleden,0,8
2020-07-23,546,Leiden,Zuid-Holland,28,Totaal,0,180
2020-07-23,546,Leiden,Zuid-Holland,28,Ziekenhuisopname,0,40
2020-07-23,546,Leiden,Zuid-Holland,28,Overleden,0,18
2020-07-23,547,Leiderdorp,Zuid-Holland,28,Totaal,0,40
2020-07-23,547,Leiderdorp,Zuid-Holland,28,Ziekenhuisopname,0,14
2020-07-23,547,Leiderdorp,Zuid-Holland,28,Overleden,0,6
2020-07-23,553,Lisse,Zuid-Holland,28,Totaal,0,31
2020-07-23,553,Lisse,Zuid-Holland,28,Ziekenhuisopname,0,8
2020-07-23,553,Lisse,Zuid-Holland,28,Overleden,0,2
2020-07-23,556,Maassluis,Zuid-Holland,28,Totaal,0,94
2020-07-23,556,Maassluis,Zuid-Holland,28,Ziekenhuisopname,0,20
2020-07-23,556,Maassluis,Zuid-Holland,28,Overleden,0,9
2020-07-23,569,Nieuwkoop,Zuid-Holland,28,Totaal,0,52
2020-07-23,569,Nieuwkoop,Zuid-Holland,28,Ziekenhuisopname,0,9
2020-07-23,569,Nieuwkoop,Zuid-Holland,28,Overleden,0,5
2020-07-23,575,Noordwijk,Zuid-Holland,28,Totaal,1,56
2020-07-23,575,Noordwijk,Zuid-Holland,28,Ziekenhuisopname,0,19
2020-07-23,575,Noordwijk,Zuid-Holland,28,Overleden,0,3
2020-07-23,579,Oegstgeest,Zuid-Holland,28,Totaal,0,46
2020-07-23,579,Oegstgeest,Zuid-Holland,28,Ziekenhuisopname,0,8
2020-07-23,579,Oegstgeest,Zuid-Holland,28,Overleden,0,3
2020-07-23,589,Oudewater,Utrecht,26,Totaal,1,62
2020-07-23,589,Oudewater,Utrecht,26,Ziekenhuisopname,0,26
2020-07-23,589,Oudewater,Utrecht,26,Overleden,0,8
2020-07-23,590,Papendrecht,Zuid-Holland,28,Totaal,0,82
2020-07-23,590,Papendrecht,Zuid-Holland,28,Ziekenhuisopname,0,9
2020-07-23,590,Papendrecht,Zuid-Holland,28,Overleden,0,7
2020-07-23,597,Ridderkerk,Zuid-Holland,28,Totaal,1,158
2020-07-23,597,Ridderkerk,Zuid-Holland,28,Ziekenhuisopname,0,37
2020-07-23,597,Ridderkerk,Zuid-Holland,28,Overleden,0,16
2020-07-23,599,Rotterdam,Zuid-Holland,28,Totaal,35,3036
2020-07-23,599,Rotterdam,Zuid-Holland,28,Ziekenhuisopname,0,527
2020-07-23,599,Rotterdam,Zuid-Holland,28,Overleden,0,347
2020-07-23,603,Rijswijk,Zuid-Holland,28,Totaal,2,156
2020-07-23,603,Rijswijk,Zuid-Holland,28,Ziekenhuisopname,0,36
2020-07-23,603,Rijswijk,Zuid-Holland,28,Overleden,0,22
2020-07-23,606,Schiedam,Zuid-Holland,28,Totaal,3,303
2020-07-23,606,Schiedam,Zuid-Holland,28,Ziekenhuisopname,0,58
2020-07-23,606,Schiedam,Zuid-Holland,28,Overleden,0,23
2020-07-23,610,Sliedrecht,Zuid-Holland,28,Totaal,0,67
2020-07-23,610,Sliedrecht,Zuid-Holland,28,Ziekenhuisopname,0,9
2020-07-23,610,Sliedrecht,Zuid-Holland,28,Overleden,0,5
2020-07-23,613,Albrandswaard,Zuid-Holland,28,Totaal,2,113
2020-07-23,613,Albrandswaard,Zuid-Holland,28,Ziekenhuisopname,0,14
2020-07-23,613,Albrandswaard,Zuid-Holland,28,Overleden,0,8
2020-07-23,614,Westvoorne,Zuid-Holland,28,Totaal,1,26
2020-07-23,614,Westvoorne,Zuid-Holland,28,Ziekenhuisopname,0,6
2020-07-23,614,Westvoorne,Zuid-Holland,28,Overleden,0,0
2020-07-23,622,Vlaardingen,Zuid-Holland,28,Totaal,4,319
2020-07-23,622,Vlaardingen,Zuid-Holland,28,Ziekenhuisopname,0,43
2020-07-23,622,Vlaardingen,Zuid-Holland,28,Overleden,0,30
2020-07-23,626,Voorschoten,Zuid-Holland,28,Totaal,0,67
2020-07-23,626,Voorschoten,Zuid-Holland,28,Ziekenhuisopname,0,9
2020-07-23,626,Voorschoten,Zuid-Holland,28,Overleden,0,11
2020-07-23,627,Waddinxveen,Zuid-Holland,28,Totaal,5,99
2020-07-23,627,Waddinxveen,Zuid-Holland,28,Ziekenhuisopname,0,16
2020-07-23,627,Waddinxveen,Zuid-Holland,28,Overleden,0,7
2020-07-23,629,Wassenaar,Zuid-Holland,28,Totaal,0,56
2020-07-23,629,Wassenaar,Zuid-Holland,28,Ziekenhuisopname,0,9
2020-07-23,629,Wassenaar,Zuid-Holland,28,Overleden,0,12
2020-07-23,632,Woerden,Utrecht,26,Totaal,0,180
2020-07-23,632,Woerden,Utrecht,26,Ziekenhuisopname,0,49
2020-07-23,632,Woerden,Utrecht,26,Overleden,0,20
2020-07-23,637,Zoetermeer,Zuid-Holland,28,Totaal,1,256
2020-07-23,637,Zoetermeer,Zuid-Holland,28,Ziekenhuisopname,0,53
2020-07-23,637,Zoetermeer,Zuid-Holland,28,Overleden,0,14
2020-07-23,638,Zoeterwoude,Zuid-Holland,28,Totaal,0,14
2020-07-23,638,Zoeterwoude,Zuid-Holland,28,Ziekenhuisopname,0,3
2020-07-23,638,Zoeterwoude,Zuid-Holland,28,Overleden,0,1
2020-07-23,642,Zwijndrecht,Zuid-Holland,28,Totaal,0,164
2020-07-23,642,Zwijndrecht,Zuid-Holland,28,Ziekenhuisopname,0,23
2020-07-23,642,Zwijndrecht,Zuid-Holland,28,Overleden,0,26
2020-07-23,654,Borsele,Zeeland,29,Totaal,0,28
2020-07-23,654,Borsele,Zeeland,29,Ziekenhuisopname,0,5
2020-07-23,654,Borsele,Zeeland,29,Overleden,0,0
2020-07-23,664,Goes,Zeeland,29,Totaal,3,125
2020-07-23,664,Goes,Zeeland,29,Ziekenhuisopname,0,11
2020-07-23,664,Goes,Zeeland,29,Overleden,0,11
2020-07-23,668,West Maas en Waal,Gelderland,25,Totaal,0,85
2020-07-23,668,West Maas en Waal,Gelderland,25,Ziekenhuisopname,0,20
2020-07-23,668,West Maas en Waal,Gelderland,25,Overleden,0,9
2020-07-23,677,Hulst,Zeeland,29,Totaal,1,32
2020-07-23,677,Hulst,Zeeland,29,Ziekenhuisopname,0,9
2020-07-23,677,Hulst,Zeeland,29,Overleden,0,5
2020-07-23,678,Kapelle,Zeeland,29,Totaal,1,26
2020-07-23,678,Kapelle,Zeeland,29,Ziekenhuisopname,0,3
2020-07-23,678,Kapelle,Zeeland,29,Overleden,0,1
2020-07-23,687,Middelburg,Zeeland,29,Totaal,0,65
2020-07-23,687,Middelburg,Zeeland,29,Ziekenhuisopname,0,18
2020-07-23,687,Middelburg,Zeeland,29,Overleden,0,10
2020-07-23,703,Reimerswaal,Zeeland,29,Totaal,0,36
2020-07-23,703,Reimerswaal,Zeeland,29,Ziekenhuisopname,0,4
2020-07-23,703,Reimerswaal,Zeeland,29,Overleden,0,2
2020-07-23,715,Terneuzen,Zeeland,29,Totaal,0,119
2020-07-23,715,Terneuzen,Zeeland,29,Ziekenhuisopname,0,25
2020-07-23,715,Terneuzen,Zeeland,29,Overleden,0,4
2020-07-23,716,Tholen,Zeeland,29,Totaal,0,170
2020-07-23,716,Tholen,Zeeland,29,Ziekenhuisopname,0,40
2020-07-23,716,Tholen,Zeeland,29,Overleden,0,16
2020-07-23,717,Veere,Zeeland,29,Totaal,1,30
2020-07-23,717,Veere,Zeeland,29,Ziekenhuisopname,0,6
2020-07-23,717,Veere,Zeeland,29,Overleden,0,2
2020-07-23,718,Vlissingen,Zeeland,29,Totaal,0,55
2020-07-23,718,Vlissingen,Zeeland,29,Ziekenhuisopname,0,9
2020-07-23,718,Vlissingen,Zeeland,29,Overleden,0,5
2020-07-23,736,De Ronde Venen,Utrecht,26,Totaal,1,106
2020-07-23,736,De Ronde Venen,Utrecht,26,Ziekenhuisopname,0,39
2020-07-23,736,De Ronde Venen,Utrecht,26,Overleden,0,13
2020-07-23,737,Tytsjerksteradiel,Friesland,21,Totaal,0,16
2020-07-23,737,Tytsjerksteradiel,Friesland,21,Ziekenhuisopname,0,4
2020-07-23,737,Tytsjerksteradiel,Friesland,21,Overleden,0,1
2020-07-23,743,Asten,Noord-Brabant,30,Totaal,0,78
2020-07-23,743,Asten,Noord-Brabant,30,Ziekenhuisopname,0,18
2020-07-23,743,Asten,Noord-Brabant,30,Overleden,0,12
2020-07-23,744,Baarle-Nassau,Noord-Brabant,30,Totaal,0,25
2020-07-23,744,Baarle-Nassau,Noord-Brabant,30,Ziekenhuisopname,0,9
2020-07-23,744,Baarle-Nassau,Noord-Brabant,30,Overleden,0,2
2020-07-23,748,Bergen op Zoom,Noord-Brabant,30,Totaal,0,185
2020-07-23,748,Bergen op Zoom,Noord-Brabant,30,Ziekenhuisopname,0,24
2020-07-23,748,Bergen op Zoom,Noord-Brabant,30,Overleden,0,13
2020-07-23,753,Best,Noord-Brabant,30,Totaal,0,82
2020-07-23,753,Best,Noord-Brabant,30,Ziekenhuisopname,0,31
2020-07-23,753,Best,Noord-Brabant,30,Overleden,0,10
2020-07-23,755,Boekel,Noord-Brabant,30,Totaal,0,89
2020-07-23,755,Boekel,Noord-Brabant,30,Ziekenhuisopname,0,34
2020-07-23,755,Boekel,Noord-Brabant,30,Overleden,0,20
2020-07-23,756,Boxmeer,Noord-Brabant,30,Totaal,-1,126
2020-07-23,756,Boxmeer,Noord-Brabant,30,Ziekenhuisopname,0,20
2020-07-23,756,Boxmeer,Noord-Brabant,30,Overleden,0,27
2020-07-23,757,Boxtel,Noord-Brabant,30,Totaal,0,134
2020-07-23,757,Boxtel,Noord-Brabant,30,Ziekenhuisopname,0,24
2020-07-23,757,Boxtel,Noord-Brabant,30,Overleden,0,26
2020-07-23,758,Breda,Noord-Brabant,30,Totaal,3,561
2020-07-23,758,Breda,Noord-Brabant,30,Ziekenhuisopname,0,146
2020-07-23,758,Breda,Noord-Brabant,30,Overleden,0,63
2020-07-23,762,Deurne,Noord-Brabant,30,Totaal,0,192
2020-07-23,762,Deurne,Noord-Brabant,30,Ziekenhuisopname,0,55
2020-07-23,762,Deurne,Noord-Brabant,30,Overleden,0,24
2020-07-23,765,Pekela,Groningen,20,Totaal,0,5
2020-07-23,765,Pekela,Groningen,20,Ziekenhuisopname,0,4
2020-07-23,765,Pekela,Groningen,20,Overleden,0,0
2020-07-23,766,Dongen,Noord-Brabant,30,Totaal,0,86
2020-07-23,766,Dongen,Noord-Brabant,30,Ziekenhuisopname,0,20
2020-07-23,766,Dongen,Noord-Brabant,30,Overleden,0,13
2020-07-23,770,Eersel,Noord-Brabant,30,Totaal,0,69
2020-07-23,770,Eersel,Noord-Brabant,30,Ziekenhuisopname,0,27
2020-07-23,770,Eersel,Noord-Brabant,30,Overleden,0,10
2020-07-23,772,Eindhoven,Noord-Brabant,30,Totaal,-1,561
2020-07-23,772,Eindhoven,Noord-Brabant,30,Ziekenhuisopname,0,182
2020-07-23,772,Eindhoven,Noord-Brabant,30,Overleden,0,85
2020-07-23,777,Etten-Leur,Noord-Brabant,30,Totaal,0,210
2020-07-23,777,Etten-Leur,Noord-Brabant,30,Ziekenhuisopname,0,40
2020-07-23,777,Etten-Leur,Noord-Brabant,30,Overleden,0,30
2020-07-23,779,Geertruidenberg,Noord-Brabant,30,Totaal,0,43
2020-07-23,779,Geertruidenberg,Noord-Brabant,30,Ziekenhuisopname,0,11
2020-07-23,779,Geertruidenberg,Noord-Brabant,30,Overleden,0,6
2020-07-23,784,Gilze en Rijen,Noord-Brabant,30,Totaal,0,86
2020-07-23,784,Gilze en Rijen,Noord-Brabant,30,Ziekenhuisopname,0,20
2020-07-23,784,Gilze en Rijen,Noord-Brabant,30,Overleden,0,15
2020-07-23,785,Goirle,Noord-Brabant,30,Totaal,0,84
2020-07-23,785,Goirle,Noord-Brabant,30,Ziekenhuisopname,0,32
2020-07-23,785,Goirle,Noord-Brabant,30,Overleden,0,17
2020-07-23,786,Grave,Noord-Brabant,30,Totaal,0,71
2020-07-23,786,Grave,Noord-Brabant,30,Ziekenhuisopname,0,21
2020-07-23,786,Grave,Noord-Brabant,30,Overleden,0,11
2020-07-23,788,Haaren,Noord-Brabant,30,Totaal,0,58
2020-07-23,788,Haaren,Noord-Brabant,30,Ziekenhuisopname,0,18
2020-07-23,788,Haaren,Noord-Brabant,30,Overleden,0,8
2020-07-23,794,Helmond,Noord-Brabant,30,Totaal,2,432
2020-07-23,794,Helmond,Noord-Brabant,30,Ziekenhuisopname,0,115
2020-07-23,794,Helmond,Noord-Brabant,30,Overleden,0,43
2020-07-23,796,'s-Hertogenbosch,Noord-Brabant,30,Totaal,0,528
2020-07-23,796,'s-Hertogenbosch,Noord-Brabant,30,Ziekenhuisopname,2,128
2020-07-23,796,'s-Hertogenbosch,Noord-Brabant,30,Overleden,0,78
2020-07-23,797,Heusden,Noord-Brabant,30,Totaal,1,148
2020-07-23,797,Heusden,Noord-Brabant,30,Ziekenhuisopname,0,44
2020-07-23,797,Heusden,Noord-Brabant,30,Overleden,0,22
2020-07-23,798,Hilvarenbeek,Noord-Brabant,30,Totaal,0,51
2020-07-23,798,Hilvarenbeek,Noord-Brabant,30,Ziekenhuisopname,0,9
2020-07-23,798,Hilvarenbeek,Noord-Brabant,30,Overleden,0,6
2020-07-23,809,Loon op Zand,Noord-Brabant,30,Totaal,0,61
2020-07-23,809,Loon op Zand,Noord-Brabant,30,Ziekenhuisopname,0,24
2020-07-23,809,Loon op Zand,Noord-Brabant,30,Overleden,0,7
2020-07-23,815,Mill en Sint Hubert,Noord-Brabant,30,Totaal,0,41
2020-07-23,815,Mill en Sint Hubert,Noord-Brabant,30,Ziekenhuisopname,0,9
2020-07-23,815,Mill en Sint Hubert,Noord-Brabant,30,Overleden,0,5
2020-07-23,820,"Nuenen, Gerwen en Nederwetten",Noord-Brabant,30,Totaal,0,55
2020-07-23,820,"Nuenen, Gerwen en Nederwetten",Noord-Brabant,30,Ziekenhuisopname,0,18
2020-07-23,820,"Nuenen, Gerwen en Nederwetten",Noord-Brabant,30,Overleden,0,9
2020-07-23,823,Oirschot,Noord-Brabant,30,Totaal,0,67
2020-07-23,823,Oirschot,Noord-Brabant,30,Ziekenhuisopname,0,13
2020-07-23,823,Oirschot,Noord-Brabant,30,Overleden,0,9
2020-07-23,824,Oisterwijk,Noord-Brabant,30,Totaal,0,76
2020-07-23,824,Oisterwijk,Noord-Brabant,30,Ziekenhuisopname,0,23
2020-07-23,824,Oisterwijk,Noord-Brabant,30,Overleden,0,11
2020-07-23,826,Oosterhout,Noord-Brabant,30,Totaal,1,141
2020-07-23,826,Oosterhout,Noord-Brabant,30,Ziekenhuisopname,0,48
2020-07-23,826,Oosterhout,Noord-Brabant,30,Overleden,0,17
2020-07-23,828,Oss,Noord-Brabant,30,Totaal,0,494
2020-07-23,828,Oss,Noord-Brabant,30,Ziekenhuisopname,0,164
2020-07-23,828,Oss,Noord-Brabant,30,Overleden,0,87
2020-07-23,840,Rucphen,Noord-Brabant,30,Totaal,0,70
2020-07-23,840,Rucphen,Noord-Brabant,30,Ziekenhuisopname,0,10
2020-07-23,840,Rucphen,Noord-Brabant,30,Overleden,0,10
2020-07-23,845,Sint-Michielsgestel,Noord-Brabant,30,Totaal,-1,119
2020-07-23,845,Sint-Michielsgestel,Noord-Brabant,30,Ziekenhuisopname,0,36
2020-07-23,845,Sint-Michielsgestel,Noord-Brabant,30,Overleden,0,19
2020-07-23,847,Someren,Noord-Brabant,30,Totaal,1,107
2020-07-23,847,Someren,Noord-Brabant,30,Ziekenhuisopname,0,33
2020-07-23,847,Someren,Noord-Brabant,30,Overleden,0,8
2020-07-23,848,Son en Breugel,Noord-Brabant,30,Totaal,0,74
2020-07-23,848,Son en Breugel,Noord-Brabant,30,Ziekenhuisopname,0,31
2020-07-23,848,Son en Breugel,Noord-Brabant,30,Overleden,0,14
2020-07-23,851,Steenbergen,Noord-Brabant,30,Totaal,0,93
2020-07-23,851,Steenbergen,Noord-Brabant,30,Ziekenhuisopname,0,13
2020-07-23,851,Steenbergen,Noord-Brabant,30,Overleden,0,13
2020-07-23,852,Waterland,Noord-Holland,27,Totaal,0,34
2020-07-23,852,Waterland,Noord-Holland,27,Ziekenhuisopname,0,16
2020-07-23,852,Waterland,Noord-Holland,27,Overleden,0,4
2020-07-23,855,Tilburg,Noord-Brabant,30,Totaal,0,845
2020-07-23,855,Tilburg,Noord-Brabant,30,Ziekenhuisopname,0,250
2020-07-23,855,Tilburg,Noord-Brabant,30,Overleden,0,162
2020-07-23,856,Uden,Noord-Brabant,30,Totaal,0,263
2020-07-23,856,Uden,Noord-Brabant,30,Ziekenhuisopname,0,115
2020-07-23,856,Uden,Noord-Brabant,30,Overleden,0,63
2020-07-23,858,Valkenswaard,Noord-Brabant,30,Totaal,0,180
2020-07-23,858,Valkenswaard,Noord-Brabant,30,Ziekenhuisopname,0,19
2020-07-23,858,Valkenswaard,Noord-Brabant,30,Overleden,0,37
2020-07-23,861,Veldhoven,Noord-Brabant,30,Totaal,0,131
2020-07-23,861,Veldhoven,Noord-Brabant,30,Ziekenhuisopname,0,31
2020-07-23,861,Veldhoven,Noord-Brabant,30,Overleden,0,16
2020-07-23,865,Vught,Noord-Brabant,30,Totaal,0,106
2020-07-23,865,Vught,Noord-Brabant,30,Ziekenhuisopname,0,42
2020-07-23,865,Vught,Noord-Brabant,30,Overleden,0,17
2020-07-23,866,Waalre,Noord-Brabant,30,Totaal,0,30
2020-07-23,866,Waalre,Noord-Brabant,30,Ziekenhuisopname,0,7
2020-07-23,866,Waalre,Noord-Brabant,30,Overleden,0,5
2020-07-23,867,Waalwijk,Noord-Brabant,30,Totaal,0,188
2020-07-23,867,Waalwijk,Noord-Brabant,30,Ziekenhuisopname,0,36
2020-07-23,867,Waalwijk,Noord-Brabant,30,Overleden,0,36
2020-07-23,873,Woensdrecht,Noord-Brabant,30,Totaal,0,74
2020-07-23,873,Woensdrecht,Noord-Brabant,30,Ziekenhuisopname,0,5
2020-07-23,873,Woensdrecht,Noord-Brabant,30,Overleden,0,7
2020-07-23,879,Zundert,Noord-Brabant,30,Totaal,1,109
2020-07-23,879,Zundert,Noord-Brabant,30,Ziekenhuisopname,0,24
2020-07-23,879,Zundert,Noord-Brabant,30,Overleden,0,11
2020-07-23,880,Wormerland,Noord-Holland,27,Totaal,0,49
2020-07-23,880,Wormerland,Noord-Holland,27,Ziekenhuisopname,0,20
2020-07-23,880,Wormerland,Noord-Holland,27,Overleden,0,6
2020-07-23,882,Landgraaf,Limburg,31,Totaal,0,145
2020-07-23,882,Landgraaf,Limburg,31,Ziekenhuisopname,0,52
2020-07-23,882,Landgraaf,Limburg,31,Overleden,0,13
2020-07-23,888,Beek,Limburg,31,Totaal,0,44
2020-07-23,888,Beek,Limburg,31,Ziekenhuisopname,0,16
2020-07-23,888,Beek,Limburg,31,Overleden,0,6
2020-07-23,889,Beesel,Limburg,31,Totaal,0,44
2020-07-23,889,Beesel,Limburg,31,Ziekenhuisopname,0,20
2020-07-23,889,Beesel,Limburg,31,Overleden,0,8
2020-07-23,893,Bergen (L.),Limburg,31,Totaal,0,25
2020-07-23,893,Bergen (L.),Limburg,31,Ziekenhuisopname,0,7
2020-07-23,893,Bergen (L.),Limburg,31,Overleden,0,2
2020-07-23,899,Brunssum,Limburg,31,Totaal,0,110
2020-07-23,899,Brunssum,Limburg,31,Ziekenhuisopname,0,44
2020-07-23,899,Brunssum,Limburg,31,Overleden,0,19
2020-07-23,907,Gennep,Limburg,31,Totaal,0,58
2020-07-23,907,Gennep,Limburg,31,Ziekenhuisopname,0,16
2020-07-23,907,Gennep,Limburg,31,Overleden,0,10
2020-07-23,917,Heerlen,Limburg,31,Totaal,0,389
2020-07-23,917,Heerlen,Limburg,31,Ziekenhuisopname,0,125
2020-07-23,917,Heerlen,Limburg,31,Overleden,0,54
2020-07-23,928,Kerkrade,Limburg,31,Totaal,0,208
2020-07-23,928,Kerkrade,Limburg,31,Ziekenhuisopname,0,64
2020-07-23,928,Kerkrade,Limburg,31,Overleden,0,35
2020-07-23,935,Maastricht,Limburg,31,Totaal,0,919
2020-07-23,935,Maastricht,Limburg,31,Ziekenhuisopname,0,186
2020-07-23,935,Maastricht,Limburg,31,Overleden,0,140
2020-07-23,938,Meerssen,Limburg,31,Totaal,0,118
2020-07-23,938,Meerssen,Limburg,31,Ziekenhuisopname,0,22
2020-07-23,938,Meerssen,Limburg,31,Overleden,0,13
2020-07-23,944,Mook en Middelaar,Limburg,31,Totaal,0,40
2020-07-23,944,Mook en Middelaar,Limburg,31,Ziekenhuisopname,0,6
2020-07-23,944,Mook en Middelaar,Limburg,31,Overleden,0,5
2020-07-23,946,Nederweert,Limburg,31,Totaal,0,53
2020-07-23,946,Nederweert,Limburg,31,Ziekenhuisopname,0,31
2020-07-23,946,Nederweert,Limburg,31,Overleden,0,7
2020-07-23,957,Roermond,Limburg,31,Totaal,0,138
2020-07-23,957,Roermond,Limburg,31,Ziekenhuisopname,0,59
2020-07-23,957,Roermond,Limburg,31,Overleden,0,23
2020-07-23,965,Simpelveld,Limburg,31,Totaal,0,48
2020-07-23,965,Simpelveld,Limburg,31,Ziekenhuisopname,0,19
2020-07-23,965,Simpelveld,Limburg,31,Overleden,0,5
2020-07-23,971,Stein,Limburg,31,Totaal,0,122
2020-07-23,971,Stein,Limburg,31,Ziekenhuisopname,0,43
2020-07-23,971,Stein,Limburg,31,Overleden,0,15
2020-07-23,981,Vaals,Limburg,31,Totaal,0,31
2020-07-23,981,Vaals,Limburg,31,Ziekenhuisopname,0,10
2020-07-23,981,Vaals,Limburg,31,Overleden,0,2
2020-07-23,983,Venlo,Limburg,31,Totaal,0,309
2020-07-23,983,Venlo,Limburg,31,Ziekenhuisopname,0,129
2020-07-23,983,Venlo,Limburg,31,Overleden,0,63
2020-07-23,984,Venray,Limburg,31,Totaal,0,126
2020-07-23,984,Venray,Limburg,31,Ziekenhuisopname,0,37
2020-07-23,984,Venray,Limburg,31,Overleden,0,17
2020-07-23,986,Voerendaal,Limburg,31,Totaal,0,47
2020-07-23,986,Voerendaal,Limburg,31,Ziekenhuisopname,0,17
2020-07-23,986,Voerendaal,Limburg,31,Overleden,0,8
2020-07-23,988,Weert,Limburg,31,Totaal,0,142
2020-07-23,988,Weert,Limburg,31,Ziekenhuisopname,0,67
2020-07-23,988,Weert,Limburg,31,Overleden,0,14
2020-07-23,994,Valkenburg aan de Geul,Limburg,31,Totaal,0,88
2020-07-23,994,Valkenburg aan de Geul,Limburg,31,Ziekenhuisopname,0,19
2020-07-23,994,Valkenburg aan de Geul,Limburg,31,Overleden,0,7
2020-07-23,995,Lelystad,Flevoland,24,Totaal,0,191
2020-07-23,995,Lelystad,Flevoland,24,Ziekenhuisopname,0,63
2020-07-23,995,Lelystad,Flevoland,24,Overleden,0,29
2020-07-23,1507,Horst aan de Maas,Limburg,31,Totaal,0,136
2020-07-23,1507,Horst aan de Maas,Limburg,31,Ziekenhuisopname,0,41
2020-07-23,1507,Horst aan de Maas,Limburg,31,Overleden,0,24
2020-07-23,1509,Oude IJsselstreek,Gelderland,25,Totaal,0,78
2020-07-23,1509,Oude IJsselstreek,Gelderland,25,Ziekenhuisopname,0,21
2020-07-23,1509,Oude IJsselstreek,Gelderland,25,Overleden,0,9
2020-07-23,1525,Teylingen,Zuid-Holland,28,Totaal,1,66
2020-07-23,1525,Teylingen,Zuid-Holland,28,Ziekenhuisopname,0,14
2020-07-23,1525,Teylingen,Zuid-Holland,28,Overleden,0,2
2020-07-23,1581,Utrechtse Heuvelrug,Utrecht,26,Totaal,1,125
2020-07-23,1581,Utrechtse Heuvelrug,Utrecht,26,Ziekenhuisopname,0,28
2020-07-23,1581,Utrechtse Heuvelrug,Utrecht,26,Overleden,0,14
2020-07-23,1586,Oost Gelre,Gelderland,25,Totaal,0,76
2020-07-23,1586,Oost Gelre,Gelderland,25,Ziekenhuisopname,0,18
2020-07-23,1586,Oost Gelre,Gelderland,25,Overleden,0,6
2020-07-23,1598,Koggenland,Noord-Holland,27,Totaal,0,36
2020-07-23,1598,Koggenland,Noord-Holland,27,Ziekenhuisopname,0,6
2020-07-23,1598,Koggenland,Noord-Holland,27,Overleden,0,6
2020-07-23,1621,Lansingerland,Zuid-Holland,28,Totaal,0,199
2020-07-23,1621,Lansingerland,Zuid-Holland,28,Ziekenhuisopname,0,43
2020-07-23,1621,Lansingerland,Zuid-Holland,28,Overleden,0,25
2020-07-23,1640,Leudal,Limburg,31,Totaal,0,191
2020-07-23,1640,Leudal,Limburg,31,Ziekenhuisopname,0,53
2020-07-23,1640,Leudal,Limburg,31,Overleden,0,33
2020-07-23,1641,Maasgouw,Limburg,31,Totaal,0,107
2020-07-23,1641,Maasgouw,Limburg,31,Ziekenhuisopname,0,27
2020-07-23,1641,Maasgouw,Limburg,31,Overleden,0,14
2020-07-23,1652,Gemert-Bakel,Noord-Brabant,30,Totaal,1,219
2020-07-23,1652,Gemert-Bakel,Noord-Brabant,30,Ziekenhuisopname,0,79
2020-07-23,1652,Gemert-Bakel,Noord-Brabant,30,Overleden,0,32
2020-07-23,1655,Halderberge,Noord-Brabant,30,Totaal,0,61
2020-07-23,1655,Halderberge,Noord-Brabant,30,Ziekenhuisopname,0,14
2020-07-23,1655,Halderberge,Noord-Brabant,30,Overleden,0,7
2020-07-23,1658,Heeze-Leende,Noord-Brabant,30,Totaal,1,71
2020-07-23,1658,Heeze-Leende,Noord-Brabant,30,Ziekenhuisopname,0,16
2020-07-23,1658,Heeze-Leende,Noord-Brabant,30,Overleden,0,8
2020-07-23,1659,Laarbeek,Noord-Brabant,30,Totaal,0,125
2020-07-23,1659,Laarbeek,Noord-Brabant,30,Ziekenhuisopname,0,41
2020-07-23,1659,Laarbeek,Noord-Brabant,30,Overleden,0,26
2020-07-23,1667,Reusel-De Mierden,Noord-Brabant,30,Totaal,0,24
2020-07-23,1667,Reusel-De Mierden,Noord-Brabant,30,Ziekenhuisopname,0,11
2020-07-23,1667,Reusel-De Mierden,Noord-Brabant,30,Overleden,0,2
2020-07-23,1669,Roerdalen,Limburg,31,Totaal,0,49
2020-07-23,1669,Roerdalen,Limburg,31,Ziekenhuisopname,0,27
2020-07-23,1669,Roerdalen,Limburg,31,Overleden,0,8
2020-07-23,1674,Roosendaal,Noord-Brabant,30,Totaal,2,238
2020-07-23,1674,Roosendaal,Noord-Brabant,30,Ziekenhuisopname,0,28
2020-07-23,1674,Roosendaal,Noord-Brabant,30,Overleden,0,21
2020-07-23,1676,Schouwen-Duiveland,Zeeland,29,Totaal,0,94
2020-07-23,1676,Schouwen-Duiveland,Zeeland,29,Ziekenhuisopname,0,11
2020-07-23,1676,Schouwen-Duiveland,Zeeland,29,Overleden,0,9
2020-07-23,1680,Aa en Hunze,Drenthe,22,Totaal,0,14
2020-07-23,1680,Aa en Hunze,Drenthe,22,Ziekenhuisopname,0,1
2020-07-23,1680,Aa en Hunze,Drenthe,22,Overleden,0,0
2020-07-23,1681,Borger-Odoorn,Drenthe,22,Totaal,0,10
2020-07-23,1681,Borger-Odoorn,Drenthe,22,Ziekenhuisopname,0,4
2020-07-23,1681,Borger-Odoorn,Drenthe,22,Overleden,0,3
2020-07-23,1684,Cuijk,Noord-Brabant,30,Totaal,0,79
2020-07-23,1684,Cuijk,Noord-Brabant,30,Ziekenhuisopname,0,12
2020-07-23,1684,Cuijk,Noord-Brabant,30,Overleden,0,10
2020-07-23,1685,Landerd,Noord-Brabant,30,Totaal,0,146
2020-07-23,1685,Landerd,Noord-Brabant,30,Ziekenhuisopname,0,39
2020-07-23,1685,Landerd,Noord-Brabant,30,Overleden,0,21
2020-07-23,1690,De Wolden,Drenthe,22,Totaal,0,48
2020-07-23,1690,De Wolden,Drenthe,22,Ziekenhuisopname,0,11
2020-07-23,1690,De Wolden,Drenthe,22,Overleden,0,5
2020-07-23,1695,Noord-Beveland,Zeeland,29,Totaal,0,11
2020-07-23,1695,Noord-Beveland,Zeeland,29,Ziekenhuisopname,0,1
2020-07-23,1695,Noord-Beveland,Zeeland,29,Overleden,0,0
2020-07-23,1696,Wijdemeren,Noord-Holland,27,Totaal,1,35
2020-07-23,1696,Wijdemeren,Noord-Holland,27,Ziekenhuisopname,0,8
2020-07-23,1696,Wijdemeren,Noord-Holland,27,Overleden,0,0
2020-07-23,1699,Noordenveld,Drenthe,22,Totaal,0,21
2020-07-23,1699,Noordenveld,Drenthe,22,Ziekenhuisopname,0,4
2020-07-23,1699,Noordenveld,Drenthe,22,Overleden,0,1
2020-07-23,1700,Twenterand,Overijssel,23,Totaal,0,61
2020-07-23,1700,Twenterand,Overijssel,23,Ziekenhuisopname,0,12
2020-07-23,1700,Twenterand,Overijssel,23,Overleden,0,2
2020-07-23,1701,Westerveld,Drenthe,22,Totaal,2,37
2020-07-23,1701,Westerveld,Drenthe,22,Ziekenhuisopname,0,9
2020-07-23,1701,Westerveld,Drenthe,22,Overleden,0,4
2020-07-23,1702,Sint Anthonis,Noord-Brabant,30,Totaal,0,70
2020-07-23,1702,Sint Anthonis,Noord-Brabant,30,Ziekenhuisopname,0,20
2020-07-23,1702,Sint Anthonis,Noord-Brabant,30,Overleden,0,11
2020-07-23,1705,Lingewaard,Gelderland,25,Totaal,0,131
2020-07-23,1705,Lingewaard,Gelderland,25,Ziekenhuisopname,0,31
2020-07-23,1705,Lingewaard,Gelderland,25,Overleden,0,10
2020-07-23,1706,Cranendonck,Noord-Brabant,30,Totaal,0,173
2020-07-23,1706,Cranendonck,Noord-Brabant,30,Ziekenhuisopname,0,63
2020-07-23,1706,Cranendonck,Noord-Brabant,30,Overleden,0,36
2020-07-23,1708,Steenwijkerland,Overijssel,23,Totaal,0,105
2020-07-23,1708,Steenwijkerland,Overijssel,23,Ziekenhuisopname,0,14
2020-07-23,1708,Steenwijkerland,Overijssel,23,Overleden,0,5
2020-07-23,1709,Moerdijk,Noord-Brabant,30,Totaal,0,83
2020-07-23,1709,Moerdijk,Noord-Brabant,30,Ziekenhuisopname,0,14
2020-07-23,1709,Moerdijk,Noord-Brabant,30,Overleden,0,8
2020-07-23,1711,Echt-Susteren,Limburg,31,Totaal,0,93
2020-07-23,1711,Echt-Susteren,Limburg,31,Ziekenhuisopname,0,39
2020-07-23,1711,Echt-Susteren,Limburg,31,Overleden,0,16
2020-07-23,1714,Sluis,Zeeland,29,Totaal,0,18
2020-07-23,1714,Sluis,Zeeland,29,Ziekenhuisopname,0,9
2020-07-23,1714,Sluis,Zeeland,29,Overleden,0,4
2020-07-23,1719,Drimmelen,Noord-Brabant,30,Totaal,0,69
2020-07-23,1719,Drimmelen,Noord-Brabant,30,Ziekenhuisopname,0,18
2020-07-23,1719,Drimmelen,Noord-Brabant,30,Overleden,0,8
2020-07-23,1721,Bernheze,Noord-Brabant,30,Totaal,-1,281
2020-07-23,1721,Bernheze,Noord-Brabant,30,Ziekenhuisopname,0,95
2020-07-23,1721,Bernheze,Noord-Brabant,30,Overleden,0,65
2020-07-23,1723,Alphen-Chaam,Noord-Brabant,30,Totaal,0,52
2020-07-23,1723,Alphen-Chaam,Noord-Brabant,30,Ziekenhuisopname,0,18
2020-07-23,1723,Alphen-Chaam,Noord-Brabant,30,Overleden,0,5
2020-07-23,1724,Bergeijk,Noord-Brabant,30,Totaal,0,58
2020-07-23,1724,Bergeijk,Noord-Brabant,30,Ziekenhuisopname,0,19
2020-07-23,1724,Bergeijk,Noord-Brabant,30,Overleden,0,5
2020-07-23,1728,Bladel,Noord-Brabant,30,Totaal,0,78
2020-07-23,1728,Bladel,Noord-Brabant,30,Ziekenhuisopname,0,21
2020-07-23,1728,Bladel,Noord-Brabant,30,Overleden,0,8
2020-07-23,1729,Gulpen-Wittem,Limburg,31,Totaal,0,79
2020-07-23,1729,Gulpen-Wittem,Limburg,31,Ziekenhuisopname,0,21
2020-07-23,1729,Gulpen-Wittem,Limburg,31,Overleden,0,14
2020-07-23,1730,Tynaarlo,Drenthe,22,Totaal,0,40
2020-07-23,1730,Tynaarlo,Drenthe,22,Ziekenhuisopname,0,9
2020-07-23,1730,Tynaarlo,Drenthe,22,Overleden,0,0
2020-07-23,1731,Midden-Drenthe,Drenthe,22,Totaal,0,22
2020-07-23,1731,Midden-Drenthe,Drenthe,22,Ziekenhuisopname,0,6
2020-07-23,1731,Midden-Drenthe,Drenthe,22,Overleden,0,0
2020-07-23,1734,Overbetuwe,Gelderland,25,Totaal,1,140
2020-07-23,1734,Overbetuwe,Gelderland,25,Ziekenhuisopname,0,57
2020-07-23,1734,Overbetuwe,Gelderland,25,Overleden,0,16
2020-07-23,1735,Hof van Twente,Overijssel,23,Totaal,0,63
2020-07-23,1735,Hof van Twente,Overijssel,23,Ziekenhuisopname,0,15
2020-07-23,1735,Hof van Twente,Overijssel,23,Overleden,0,5
2020-07-23,1740,Neder-Betuwe,Gelderland,25,Totaal,0,145
2020-07-23,1740,Neder-Betuwe,Gelderland,25,Ziekenhuisopname,0,37
2020-07-23,1740,Neder-Betuwe,Gelderland,25,Overleden,0,21
2020-07-23,1742,Rijssen-Holten,Overijssel,23,Totaal,0,202
2020-07-23,1742,Rijssen-Holten,Overijssel,23,Ziekenhuisopname,0,29
2020-07-23,1742,Rijssen-Holten,Overijssel,23,Overleden,0,23
2020-07-23,1771,Geldrop-Mierlo,Noord-Brabant,30,Totaal,0,110
2020-07-23,1771,Geldrop-Mierlo,Noord-Brabant,30,Ziekenhuisopname,0,33
2020-07-23,1771,Geldrop-Mierlo,Noord-Brabant,30,Overleden,0,16
2020-07-23,1773,Olst-Wijhe,Overijssel,23,Totaal,0,51
2020-07-23,1773,Olst-Wijhe,Overijssel,23,Ziekenhuisopname,0,12
2020-07-23,1773,Olst-Wijhe,Overijssel,23,Overleden,0,8
2020-07-23,1774,Dinkelland,Overijssel,23,Totaal,0,74
2020-07-23,1774,Dinkelland,Overijssel,23,Ziekenhuisopname,0,20
2020-07-23,1774,Dinkelland,Overijssel,23,Overleden,0,10
2020-07-23,1783,Westland,Zuid-Holland,28,Totaal,1,303
2020-07-23,1783,Westland,Zuid-Holland,28,Ziekenhuisopname,0,57
2020-07-23,1783,Westland,Zuid-Holland,28,Overleden,0,30
2020-07-23,1842,Midden-Delfland,Zuid-Holland,28,Totaal,1,31
2020-07-23,1842,Midden-Delfland,Zuid-Holland,28,Ziekenhuisopname,0,4
2020-07-23,1842,Midden-Delfland,Zuid-Holland,28,Overleden,0,0
2020-07-23,1859,Berkelland,Gelderland,25,Totaal,0,95
2020-07-23,1859,Berkelland,Gelderland,25,Ziekenhuisopname,0,13
2020-07-23,1859,Berkelland,Gelderland,25,Overleden,0,7
2020-07-23,1876,Bronckhorst,Gelderland,25,Totaal,0,75
2020-07-23,1876,Bronckhorst,Gelderland,25,Ziekenhuisopname,0,17
2020-07-23,1876,Bronckhorst,Gelderland,25,Overleden,0,7
2020-07-23,1883,Sittard-Geleen,Limburg,31,Totaal,0,413
2020-07-23,1883,Sittard-Geleen,Limburg,31,Ziekenhuisopname,0,115
2020-07-23,1883,Sittard-Geleen,Limburg,31,Overleden,0,63
2020-07-23,1884,Kaag en Braassem,Zuid-Holland,28,Totaal,0,33
2020-07-23,1884,Kaag en Braassem,Zuid-Holland,28,Ziekenhuisopname,0,7
2020-07-23,1884,Kaag en Braassem,Zuid-Holland,28,Overleden,0,2
2020-07-23,1891,Dantumadiel,Friesland,21,Totaal,0,5
2020-07-23,1891,Dantumadiel,Friesland,21,Ziekenhuisopname,0,2
2020-07-23,1891,Dantumadiel,Friesland,21,Overleden,0,0
2020-07-23,1892,Zuidplas,Zuid-Holland,28,Totaal,1,159
2020-07-23,1892,Zuidplas,Zuid-Holland,28,Ziekenhuisopname,0,24
2020-07-23,1892,Zuidplas,Zuid-Holland,28,Overleden,0,21
2020-07-23,1894,Peel en Maas,Limburg,31,Totaal,0,280
2020-07-23,1894,Peel en Maas,Limburg,31,Ziekenhuisopname,0,144
2020-07-23,1894,Peel en Maas,Limburg,31,Overleden,0,65
2020-07-23,1895,Oldambt,Groningen,20,Totaal,0,13
2020-07-23,1895,Oldambt,Groningen,20,Ziekenhuisopname,0,7
2020-07-23,1895,Oldambt,Groningen,20,Overleden,0,2
2020-07-23,1896,Zwartewaterland,Overijssel,23,Totaal,0,146
2020-07-23,1896,Zwartewaterland,Overijssel,23,Ziekenhuisopname,0,35
2020-07-23,1896,Zwartewaterland,Overijssel,23,Overleden,0,19
2020-07-23,1900,Sdwest-Frysln,Friesland,21,Totaal,0,106
2020-07-23,1900,Sdwest-Frysln,Friesland,21,Ziekenhuisopname,0,18
2020-07-23,1900,Sdwest-Frysln,Friesland,21,Overleden,0,6
2020-07-23,1901,Bodegraven-Reeuwijk,Zuid-Holland,28,Totaal,0,68
2020-07-23,1901,Bodegraven-Reeuwijk,Zuid-Holland,28,Ziekenhuisopname,0,7
2020-07-23,1901,Bodegraven-Reeuwijk,Zuid-Holland,28,Overleden,0,1
2020-07-23,1903,Eijsden-Margraten,Limburg,31,Totaal,0,175
2020-07-23,1903,Eijsden-Margraten,Limburg,31,Ziekenhuisopname,0,54
2020-07-23,1903,Eijsden-Margraten,Limburg,31,Overleden,0,27
2020-07-23,1904,Stichtse Vecht,Utrecht,26,Totaal,0,135
2020-07-23,1904,Stichtse Vecht,Utrecht,26,Ziekenhuisopname,0,34
2020-07-23,1904,Stichtse Vecht,Utrecht,26,Overleden,0,13
2020-07-23,1911,Hollands Kroon,Noord-Holland,27,Totaal,1,64
2020-07-23,1911,Hollands Kroon,Noord-Holland,27,Ziekenhuisopname,0,26
2020-07-23,1911,Hollands Kroon,Noord-Holland,27,Overleden,0,6
2020-07-23,1916,Leidschendam-Voorburg,Zuid-Holland,28,Totaal,1,164
2020-07-23,1916,Leidschendam-Voorburg,Zuid-Holland,28,Ziekenhuisopname,0,20
2020-07-23,1916,Leidschendam-Voorburg,Zuid-Holland,28,Overleden,0,15
2020-07-23,1924,Goeree-Overflakkee,Zuid-Holland,28,Totaal,1,265
2020-07-23,1924,Goeree-Overflakkee,Zuid-Holland,28,Ziekenhuisopname,0,54
2020-07-23,1924,Goeree-Overflakkee,Zuid-Holland,28,Overleden,0,34
2020-07-23,1926,Pijnacker-Nootdorp,Zuid-Holland,28,Totaal,0,139
2020-07-23,1926,Pijnacker-Nootdorp,Zuid-Holland,28,Ziekenhuisopname,0,24
2020-07-23,1926,Pijnacker-Nootdorp,Zuid-Holland,28,Overleden,0,16
2020-07-23,1930,Nissewaard,Zuid-Holland,28,Totaal,1,220
2020-07-23,1930,Nissewaard,Zuid-Holland,28,Ziekenhuisopname,0,55
2020-07-23,1930,Nissewaard,Zuid-Holland,28,Overleden,0,17
2020-07-23,1931,Krimpenerwaard,Zuid-Holland,28,Totaal,1,201
2020-07-23,1931,Krimpenerwaard,Zuid-Holland,28,Ziekenhuisopname,0,45
2020-07-23,1931,Krimpenerwaard,Zuid-Holland,28,Overleden,0,34
2020-07-23,1940,De Fryske Marren,Friesland,21,Totaal,0,72
2020-07-23,1940,De Fryske Marren,Friesland,21,Ziekenhuisopname,0,16
2020-07-23,1940,De Fryske Marren,Friesland,21,Overleden,0,6
2020-07-23,1942,Gooise Meren,Noord-Holland,27,Totaal,1,124
2020-07-23,1942,Gooise Meren,Noord-Holland,27,Ziekenhuisopname,0,23
2020-07-23,1942,Gooise Meren,Noord-Holland,27,Overleden,0,9
2020-07-23,1945,Berg en Dal,Gelderland,25,Totaal,0,182
2020-07-23,1945,Berg en Dal,Gelderland,25,Ziekenhuisopname,0,29
2020-07-23,1945,Berg en Dal,Gelderland,25,Overleden,0,16
2020-07-23,1948,Meierijstad,Noord-Brabant,30,Totaal,0,558
2020-07-23,1948,Meierijstad,Noord-Brabant,30,Ziekenhuisopname,0,211
2020-07-23,1948,Meierijstad,Noord-Brabant,30,Overleden,0,131
2020-07-23,1949,Waadhoeke,Friesland,21,Totaal,0,101
2020-07-23,1949,Waadhoeke,Friesland,21,Ziekenhuisopname,0,12
2020-07-23,1949,Waadhoeke,Friesland,21,Overleden,0,15
2020-07-23,1950,Westerwolde,Groningen,20,Totaal,0,6
2020-07-23,1950,Westerwolde,Groningen,20,Ziekenhuisopname,0,5
2020-07-23,1950,Westerwolde,Groningen,20,Overleden,0,0
2020-07-23,1952,Midden-Groningen,Groningen,20,Totaal,0,32
2020-07-23,1952,Midden-Groningen,Groningen,20,Ziekenhuisopname,0,6
2020-07-23,1952,Midden-Groningen,Groningen,20,Overleden,0,3
2020-07-23,1954,Beekdaelen,Limburg,31,Totaal,0,172
2020-07-23,1954,Beekdaelen,Limburg,31,Ziekenhuisopname,0,52
2020-07-23,1954,Beekdaelen,Limburg,31,Overleden,0,23
2020-07-23,1955,Montferland,Gelderland,25,Totaal,0,103
2020-07-23,1955,Montferland,Gelderland,25,Ziekenhuisopname,0,21
2020-07-23,1955,Montferland,Gelderland,25,Overleden,0,9
2020-07-23,1959,Altena,Noord-Brabant,30,Totaal,0,136
2020-07-23,1959,Altena,Noord-Brabant,30,Ziekenhuisopname,0,32
2020-07-23,1959,Altena,Noord-Brabant,30,Overleden,0,11
2020-07-23,1960,West Betuwe,Gelderland,25,Totaal,0,214
2020-07-23,1960,West Betuwe,Gelderland,25,Ziekenhuisopname,0,43
2020-07-23,1960,West Betuwe,Gelderland,25,Overleden,0,27
2020-07-23,1961,Vijfheerenlanden,Utrecht,26,Totaal,1,276
2020-07-23,1961,Vijfheerenlanden,Utrecht,26,Ziekenhuisopname,0,34
2020-07-23,1961,Vijfheerenlanden,Utrecht,26,Overleden,0,37
2020-07-23,1963,Hoeksche Waard,Zuid-Holland,28,Totaal,2,316
2020-07-23,1963,Hoeksche Waard,Zuid-Holland,28,Ziekenhuisopname,0,75
2020-07-23,1963,Hoeksche Waard,Zuid-Holland,28,Overleden,0,20
2020-07-23,1966,Het Hogeland,Groningen,20,Totaal,0,35
2020-07-23,1966,Het Hogeland,Groningen,20,Ziekenhuisopname,0,7
2020-07-23,1966,Het Hogeland,Groningen,20,Overleden,0,3
2020-07-23,1969,Westerkwartier,Groningen,20,Totaal,0,58
2020-07-23,1969,Westerkwartier,Groningen,20,Ziekenhuisopname,0,14
2020-07-23,1969,Westerkwartier,Groningen,20,Overleden,0,4
2020-07-23,1970,Noardeast-Frysln,Friesland,21,Totaal,0,30
2020-07-23,1970,Noardeast-Frysln,Friesland,21,Ziekenhuisopname,0,6
2020-07-23,1970,Noardeast-Frysln,Friesland,21,Overleden,0,4
2020-07-23,1978,Molenlanden,Zuid-Holland,28,Totaal,0,123
2020-07-23,1978,Molenlanden,Zuid-Holland,28,Ziekenhuisopname,0,18
2020-07-23,1978,Molenlanden,Zuid-Holland,28,Overleden,0,8
