Datum,Gemeentecode,Gemeentenaam,Provincienaam,Provinciecode,Type,Aantal,AantalCumulatief
2020-10-08,-1,,,-1,Totaal,75,1298
2020-10-08,-1,,,-1,Ziekenhuisopname,0,77
2020-10-08,-1,,,-1,Overleden,0,18
2020-10-08,3,Appingedam,Groningen,20,Totaal,2,25
2020-10-08,3,Appingedam,Groningen,20,Ziekenhuisopname,0,4
2020-10-08,3,Appingedam,Groningen,20,Overleden,0,0
2020-10-08,10,Delfzijl,Groningen,20,Totaal,1,78
2020-10-08,10,Delfzijl,Groningen,20,Ziekenhuisopname,0,6
2020-10-08,10,Delfzijl,Groningen,20,Overleden,0,0
2020-10-08,14,Groningen,Groningen,20,Totaal,99,1816
2020-10-08,14,Groningen,Groningen,20,Ziekenhuisopname,1,22
2020-10-08,14,Groningen,Groningen,20,Overleden,0,3
2020-10-08,24,Loppersum,Groningen,20,Totaal,0,18
2020-10-08,24,Loppersum,Groningen,20,Ziekenhuisopname,0,0
2020-10-08,24,Loppersum,Groningen,20,Overleden,0,0
2020-10-08,34,Almere,Flevoland,24,Totaal,48,1739
2020-10-08,34,Almere,Flevoland,24,Ziekenhuisopname,0,141
2020-10-08,34,Almere,Flevoland,24,Overleden,0,37
2020-10-08,37,Stadskanaal,Groningen,20,Totaal,7,81
2020-10-08,37,Stadskanaal,Groningen,20,Ziekenhuisopname,0,2
2020-10-08,37,Stadskanaal,Groningen,20,Overleden,0,2
2020-10-08,47,Veendam,Groningen,20,Totaal,7,73
2020-10-08,47,Veendam,Groningen,20,Ziekenhuisopname,0,2
2020-10-08,47,Veendam,Groningen,20,Overleden,0,1
2020-10-08,50,Zeewolde,Flevoland,24,Totaal,1,125
2020-10-08,50,Zeewolde,Flevoland,24,Ziekenhuisopname,0,12
2020-10-08,50,Zeewolde,Flevoland,24,Overleden,0,6
2020-10-08,59,Achtkarspelen,Friesland,21,Totaal,2,61
2020-10-08,59,Achtkarspelen,Friesland,21,Ziekenhuisopname,0,0
2020-10-08,59,Achtkarspelen,Friesland,21,Overleden,0,0
2020-10-08,60,Ameland,Friesland,21,Totaal,4,14
2020-10-08,60,Ameland,Friesland,21,Ziekenhuisopname,0,0
2020-10-08,60,Ameland,Friesland,21,Overleden,0,0
2020-10-08,72,Harlingen,Friesland,21,Totaal,1,36
2020-10-08,72,Harlingen,Friesland,21,Ziekenhuisopname,0,4
2020-10-08,72,Harlingen,Friesland,21,Overleden,0,1
2020-10-08,74,Heerenveen,Friesland,21,Totaal,7,197
2020-10-08,74,Heerenveen,Friesland,21,Ziekenhuisopname,0,14
2020-10-08,74,Heerenveen,Friesland,21,Overleden,0,21
2020-10-08,80,Leeuwarden,Friesland,21,Totaal,42,707
2020-10-08,80,Leeuwarden,Friesland,21,Ziekenhuisopname,0,39
2020-10-08,80,Leeuwarden,Friesland,21,Overleden,0,6
2020-10-08,85,Ooststellingwerf,Friesland,21,Totaal,2,34
2020-10-08,85,Ooststellingwerf,Friesland,21,Ziekenhuisopname,0,3
2020-10-08,85,Ooststellingwerf,Friesland,21,Overleden,0,1
2020-10-08,86,Opsterland,Friesland,21,Totaal,4,73
2020-10-08,86,Opsterland,Friesland,21,Ziekenhuisopname,0,7
2020-10-08,86,Opsterland,Friesland,21,Overleden,0,0
2020-10-08,88,Schiermonnikoog,Friesland,21,Totaal,0,0
2020-10-08,88,Schiermonnikoog,Friesland,21,Ziekenhuisopname,0,0
2020-10-08,88,Schiermonnikoog,Friesland,21,Overleden,0,0
2020-10-08,90,Smallingerland,Friesland,21,Totaal,10,127
2020-10-08,90,Smallingerland,Friesland,21,Ziekenhuisopname,0,9
2020-10-08,90,Smallingerland,Friesland,21,Overleden,0,5
2020-10-08,93,Terschelling,Friesland,21,Totaal,2,12
2020-10-08,93,Terschelling,Friesland,21,Ziekenhuisopname,0,0
2020-10-08,93,Terschelling,Friesland,21,Overleden,0,0
2020-10-08,96,Vlieland,Friesland,21,Totaal,1,7
2020-10-08,96,Vlieland,Friesland,21,Ziekenhuisopname,0,0
2020-10-08,96,Vlieland,Friesland,21,Overleden,0,0
2020-10-08,98,Weststellingwerf,Friesland,21,Totaal,4,77
2020-10-08,98,Weststellingwerf,Friesland,21,Ziekenhuisopname,0,3
2020-10-08,98,Weststellingwerf,Friesland,21,Overleden,0,4
2020-10-08,106,Assen,Drenthe,22,Totaal,9,185
2020-10-08,106,Assen,Drenthe,22,Ziekenhuisopname,0,12
2020-10-08,106,Assen,Drenthe,22,Overleden,0,2
2020-10-08,109,Coevorden,Drenthe,22,Totaal,6,117
2020-10-08,109,Coevorden,Drenthe,22,Ziekenhuisopname,0,13
2020-10-08,109,Coevorden,Drenthe,22,Overleden,0,2
2020-10-08,114,Emmen,Drenthe,22,Totaal,34,544
2020-10-08,114,Emmen,Drenthe,22,Ziekenhuisopname,1,26
2020-10-08,114,Emmen,Drenthe,22,Overleden,1,17
2020-10-08,118,Hoogeveen,Drenthe,22,Totaal,5,172
2020-10-08,118,Hoogeveen,Drenthe,22,Ziekenhuisopname,0,21
2020-10-08,118,Hoogeveen,Drenthe,22,Overleden,0,8
2020-10-08,119,Meppel,Drenthe,22,Totaal,4,125
2020-10-08,119,Meppel,Drenthe,22,Ziekenhuisopname,0,11
2020-10-08,119,Meppel,Drenthe,22,Overleden,0,5
2020-10-08,141,Almelo,Overijssel,23,Totaal,16,371
2020-10-08,141,Almelo,Overijssel,23,Ziekenhuisopname,0,28
2020-10-08,141,Almelo,Overijssel,23,Overleden,0,10
2020-10-08,147,Borne,Overijssel,23,Totaal,9,106
2020-10-08,147,Borne,Overijssel,23,Ziekenhuisopname,0,14
2020-10-08,147,Borne,Overijssel,23,Overleden,0,6
2020-10-08,148,Dalfsen,Overijssel,23,Totaal,9,182
2020-10-08,148,Dalfsen,Overijssel,23,Ziekenhuisopname,0,16
2020-10-08,148,Dalfsen,Overijssel,23,Overleden,0,7
2020-10-08,150,Deventer,Overijssel,23,Totaal,26,693
2020-10-08,150,Deventer,Overijssel,23,Ziekenhuisopname,0,49
2020-10-08,150,Deventer,Overijssel,23,Overleden,0,37
2020-10-08,153,Enschede,Overijssel,23,Totaal,43,778
2020-10-08,153,Enschede,Overijssel,23,Ziekenhuisopname,1,60
2020-10-08,153,Enschede,Overijssel,23,Overleden,0,26
2020-10-08,158,Haaksbergen,Overijssel,23,Totaal,10,256
2020-10-08,158,Haaksbergen,Overijssel,23,Ziekenhuisopname,0,15
2020-10-08,158,Haaksbergen,Overijssel,23,Overleden,0,7
2020-10-08,160,Hardenberg,Overijssel,23,Totaal,8,250
2020-10-08,160,Hardenberg,Overijssel,23,Ziekenhuisopname,0,23
2020-10-08,160,Hardenberg,Overijssel,23,Overleden,0,10
2020-10-08,163,Hellendoorn,Overijssel,23,Totaal,8,131
2020-10-08,163,Hellendoorn,Overijssel,23,Ziekenhuisopname,0,8
2020-10-08,163,Hellendoorn,Overijssel,23,Overleden,0,12
2020-10-08,164,Hengelo,Overijssel,23,Totaal,29,502
2020-10-08,164,Hengelo,Overijssel,23,Ziekenhuisopname,0,31
2020-10-08,164,Hengelo,Overijssel,23,Overleden,0,21
2020-10-08,166,Kampen,Overijssel,23,Totaal,6,479
2020-10-08,166,Kampen,Overijssel,23,Ziekenhuisopname,0,60
2020-10-08,166,Kampen,Overijssel,23,Overleden,0,37
2020-10-08,168,Losser,Overijssel,23,Totaal,2,131
2020-10-08,168,Losser,Overijssel,23,Ziekenhuisopname,0,11
2020-10-08,168,Losser,Overijssel,23,Overleden,0,0
2020-10-08,171,Noordoostpolder,Flevoland,24,Totaal,7,160
2020-10-08,171,Noordoostpolder,Flevoland,24,Ziekenhuisopname,0,17
2020-10-08,171,Noordoostpolder,Flevoland,24,Overleden,0,10
2020-10-08,173,Oldenzaal,Overijssel,23,Totaal,10,191
2020-10-08,173,Oldenzaal,Overijssel,23,Ziekenhuisopname,0,15
2020-10-08,173,Oldenzaal,Overijssel,23,Overleden,0,7
2020-10-08,175,Ommen,Overijssel,23,Totaal,0,114
2020-10-08,175,Ommen,Overijssel,23,Ziekenhuisopname,0,9
2020-10-08,175,Ommen,Overijssel,23,Overleden,0,4
2020-10-08,177,Raalte,Overijssel,23,Totaal,10,267
2020-10-08,177,Raalte,Overijssel,23,Ziekenhuisopname,0,24
2020-10-08,177,Raalte,Overijssel,23,Overleden,0,21
2020-10-08,180,Staphorst,Overijssel,23,Totaal,9,115
2020-10-08,180,Staphorst,Overijssel,23,Ziekenhuisopname,0,8
2020-10-08,180,Staphorst,Overijssel,23,Overleden,0,4
2020-10-08,183,Tubbergen,Overijssel,23,Totaal,7,185
2020-10-08,183,Tubbergen,Overijssel,23,Ziekenhuisopname,0,12
2020-10-08,183,Tubbergen,Overijssel,23,Overleden,0,5
2020-10-08,184,Urk,Flevoland,24,Totaal,3,98
2020-10-08,184,Urk,Flevoland,24,Ziekenhuisopname,0,23
2020-10-08,184,Urk,Flevoland,24,Overleden,0,4
2020-10-08,189,Wierden,Overijssel,23,Totaal,6,135
2020-10-08,189,Wierden,Overijssel,23,Ziekenhuisopname,0,7
2020-10-08,189,Wierden,Overijssel,23,Overleden,0,6
2020-10-08,193,Zwolle,Overijssel,23,Totaal,23,727
2020-10-08,193,Zwolle,Overijssel,23,Ziekenhuisopname,0,53
2020-10-08,193,Zwolle,Overijssel,23,Overleden,0,49
2020-10-08,197,Aalten,Gelderland,25,Totaal,6,137
2020-10-08,197,Aalten,Gelderland,25,Ziekenhuisopname,1,10
2020-10-08,197,Aalten,Gelderland,25,Overleden,0,7
2020-10-08,200,Apeldoorn,Gelderland,25,Totaal,40,977
2020-10-08,200,Apeldoorn,Gelderland,25,Ziekenhuisopname,0,104
2020-10-08,200,Apeldoorn,Gelderland,25,Overleden,1,52
2020-10-08,202,Arnhem,Gelderland,25,Totaal,39,1077
2020-10-08,202,Arnhem,Gelderland,25,Ziekenhuisopname,0,75
2020-10-08,202,Arnhem,Gelderland,25,Overleden,0,34
2020-10-08,203,Barneveld,Gelderland,25,Totaal,17,307
2020-10-08,203,Barneveld,Gelderland,25,Ziekenhuisopname,0,19
2020-10-08,203,Barneveld,Gelderland,25,Overleden,0,8
2020-10-08,209,Beuningen,Gelderland,25,Totaal,11,221
2020-10-08,209,Beuningen,Gelderland,25,Ziekenhuisopname,0,19
2020-10-08,209,Beuningen,Gelderland,25,Overleden,0,5
2020-10-08,213,Brummen,Gelderland,25,Totaal,4,97
2020-10-08,213,Brummen,Gelderland,25,Ziekenhuisopname,0,18
2020-10-08,213,Brummen,Gelderland,25,Overleden,0,6
2020-10-08,214,Buren,Gelderland,25,Totaal,9,130
2020-10-08,214,Buren,Gelderland,25,Ziekenhuisopname,0,19
2020-10-08,214,Buren,Gelderland,25,Overleden,0,8
2020-10-08,216,Culemborg,Gelderland,25,Totaal,7,242
2020-10-08,216,Culemborg,Gelderland,25,Ziekenhuisopname,0,24
2020-10-08,216,Culemborg,Gelderland,25,Overleden,0,8
2020-10-08,221,Doesburg,Gelderland,25,Totaal,4,78
2020-10-08,221,Doesburg,Gelderland,25,Ziekenhuisopname,0,10
2020-10-08,221,Doesburg,Gelderland,25,Overleden,0,6
2020-10-08,222,Doetinchem,Gelderland,25,Totaal,22,319
2020-10-08,222,Doetinchem,Gelderland,25,Ziekenhuisopname,0,27
2020-10-08,222,Doetinchem,Gelderland,25,Overleden,0,15
2020-10-08,225,Druten,Gelderland,25,Totaal,5,157
2020-10-08,225,Druten,Gelderland,25,Ziekenhuisopname,0,25
2020-10-08,225,Druten,Gelderland,25,Overleden,0,8
2020-10-08,226,Duiven,Gelderland,25,Totaal,8,161
2020-10-08,226,Duiven,Gelderland,25,Ziekenhuisopname,0,15
2020-10-08,226,Duiven,Gelderland,25,Overleden,0,6
2020-10-08,228,Ede,Gelderland,25,Totaal,39,806
2020-10-08,228,Ede,Gelderland,25,Ziekenhuisopname,0,61
2020-10-08,228,Ede,Gelderland,25,Overleden,0,23
2020-10-08,230,Elburg,Gelderland,25,Totaal,7,191
2020-10-08,230,Elburg,Gelderland,25,Ziekenhuisopname,0,28
2020-10-08,230,Elburg,Gelderland,25,Overleden,0,8
2020-10-08,232,Epe,Gelderland,25,Totaal,4,209
2020-10-08,232,Epe,Gelderland,25,Ziekenhuisopname,0,49
2020-10-08,232,Epe,Gelderland,25,Overleden,0,23
2020-10-08,233,Ermelo,Gelderland,25,Totaal,6,225
2020-10-08,233,Ermelo,Gelderland,25,Ziekenhuisopname,0,33
2020-10-08,233,Ermelo,Gelderland,25,Overleden,0,23
2020-10-08,243,Harderwijk,Gelderland,25,Totaal,16,386
2020-10-08,243,Harderwijk,Gelderland,25,Ziekenhuisopname,0,44
2020-10-08,243,Harderwijk,Gelderland,25,Overleden,0,20
2020-10-08,244,Hattem,Gelderland,25,Totaal,4,78
2020-10-08,244,Hattem,Gelderland,25,Ziekenhuisopname,0,18
2020-10-08,244,Hattem,Gelderland,25,Overleden,0,5
2020-10-08,246,Heerde,Gelderland,25,Totaal,2,252
2020-10-08,246,Heerde,Gelderland,25,Ziekenhuisopname,0,55
2020-10-08,246,Heerde,Gelderland,25,Overleden,0,28
2020-10-08,252,Heumen,Gelderland,25,Totaal,5,192
2020-10-08,252,Heumen,Gelderland,25,Ziekenhuisopname,0,19
2020-10-08,252,Heumen,Gelderland,25,Overleden,0,11
2020-10-08,262,Lochem,Gelderland,25,Totaal,15,204
2020-10-08,262,Lochem,Gelderland,25,Ziekenhuisopname,0,16
2020-10-08,262,Lochem,Gelderland,25,Overleden,0,15
2020-10-08,263,Maasdriel,Gelderland,25,Totaal,9,142
2020-10-08,263,Maasdriel,Gelderland,25,Ziekenhuisopname,0,16
2020-10-08,263,Maasdriel,Gelderland,25,Overleden,0,7
2020-10-08,267,Nijkerk,Gelderland,25,Totaal,9,320
2020-10-08,267,Nijkerk,Gelderland,25,Ziekenhuisopname,0,22
2020-10-08,267,Nijkerk,Gelderland,25,Overleden,0,3
2020-10-08,268,Nijmegen,Gelderland,25,Totaal,49,2156
2020-10-08,268,Nijmegen,Gelderland,25,Ziekenhuisopname,0,151
2020-10-08,268,Nijmegen,Gelderland,25,Overleden,0,73
2020-10-08,269,Oldebroek,Gelderland,25,Totaal,3,214
2020-10-08,269,Oldebroek,Gelderland,25,Ziekenhuisopname,0,40
2020-10-08,269,Oldebroek,Gelderland,25,Overleden,0,19
2020-10-08,273,Putten,Gelderland,25,Totaal,8,118
2020-10-08,273,Putten,Gelderland,25,Ziekenhuisopname,0,10
2020-10-08,273,Putten,Gelderland,25,Overleden,0,1
2020-10-08,274,Renkum,Gelderland,25,Totaal,19,236
2020-10-08,274,Renkum,Gelderland,25,Ziekenhuisopname,0,14
2020-10-08,274,Renkum,Gelderland,25,Overleden,2,9
2020-10-08,275,Rheden,Gelderland,25,Totaal,9,257
2020-10-08,275,Rheden,Gelderland,25,Ziekenhuisopname,0,34
2020-10-08,275,Rheden,Gelderland,25,Overleden,0,14
2020-10-08,277,Rozendaal,Gelderland,25,Totaal,0,7
2020-10-08,277,Rozendaal,Gelderland,25,Ziekenhuisopname,0,1
2020-10-08,277,Rozendaal,Gelderland,25,Overleden,0,0
2020-10-08,279,Scherpenzeel,Gelderland,25,Totaal,3,62
2020-10-08,279,Scherpenzeel,Gelderland,25,Ziekenhuisopname,0,4
2020-10-08,279,Scherpenzeel,Gelderland,25,Overleden,0,2
2020-10-08,281,Tiel,Gelderland,25,Totaal,14,332
2020-10-08,281,Tiel,Gelderland,25,Ziekenhuisopname,0,43
2020-10-08,281,Tiel,Gelderland,25,Overleden,0,21
2020-10-08,285,Voorst,Gelderland,25,Totaal,10,154
2020-10-08,285,Voorst,Gelderland,25,Ziekenhuisopname,0,17
2020-10-08,285,Voorst,Gelderland,25,Overleden,0,11
2020-10-08,289,Wageningen,Gelderland,25,Totaal,17,306
2020-10-08,289,Wageningen,Gelderland,25,Ziekenhuisopname,0,21
2020-10-08,289,Wageningen,Gelderland,25,Overleden,0,9
2020-10-08,293,Westervoort,Gelderland,25,Totaal,5,83
2020-10-08,293,Westervoort,Gelderland,25,Ziekenhuisopname,0,12
2020-10-08,293,Westervoort,Gelderland,25,Overleden,0,6
2020-10-08,294,Winterswijk,Gelderland,25,Totaal,1,93
2020-10-08,294,Winterswijk,Gelderland,25,Ziekenhuisopname,0,7
2020-10-08,294,Winterswijk,Gelderland,25,Overleden,0,3
2020-10-08,296,Wijchen,Gelderland,25,Totaal,9,345
2020-10-08,296,Wijchen,Gelderland,25,Ziekenhuisopname,0,46
2020-10-08,296,Wijchen,Gelderland,25,Overleden,0,13
2020-10-08,297,Zaltbommel,Gelderland,25,Totaal,5,190
2020-10-08,297,Zaltbommel,Gelderland,25,Ziekenhuisopname,0,21
2020-10-08,297,Zaltbommel,Gelderland,25,Overleden,0,9
2020-10-08,299,Zevenaar,Gelderland,25,Totaal,5,260
2020-10-08,299,Zevenaar,Gelderland,25,Ziekenhuisopname,0,49
2020-10-08,299,Zevenaar,Gelderland,25,Overleden,0,16
2020-10-08,301,Zutphen,Gelderland,25,Totaal,14,219
2020-10-08,301,Zutphen,Gelderland,25,Ziekenhuisopname,0,31
2020-10-08,301,Zutphen,Gelderland,25,Overleden,0,13
2020-10-08,302,Nunspeet,Gelderland,25,Totaal,9,302
2020-10-08,302,Nunspeet,Gelderland,25,Ziekenhuisopname,0,57
2020-10-08,302,Nunspeet,Gelderland,25,Overleden,0,21
2020-10-08,303,Dronten,Flevoland,24,Totaal,4,183
2020-10-08,303,Dronten,Flevoland,24,Ziekenhuisopname,1,33
2020-10-08,303,Dronten,Flevoland,24,Overleden,0,13
2020-10-08,307,Amersfoort,Utrecht,26,Totaal,48,1104
2020-10-08,307,Amersfoort,Utrecht,26,Ziekenhuisopname,0,81
2020-10-08,307,Amersfoort,Utrecht,26,Overleden,0,25
2020-10-08,308,Baarn,Utrecht,26,Totaal,4,156
2020-10-08,308,Baarn,Utrecht,26,Ziekenhuisopname,0,12
2020-10-08,308,Baarn,Utrecht,26,Overleden,0,9
2020-10-08,310,De Bilt,Utrecht,26,Totaal,24,426
2020-10-08,310,De Bilt,Utrecht,26,Ziekenhuisopname,0,30
2020-10-08,310,De Bilt,Utrecht,26,Overleden,0,24
2020-10-08,312,Bunnik,Utrecht,26,Totaal,3,118
2020-10-08,312,Bunnik,Utrecht,26,Ziekenhuisopname,0,10
2020-10-08,312,Bunnik,Utrecht,26,Overleden,0,1
2020-10-08,313,Bunschoten,Utrecht,26,Totaal,7,159
2020-10-08,313,Bunschoten,Utrecht,26,Ziekenhuisopname,0,12
2020-10-08,313,Bunschoten,Utrecht,26,Overleden,0,7
2020-10-08,317,Eemnes,Utrecht,26,Totaal,2,55
2020-10-08,317,Eemnes,Utrecht,26,Ziekenhuisopname,0,2
2020-10-08,317,Eemnes,Utrecht,26,Overleden,0,1
2020-10-08,321,Houten,Utrecht,26,Totaal,11,364
2020-10-08,321,Houten,Utrecht,26,Ziekenhuisopname,0,28
2020-10-08,321,Houten,Utrecht,26,Overleden,0,15
2020-10-08,327,Leusden,Utrecht,26,Totaal,12,218
2020-10-08,327,Leusden,Utrecht,26,Ziekenhuisopname,0,9
2020-10-08,327,Leusden,Utrecht,26,Overleden,0,8
2020-10-08,331,Lopik,Utrecht,26,Totaal,3,152
2020-10-08,331,Lopik,Utrecht,26,Ziekenhuisopname,0,20
2020-10-08,331,Lopik,Utrecht,26,Overleden,0,8
2020-10-08,335,Montfoort,Utrecht,26,Totaal,2,124
2020-10-08,335,Montfoort,Utrecht,26,Ziekenhuisopname,0,15
2020-10-08,335,Montfoort,Utrecht,26,Overleden,0,6
2020-10-08,339,Renswoude,Utrecht,26,Totaal,5,37
2020-10-08,339,Renswoude,Utrecht,26,Ziekenhuisopname,0,5
2020-10-08,339,Renswoude,Utrecht,26,Overleden,0,5
2020-10-08,340,Rhenen,Utrecht,26,Totaal,10,103
2020-10-08,340,Rhenen,Utrecht,26,Ziekenhuisopname,0,11
2020-10-08,340,Rhenen,Utrecht,26,Overleden,0,6
2020-10-08,342,Soest,Utrecht,26,Totaal,25,394
2020-10-08,342,Soest,Utrecht,26,Ziekenhuisopname,0,26
2020-10-08,342,Soest,Utrecht,26,Overleden,0,13
2020-10-08,344,Utrecht,Utrecht,26,Totaal,180,4781
2020-10-08,344,Utrecht,Utrecht,26,Ziekenhuisopname,0,312
2020-10-08,344,Utrecht,Utrecht,26,Overleden,0,122
2020-10-08,345,Veenendaal,Utrecht,26,Totaal,30,492
2020-10-08,345,Veenendaal,Utrecht,26,Ziekenhuisopname,0,49
2020-10-08,345,Veenendaal,Utrecht,26,Overleden,0,14
2020-10-08,351,Woudenberg,Utrecht,26,Totaal,3,80
2020-10-08,351,Woudenberg,Utrecht,26,Ziekenhuisopname,0,9
2020-10-08,351,Woudenberg,Utrecht,26,Overleden,0,2
2020-10-08,352,Wijk bij Duurstede,Utrecht,26,Totaal,5,120
2020-10-08,352,Wijk bij Duurstede,Utrecht,26,Ziekenhuisopname,0,10
2020-10-08,352,Wijk bij Duurstede,Utrecht,26,Overleden,0,1
2020-10-08,353,IJsselstein,Utrecht,26,Totaal,9,310
2020-10-08,353,IJsselstein,Utrecht,26,Ziekenhuisopname,0,37
2020-10-08,353,IJsselstein,Utrecht,26,Overleden,0,35
2020-10-08,355,Zeist,Utrecht,26,Totaal,32,610
2020-10-08,355,Zeist,Utrecht,26,Ziekenhuisopname,0,39
2020-10-08,355,Zeist,Utrecht,26,Overleden,0,27
2020-10-08,356,Nieuwegein,Utrecht,26,Totaal,13,467
2020-10-08,356,Nieuwegein,Utrecht,26,Ziekenhuisopname,0,47
2020-10-08,356,Nieuwegein,Utrecht,26,Overleden,0,14
2020-10-08,358,Aalsmeer,Noord-Holland,27,Totaal,13,251
2020-10-08,358,Aalsmeer,Noord-Holland,27,Ziekenhuisopname,0,10
2020-10-08,358,Aalsmeer,Noord-Holland,27,Overleden,0,5
2020-10-08,361,Alkmaar,Noord-Holland,27,Totaal,29,641
2020-10-08,361,Alkmaar,Noord-Holland,27,Ziekenhuisopname,0,58
2020-10-08,361,Alkmaar,Noord-Holland,27,Overleden,0,31
2020-10-08,362,Amstelveen,Noord-Holland,27,Totaal,25,1148
2020-10-08,362,Amstelveen,Noord-Holland,27,Ziekenhuisopname,1,70
2020-10-08,362,Amstelveen,Noord-Holland,27,Overleden,0,41
2020-10-08,363,Amsterdam,Noord-Holland,27,Totaal,445,16291
2020-10-08,363,Amsterdam,Noord-Holland,27,Ziekenhuisopname,10,818
2020-10-08,363,Amsterdam,Noord-Holland,27,Overleden,0,305
2020-10-08,370,Beemster,Noord-Holland,27,Totaal,2,61
2020-10-08,370,Beemster,Noord-Holland,27,Ziekenhuisopname,0,4
2020-10-08,370,Beemster,Noord-Holland,27,Overleden,0,1
2020-10-08,373,Bergen (NH.),Noord-Holland,27,Totaal,8,254
2020-10-08,373,Bergen (NH.),Noord-Holland,27,Ziekenhuisopname,0,20
2020-10-08,373,Bergen (NH.),Noord-Holland,27,Overleden,0,6
2020-10-08,375,Beverwijk,Noord-Holland,27,Totaal,13,319
2020-10-08,375,Beverwijk,Noord-Holland,27,Ziekenhuisopname,0,16
2020-10-08,375,Beverwijk,Noord-Holland,27,Overleden,0,12
2020-10-08,376,Blaricum,Noord-Holland,27,Totaal,3,92
2020-10-08,376,Blaricum,Noord-Holland,27,Ziekenhuisopname,0,8
2020-10-08,376,Blaricum,Noord-Holland,27,Overleden,0,2
2020-10-08,377,Bloemendaal,Noord-Holland,27,Totaal,5,197
2020-10-08,377,Bloemendaal,Noord-Holland,27,Ziekenhuisopname,0,7
2020-10-08,377,Bloemendaal,Noord-Holland,27,Overleden,0,5
2020-10-08,383,Castricum,Noord-Holland,27,Totaal,8,177
2020-10-08,383,Castricum,Noord-Holland,27,Ziekenhuisopname,0,16
2020-10-08,383,Castricum,Noord-Holland,27,Overleden,0,10
2020-10-08,384,Diemen,Noord-Holland,27,Totaal,20,547
2020-10-08,384,Diemen,Noord-Holland,27,Ziekenhuisopname,0,20
2020-10-08,384,Diemen,Noord-Holland,27,Overleden,0,14
2020-10-08,385,Edam-Volendam,Noord-Holland,27,Totaal,13,390
2020-10-08,385,Edam-Volendam,Noord-Holland,27,Ziekenhuisopname,0,28
2020-10-08,385,Edam-Volendam,Noord-Holland,27,Overleden,0,3
2020-10-08,388,Enkhuizen,Noord-Holland,27,Totaal,1,60
2020-10-08,388,Enkhuizen,Noord-Holland,27,Ziekenhuisopname,0,18
2020-10-08,388,Enkhuizen,Noord-Holland,27,Overleden,0,4
2020-10-08,392,Haarlem,Noord-Holland,27,Totaal,57,1352
2020-10-08,392,Haarlem,Noord-Holland,27,Ziekenhuisopname,1,83
2020-10-08,392,Haarlem,Noord-Holland,27,Overleden,1,67
2020-10-08,394,Haarlemmermeer,Noord-Holland,27,Totaal,47,1431
2020-10-08,394,Haarlemmermeer,Noord-Holland,27,Ziekenhuisopname,1,80
2020-10-08,394,Haarlemmermeer,Noord-Holland,27,Overleden,0,33
2020-10-08,396,Heemskerk,Noord-Holland,27,Totaal,12,251
2020-10-08,396,Heemskerk,Noord-Holland,27,Ziekenhuisopname,1,32
2020-10-08,396,Heemskerk,Noord-Holland,27,Overleden,0,11
2020-10-08,397,Heemstede,Noord-Holland,27,Totaal,5,259
2020-10-08,397,Heemstede,Noord-Holland,27,Ziekenhuisopname,0,13
2020-10-08,397,Heemstede,Noord-Holland,27,Overleden,0,33
2020-10-08,398,Heerhugowaard,Noord-Holland,27,Totaal,12,353
2020-10-08,398,Heerhugowaard,Noord-Holland,27,Ziekenhuisopname,0,27
2020-10-08,398,Heerhugowaard,Noord-Holland,27,Overleden,0,9
2020-10-08,399,Heiloo,Noord-Holland,27,Totaal,5,100
2020-10-08,399,Heiloo,Noord-Holland,27,Ziekenhuisopname,0,11
2020-10-08,399,Heiloo,Noord-Holland,27,Overleden,0,8
2020-10-08,400,Den Helder,Noord-Holland,27,Totaal,6,126
2020-10-08,400,Den Helder,Noord-Holland,27,Ziekenhuisopname,0,13
2020-10-08,400,Den Helder,Noord-Holland,27,Overleden,0,2
2020-10-08,402,Hilversum,Noord-Holland,27,Totaal,21,720
2020-10-08,402,Hilversum,Noord-Holland,27,Ziekenhuisopname,0,37
2020-10-08,402,Hilversum,Noord-Holland,27,Overleden,0,25
2020-10-08,405,Hoorn,Noord-Holland,27,Totaal,13,376
2020-10-08,405,Hoorn,Noord-Holland,27,Ziekenhuisopname,0,36
2020-10-08,405,Hoorn,Noord-Holland,27,Overleden,0,12
2020-10-08,406,Huizen,Noord-Holland,27,Totaal,12,375
2020-10-08,406,Huizen,Noord-Holland,27,Ziekenhuisopname,1,25
2020-10-08,406,Huizen,Noord-Holland,27,Overleden,0,10
2020-10-08,415,Landsmeer,Noord-Holland,27,Totaal,5,118
2020-10-08,415,Landsmeer,Noord-Holland,27,Ziekenhuisopname,0,3
2020-10-08,415,Landsmeer,Noord-Holland,27,Overleden,0,3
2020-10-08,416,Langedijk,Noord-Holland,27,Totaal,9,179
2020-10-08,416,Langedijk,Noord-Holland,27,Ziekenhuisopname,0,18
2020-10-08,416,Langedijk,Noord-Holland,27,Overleden,0,4
2020-10-08,417,Laren,Noord-Holland,27,Totaal,2,99
2020-10-08,417,Laren,Noord-Holland,27,Ziekenhuisopname,0,8
2020-10-08,417,Laren,Noord-Holland,27,Overleden,0,2
2020-10-08,420,Medemblik,Noord-Holland,27,Totaal,13,165
2020-10-08,420,Medemblik,Noord-Holland,27,Ziekenhuisopname,0,19
2020-10-08,420,Medemblik,Noord-Holland,27,Overleden,0,6
2020-10-08,431,Oostzaan,Noord-Holland,27,Totaal,14,100
2020-10-08,431,Oostzaan,Noord-Holland,27,Ziekenhuisopname,0,12
2020-10-08,431,Oostzaan,Noord-Holland,27,Overleden,0,2
2020-10-08,432,Opmeer,Noord-Holland,27,Totaal,1,37
2020-10-08,432,Opmeer,Noord-Holland,27,Ziekenhuisopname,0,1
2020-10-08,432,Opmeer,Noord-Holland,27,Overleden,0,1
2020-10-08,437,Ouder-Amstel,Noord-Holland,27,Totaal,11,207
2020-10-08,437,Ouder-Amstel,Noord-Holland,27,Ziekenhuisopname,0,6
2020-10-08,437,Ouder-Amstel,Noord-Holland,27,Overleden,0,0
2020-10-08,439,Purmerend,Noord-Holland,27,Totaal,24,602
2020-10-08,439,Purmerend,Noord-Holland,27,Ziekenhuisopname,0,74
2020-10-08,439,Purmerend,Noord-Holland,27,Overleden,0,35
2020-10-08,441,Schagen,Noord-Holland,27,Totaal,9,195
2020-10-08,441,Schagen,Noord-Holland,27,Ziekenhuisopname,0,19
2020-10-08,441,Schagen,Noord-Holland,27,Overleden,0,10
2020-10-08,448,Texel,Noord-Holland,27,Totaal,2,42
2020-10-08,448,Texel,Noord-Holland,27,Ziekenhuisopname,0,5
2020-10-08,448,Texel,Noord-Holland,27,Overleden,0,2
2020-10-08,450,Uitgeest,Noord-Holland,27,Totaal,5,86
2020-10-08,450,Uitgeest,Noord-Holland,27,Ziekenhuisopname,0,5
2020-10-08,450,Uitgeest,Noord-Holland,27,Overleden,0,1
2020-10-08,451,Uithoorn,Noord-Holland,27,Totaal,7,267
2020-10-08,451,Uithoorn,Noord-Holland,27,Ziekenhuisopname,0,18
2020-10-08,451,Uithoorn,Noord-Holland,27,Overleden,0,2
2020-10-08,453,Velsen,Noord-Holland,27,Totaal,13,621
2020-10-08,453,Velsen,Noord-Holland,27,Ziekenhuisopname,0,38
2020-10-08,453,Velsen,Noord-Holland,27,Overleden,0,42
2020-10-08,457,Weesp,Noord-Holland,27,Totaal,9,306
2020-10-08,457,Weesp,Noord-Holland,27,Ziekenhuisopname,0,9
2020-10-08,457,Weesp,Noord-Holland,27,Overleden,0,13
2020-10-08,473,Zandvoort,Noord-Holland,27,Totaal,2,139
2020-10-08,473,Zandvoort,Noord-Holland,27,Ziekenhuisopname,0,12
2020-10-08,473,Zandvoort,Noord-Holland,27,Overleden,0,9
2020-10-08,479,Zaanstad,Noord-Holland,27,Totaal,83,1440
2020-10-08,479,Zaanstad,Noord-Holland,27,Ziekenhuisopname,0,137
2020-10-08,479,Zaanstad,Noord-Holland,27,Overleden,0,54
2020-10-08,482,Alblasserdam,Zuid-Holland,28,Totaal,19,227
2020-10-08,482,Alblasserdam,Zuid-Holland,28,Ziekenhuisopname,0,11
2020-10-08,482,Alblasserdam,Zuid-Holland,28,Overleden,0,5
2020-10-08,484,Alphen aan den Rijn,Zuid-Holland,28,Totaal,43,919
2020-10-08,484,Alphen aan den Rijn,Zuid-Holland,28,Ziekenhuisopname,0,71
2020-10-08,484,Alphen aan den Rijn,Zuid-Holland,28,Overleden,0,26
2020-10-08,489,Barendrecht,Zuid-Holland,28,Totaal,27,655
2020-10-08,489,Barendrecht,Zuid-Holland,28,Ziekenhuisopname,1,42
2020-10-08,489,Barendrecht,Zuid-Holland,28,Overleden,0,12
2020-10-08,498,Drechterland,Noord-Holland,27,Totaal,4,90
2020-10-08,498,Drechterland,Noord-Holland,27,Ziekenhuisopname,0,5
2020-10-08,498,Drechterland,Noord-Holland,27,Overleden,0,8
2020-10-08,501,Brielle,Zuid-Holland,28,Totaal,12,138
2020-10-08,501,Brielle,Zuid-Holland,28,Ziekenhuisopname,0,12
2020-10-08,501,Brielle,Zuid-Holland,28,Overleden,0,0
2020-10-08,502,Capelle aan den IJssel,Zuid-Holland,28,Totaal,19,936
2020-10-08,502,Capelle aan den IJssel,Zuid-Holland,28,Ziekenhuisopname,1,60
2020-10-08,502,Capelle aan den IJssel,Zuid-Holland,28,Overleden,0,61
2020-10-08,503,Delft,Zuid-Holland,28,Totaal,59,1273
2020-10-08,503,Delft,Zuid-Holland,28,Ziekenhuisopname,0,42
2020-10-08,503,Delft,Zuid-Holland,28,Overleden,0,12
2020-10-08,505,Dordrecht,Zuid-Holland,28,Totaal,58,1303
2020-10-08,505,Dordrecht,Zuid-Holland,28,Ziekenhuisopname,0,96
2020-10-08,505,Dordrecht,Zuid-Holland,28,Overleden,0,69
2020-10-08,512,Gorinchem,Zuid-Holland,28,Totaal,13,378
2020-10-08,512,Gorinchem,Zuid-Holland,28,Ziekenhuisopname,0,19
2020-10-08,512,Gorinchem,Zuid-Holland,28,Overleden,0,16
2020-10-08,513,Gouda,Zuid-Holland,28,Totaal,30,957
2020-10-08,513,Gouda,Zuid-Holland,28,Ziekenhuisopname,1,50
2020-10-08,513,Gouda,Zuid-Holland,28,Overleden,0,43
2020-10-08,518,'s-Gravenhage,Zuid-Holland,28,Totaal,317,9138
2020-10-08,518,'s-Gravenhage,Zuid-Holland,28,Ziekenhuisopname,2,467
2020-10-08,518,'s-Gravenhage,Zuid-Holland,28,Overleden,0,287
2020-10-08,523,Hardinxveld-Giessendam,Zuid-Holland,28,Totaal,4,108
2020-10-08,523,Hardinxveld-Giessendam,Zuid-Holland,28,Ziekenhuisopname,0,2
2020-10-08,523,Hardinxveld-Giessendam,Zuid-Holland,28,Overleden,0,2
2020-10-08,530,Hellevoetsluis,Zuid-Holland,28,Totaal,11,307
2020-10-08,530,Hellevoetsluis,Zuid-Holland,28,Ziekenhuisopname,0,16
2020-10-08,530,Hellevoetsluis,Zuid-Holland,28,Overleden,0,5
2020-10-08,531,Hendrik-Ido-Ambacht,Zuid-Holland,28,Totaal,21,334
2020-10-08,531,Hendrik-Ido-Ambacht,Zuid-Holland,28,Ziekenhuisopname,0,13
2020-10-08,531,Hendrik-Ido-Ambacht,Zuid-Holland,28,Overleden,0,6
2020-10-08,532,Stede Broec,Noord-Holland,27,Totaal,5,95
2020-10-08,532,Stede Broec,Noord-Holland,27,Ziekenhuisopname,0,18
2020-10-08,532,Stede Broec,Noord-Holland,27,Overleden,0,5
2020-10-08,534,Hillegom,Zuid-Holland,28,Totaal,6,185
2020-10-08,534,Hillegom,Zuid-Holland,28,Ziekenhuisopname,0,8
2020-10-08,534,Hillegom,Zuid-Holland,28,Overleden,0,2
2020-10-08,537,Katwijk,Zuid-Holland,28,Totaal,24,589
2020-10-08,537,Katwijk,Zuid-Holland,28,Ziekenhuisopname,0,37
2020-10-08,537,Katwijk,Zuid-Holland,28,Overleden,0,15
2020-10-08,542,Krimpen aan den IJssel,Zuid-Holland,28,Totaal,23,327
2020-10-08,542,Krimpen aan den IJssel,Zuid-Holland,28,Ziekenhuisopname,1,13
2020-10-08,542,Krimpen aan den IJssel,Zuid-Holland,28,Overleden,0,8
2020-10-08,546,Leiden,Zuid-Holland,28,Totaal,37,1294
2020-10-08,546,Leiden,Zuid-Holland,28,Ziekenhuisopname,1,49
2020-10-08,546,Leiden,Zuid-Holland,28,Overleden,0,22
2020-10-08,547,Leiderdorp,Zuid-Holland,28,Totaal,14,180
2020-10-08,547,Leiderdorp,Zuid-Holland,28,Ziekenhuisopname,0,17
2020-10-08,547,Leiderdorp,Zuid-Holland,28,Overleden,0,7
2020-10-08,553,Lisse,Zuid-Holland,28,Totaal,7,103
2020-10-08,553,Lisse,Zuid-Holland,28,Ziekenhuisopname,0,9
2020-10-08,553,Lisse,Zuid-Holland,28,Overleden,0,2
2020-10-08,556,Maassluis,Zuid-Holland,28,Totaal,11,378
2020-10-08,556,Maassluis,Zuid-Holland,28,Ziekenhuisopname,0,23
2020-10-08,556,Maassluis,Zuid-Holland,28,Overleden,0,9
2020-10-08,569,Nieuwkoop,Zuid-Holland,28,Totaal,8,172
2020-10-08,569,Nieuwkoop,Zuid-Holland,28,Ziekenhuisopname,0,10
2020-10-08,569,Nieuwkoop,Zuid-Holland,28,Overleden,0,6
2020-10-08,575,Noordwijk,Zuid-Holland,28,Totaal,14,309
2020-10-08,575,Noordwijk,Zuid-Holland,28,Ziekenhuisopname,0,22
2020-10-08,575,Noordwijk,Zuid-Holland,28,Overleden,0,3
2020-10-08,579,Oegstgeest,Zuid-Holland,28,Totaal,4,177
2020-10-08,579,Oegstgeest,Zuid-Holland,28,Ziekenhuisopname,0,10
2020-10-08,579,Oegstgeest,Zuid-Holland,28,Overleden,0,3
2020-10-08,589,Oudewater,Utrecht,26,Totaal,4,108
2020-10-08,589,Oudewater,Utrecht,26,Ziekenhuisopname,0,26
2020-10-08,589,Oudewater,Utrecht,26,Overleden,0,9
2020-10-08,590,Papendrecht,Zuid-Holland,28,Totaal,8,220
2020-10-08,590,Papendrecht,Zuid-Holland,28,Ziekenhuisopname,0,9
2020-10-08,590,Papendrecht,Zuid-Holland,28,Overleden,0,8
2020-10-08,597,Ridderkerk,Zuid-Holland,28,Totaal,28,481
2020-10-08,597,Ridderkerk,Zuid-Holland,28,Ziekenhuisopname,0,40
2020-10-08,597,Ridderkerk,Zuid-Holland,28,Overleden,0,18
2020-10-08,599,Rotterdam,Zuid-Holland,28,Totaal,424,12385
2020-10-08,599,Rotterdam,Zuid-Holland,28,Ziekenhuisopname,9,680
2020-10-08,599,Rotterdam,Zuid-Holland,28,Overleden,1,374
2020-10-08,603,Rijswijk,Zuid-Holland,28,Totaal,17,630
2020-10-08,603,Rijswijk,Zuid-Holland,28,Ziekenhuisopname,0,44
2020-10-08,603,Rijswijk,Zuid-Holland,28,Overleden,0,27
2020-10-08,606,Schiedam,Zuid-Holland,28,Totaal,33,1165
2020-10-08,606,Schiedam,Zuid-Holland,28,Ziekenhuisopname,0,64
2020-10-08,606,Schiedam,Zuid-Holland,28,Overleden,1,25
2020-10-08,610,Sliedrecht,Zuid-Holland,28,Totaal,9,177
2020-10-08,610,Sliedrecht,Zuid-Holland,28,Ziekenhuisopname,0,9
2020-10-08,610,Sliedrecht,Zuid-Holland,28,Overleden,0,5
2020-10-08,613,Albrandswaard,Zuid-Holland,28,Totaal,17,344
2020-10-08,613,Albrandswaard,Zuid-Holland,28,Ziekenhuisopname,0,16
2020-10-08,613,Albrandswaard,Zuid-Holland,28,Overleden,0,8
2020-10-08,614,Westvoorne,Zuid-Holland,28,Totaal,3,114
2020-10-08,614,Westvoorne,Zuid-Holland,28,Ziekenhuisopname,0,6
2020-10-08,614,Westvoorne,Zuid-Holland,28,Overleden,0,0
2020-10-08,622,Vlaardingen,Zuid-Holland,28,Totaal,40,1001
2020-10-08,622,Vlaardingen,Zuid-Holland,28,Ziekenhuisopname,0,49
2020-10-08,622,Vlaardingen,Zuid-Holland,28,Overleden,0,30
2020-10-08,626,Voorschoten,Zuid-Holland,28,Totaal,8,195
2020-10-08,626,Voorschoten,Zuid-Holland,28,Ziekenhuisopname,0,9
2020-10-08,626,Voorschoten,Zuid-Holland,28,Overleden,0,11
2020-10-08,627,Waddinxveen,Zuid-Holland,28,Totaal,3,282
2020-10-08,627,Waddinxveen,Zuid-Holland,28,Ziekenhuisopname,0,20
2020-10-08,627,Waddinxveen,Zuid-Holland,28,Overleden,0,7
2020-10-08,629,Wassenaar,Zuid-Holland,28,Totaal,10,233
2020-10-08,629,Wassenaar,Zuid-Holland,28,Ziekenhuisopname,0,10
2020-10-08,629,Wassenaar,Zuid-Holland,28,Overleden,0,13
2020-10-08,632,Woerden,Utrecht,26,Totaal,14,420
2020-10-08,632,Woerden,Utrecht,26,Ziekenhuisopname,0,55
2020-10-08,632,Woerden,Utrecht,26,Overleden,0,20
2020-10-08,637,Zoetermeer,Zuid-Holland,28,Totaal,55,1251
2020-10-08,637,Zoetermeer,Zuid-Holland,28,Ziekenhuisopname,1,62
2020-10-08,637,Zoetermeer,Zuid-Holland,28,Overleden,0,14
2020-10-08,638,Zoeterwoude,Zuid-Holland,28,Totaal,5,55
2020-10-08,638,Zoeterwoude,Zuid-Holland,28,Ziekenhuisopname,0,3
2020-10-08,638,Zoeterwoude,Zuid-Holland,28,Overleden,0,1
2020-10-08,642,Zwijndrecht,Zuid-Holland,28,Totaal,24,520
2020-10-08,642,Zwijndrecht,Zuid-Holland,28,Ziekenhuisopname,0,27
2020-10-08,642,Zwijndrecht,Zuid-Holland,28,Overleden,0,28
2020-10-08,654,Borsele,Zeeland,29,Totaal,6,81
2020-10-08,654,Borsele,Zeeland,29,Ziekenhuisopname,0,5
2020-10-08,654,Borsele,Zeeland,29,Overleden,0,1
2020-10-08,664,Goes,Zeeland,29,Totaal,11,256
2020-10-08,664,Goes,Zeeland,29,Ziekenhuisopname,0,12
2020-10-08,664,Goes,Zeeland,29,Overleden,0,13
2020-10-08,668,West Maas en Waal,Gelderland,25,Totaal,4,139
2020-10-08,668,West Maas en Waal,Gelderland,25,Ziekenhuisopname,0,21
2020-10-08,668,West Maas en Waal,Gelderland,25,Overleden,0,9
2020-10-08,677,Hulst,Zeeland,29,Totaal,3,96
2020-10-08,677,Hulst,Zeeland,29,Ziekenhuisopname,0,9
2020-10-08,677,Hulst,Zeeland,29,Overleden,0,5
2020-10-08,678,Kapelle,Zeeland,29,Totaal,3,44
2020-10-08,678,Kapelle,Zeeland,29,Ziekenhuisopname,0,3
2020-10-08,678,Kapelle,Zeeland,29,Overleden,0,1
2020-10-08,687,Middelburg,Zeeland,29,Totaal,3,199
2020-10-08,687,Middelburg,Zeeland,29,Ziekenhuisopname,0,19
2020-10-08,687,Middelburg,Zeeland,29,Overleden,0,10
2020-10-08,703,Reimerswaal,Zeeland,29,Totaal,5,79
2020-10-08,703,Reimerswaal,Zeeland,29,Ziekenhuisopname,0,5
2020-10-08,703,Reimerswaal,Zeeland,29,Overleden,0,2
2020-10-08,715,Terneuzen,Zeeland,29,Totaal,5,220
2020-10-08,715,Terneuzen,Zeeland,29,Ziekenhuisopname,0,25
2020-10-08,715,Terneuzen,Zeeland,29,Overleden,0,4
2020-10-08,716,Tholen,Zeeland,29,Totaal,8,233
2020-10-08,716,Tholen,Zeeland,29,Ziekenhuisopname,0,40
2020-10-08,716,Tholen,Zeeland,29,Overleden,0,16
2020-10-08,717,Veere,Zeeland,29,Totaal,3,71
2020-10-08,717,Veere,Zeeland,29,Ziekenhuisopname,0,6
2020-10-08,717,Veere,Zeeland,29,Overleden,0,2
2020-10-08,718,Vlissingen,Zeeland,29,Totaal,6,159
2020-10-08,718,Vlissingen,Zeeland,29,Ziekenhuisopname,0,9
2020-10-08,718,Vlissingen,Zeeland,29,Overleden,0,5
2020-10-08,736,De Ronde Venen,Utrecht,26,Totaal,22,405
2020-10-08,736,De Ronde Venen,Utrecht,26,Ziekenhuisopname,0,41
2020-10-08,736,De Ronde Venen,Utrecht,26,Overleden,0,13
2020-10-08,737,Tytsjerksteradiel,Friesland,21,Totaal,5,107
2020-10-08,737,Tytsjerksteradiel,Friesland,21,Ziekenhuisopname,0,6
2020-10-08,737,Tytsjerksteradiel,Friesland,21,Overleden,0,1
2020-10-08,743,Asten,Noord-Brabant,30,Totaal,7,136
2020-10-08,743,Asten,Noord-Brabant,30,Ziekenhuisopname,0,18
2020-10-08,743,Asten,Noord-Brabant,30,Overleden,0,12
2020-10-08,744,Baarle-Nassau,Noord-Brabant,30,Totaal,0,44
2020-10-08,744,Baarle-Nassau,Noord-Brabant,30,Ziekenhuisopname,0,9
2020-10-08,744,Baarle-Nassau,Noord-Brabant,30,Overleden,0,2
2020-10-08,748,Bergen op Zoom,Noord-Brabant,30,Totaal,24,771
2020-10-08,748,Bergen op Zoom,Noord-Brabant,30,Ziekenhuisopname,1,32
2020-10-08,748,Bergen op Zoom,Noord-Brabant,30,Overleden,0,13
2020-10-08,753,Best,Noord-Brabant,30,Totaal,5,188
2020-10-08,753,Best,Noord-Brabant,30,Ziekenhuisopname,0,31
2020-10-08,753,Best,Noord-Brabant,30,Overleden,0,11
2020-10-08,755,Boekel,Noord-Brabant,30,Totaal,1,106
2020-10-08,755,Boekel,Noord-Brabant,30,Ziekenhuisopname,0,34
2020-10-08,755,Boekel,Noord-Brabant,30,Overleden,0,20
2020-10-08,756,Boxmeer,Noord-Brabant,30,Totaal,8,215
2020-10-08,756,Boxmeer,Noord-Brabant,30,Ziekenhuisopname,0,20
2020-10-08,756,Boxmeer,Noord-Brabant,30,Overleden,0,28
2020-10-08,757,Boxtel,Noord-Brabant,30,Totaal,2,204
2020-10-08,757,Boxtel,Noord-Brabant,30,Ziekenhuisopname,0,24
2020-10-08,757,Boxtel,Noord-Brabant,30,Overleden,0,26
2020-10-08,758,Breda,Noord-Brabant,30,Totaal,48,1541
2020-10-08,758,Breda,Noord-Brabant,30,Ziekenhuisopname,0,154
2020-10-08,758,Breda,Noord-Brabant,30,Overleden,0,69
2020-10-08,762,Deurne,Noord-Brabant,30,Totaal,7,329
2020-10-08,762,Deurne,Noord-Brabant,30,Ziekenhuisopname,0,56
2020-10-08,762,Deurne,Noord-Brabant,30,Overleden,0,25
2020-10-08,765,Pekela,Groningen,20,Totaal,1,17
2020-10-08,765,Pekela,Groningen,20,Ziekenhuisopname,0,4
2020-10-08,765,Pekela,Groningen,20,Overleden,0,0
2020-10-08,766,Dongen,Noord-Brabant,30,Totaal,14,180
2020-10-08,766,Dongen,Noord-Brabant,30,Ziekenhuisopname,0,21
2020-10-08,766,Dongen,Noord-Brabant,30,Overleden,0,13
2020-10-08,770,Eersel,Noord-Brabant,30,Totaal,4,223
2020-10-08,770,Eersel,Noord-Brabant,30,Ziekenhuisopname,0,27
2020-10-08,770,Eersel,Noord-Brabant,30,Overleden,0,10
2020-10-08,772,Eindhoven,Noord-Brabant,30,Totaal,73,1812
2020-10-08,772,Eindhoven,Noord-Brabant,30,Ziekenhuisopname,0,189
2020-10-08,772,Eindhoven,Noord-Brabant,30,Overleden,0,92
2020-10-08,777,Etten-Leur,Noord-Brabant,30,Totaal,5,368
2020-10-08,777,Etten-Leur,Noord-Brabant,30,Ziekenhuisopname,0,43
2020-10-08,777,Etten-Leur,Noord-Brabant,30,Overleden,0,30
2020-10-08,779,Geertruidenberg,Noord-Brabant,30,Totaal,4,109
2020-10-08,779,Geertruidenberg,Noord-Brabant,30,Ziekenhuisopname,0,12
2020-10-08,779,Geertruidenberg,Noord-Brabant,30,Overleden,0,6
2020-10-08,784,Gilze en Rijen,Noord-Brabant,30,Totaal,5,196
2020-10-08,784,Gilze en Rijen,Noord-Brabant,30,Ziekenhuisopname,0,20
2020-10-08,784,Gilze en Rijen,Noord-Brabant,30,Overleden,0,15
2020-10-08,785,Goirle,Noord-Brabant,30,Totaal,10,229
2020-10-08,785,Goirle,Noord-Brabant,30,Ziekenhuisopname,0,32
2020-10-08,785,Goirle,Noord-Brabant,30,Overleden,0,19
2020-10-08,786,Grave,Noord-Brabant,30,Totaal,3,123
2020-10-08,786,Grave,Noord-Brabant,30,Ziekenhuisopname,0,21
2020-10-08,786,Grave,Noord-Brabant,30,Overleden,0,11
2020-10-08,788,Haaren,Noord-Brabant,30,Totaal,2,100
2020-10-08,788,Haaren,Noord-Brabant,30,Ziekenhuisopname,0,19
2020-10-08,788,Haaren,Noord-Brabant,30,Overleden,0,8
2020-10-08,794,Helmond,Noord-Brabant,30,Totaal,47,991
2020-10-08,794,Helmond,Noord-Brabant,30,Ziekenhuisopname,0,118
2020-10-08,794,Helmond,Noord-Brabant,30,Overleden,0,45
2020-10-08,796,'s-Hertogenbosch,Noord-Brabant,30,Totaal,50,1251
2020-10-08,796,'s-Hertogenbosch,Noord-Brabant,30,Ziekenhuisopname,1,137
2020-10-08,796,'s-Hertogenbosch,Noord-Brabant,30,Overleden,1,80
2020-10-08,797,Heusden,Noord-Brabant,30,Totaal,12,351
2020-10-08,797,Heusden,Noord-Brabant,30,Ziekenhuisopname,0,45
2020-10-08,797,Heusden,Noord-Brabant,30,Overleden,0,25
2020-10-08,798,Hilvarenbeek,Noord-Brabant,30,Totaal,2,133
2020-10-08,798,Hilvarenbeek,Noord-Brabant,30,Ziekenhuisopname,0,10
2020-10-08,798,Hilvarenbeek,Noord-Brabant,30,Overleden,0,7
2020-10-08,809,Loon op Zand,Noord-Brabant,30,Totaal,13,173
2020-10-08,809,Loon op Zand,Noord-Brabant,30,Ziekenhuisopname,0,27
2020-10-08,809,Loon op Zand,Noord-Brabant,30,Overleden,0,7
2020-10-08,815,Mill en Sint Hubert,Noord-Brabant,30,Totaal,5,99
2020-10-08,815,Mill en Sint Hubert,Noord-Brabant,30,Ziekenhuisopname,0,9
2020-10-08,815,Mill en Sint Hubert,Noord-Brabant,30,Overleden,0,5
2020-10-08,820,"Nuenen, Gerwen en Nederwetten",Noord-Brabant,30,Totaal,9,180
2020-10-08,820,"Nuenen, Gerwen en Nederwetten",Noord-Brabant,30,Ziekenhuisopname,0,18
2020-10-08,820,"Nuenen, Gerwen en Nederwetten",Noord-Brabant,30,Overleden,0,9
2020-10-08,823,Oirschot,Noord-Brabant,30,Totaal,4,177
2020-10-08,823,Oirschot,Noord-Brabant,30,Ziekenhuisopname,0,13
2020-10-08,823,Oirschot,Noord-Brabant,30,Overleden,0,9
2020-10-08,824,Oisterwijk,Noord-Brabant,30,Totaal,6,159
2020-10-08,824,Oisterwijk,Noord-Brabant,30,Ziekenhuisopname,0,24
2020-10-08,824,Oisterwijk,Noord-Brabant,30,Overleden,0,11
2020-10-08,826,Oosterhout,Noord-Brabant,30,Totaal,12,381
2020-10-08,826,Oosterhout,Noord-Brabant,30,Ziekenhuisopname,0,51
2020-10-08,826,Oosterhout,Noord-Brabant,30,Overleden,0,17
2020-10-08,828,Oss,Noord-Brabant,30,Totaal,31,1067
2020-10-08,828,Oss,Noord-Brabant,30,Ziekenhuisopname,0,170
2020-10-08,828,Oss,Noord-Brabant,30,Overleden,0,88
2020-10-08,840,Rucphen,Noord-Brabant,30,Totaal,19,195
2020-10-08,840,Rucphen,Noord-Brabant,30,Ziekenhuisopname,0,11
2020-10-08,840,Rucphen,Noord-Brabant,30,Overleden,0,10
2020-10-08,845,Sint-Michielsgestel,Noord-Brabant,30,Totaal,6,263
2020-10-08,845,Sint-Michielsgestel,Noord-Brabant,30,Ziekenhuisopname,0,36
2020-10-08,845,Sint-Michielsgestel,Noord-Brabant,30,Overleden,0,19
2020-10-08,847,Someren,Noord-Brabant,30,Totaal,3,136
2020-10-08,847,Someren,Noord-Brabant,30,Ziekenhuisopname,0,33
2020-10-08,847,Someren,Noord-Brabant,30,Overleden,0,8
2020-10-08,848,Son en Breugel,Noord-Brabant,30,Totaal,4,128
2020-10-08,848,Son en Breugel,Noord-Brabant,30,Ziekenhuisopname,0,31
2020-10-08,848,Son en Breugel,Noord-Brabant,30,Overleden,0,14
2020-10-08,851,Steenbergen,Noord-Brabant,30,Totaal,6,183
2020-10-08,851,Steenbergen,Noord-Brabant,30,Ziekenhuisopname,0,13
2020-10-08,851,Steenbergen,Noord-Brabant,30,Overleden,0,13
2020-10-08,852,Waterland,Noord-Holland,27,Totaal,11,134
2020-10-08,852,Waterland,Noord-Holland,27,Ziekenhuisopname,0,16
2020-10-08,852,Waterland,Noord-Holland,27,Overleden,0,4
2020-10-08,855,Tilburg,Noord-Brabant,30,Totaal,78,2105
2020-10-08,855,Tilburg,Noord-Brabant,30,Ziekenhuisopname,1,259
2020-10-08,855,Tilburg,Noord-Brabant,30,Overleden,0,168
2020-10-08,856,Uden,Noord-Brabant,30,Totaal,4,367
2020-10-08,856,Uden,Noord-Brabant,30,Ziekenhuisopname,0,115
2020-10-08,856,Uden,Noord-Brabant,30,Overleden,0,63
2020-10-08,858,Valkenswaard,Noord-Brabant,30,Totaal,12,302
2020-10-08,858,Valkenswaard,Noord-Brabant,30,Ziekenhuisopname,0,19
2020-10-08,858,Valkenswaard,Noord-Brabant,30,Overleden,0,37
2020-10-08,861,Veldhoven,Noord-Brabant,30,Totaal,13,354
2020-10-08,861,Veldhoven,Noord-Brabant,30,Ziekenhuisopname,0,31
2020-10-08,861,Veldhoven,Noord-Brabant,30,Overleden,0,16
2020-10-08,865,Vught,Noord-Brabant,30,Totaal,9,203
2020-10-08,865,Vught,Noord-Brabant,30,Ziekenhuisopname,0,44
2020-10-08,865,Vught,Noord-Brabant,30,Overleden,0,17
2020-10-08,866,Waalre,Noord-Brabant,30,Totaal,5,116
2020-10-08,866,Waalre,Noord-Brabant,30,Ziekenhuisopname,0,7
2020-10-08,866,Waalre,Noord-Brabant,30,Overleden,0,5
2020-10-08,867,Waalwijk,Noord-Brabant,30,Totaal,11,394
2020-10-08,867,Waalwijk,Noord-Brabant,30,Ziekenhuisopname,0,40
2020-10-08,867,Waalwijk,Noord-Brabant,30,Overleden,0,37
2020-10-08,873,Woensdrecht,Noord-Brabant,30,Totaal,12,151
2020-10-08,873,Woensdrecht,Noord-Brabant,30,Ziekenhuisopname,0,7
2020-10-08,873,Woensdrecht,Noord-Brabant,30,Overleden,0,7
2020-10-08,879,Zundert,Noord-Brabant,30,Totaal,4,179
2020-10-08,879,Zundert,Noord-Brabant,30,Ziekenhuisopname,0,24
2020-10-08,879,Zundert,Noord-Brabant,30,Overleden,0,11
2020-10-08,880,Wormerland,Noord-Holland,27,Totaal,5,107
2020-10-08,880,Wormerland,Noord-Holland,27,Ziekenhuisopname,0,20
2020-10-08,880,Wormerland,Noord-Holland,27,Overleden,0,6
2020-10-08,882,Landgraaf,Limburg,31,Totaal,6,203
2020-10-08,882,Landgraaf,Limburg,31,Ziekenhuisopname,1,53
2020-10-08,882,Landgraaf,Limburg,31,Overleden,0,14
2020-10-08,888,Beek,Limburg,31,Totaal,2,68
2020-10-08,888,Beek,Limburg,31,Ziekenhuisopname,0,16
2020-10-08,888,Beek,Limburg,31,Overleden,0,6
2020-10-08,889,Beesel,Limburg,31,Totaal,0,63
2020-10-08,889,Beesel,Limburg,31,Ziekenhuisopname,0,20
2020-10-08,889,Beesel,Limburg,31,Overleden,0,8
2020-10-08,893,Bergen (L.),Limburg,31,Totaal,2,65
2020-10-08,893,Bergen (L.),Limburg,31,Ziekenhuisopname,0,7
2020-10-08,893,Bergen (L.),Limburg,31,Overleden,0,2
2020-10-08,899,Brunssum,Limburg,31,Totaal,2,193
2020-10-08,899,Brunssum,Limburg,31,Ziekenhuisopname,0,46
2020-10-08,899,Brunssum,Limburg,31,Overleden,0,19
2020-10-08,907,Gennep,Limburg,31,Totaal,3,121
2020-10-08,907,Gennep,Limburg,31,Ziekenhuisopname,0,17
2020-10-08,907,Gennep,Limburg,31,Overleden,0,10
2020-10-08,917,Heerlen,Limburg,31,Totaal,2,582
2020-10-08,917,Heerlen,Limburg,31,Ziekenhuisopname,0,126
2020-10-08,917,Heerlen,Limburg,31,Overleden,0,54
2020-10-08,928,Kerkrade,Limburg,31,Totaal,2,300
2020-10-08,928,Kerkrade,Limburg,31,Ziekenhuisopname,0,64
2020-10-08,928,Kerkrade,Limburg,31,Overleden,0,35
2020-10-08,935,Maastricht,Limburg,31,Totaal,30,1299
2020-10-08,935,Maastricht,Limburg,31,Ziekenhuisopname,0,193
2020-10-08,935,Maastricht,Limburg,31,Overleden,0,140
2020-10-08,938,Meerssen,Limburg,31,Totaal,1,153
2020-10-08,938,Meerssen,Limburg,31,Ziekenhuisopname,0,23
2020-10-08,938,Meerssen,Limburg,31,Overleden,0,13
2020-10-08,944,Mook en Middelaar,Limburg,31,Totaal,3,86
2020-10-08,944,Mook en Middelaar,Limburg,31,Ziekenhuisopname,0,7
2020-10-08,944,Mook en Middelaar,Limburg,31,Overleden,0,5
2020-10-08,946,Nederweert,Limburg,31,Totaal,5,104
2020-10-08,946,Nederweert,Limburg,31,Ziekenhuisopname,0,31
2020-10-08,946,Nederweert,Limburg,31,Overleden,0,7
2020-10-08,957,Roermond,Limburg,31,Totaal,8,307
2020-10-08,957,Roermond,Limburg,31,Ziekenhuisopname,1,62
2020-10-08,957,Roermond,Limburg,31,Overleden,0,23
2020-10-08,965,Simpelveld,Limburg,31,Totaal,2,61
2020-10-08,965,Simpelveld,Limburg,31,Ziekenhuisopname,0,19
2020-10-08,965,Simpelveld,Limburg,31,Overleden,0,5
2020-10-08,971,Stein,Limburg,31,Totaal,1,153
2020-10-08,971,Stein,Limburg,31,Ziekenhuisopname,0,44
2020-10-08,971,Stein,Limburg,31,Overleden,0,15
2020-10-08,981,Vaals,Limburg,31,Totaal,0,38
2020-10-08,981,Vaals,Limburg,31,Ziekenhuisopname,0,10
2020-10-08,981,Vaals,Limburg,31,Overleden,0,2
2020-10-08,983,Venlo,Limburg,31,Totaal,25,760
2020-10-08,983,Venlo,Limburg,31,Ziekenhuisopname,0,135
2020-10-08,983,Venlo,Limburg,31,Overleden,0,67
2020-10-08,984,Venray,Limburg,31,Totaal,9,288
2020-10-08,984,Venray,Limburg,31,Ziekenhuisopname,0,37
2020-10-08,984,Venray,Limburg,31,Overleden,1,18
2020-10-08,986,Voerendaal,Limburg,31,Totaal,0,65
2020-10-08,986,Voerendaal,Limburg,31,Ziekenhuisopname,0,17
2020-10-08,986,Voerendaal,Limburg,31,Overleden,0,8
2020-10-08,988,Weert,Limburg,31,Totaal,17,285
2020-10-08,988,Weert,Limburg,31,Ziekenhuisopname,0,68
2020-10-08,988,Weert,Limburg,31,Overleden,0,16
2020-10-08,994,Valkenburg aan de Geul,Limburg,31,Totaal,2,112
2020-10-08,994,Valkenburg aan de Geul,Limburg,31,Ziekenhuisopname,0,19
2020-10-08,994,Valkenburg aan de Geul,Limburg,31,Overleden,0,7
2020-10-08,995,Lelystad,Flevoland,24,Totaal,11,484
2020-10-08,995,Lelystad,Flevoland,24,Ziekenhuisopname,0,72
2020-10-08,995,Lelystad,Flevoland,24,Overleden,0,31
2020-10-08,1507,Horst aan de Maas,Limburg,31,Totaal,10,257
2020-10-08,1507,Horst aan de Maas,Limburg,31,Ziekenhuisopname,0,41
2020-10-08,1507,Horst aan de Maas,Limburg,31,Overleden,0,27
2020-10-08,1509,Oude IJsselstreek,Gelderland,25,Totaal,15,207
2020-10-08,1509,Oude IJsselstreek,Gelderland,25,Ziekenhuisopname,0,21
2020-10-08,1509,Oude IJsselstreek,Gelderland,25,Overleden,0,9
2020-10-08,1525,Teylingen,Zuid-Holland,28,Totaal,8,279
2020-10-08,1525,Teylingen,Zuid-Holland,28,Ziekenhuisopname,0,17
2020-10-08,1525,Teylingen,Zuid-Holland,28,Overleden,0,2
2020-10-08,1581,Utrechtse Heuvelrug,Utrecht,26,Totaal,16,360
2020-10-08,1581,Utrechtse Heuvelrug,Utrecht,26,Ziekenhuisopname,0,29
2020-10-08,1581,Utrechtse Heuvelrug,Utrecht,26,Overleden,0,14
2020-10-08,1586,Oost Gelre,Gelderland,25,Totaal,14,195
2020-10-08,1586,Oost Gelre,Gelderland,25,Ziekenhuisopname,0,18
2020-10-08,1586,Oost Gelre,Gelderland,25,Overleden,0,6
2020-10-08,1598,Koggenland,Noord-Holland,27,Totaal,3,136
2020-10-08,1598,Koggenland,Noord-Holland,27,Ziekenhuisopname,0,7
2020-10-08,1598,Koggenland,Noord-Holland,27,Overleden,0,7
2020-10-08,1621,Lansingerland,Zuid-Holland,28,Totaal,30,726
2020-10-08,1621,Lansingerland,Zuid-Holland,28,Ziekenhuisopname,2,46
2020-10-08,1621,Lansingerland,Zuid-Holland,28,Overleden,1,27
2020-10-08,1640,Leudal,Limburg,31,Totaal,0,242
2020-10-08,1640,Leudal,Limburg,31,Ziekenhuisopname,0,54
2020-10-08,1640,Leudal,Limburg,31,Overleden,0,33
2020-10-08,1641,Maasgouw,Limburg,31,Totaal,2,149
2020-10-08,1641,Maasgouw,Limburg,31,Ziekenhuisopname,0,28
2020-10-08,1641,Maasgouw,Limburg,31,Overleden,0,15
2020-10-08,1652,Gemert-Bakel,Noord-Brabant,30,Totaal,7,305
2020-10-08,1652,Gemert-Bakel,Noord-Brabant,30,Ziekenhuisopname,0,79
2020-10-08,1652,Gemert-Bakel,Noord-Brabant,30,Overleden,0,32
2020-10-08,1655,Halderberge,Noord-Brabant,30,Totaal,10,222
2020-10-08,1655,Halderberge,Noord-Brabant,30,Ziekenhuisopname,0,16
2020-10-08,1655,Halderberge,Noord-Brabant,30,Overleden,0,8
2020-10-08,1658,Heeze-Leende,Noord-Brabant,30,Totaal,5,126
2020-10-08,1658,Heeze-Leende,Noord-Brabant,30,Ziekenhuisopname,0,16
2020-10-08,1658,Heeze-Leende,Noord-Brabant,30,Overleden,0,8
2020-10-08,1659,Laarbeek,Noord-Brabant,30,Totaal,10,202
2020-10-08,1659,Laarbeek,Noord-Brabant,30,Ziekenhuisopname,0,41
2020-10-08,1659,Laarbeek,Noord-Brabant,30,Overleden,0,26
2020-10-08,1667,Reusel-De Mierden,Noord-Brabant,30,Totaal,15,189
2020-10-08,1667,Reusel-De Mierden,Noord-Brabant,30,Ziekenhuisopname,0,12
2020-10-08,1667,Reusel-De Mierden,Noord-Brabant,30,Overleden,0,2
2020-10-08,1669,Roerdalen,Limburg,31,Totaal,1,79
2020-10-08,1669,Roerdalen,Limburg,31,Ziekenhuisopname,0,27
2020-10-08,1669,Roerdalen,Limburg,31,Overleden,0,8
2020-10-08,1674,Roosendaal,Noord-Brabant,30,Totaal,22,649
2020-10-08,1674,Roosendaal,Noord-Brabant,30,Ziekenhuisopname,1,36
2020-10-08,1674,Roosendaal,Noord-Brabant,30,Overleden,0,24
2020-10-08,1676,Schouwen-Duiveland,Zeeland,29,Totaal,5,170
2020-10-08,1676,Schouwen-Duiveland,Zeeland,29,Ziekenhuisopname,0,12
2020-10-08,1676,Schouwen-Duiveland,Zeeland,29,Overleden,0,9
2020-10-08,1680,Aa en Hunze,Drenthe,22,Totaal,6,73
2020-10-08,1680,Aa en Hunze,Drenthe,22,Ziekenhuisopname,0,1
2020-10-08,1680,Aa en Hunze,Drenthe,22,Overleden,0,0
2020-10-08,1681,Borger-Odoorn,Drenthe,22,Totaal,4,56
2020-10-08,1681,Borger-Odoorn,Drenthe,22,Ziekenhuisopname,0,4
2020-10-08,1681,Borger-Odoorn,Drenthe,22,Overleden,0,4
2020-10-08,1684,Cuijk,Noord-Brabant,30,Totaal,5,158
2020-10-08,1684,Cuijk,Noord-Brabant,30,Ziekenhuisopname,0,12
2020-10-08,1684,Cuijk,Noord-Brabant,30,Overleden,0,10
2020-10-08,1685,Landerd,Noord-Brabant,30,Totaal,10,218
2020-10-08,1685,Landerd,Noord-Brabant,30,Ziekenhuisopname,0,42
2020-10-08,1685,Landerd,Noord-Brabant,30,Overleden,0,21
2020-10-08,1690,De Wolden,Drenthe,22,Totaal,6,87
2020-10-08,1690,De Wolden,Drenthe,22,Ziekenhuisopname,0,11
2020-10-08,1690,De Wolden,Drenthe,22,Overleden,0,5
2020-10-08,1695,Noord-Beveland,Zeeland,29,Totaal,4,30
2020-10-08,1695,Noord-Beveland,Zeeland,29,Ziekenhuisopname,0,1
2020-10-08,1695,Noord-Beveland,Zeeland,29,Overleden,0,0
2020-10-08,1696,Wijdemeren,Noord-Holland,27,Totaal,7,170
2020-10-08,1696,Wijdemeren,Noord-Holland,27,Ziekenhuisopname,0,9
2020-10-08,1696,Wijdemeren,Noord-Holland,27,Overleden,0,0
2020-10-08,1699,Noordenveld,Drenthe,22,Totaal,14,123
2020-10-08,1699,Noordenveld,Drenthe,22,Ziekenhuisopname,0,4
2020-10-08,1699,Noordenveld,Drenthe,22,Overleden,1,13
2020-10-08,1700,Twenterand,Overijssel,23,Totaal,3,102
2020-10-08,1700,Twenterand,Overijssel,23,Ziekenhuisopname,0,12
2020-10-08,1700,Twenterand,Overijssel,23,Overleden,0,2
2020-10-08,1701,Westerveld,Drenthe,22,Totaal,3,58
2020-10-08,1701,Westerveld,Drenthe,22,Ziekenhuisopname,0,9
2020-10-08,1701,Westerveld,Drenthe,22,Overleden,0,4
2020-10-08,1702,Sint Anthonis,Noord-Brabant,30,Totaal,2,102
2020-10-08,1702,Sint Anthonis,Noord-Brabant,30,Ziekenhuisopname,0,20
2020-10-08,1702,Sint Anthonis,Noord-Brabant,30,Overleden,0,11
2020-10-08,1705,Lingewaard,Gelderland,25,Totaal,11,329
2020-10-08,1705,Lingewaard,Gelderland,25,Ziekenhuisopname,1,36
2020-10-08,1705,Lingewaard,Gelderland,25,Overleden,0,10
2020-10-08,1706,Cranendonck,Noord-Brabant,30,Totaal,8,273
2020-10-08,1706,Cranendonck,Noord-Brabant,30,Ziekenhuisopname,0,63
2020-10-08,1706,Cranendonck,Noord-Brabant,30,Overleden,0,36
2020-10-08,1708,Steenwijkerland,Overijssel,23,Totaal,9,215
2020-10-08,1708,Steenwijkerland,Overijssel,23,Ziekenhuisopname,0,14
2020-10-08,1708,Steenwijkerland,Overijssel,23,Overleden,0,8
2020-10-08,1709,Moerdijk,Noord-Brabant,30,Totaal,9,226
2020-10-08,1709,Moerdijk,Noord-Brabant,30,Ziekenhuisopname,0,17
2020-10-08,1709,Moerdijk,Noord-Brabant,30,Overleden,0,8
2020-10-08,1711,Echt-Susteren,Limburg,31,Totaal,0,124
2020-10-08,1711,Echt-Susteren,Limburg,31,Ziekenhuisopname,0,40
2020-10-08,1711,Echt-Susteren,Limburg,31,Overleden,0,18
2020-10-08,1714,Sluis,Zeeland,29,Totaal,0,36
2020-10-08,1714,Sluis,Zeeland,29,Ziekenhuisopname,0,9
2020-10-08,1714,Sluis,Zeeland,29,Overleden,0,4
2020-10-08,1719,Drimmelen,Noord-Brabant,30,Totaal,2,161
2020-10-08,1719,Drimmelen,Noord-Brabant,30,Ziekenhuisopname,0,20
2020-10-08,1719,Drimmelen,Noord-Brabant,30,Overleden,0,9
2020-10-08,1721,Bernheze,Noord-Brabant,30,Totaal,12,397
2020-10-08,1721,Bernheze,Noord-Brabant,30,Ziekenhuisopname,0,95
2020-10-08,1721,Bernheze,Noord-Brabant,30,Overleden,0,65
2020-10-08,1723,Alphen-Chaam,Noord-Brabant,30,Totaal,4,90
2020-10-08,1723,Alphen-Chaam,Noord-Brabant,30,Ziekenhuisopname,0,18
2020-10-08,1723,Alphen-Chaam,Noord-Brabant,30,Overleden,0,5
2020-10-08,1724,Bergeijk,Noord-Brabant,30,Totaal,7,219
2020-10-08,1724,Bergeijk,Noord-Brabant,30,Ziekenhuisopname,0,19
2020-10-08,1724,Bergeijk,Noord-Brabant,30,Overleden,0,5
2020-10-08,1728,Bladel,Noord-Brabant,30,Totaal,22,330
2020-10-08,1728,Bladel,Noord-Brabant,30,Ziekenhuisopname,0,21
2020-10-08,1728,Bladel,Noord-Brabant,30,Overleden,0,9
2020-10-08,1729,Gulpen-Wittem,Limburg,31,Totaal,3,122
2020-10-08,1729,Gulpen-Wittem,Limburg,31,Ziekenhuisopname,0,22
2020-10-08,1729,Gulpen-Wittem,Limburg,31,Overleden,0,15
2020-10-08,1730,Tynaarlo,Drenthe,22,Totaal,4,105
2020-10-08,1730,Tynaarlo,Drenthe,22,Ziekenhuisopname,0,9
2020-10-08,1730,Tynaarlo,Drenthe,22,Overleden,0,0
2020-10-08,1731,Midden-Drenthe,Drenthe,22,Totaal,2,65
2020-10-08,1731,Midden-Drenthe,Drenthe,22,Ziekenhuisopname,0,6
2020-10-08,1731,Midden-Drenthe,Drenthe,22,Overleden,0,0
2020-10-08,1734,Overbetuwe,Gelderland,25,Totaal,10,348
2020-10-08,1734,Overbetuwe,Gelderland,25,Ziekenhuisopname,0,56
2020-10-08,1734,Overbetuwe,Gelderland,25,Overleden,0,16
2020-10-08,1735,Hof van Twente,Overijssel,23,Totaal,19,200
2020-10-08,1735,Hof van Twente,Overijssel,23,Ziekenhuisopname,0,15
2020-10-08,1735,Hof van Twente,Overijssel,23,Overleden,0,5
2020-10-08,1740,Neder-Betuwe,Gelderland,25,Totaal,13,200
2020-10-08,1740,Neder-Betuwe,Gelderland,25,Ziekenhuisopname,0,39
2020-10-08,1740,Neder-Betuwe,Gelderland,25,Overleden,0,21
2020-10-08,1742,Rijssen-Holten,Overijssel,23,Totaal,11,304
2020-10-08,1742,Rijssen-Holten,Overijssel,23,Ziekenhuisopname,0,29
2020-10-08,1742,Rijssen-Holten,Overijssel,23,Overleden,0,25
2020-10-08,1771,Geldrop-Mierlo,Noord-Brabant,30,Totaal,12,258
2020-10-08,1771,Geldrop-Mierlo,Noord-Brabant,30,Ziekenhuisopname,0,33
2020-10-08,1771,Geldrop-Mierlo,Noord-Brabant,30,Overleden,0,16
2020-10-08,1773,Olst-Wijhe,Overijssel,23,Totaal,6,100
2020-10-08,1773,Olst-Wijhe,Overijssel,23,Ziekenhuisopname,0,12
2020-10-08,1773,Olst-Wijhe,Overijssel,23,Overleden,0,8
2020-10-08,1774,Dinkelland,Overijssel,23,Totaal,14,177
2020-10-08,1774,Dinkelland,Overijssel,23,Ziekenhuisopname,0,20
2020-10-08,1774,Dinkelland,Overijssel,23,Overleden,0,10
2020-10-08,1783,Westland,Zuid-Holland,28,Totaal,56,1027
2020-10-08,1783,Westland,Zuid-Holland,28,Ziekenhuisopname,1,65
2020-10-08,1783,Westland,Zuid-Holland,28,Overleden,0,30
2020-10-08,1842,Midden-Delfland,Zuid-Holland,28,Totaal,10,142
2020-10-08,1842,Midden-Delfland,Zuid-Holland,28,Ziekenhuisopname,0,5
2020-10-08,1842,Midden-Delfland,Zuid-Holland,28,Overleden,0,0
2020-10-08,1859,Berkelland,Gelderland,25,Totaal,17,221
2020-10-08,1859,Berkelland,Gelderland,25,Ziekenhuisopname,0,14
2020-10-08,1859,Berkelland,Gelderland,25,Overleden,0,7
2020-10-08,1876,Bronckhorst,Gelderland,25,Totaal,10,174
2020-10-08,1876,Bronckhorst,Gelderland,25,Ziekenhuisopname,0,17
2020-10-08,1876,Bronckhorst,Gelderland,25,Overleden,0,7
2020-10-08,1883,Sittard-Geleen,Limburg,31,Totaal,11,590
2020-10-08,1883,Sittard-Geleen,Limburg,31,Ziekenhuisopname,0,120
2020-10-08,1883,Sittard-Geleen,Limburg,31,Overleden,0,64
2020-10-08,1884,Kaag en Braassem,Zuid-Holland,28,Totaal,5,144
2020-10-08,1884,Kaag en Braassem,Zuid-Holland,28,Ziekenhuisopname,0,8
2020-10-08,1884,Kaag en Braassem,Zuid-Holland,28,Overleden,0,3
2020-10-08,1891,Dantumadiel,Friesland,21,Totaal,5,73
2020-10-08,1891,Dantumadiel,Friesland,21,Ziekenhuisopname,0,2
2020-10-08,1891,Dantumadiel,Friesland,21,Overleden,0,0
2020-10-08,1892,Zuidplas,Zuid-Holland,28,Totaal,15,573
2020-10-08,1892,Zuidplas,Zuid-Holland,28,Ziekenhuisopname,0,28
2020-10-08,1892,Zuidplas,Zuid-Holland,28,Overleden,0,21
2020-10-08,1894,Peel en Maas,Limburg,31,Totaal,13,363
2020-10-08,1894,Peel en Maas,Limburg,31,Ziekenhuisopname,0,144
2020-10-08,1894,Peel en Maas,Limburg,31,Overleden,0,65
2020-10-08,1895,Oldambt,Groningen,20,Totaal,7,102
2020-10-08,1895,Oldambt,Groningen,20,Ziekenhuisopname,0,8
2020-10-08,1895,Oldambt,Groningen,20,Overleden,0,3
2020-10-08,1896,Zwartewaterland,Overijssel,23,Totaal,1,198
2020-10-08,1896,Zwartewaterland,Overijssel,23,Ziekenhuisopname,0,35
2020-10-08,1896,Zwartewaterland,Overijssel,23,Overleden,0,21
2020-10-08,1900,Sdwest-Frysln,Friesland,21,Totaal,15,292
2020-10-08,1900,Sdwest-Frysln,Friesland,21,Ziekenhuisopname,0,19
2020-10-08,1900,Sdwest-Frysln,Friesland,21,Overleden,0,6
2020-10-08,1901,Bodegraven-Reeuwijk,Zuid-Holland,28,Totaal,8,284
2020-10-08,1901,Bodegraven-Reeuwijk,Zuid-Holland,28,Ziekenhuisopname,0,9
2020-10-08,1901,Bodegraven-Reeuwijk,Zuid-Holland,28,Overleden,0,8
2020-10-08,1903,Eijsden-Margraten,Limburg,31,Totaal,13,235
2020-10-08,1903,Eijsden-Margraten,Limburg,31,Ziekenhuisopname,0,54
2020-10-08,1903,Eijsden-Margraten,Limburg,31,Overleden,0,27
2020-10-08,1904,Stichtse Vecht,Utrecht,26,Totaal,13,543
2020-10-08,1904,Stichtse Vecht,Utrecht,26,Ziekenhuisopname,0,42
2020-10-08,1904,Stichtse Vecht,Utrecht,26,Overleden,0,14
2020-10-08,1911,Hollands Kroon,Noord-Holland,27,Totaal,6,152
2020-10-08,1911,Hollands Kroon,Noord-Holland,27,Ziekenhuisopname,0,26
2020-10-08,1911,Hollands Kroon,Noord-Holland,27,Overleden,0,6
2020-10-08,1916,Leidschendam-Voorburg,Zuid-Holland,28,Totaal,35,785
2020-10-08,1916,Leidschendam-Voorburg,Zuid-Holland,28,Ziekenhuisopname,0,34
2020-10-08,1916,Leidschendam-Voorburg,Zuid-Holland,28,Overleden,0,24
2020-10-08,1924,Goeree-Overflakkee,Zuid-Holland,28,Totaal,14,480
2020-10-08,1924,Goeree-Overflakkee,Zuid-Holland,28,Ziekenhuisopname,0,56
2020-10-08,1924,Goeree-Overflakkee,Zuid-Holland,28,Overleden,0,35
2020-10-08,1926,Pijnacker-Nootdorp,Zuid-Holland,28,Totaal,28,564
2020-10-08,1926,Pijnacker-Nootdorp,Zuid-Holland,28,Ziekenhuisopname,0,30
2020-10-08,1926,Pijnacker-Nootdorp,Zuid-Holland,28,Overleden,0,17
2020-10-08,1930,Nissewaard,Zuid-Holland,28,Totaal,42,732
2020-10-08,1930,Nissewaard,Zuid-Holland,28,Ziekenhuisopname,2,62
2020-10-08,1930,Nissewaard,Zuid-Holland,28,Overleden,0,22
2020-10-08,1931,Krimpenerwaard,Zuid-Holland,28,Totaal,19,606
2020-10-08,1931,Krimpenerwaard,Zuid-Holland,28,Ziekenhuisopname,0,47
2020-10-08,1931,Krimpenerwaard,Zuid-Holland,28,Overleden,0,35
2020-10-08,1940,De Fryske Marren,Friesland,21,Totaal,13,198
2020-10-08,1940,De Fryske Marren,Friesland,21,Ziekenhuisopname,0,18
2020-10-08,1940,De Fryske Marren,Friesland,21,Overleden,0,6
2020-10-08,1942,Gooise Meren,Noord-Holland,27,Totaal,18,478
2020-10-08,1942,Gooise Meren,Noord-Holland,27,Ziekenhuisopname,0,25
2020-10-08,1942,Gooise Meren,Noord-Holland,27,Overleden,0,15
2020-10-08,1945,Berg en Dal,Gelderland,25,Totaal,23,369
2020-10-08,1945,Berg en Dal,Gelderland,25,Ziekenhuisopname,0,32
2020-10-08,1945,Berg en Dal,Gelderland,25,Overleden,1,20
2020-10-08,1948,Meierijstad,Noord-Brabant,30,Totaal,19,839
2020-10-08,1948,Meierijstad,Noord-Brabant,30,Ziekenhuisopname,0,211
2020-10-08,1948,Meierijstad,Noord-Brabant,30,Overleden,0,131
2020-10-08,1949,Waadhoeke,Friesland,21,Totaal,8,190
2020-10-08,1949,Waadhoeke,Friesland,21,Ziekenhuisopname,0,13
2020-10-08,1949,Waadhoeke,Friesland,21,Overleden,0,15
2020-10-08,1950,Westerwolde,Groningen,20,Totaal,3,55
2020-10-08,1950,Westerwolde,Groningen,20,Ziekenhuisopname,0,5
2020-10-08,1950,Westerwolde,Groningen,20,Overleden,0,1
2020-10-08,1952,Midden-Groningen,Groningen,20,Totaal,7,140
2020-10-08,1952,Midden-Groningen,Groningen,20,Ziekenhuisopname,0,7
2020-10-08,1952,Midden-Groningen,Groningen,20,Overleden,0,4
2020-10-08,1954,Beekdaelen,Limburg,31,Totaal,4,247
2020-10-08,1954,Beekdaelen,Limburg,31,Ziekenhuisopname,0,52
2020-10-08,1954,Beekdaelen,Limburg,31,Overleden,0,23
2020-10-08,1955,Montferland,Gelderland,25,Totaal,6,167
2020-10-08,1955,Montferland,Gelderland,25,Ziekenhuisopname,0,22
2020-10-08,1955,Montferland,Gelderland,25,Overleden,0,9
2020-10-08,1959,Altena,Noord-Brabant,30,Totaal,19,340
2020-10-08,1959,Altena,Noord-Brabant,30,Ziekenhuisopname,1,34
2020-10-08,1959,Altena,Noord-Brabant,30,Overleden,0,11
2020-10-08,1960,West Betuwe,Gelderland,25,Totaal,5,347
2020-10-08,1960,West Betuwe,Gelderland,25,Ziekenhuisopname,0,44
2020-10-08,1960,West Betuwe,Gelderland,25,Overleden,1,28
2020-10-08,1961,Vijfheerenlanden,Utrecht,26,Totaal,17,659
2020-10-08,1961,Vijfheerenlanden,Utrecht,26,Ziekenhuisopname,0,40
2020-10-08,1961,Vijfheerenlanden,Utrecht,26,Overleden,0,43
2020-10-08,1963,Hoeksche Waard,Zuid-Holland,28,Totaal,60,896
2020-10-08,1963,Hoeksche Waard,Zuid-Holland,28,Ziekenhuisopname,0,80
2020-10-08,1963,Hoeksche Waard,Zuid-Holland,28,Overleden,0,21
2020-10-08,1966,Het Hogeland,Groningen,20,Totaal,6,164
2020-10-08,1966,Het Hogeland,Groningen,20,Ziekenhuisopname,0,7
2020-10-08,1966,Het Hogeland,Groningen,20,Overleden,0,3
2020-10-08,1969,Westerkwartier,Groningen,20,Totaal,9,173
2020-10-08,1969,Westerkwartier,Groningen,20,Ziekenhuisopname,0,15
2020-10-08,1969,Westerkwartier,Groningen,20,Overleden,0,4
2020-10-08,1970,Noardeast-Frysln,Friesland,21,Totaal,8,144
2020-10-08,1970,Noardeast-Frysln,Friesland,21,Ziekenhuisopname,0,7
2020-10-08,1970,Noardeast-Frysln,Friesland,21,Overleden,0,4
2020-10-08,1978,Molenlanden,Zuid-Holland,28,Totaal,12,292
2020-10-08,1978,Molenlanden,Zuid-Holland,28,Ziekenhuisopname,0,20
2020-10-08,1978,Molenlanden,Zuid-Holland,28,Overleden,0,9
