Datum,Gemeentecode,Gemeentenaam,Provincienaam,Provinciecode,Type,Aantal,AantalCumulatief
2020-10-26,-1,,,-1,Totaal,52,2140
2020-10-26,-1,,,-1,Ziekenhuisopname,1,85
2020-10-26,-1,,,-1,Overleden,-1,22
2020-10-26,3,Appingedam,Groningen,20,Totaal,0,45
2020-10-26,3,Appingedam,Groningen,20,Ziekenhuisopname,0,7
2020-10-26,3,Appingedam,Groningen,20,Overleden,0,0
2020-10-26,10,Delfzijl,Groningen,20,Totaal,5,125
2020-10-26,10,Delfzijl,Groningen,20,Ziekenhuisopname,0,7
2020-10-26,10,Delfzijl,Groningen,20,Overleden,0,0
2020-10-26,14,Groningen,Groningen,20,Totaal,47,3200
2020-10-26,14,Groningen,Groningen,20,Ziekenhuisopname,0,32
2020-10-26,14,Groningen,Groningen,20,Overleden,0,4
2020-10-26,24,Loppersum,Groningen,20,Totaal,3,42
2020-10-26,24,Loppersum,Groningen,20,Ziekenhuisopname,0,0
2020-10-26,24,Loppersum,Groningen,20,Overleden,0,0
2020-10-26,34,Almere,Flevoland,24,Totaal,90,3391
2020-10-26,34,Almere,Flevoland,24,Ziekenhuisopname,0,165
2020-10-26,34,Almere,Flevoland,24,Overleden,0,39
2020-10-26,37,Stadskanaal,Groningen,20,Totaal,13,226
2020-10-26,37,Stadskanaal,Groningen,20,Ziekenhuisopname,1,7
2020-10-26,37,Stadskanaal,Groningen,20,Overleden,0,2
2020-10-26,47,Veendam,Groningen,20,Totaal,9,164
2020-10-26,47,Veendam,Groningen,20,Ziekenhuisopname,0,2
2020-10-26,47,Veendam,Groningen,20,Overleden,0,1
2020-10-26,50,Zeewolde,Flevoland,24,Totaal,7,240
2020-10-26,50,Zeewolde,Flevoland,24,Ziekenhuisopname,0,13
2020-10-26,50,Zeewolde,Flevoland,24,Overleden,0,6
2020-10-26,59,Achtkarspelen,Friesland,21,Totaal,5,171
2020-10-26,59,Achtkarspelen,Friesland,21,Ziekenhuisopname,0,0
2020-10-26,59,Achtkarspelen,Friesland,21,Overleden,0,0
2020-10-26,60,Ameland,Friesland,21,Totaal,0,35
2020-10-26,60,Ameland,Friesland,21,Ziekenhuisopname,0,0
2020-10-26,60,Ameland,Friesland,21,Overleden,0,0
2020-10-26,72,Harlingen,Friesland,21,Totaal,2,86
2020-10-26,72,Harlingen,Friesland,21,Ziekenhuisopname,0,4
2020-10-26,72,Harlingen,Friesland,21,Overleden,0,1
2020-10-26,74,Heerenveen,Friesland,21,Totaal,5,370
2020-10-26,74,Heerenveen,Friesland,21,Ziekenhuisopname,0,16
2020-10-26,74,Heerenveen,Friesland,21,Overleden,0,22
2020-10-26,80,Leeuwarden,Friesland,21,Totaal,28,1309
2020-10-26,80,Leeuwarden,Friesland,21,Ziekenhuisopname,0,45
2020-10-26,80,Leeuwarden,Friesland,21,Overleden,0,8
2020-10-26,85,Ooststellingwerf,Friesland,21,Totaal,16,152
2020-10-26,85,Ooststellingwerf,Friesland,21,Ziekenhuisopname,0,5
2020-10-26,85,Ooststellingwerf,Friesland,21,Overleden,0,1
2020-10-26,86,Opsterland,Friesland,21,Totaal,5,170
2020-10-26,86,Opsterland,Friesland,21,Ziekenhuisopname,0,8
2020-10-26,86,Opsterland,Friesland,21,Overleden,0,0
2020-10-26,88,Schiermonnikoog,Friesland,21,Totaal,0,2
2020-10-26,88,Schiermonnikoog,Friesland,21,Ziekenhuisopname,0,1
2020-10-26,88,Schiermonnikoog,Friesland,21,Overleden,0,0
2020-10-26,90,Smallingerland,Friesland,21,Totaal,15,365
2020-10-26,90,Smallingerland,Friesland,21,Ziekenhuisopname,0,12
2020-10-26,90,Smallingerland,Friesland,21,Overleden,0,7
2020-10-26,93,Terschelling,Friesland,21,Totaal,0,56
2020-10-26,93,Terschelling,Friesland,21,Ziekenhuisopname,0,1
2020-10-26,93,Terschelling,Friesland,21,Overleden,1,1
2020-10-26,96,Vlieland,Friesland,21,Totaal,0,16
2020-10-26,96,Vlieland,Friesland,21,Ziekenhuisopname,0,0
2020-10-26,96,Vlieland,Friesland,21,Overleden,0,0
2020-10-26,98,Weststellingwerf,Friesland,21,Totaal,8,192
2020-10-26,98,Weststellingwerf,Friesland,21,Ziekenhuisopname,0,3
2020-10-26,98,Weststellingwerf,Friesland,21,Overleden,0,5
2020-10-26,106,Assen,Drenthe,22,Totaal,18,590
2020-10-26,106,Assen,Drenthe,22,Ziekenhuisopname,0,14
2020-10-26,106,Assen,Drenthe,22,Overleden,0,3
2020-10-26,109,Coevorden,Drenthe,22,Totaal,8,299
2020-10-26,109,Coevorden,Drenthe,22,Ziekenhuisopname,0,14
2020-10-26,109,Coevorden,Drenthe,22,Overleden,0,2
2020-10-26,114,Emmen,Drenthe,22,Totaal,35,1319
2020-10-26,114,Emmen,Drenthe,22,Ziekenhuisopname,0,46
2020-10-26,114,Emmen,Drenthe,22,Overleden,1,22
2020-10-26,118,Hoogeveen,Drenthe,22,Totaal,22,558
2020-10-26,118,Hoogeveen,Drenthe,22,Ziekenhuisopname,0,27
2020-10-26,118,Hoogeveen,Drenthe,22,Overleden,0,12
2020-10-26,119,Meppel,Drenthe,22,Totaal,15,266
2020-10-26,119,Meppel,Drenthe,22,Ziekenhuisopname,0,11
2020-10-26,119,Meppel,Drenthe,22,Overleden,0,5
2020-10-26,141,Almelo,Overijssel,23,Totaal,57,1057
2020-10-26,141,Almelo,Overijssel,23,Ziekenhuisopname,0,32
2020-10-26,141,Almelo,Overijssel,23,Overleden,0,14
2020-10-26,147,Borne,Overijssel,23,Totaal,16,334
2020-10-26,147,Borne,Overijssel,23,Ziekenhuisopname,1,16
2020-10-26,147,Borne,Overijssel,23,Overleden,0,6
2020-10-26,148,Dalfsen,Overijssel,23,Totaal,21,407
2020-10-26,148,Dalfsen,Overijssel,23,Ziekenhuisopname,0,17
2020-10-26,148,Dalfsen,Overijssel,23,Overleden,0,7
2020-10-26,150,Deventer,Overijssel,23,Totaal,54,1286
2020-10-26,150,Deventer,Overijssel,23,Ziekenhuisopname,0,50
2020-10-26,150,Deventer,Overijssel,23,Overleden,1,39
2020-10-26,153,Enschede,Overijssel,23,Totaal,110,2324
2020-10-26,153,Enschede,Overijssel,23,Ziekenhuisopname,0,68
2020-10-26,153,Enschede,Overijssel,23,Overleden,0,33
2020-10-26,158,Haaksbergen,Overijssel,23,Totaal,16,462
2020-10-26,158,Haaksbergen,Overijssel,23,Ziekenhuisopname,0,17
2020-10-26,158,Haaksbergen,Overijssel,23,Overleden,0,10
2020-10-26,160,Hardenberg,Overijssel,23,Totaal,40,622
2020-10-26,160,Hardenberg,Overijssel,23,Ziekenhuisopname,0,24
2020-10-26,160,Hardenberg,Overijssel,23,Overleden,0,10
2020-10-26,163,Hellendoorn,Overijssel,23,Totaal,13,434
2020-10-26,163,Hellendoorn,Overijssel,23,Ziekenhuisopname,0,13
2020-10-26,163,Hellendoorn,Overijssel,23,Overleden,0,14
2020-10-26,164,Hengelo,Overijssel,23,Totaal,43,1305
2020-10-26,164,Hengelo,Overijssel,23,Ziekenhuisopname,1,39
2020-10-26,164,Hengelo,Overijssel,23,Overleden,0,24
2020-10-26,166,Kampen,Overijssel,23,Totaal,15,647
2020-10-26,166,Kampen,Overijssel,23,Ziekenhuisopname,0,60
2020-10-26,166,Kampen,Overijssel,23,Overleden,0,37
2020-10-26,168,Losser,Overijssel,23,Totaal,15,346
2020-10-26,168,Losser,Overijssel,23,Ziekenhuisopname,0,11
2020-10-26,168,Losser,Overijssel,23,Overleden,0,2
2020-10-26,171,Noordoostpolder,Flevoland,24,Totaal,7,394
2020-10-26,171,Noordoostpolder,Flevoland,24,Ziekenhuisopname,0,19
2020-10-26,171,Noordoostpolder,Flevoland,24,Overleden,0,11
2020-10-26,173,Oldenzaal,Overijssel,23,Totaal,21,602
2020-10-26,173,Oldenzaal,Overijssel,23,Ziekenhuisopname,0,16
2020-10-26,173,Oldenzaal,Overijssel,23,Overleden,0,14
2020-10-26,175,Ommen,Overijssel,23,Totaal,7,172
2020-10-26,175,Ommen,Overijssel,23,Ziekenhuisopname,0,9
2020-10-26,175,Ommen,Overijssel,23,Overleden,0,4
2020-10-26,177,Raalte,Overijssel,23,Totaal,20,497
2020-10-26,177,Raalte,Overijssel,23,Ziekenhuisopname,0,25
2020-10-26,177,Raalte,Overijssel,23,Overleden,0,23
2020-10-26,180,Staphorst,Overijssel,23,Totaal,13,301
2020-10-26,180,Staphorst,Overijssel,23,Ziekenhuisopname,0,8
2020-10-26,180,Staphorst,Overijssel,23,Overleden,0,4
2020-10-26,183,Tubbergen,Overijssel,23,Totaal,22,613
2020-10-26,183,Tubbergen,Overijssel,23,Ziekenhuisopname,0,12
2020-10-26,183,Tubbergen,Overijssel,23,Overleden,0,6
2020-10-26,184,Urk,Flevoland,24,Totaal,1,147
2020-10-26,184,Urk,Flevoland,24,Ziekenhuisopname,0,23
2020-10-26,184,Urk,Flevoland,24,Overleden,0,4
2020-10-26,189,Wierden,Overijssel,23,Totaal,16,448
2020-10-26,189,Wierden,Overijssel,23,Ziekenhuisopname,0,7
2020-10-26,189,Wierden,Overijssel,23,Overleden,0,6
2020-10-26,193,Zwolle,Overijssel,23,Totaal,53,1367
2020-10-26,193,Zwolle,Overijssel,23,Ziekenhuisopname,0,54
2020-10-26,193,Zwolle,Overijssel,23,Overleden,0,50
2020-10-26,197,Aalten,Gelderland,25,Totaal,3,332
2020-10-26,197,Aalten,Gelderland,25,Ziekenhuisopname,0,13
2020-10-26,197,Aalten,Gelderland,25,Overleden,0,7
2020-10-26,200,Apeldoorn,Gelderland,25,Totaal,35,1671
2020-10-26,200,Apeldoorn,Gelderland,25,Ziekenhuisopname,0,113
2020-10-26,200,Apeldoorn,Gelderland,25,Overleden,0,54
2020-10-26,202,Arnhem,Gelderland,25,Totaal,67,2141
2020-10-26,202,Arnhem,Gelderland,25,Ziekenhuisopname,2,88
2020-10-26,202,Arnhem,Gelderland,25,Overleden,0,35
2020-10-26,203,Barneveld,Gelderland,25,Totaal,36,769
2020-10-26,203,Barneveld,Gelderland,25,Ziekenhuisopname,0,24
2020-10-26,203,Barneveld,Gelderland,25,Overleden,0,11
2020-10-26,209,Beuningen,Gelderland,25,Totaal,6,342
2020-10-26,209,Beuningen,Gelderland,25,Ziekenhuisopname,0,20
2020-10-26,209,Beuningen,Gelderland,25,Overleden,0,6
2020-10-26,213,Brummen,Gelderland,25,Totaal,5,168
2020-10-26,213,Brummen,Gelderland,25,Ziekenhuisopname,0,19
2020-10-26,213,Brummen,Gelderland,25,Overleden,0,6
2020-10-26,214,Buren,Gelderland,25,Totaal,17,329
2020-10-26,214,Buren,Gelderland,25,Ziekenhuisopname,0,23
2020-10-26,214,Buren,Gelderland,25,Overleden,0,8
2020-10-26,216,Culemborg,Gelderland,25,Totaal,15,492
2020-10-26,216,Culemborg,Gelderland,25,Ziekenhuisopname,1,27
2020-10-26,216,Culemborg,Gelderland,25,Overleden,0,9
2020-10-26,221,Doesburg,Gelderland,25,Totaal,2,163
2020-10-26,221,Doesburg,Gelderland,25,Ziekenhuisopname,0,11
2020-10-26,221,Doesburg,Gelderland,25,Overleden,0,7
2020-10-26,222,Doetinchem,Gelderland,25,Totaal,12,664
2020-10-26,222,Doetinchem,Gelderland,25,Ziekenhuisopname,1,32
2020-10-26,222,Doetinchem,Gelderland,25,Overleden,0,16
2020-10-26,225,Druten,Gelderland,25,Totaal,14,279
2020-10-26,225,Druten,Gelderland,25,Ziekenhuisopname,0,28
2020-10-26,225,Druten,Gelderland,25,Overleden,0,9
2020-10-26,226,Duiven,Gelderland,25,Totaal,12,318
2020-10-26,226,Duiven,Gelderland,25,Ziekenhuisopname,0,16
2020-10-26,226,Duiven,Gelderland,25,Overleden,0,6
2020-10-26,228,Ede,Gelderland,25,Totaal,50,1735
2020-10-26,228,Ede,Gelderland,25,Ziekenhuisopname,0,72
2020-10-26,228,Ede,Gelderland,25,Overleden,0,28
2020-10-26,230,Elburg,Gelderland,25,Totaal,2,281
2020-10-26,230,Elburg,Gelderland,25,Ziekenhuisopname,0,28
2020-10-26,230,Elburg,Gelderland,25,Overleden,0,8
2020-10-26,232,Epe,Gelderland,25,Totaal,6,374
2020-10-26,232,Epe,Gelderland,25,Ziekenhuisopname,0,52
2020-10-26,232,Epe,Gelderland,25,Overleden,0,23
2020-10-26,233,Ermelo,Gelderland,25,Totaal,6,334
2020-10-26,233,Ermelo,Gelderland,25,Ziekenhuisopname,0,33
2020-10-26,233,Ermelo,Gelderland,25,Overleden,0,23
2020-10-26,243,Harderwijk,Gelderland,25,Totaal,10,630
2020-10-26,243,Harderwijk,Gelderland,25,Ziekenhuisopname,0,47
2020-10-26,243,Harderwijk,Gelderland,25,Overleden,0,21
2020-10-26,244,Hattem,Gelderland,25,Totaal,3,131
2020-10-26,244,Hattem,Gelderland,25,Ziekenhuisopname,0,18
2020-10-26,244,Hattem,Gelderland,25,Overleden,0,5
2020-10-26,246,Heerde,Gelderland,25,Totaal,2,299
2020-10-26,246,Heerde,Gelderland,25,Ziekenhuisopname,0,55
2020-10-26,246,Heerde,Gelderland,25,Overleden,0,28
2020-10-26,252,Heumen,Gelderland,25,Totaal,4,326
2020-10-26,252,Heumen,Gelderland,25,Ziekenhuisopname,0,19
2020-10-26,252,Heumen,Gelderland,25,Overleden,0,13
2020-10-26,262,Lochem,Gelderland,25,Totaal,3,366
2020-10-26,262,Lochem,Gelderland,25,Ziekenhuisopname,0,17
2020-10-26,262,Lochem,Gelderland,25,Overleden,0,15
2020-10-26,263,Maasdriel,Gelderland,25,Totaal,15,329
2020-10-26,263,Maasdriel,Gelderland,25,Ziekenhuisopname,0,17
2020-10-26,263,Maasdriel,Gelderland,25,Overleden,0,8
2020-10-26,267,Nijkerk,Gelderland,25,Totaal,14,685
2020-10-26,267,Nijkerk,Gelderland,25,Ziekenhuisopname,0,26
2020-10-26,267,Nijkerk,Gelderland,25,Overleden,0,4
2020-10-26,268,Nijmegen,Gelderland,25,Totaal,97,3372
2020-10-26,268,Nijmegen,Gelderland,25,Ziekenhuisopname,0,172
2020-10-26,268,Nijmegen,Gelderland,25,Overleden,0,78
2020-10-26,269,Oldebroek,Gelderland,25,Totaal,3,273
2020-10-26,269,Oldebroek,Gelderland,25,Ziekenhuisopname,0,40
2020-10-26,269,Oldebroek,Gelderland,25,Overleden,0,19
2020-10-26,273,Putten,Gelderland,25,Totaal,5,225
2020-10-26,273,Putten,Gelderland,25,Ziekenhuisopname,0,11
2020-10-26,273,Putten,Gelderland,25,Overleden,0,1
2020-10-26,274,Renkum,Gelderland,25,Totaal,4,446
2020-10-26,274,Renkum,Gelderland,25,Ziekenhuisopname,0,17
2020-10-26,274,Renkum,Gelderland,25,Overleden,0,10
2020-10-26,275,Rheden,Gelderland,25,Totaal,17,487
2020-10-26,275,Rheden,Gelderland,25,Ziekenhuisopname,0,35
2020-10-26,275,Rheden,Gelderland,25,Overleden,0,15
2020-10-26,277,Rozendaal,Gelderland,25,Totaal,0,11
2020-10-26,277,Rozendaal,Gelderland,25,Ziekenhuisopname,0,1
2020-10-26,277,Rozendaal,Gelderland,25,Overleden,0,0
2020-10-26,279,Scherpenzeel,Gelderland,25,Totaal,5,142
2020-10-26,279,Scherpenzeel,Gelderland,25,Ziekenhuisopname,0,5
2020-10-26,279,Scherpenzeel,Gelderland,25,Overleden,0,2
2020-10-26,281,Tiel,Gelderland,25,Totaal,41,716
2020-10-26,281,Tiel,Gelderland,25,Ziekenhuisopname,0,48
2020-10-26,281,Tiel,Gelderland,25,Overleden,0,22
2020-10-26,285,Voorst,Gelderland,25,Totaal,6,245
2020-10-26,285,Voorst,Gelderland,25,Ziekenhuisopname,0,18
2020-10-26,285,Voorst,Gelderland,25,Overleden,0,11
2020-10-26,289,Wageningen,Gelderland,25,Totaal,10,583
2020-10-26,289,Wageningen,Gelderland,25,Ziekenhuisopname,0,23
2020-10-26,289,Wageningen,Gelderland,25,Overleden,0,19
2020-10-26,293,Westervoort,Gelderland,25,Totaal,8,153
2020-10-26,293,Westervoort,Gelderland,25,Ziekenhuisopname,0,12
2020-10-26,293,Westervoort,Gelderland,25,Overleden,0,6
2020-10-26,294,Winterswijk,Gelderland,25,Totaal,5,238
2020-10-26,294,Winterswijk,Gelderland,25,Ziekenhuisopname,1,9
2020-10-26,294,Winterswijk,Gelderland,25,Overleden,0,4
2020-10-26,296,Wijchen,Gelderland,25,Totaal,17,603
2020-10-26,296,Wijchen,Gelderland,25,Ziekenhuisopname,0,50
2020-10-26,296,Wijchen,Gelderland,25,Overleden,0,15
2020-10-26,297,Zaltbommel,Gelderland,25,Totaal,12,395
2020-10-26,297,Zaltbommel,Gelderland,25,Ziekenhuisopname,0,23
2020-10-26,297,Zaltbommel,Gelderland,25,Overleden,0,10
2020-10-26,299,Zevenaar,Gelderland,25,Totaal,12,477
2020-10-26,299,Zevenaar,Gelderland,25,Ziekenhuisopname,0,54
2020-10-26,299,Zevenaar,Gelderland,25,Overleden,0,17
2020-10-26,301,Zutphen,Gelderland,25,Totaal,13,434
2020-10-26,301,Zutphen,Gelderland,25,Ziekenhuisopname,1,34
2020-10-26,301,Zutphen,Gelderland,25,Overleden,0,13
2020-10-26,302,Nunspeet,Gelderland,25,Totaal,4,399
2020-10-26,302,Nunspeet,Gelderland,25,Ziekenhuisopname,0,61
2020-10-26,302,Nunspeet,Gelderland,25,Overleden,0,22
2020-10-26,303,Dronten,Flevoland,24,Totaal,3,337
2020-10-26,303,Dronten,Flevoland,24,Ziekenhuisopname,0,39
2020-10-26,303,Dronten,Flevoland,24,Overleden,0,14
2020-10-26,307,Amersfoort,Utrecht,26,Totaal,93,2510
2020-10-26,307,Amersfoort,Utrecht,26,Ziekenhuisopname,1,91
2020-10-26,307,Amersfoort,Utrecht,26,Overleden,0,28
2020-10-26,308,Baarn,Utrecht,26,Totaal,13,378
2020-10-26,308,Baarn,Utrecht,26,Ziekenhuisopname,0,15
2020-10-26,308,Baarn,Utrecht,26,Overleden,0,9
2020-10-26,310,De Bilt,Utrecht,26,Totaal,32,856
2020-10-26,310,De Bilt,Utrecht,26,Ziekenhuisopname,0,33
2020-10-26,310,De Bilt,Utrecht,26,Overleden,0,24
2020-10-26,312,Bunnik,Utrecht,26,Totaal,22,239
2020-10-26,312,Bunnik,Utrecht,26,Ziekenhuisopname,0,12
2020-10-26,312,Bunnik,Utrecht,26,Overleden,0,1
2020-10-26,313,Bunschoten,Utrecht,26,Totaal,21,490
2020-10-26,313,Bunschoten,Utrecht,26,Ziekenhuisopname,1,16
2020-10-26,313,Bunschoten,Utrecht,26,Overleden,0,8
2020-10-26,317,Eemnes,Utrecht,26,Totaal,4,117
2020-10-26,317,Eemnes,Utrecht,26,Ziekenhuisopname,0,2
2020-10-26,317,Eemnes,Utrecht,26,Overleden,0,1
2020-10-26,321,Houten,Utrecht,26,Totaal,33,802
2020-10-26,321,Houten,Utrecht,26,Ziekenhuisopname,0,33
2020-10-26,321,Houten,Utrecht,26,Overleden,0,17
2020-10-26,327,Leusden,Utrecht,26,Totaal,23,445
2020-10-26,327,Leusden,Utrecht,26,Ziekenhuisopname,0,11
2020-10-26,327,Leusden,Utrecht,26,Overleden,0,9
2020-10-26,331,Lopik,Utrecht,26,Totaal,8,275
2020-10-26,331,Lopik,Utrecht,26,Ziekenhuisopname,0,22
2020-10-26,331,Lopik,Utrecht,26,Overleden,0,8
2020-10-26,335,Montfoort,Utrecht,26,Totaal,9,222
2020-10-26,335,Montfoort,Utrecht,26,Ziekenhuisopname,0,15
2020-10-26,335,Montfoort,Utrecht,26,Overleden,0,7
2020-10-26,339,Renswoude,Utrecht,26,Totaal,6,73
2020-10-26,339,Renswoude,Utrecht,26,Ziekenhuisopname,0,5
2020-10-26,339,Renswoude,Utrecht,26,Overleden,0,5
2020-10-26,340,Rhenen,Utrecht,26,Totaal,10,307
2020-10-26,340,Rhenen,Utrecht,26,Ziekenhuisopname,0,13
2020-10-26,340,Rhenen,Utrecht,26,Overleden,0,6
2020-10-26,342,Soest,Utrecht,26,Totaal,31,937
2020-10-26,342,Soest,Utrecht,26,Ziekenhuisopname,0,33
2020-10-26,342,Soest,Utrecht,26,Overleden,0,15
2020-10-26,344,Utrecht,Utrecht,26,Totaal,257,9256
2020-10-26,344,Utrecht,Utrecht,26,Ziekenhuisopname,0,350
2020-10-26,344,Utrecht,Utrecht,26,Overleden,0,124
2020-10-26,345,Veenendaal,Utrecht,26,Totaal,52,1321
2020-10-26,345,Veenendaal,Utrecht,26,Ziekenhuisopname,0,56
2020-10-26,345,Veenendaal,Utrecht,26,Overleden,0,16
2020-10-26,351,Woudenberg,Utrecht,26,Totaal,8,191
2020-10-26,351,Woudenberg,Utrecht,26,Ziekenhuisopname,0,9
2020-10-26,351,Woudenberg,Utrecht,26,Overleden,0,2
2020-10-26,352,Wijk bij Duurstede,Utrecht,26,Totaal,12,315
2020-10-26,352,Wijk bij Duurstede,Utrecht,26,Ziekenhuisopname,0,13
2020-10-26,352,Wijk bij Duurstede,Utrecht,26,Overleden,0,4
2020-10-26,353,IJsselstein,Utrecht,26,Totaal,22,647
2020-10-26,353,IJsselstein,Utrecht,26,Ziekenhuisopname,0,42
2020-10-26,353,IJsselstein,Utrecht,26,Overleden,0,35
2020-10-26,355,Zeist,Utrecht,26,Totaal,38,1161
2020-10-26,355,Zeist,Utrecht,26,Ziekenhuisopname,0,44
2020-10-26,355,Zeist,Utrecht,26,Overleden,0,27
2020-10-26,356,Nieuwegein,Utrecht,26,Totaal,24,1019
2020-10-26,356,Nieuwegein,Utrecht,26,Ziekenhuisopname,-1,53
2020-10-26,356,Nieuwegein,Utrecht,26,Overleden,1,15
2020-10-26,358,Aalsmeer,Noord-Holland,27,Totaal,21,569
2020-10-26,358,Aalsmeer,Noord-Holland,27,Ziekenhuisopname,0,11
2020-10-26,358,Aalsmeer,Noord-Holland,27,Overleden,0,6
2020-10-26,361,Alkmaar,Noord-Holland,27,Totaal,60,1316
2020-10-26,361,Alkmaar,Noord-Holland,27,Ziekenhuisopname,0,64
2020-10-26,361,Alkmaar,Noord-Holland,27,Overleden,0,32
2020-10-26,362,Amstelveen,Noord-Holland,27,Totaal,45,2013
2020-10-26,362,Amstelveen,Noord-Holland,27,Ziekenhuisopname,0,74
2020-10-26,362,Amstelveen,Noord-Holland,27,Overleden,0,45
2020-10-26,363,Amsterdam,Noord-Holland,27,Totaal,526,27799
2020-10-26,363,Amsterdam,Noord-Holland,27,Ziekenhuisopname,14,988
2020-10-26,363,Amsterdam,Noord-Holland,27,Overleden,5,324
2020-10-26,370,Beemster,Noord-Holland,27,Totaal,1,113
2020-10-26,370,Beemster,Noord-Holland,27,Ziekenhuisopname,0,4
2020-10-26,370,Beemster,Noord-Holland,27,Overleden,0,1
2020-10-26,373,Bergen (NH.),Noord-Holland,27,Totaal,17,514
2020-10-26,373,Bergen (NH.),Noord-Holland,27,Ziekenhuisopname,0,22
2020-10-26,373,Bergen (NH.),Noord-Holland,27,Overleden,0,12
2020-10-26,375,Beverwijk,Noord-Holland,27,Totaal,22,637
2020-10-26,375,Beverwijk,Noord-Holland,27,Ziekenhuisopname,0,20
2020-10-26,375,Beverwijk,Noord-Holland,27,Overleden,0,13
2020-10-26,376,Blaricum,Noord-Holland,27,Totaal,5,173
2020-10-26,376,Blaricum,Noord-Holland,27,Ziekenhuisopname,0,8
2020-10-26,376,Blaricum,Noord-Holland,27,Overleden,0,2
2020-10-26,377,Bloemendaal,Noord-Holland,27,Totaal,8,349
2020-10-26,377,Bloemendaal,Noord-Holland,27,Ziekenhuisopname,0,10
2020-10-26,377,Bloemendaal,Noord-Holland,27,Overleden,0,6
2020-10-26,383,Castricum,Noord-Holland,27,Totaal,15,395
2020-10-26,383,Castricum,Noord-Holland,27,Ziekenhuisopname,0,18
2020-10-26,383,Castricum,Noord-Holland,27,Overleden,0,10
2020-10-26,384,Diemen,Noord-Holland,27,Totaal,13,924
2020-10-26,384,Diemen,Noord-Holland,27,Ziekenhuisopname,0,24
2020-10-26,384,Diemen,Noord-Holland,27,Overleden,0,14
2020-10-26,385,Edam-Volendam,Noord-Holland,27,Totaal,10,856
2020-10-26,385,Edam-Volendam,Noord-Holland,27,Ziekenhuisopname,0,38
2020-10-26,385,Edam-Volendam,Noord-Holland,27,Overleden,0,4
2020-10-26,388,Enkhuizen,Noord-Holland,27,Totaal,9,161
2020-10-26,388,Enkhuizen,Noord-Holland,27,Ziekenhuisopname,0,20
2020-10-26,388,Enkhuizen,Noord-Holland,27,Overleden,0,4
2020-10-26,392,Haarlem,Noord-Holland,27,Totaal,93,2588
2020-10-26,392,Haarlem,Noord-Holland,27,Ziekenhuisopname,0,104
2020-10-26,392,Haarlem,Noord-Holland,27,Overleden,0,75
2020-10-26,394,Haarlemmermeer,Noord-Holland,27,Totaal,96,2816
2020-10-26,394,Haarlemmermeer,Noord-Holland,27,Ziekenhuisopname,0,94
2020-10-26,394,Haarlemmermeer,Noord-Holland,27,Overleden,0,38
2020-10-26,396,Heemskerk,Noord-Holland,27,Totaal,21,576
2020-10-26,396,Heemskerk,Noord-Holland,27,Ziekenhuisopname,0,34
2020-10-26,396,Heemskerk,Noord-Holland,27,Overleden,0,14
2020-10-26,397,Heemstede,Noord-Holland,27,Totaal,14,407
2020-10-26,397,Heemstede,Noord-Holland,27,Ziekenhuisopname,0,15
2020-10-26,397,Heemstede,Noord-Holland,27,Overleden,0,35
2020-10-26,398,Heerhugowaard,Noord-Holland,27,Totaal,26,650
2020-10-26,398,Heerhugowaard,Noord-Holland,27,Ziekenhuisopname,0,29
2020-10-26,398,Heerhugowaard,Noord-Holland,27,Overleden,0,9
2020-10-26,399,Heiloo,Noord-Holland,27,Totaal,11,245
2020-10-26,399,Heiloo,Noord-Holland,27,Ziekenhuisopname,0,12
2020-10-26,399,Heiloo,Noord-Holland,27,Overleden,0,9
2020-10-26,400,Den Helder,Noord-Holland,27,Totaal,27,357
2020-10-26,400,Den Helder,Noord-Holland,27,Ziekenhuisopname,0,15
2020-10-26,400,Den Helder,Noord-Holland,27,Overleden,0,2
2020-10-26,402,Hilversum,Noord-Holland,27,Totaal,44,1417
2020-10-26,402,Hilversum,Noord-Holland,27,Ziekenhuisopname,0,39
2020-10-26,402,Hilversum,Noord-Holland,27,Overleden,0,26
2020-10-26,405,Hoorn,Noord-Holland,27,Totaal,45,840
2020-10-26,405,Hoorn,Noord-Holland,27,Ziekenhuisopname,1,39
2020-10-26,405,Hoorn,Noord-Holland,27,Overleden,1,14
2020-10-26,406,Huizen,Noord-Holland,27,Totaal,25,778
2020-10-26,406,Huizen,Noord-Holland,27,Ziekenhuisopname,0,28
2020-10-26,406,Huizen,Noord-Holland,27,Overleden,0,10
2020-10-26,415,Landsmeer,Noord-Holland,27,Totaal,0,196
2020-10-26,415,Landsmeer,Noord-Holland,27,Ziekenhuisopname,0,5
2020-10-26,415,Landsmeer,Noord-Holland,27,Overleden,0,3
2020-10-26,416,Langedijk,Noord-Holland,27,Totaal,13,353
2020-10-26,416,Langedijk,Noord-Holland,27,Ziekenhuisopname,0,21
2020-10-26,416,Langedijk,Noord-Holland,27,Overleden,0,7
2020-10-26,417,Laren,Noord-Holland,27,Totaal,9,187
2020-10-26,417,Laren,Noord-Holland,27,Ziekenhuisopname,0,10
2020-10-26,417,Laren,Noord-Holland,27,Overleden,0,3
2020-10-26,420,Medemblik,Noord-Holland,27,Totaal,20,416
2020-10-26,420,Medemblik,Noord-Holland,27,Ziekenhuisopname,0,19
2020-10-26,420,Medemblik,Noord-Holland,27,Overleden,0,6
2020-10-26,431,Oostzaan,Noord-Holland,27,Totaal,11,236
2020-10-26,431,Oostzaan,Noord-Holland,27,Ziekenhuisopname,0,12
2020-10-26,431,Oostzaan,Noord-Holland,27,Overleden,0,2
2020-10-26,432,Opmeer,Noord-Holland,27,Totaal,11,101
2020-10-26,432,Opmeer,Noord-Holland,27,Ziekenhuisopname,0,1
2020-10-26,432,Opmeer,Noord-Holland,27,Overleden,0,2
2020-10-26,437,Ouder-Amstel,Noord-Holland,27,Totaal,10,366
2020-10-26,437,Ouder-Amstel,Noord-Holland,27,Ziekenhuisopname,0,8
2020-10-26,437,Ouder-Amstel,Noord-Holland,27,Overleden,0,0
2020-10-26,439,Purmerend,Noord-Holland,27,Totaal,13,1224
2020-10-26,439,Purmerend,Noord-Holland,27,Ziekenhuisopname,0,83
2020-10-26,439,Purmerend,Noord-Holland,27,Overleden,0,38
2020-10-26,441,Schagen,Noord-Holland,27,Totaal,19,461
2020-10-26,441,Schagen,Noord-Holland,27,Ziekenhuisopname,0,20
2020-10-26,441,Schagen,Noord-Holland,27,Overleden,0,10
2020-10-26,448,Texel,Noord-Holland,27,Totaal,8,80
2020-10-26,448,Texel,Noord-Holland,27,Ziekenhuisopname,0,6
2020-10-26,448,Texel,Noord-Holland,27,Overleden,0,2
2020-10-26,450,Uitgeest,Noord-Holland,27,Totaal,10,206
2020-10-26,450,Uitgeest,Noord-Holland,27,Ziekenhuisopname,0,7
2020-10-26,450,Uitgeest,Noord-Holland,27,Overleden,0,1
2020-10-26,451,Uithoorn,Noord-Holland,27,Totaal,10,535
2020-10-26,451,Uithoorn,Noord-Holland,27,Ziekenhuisopname,0,21
2020-10-26,451,Uithoorn,Noord-Holland,27,Overleden,0,3
2020-10-26,453,Velsen,Noord-Holland,27,Totaal,36,1107
2020-10-26,453,Velsen,Noord-Holland,27,Ziekenhuisopname,0,46
2020-10-26,453,Velsen,Noord-Holland,27,Overleden,0,44
2020-10-26,457,Weesp,Noord-Holland,27,Totaal,15,520
2020-10-26,457,Weesp,Noord-Holland,27,Ziekenhuisopname,0,10
2020-10-26,457,Weesp,Noord-Holland,27,Overleden,0,14
2020-10-26,473,Zandvoort,Noord-Holland,27,Totaal,11,233
2020-10-26,473,Zandvoort,Noord-Holland,27,Ziekenhuisopname,0,12
2020-10-26,473,Zandvoort,Noord-Holland,27,Overleden,0,9
2020-10-26,479,Zaanstad,Noord-Holland,27,Totaal,97,3112
2020-10-26,479,Zaanstad,Noord-Holland,27,Ziekenhuisopname,0,154
2020-10-26,479,Zaanstad,Noord-Holland,27,Overleden,0,59
2020-10-26,482,Alblasserdam,Zuid-Holland,28,Totaal,35,520
2020-10-26,482,Alblasserdam,Zuid-Holland,28,Ziekenhuisopname,0,11
2020-10-26,482,Alblasserdam,Zuid-Holland,28,Overleden,0,7
2020-10-26,484,Alphen aan den Rijn,Zuid-Holland,28,Totaal,61,2051
2020-10-26,484,Alphen aan den Rijn,Zuid-Holland,28,Ziekenhuisopname,1,84
2020-10-26,484,Alphen aan den Rijn,Zuid-Holland,28,Overleden,0,32
2020-10-26,489,Barendrecht,Zuid-Holland,28,Totaal,46,1318
2020-10-26,489,Barendrecht,Zuid-Holland,28,Ziekenhuisopname,1,49
2020-10-26,489,Barendrecht,Zuid-Holland,28,Overleden,0,16
2020-10-26,498,Drechterland,Noord-Holland,27,Totaal,10,246
2020-10-26,498,Drechterland,Noord-Holland,27,Ziekenhuisopname,0,6
2020-10-26,498,Drechterland,Noord-Holland,27,Overleden,0,8
2020-10-26,501,Brielle,Zuid-Holland,28,Totaal,13,304
2020-10-26,501,Brielle,Zuid-Holland,28,Ziekenhuisopname,0,16
2020-10-26,501,Brielle,Zuid-Holland,28,Overleden,0,0
2020-10-26,502,Capelle aan den IJssel,Zuid-Holland,28,Totaal,36,1673
2020-10-26,502,Capelle aan den IJssel,Zuid-Holland,28,Ziekenhuisopname,0,68
2020-10-26,502,Capelle aan den IJssel,Zuid-Holland,28,Overleden,0,65
2020-10-26,503,Delft,Zuid-Holland,28,Totaal,89,2417
2020-10-26,503,Delft,Zuid-Holland,28,Ziekenhuisopname,0,47
2020-10-26,503,Delft,Zuid-Holland,28,Overleden,0,15
2020-10-26,505,Dordrecht,Zuid-Holland,28,Totaal,117,2620
2020-10-26,505,Dordrecht,Zuid-Holland,28,Ziekenhuisopname,0,97
2020-10-26,505,Dordrecht,Zuid-Holland,28,Overleden,0,76
2020-10-26,512,Gorinchem,Zuid-Holland,28,Totaal,26,700
2020-10-26,512,Gorinchem,Zuid-Holland,28,Ziekenhuisopname,0,19
2020-10-26,512,Gorinchem,Zuid-Holland,28,Overleden,0,16
2020-10-26,513,Gouda,Zuid-Holland,28,Totaal,28,1702
2020-10-26,513,Gouda,Zuid-Holland,28,Ziekenhuisopname,2,64
2020-10-26,513,Gouda,Zuid-Holland,28,Overleden,1,48
2020-10-26,518,'s-Gravenhage,Zuid-Holland,28,Totaal,383,15180
2020-10-26,518,'s-Gravenhage,Zuid-Holland,28,Ziekenhuisopname,7,568
2020-10-26,518,'s-Gravenhage,Zuid-Holland,28,Overleden,0,318
2020-10-26,523,Hardinxveld-Giessendam,Zuid-Holland,28,Totaal,15,293
2020-10-26,523,Hardinxveld-Giessendam,Zuid-Holland,28,Ziekenhuisopname,0,2
2020-10-26,523,Hardinxveld-Giessendam,Zuid-Holland,28,Overleden,0,2
2020-10-26,530,Hellevoetsluis,Zuid-Holland,28,Totaal,19,619
2020-10-26,530,Hellevoetsluis,Zuid-Holland,28,Ziekenhuisopname,0,21
2020-10-26,530,Hellevoetsluis,Zuid-Holland,28,Overleden,1,7
2020-10-26,531,Hendrik-Ido-Ambacht,Zuid-Holland,28,Totaal,29,673
2020-10-26,531,Hendrik-Ido-Ambacht,Zuid-Holland,28,Ziekenhuisopname,0,13
2020-10-26,531,Hendrik-Ido-Ambacht,Zuid-Holland,28,Overleden,0,6
2020-10-26,532,Stede Broec,Noord-Holland,27,Totaal,14,207
2020-10-26,532,Stede Broec,Noord-Holland,27,Ziekenhuisopname,0,19
2020-10-26,532,Stede Broec,Noord-Holland,27,Overleden,0,5
2020-10-26,534,Hillegom,Zuid-Holland,28,Totaal,8,362
2020-10-26,534,Hillegom,Zuid-Holland,28,Ziekenhuisopname,0,8
2020-10-26,534,Hillegom,Zuid-Holland,28,Overleden,0,2
2020-10-26,537,Katwijk,Zuid-Holland,28,Totaal,40,1448
2020-10-26,537,Katwijk,Zuid-Holland,28,Ziekenhuisopname,1,43
2020-10-26,537,Katwijk,Zuid-Holland,28,Overleden,0,18
2020-10-26,542,Krimpen aan den IJssel,Zuid-Holland,28,Totaal,25,722
2020-10-26,542,Krimpen aan den IJssel,Zuid-Holland,28,Ziekenhuisopname,0,18
2020-10-26,542,Krimpen aan den IJssel,Zuid-Holland,28,Overleden,0,10
2020-10-26,546,Leiden,Zuid-Holland,28,Totaal,88,2629
2020-10-26,546,Leiden,Zuid-Holland,28,Ziekenhuisopname,0,59
2020-10-26,546,Leiden,Zuid-Holland,28,Overleden,0,25
2020-10-26,547,Leiderdorp,Zuid-Holland,28,Totaal,8,491
2020-10-26,547,Leiderdorp,Zuid-Holland,28,Ziekenhuisopname,1,23
2020-10-26,547,Leiderdorp,Zuid-Holland,28,Overleden,0,7
2020-10-26,553,Lisse,Zuid-Holland,28,Totaal,14,320
2020-10-26,553,Lisse,Zuid-Holland,28,Ziekenhuisopname,0,11
2020-10-26,553,Lisse,Zuid-Holland,28,Overleden,0,4
2020-10-26,556,Maassluis,Zuid-Holland,28,Totaal,29,818
2020-10-26,556,Maassluis,Zuid-Holland,28,Ziekenhuisopname,1,30
2020-10-26,556,Maassluis,Zuid-Holland,28,Overleden,1,11
2020-10-26,569,Nieuwkoop,Zuid-Holland,28,Totaal,20,406
2020-10-26,569,Nieuwkoop,Zuid-Holland,28,Ziekenhuisopname,1,13
2020-10-26,569,Nieuwkoop,Zuid-Holland,28,Overleden,0,6
2020-10-26,575,Noordwijk,Zuid-Holland,28,Totaal,27,716
2020-10-26,575,Noordwijk,Zuid-Holland,28,Ziekenhuisopname,0,29
2020-10-26,575,Noordwijk,Zuid-Holland,28,Overleden,0,4
2020-10-26,579,Oegstgeest,Zuid-Holland,28,Totaal,8,399
2020-10-26,579,Oegstgeest,Zuid-Holland,28,Ziekenhuisopname,0,11
2020-10-26,579,Oegstgeest,Zuid-Holland,28,Overleden,0,3
2020-10-26,589,Oudewater,Utrecht,26,Totaal,4,193
2020-10-26,589,Oudewater,Utrecht,26,Ziekenhuisopname,0,30
2020-10-26,589,Oudewater,Utrecht,26,Overleden,1,11
2020-10-26,590,Papendrecht,Zuid-Holland,28,Totaal,37,556
2020-10-26,590,Papendrecht,Zuid-Holland,28,Ziekenhuisopname,0,9
2020-10-26,590,Papendrecht,Zuid-Holland,28,Overleden,0,9
2020-10-26,597,Ridderkerk,Zuid-Holland,28,Totaal,31,1075
2020-10-26,597,Ridderkerk,Zuid-Holland,28,Ziekenhuisopname,1,44
2020-10-26,597,Ridderkerk,Zuid-Holland,28,Overleden,0,19
2020-10-26,599,Rotterdam,Zuid-Holland,28,Totaal,654,21365
2020-10-26,599,Rotterdam,Zuid-Holland,28,Ziekenhuisopname,11,798
2020-10-26,599,Rotterdam,Zuid-Holland,28,Overleden,1,420
2020-10-26,603,Rijswijk,Zuid-Holland,28,Totaal,33,1271
2020-10-26,603,Rijswijk,Zuid-Holland,28,Ziekenhuisopname,0,60
2020-10-26,603,Rijswijk,Zuid-Holland,28,Overleden,0,35
2020-10-26,606,Schiedam,Zuid-Holland,28,Totaal,72,2198
2020-10-26,606,Schiedam,Zuid-Holland,28,Ziekenhuisopname,0,74
2020-10-26,606,Schiedam,Zuid-Holland,28,Overleden,1,27
2020-10-26,610,Sliedrecht,Zuid-Holland,28,Totaal,25,393
2020-10-26,610,Sliedrecht,Zuid-Holland,28,Ziekenhuisopname,0,9
2020-10-26,610,Sliedrecht,Zuid-Holland,28,Overleden,0,5
2020-10-26,613,Albrandswaard,Zuid-Holland,28,Totaal,52,717
2020-10-26,613,Albrandswaard,Zuid-Holland,28,Ziekenhuisopname,0,17
2020-10-26,613,Albrandswaard,Zuid-Holland,28,Overleden,0,9
2020-10-26,614,Westvoorne,Zuid-Holland,28,Totaal,7,269
2020-10-26,614,Westvoorne,Zuid-Holland,28,Ziekenhuisopname,0,6
2020-10-26,614,Westvoorne,Zuid-Holland,28,Overleden,0,0
2020-10-26,622,Vlaardingen,Zuid-Holland,28,Totaal,92,2064
2020-10-26,622,Vlaardingen,Zuid-Holland,28,Ziekenhuisopname,2,57
2020-10-26,622,Vlaardingen,Zuid-Holland,28,Overleden,2,34
2020-10-26,626,Voorschoten,Zuid-Holland,28,Totaal,16,378
2020-10-26,626,Voorschoten,Zuid-Holland,28,Ziekenhuisopname,0,11
2020-10-26,626,Voorschoten,Zuid-Holland,28,Overleden,0,11
2020-10-26,627,Waddinxveen,Zuid-Holland,28,Totaal,10,566
2020-10-26,627,Waddinxveen,Zuid-Holland,28,Ziekenhuisopname,1,26
2020-10-26,627,Waddinxveen,Zuid-Holland,28,Overleden,0,7
2020-10-26,629,Wassenaar,Zuid-Holland,28,Totaal,15,451
2020-10-26,629,Wassenaar,Zuid-Holland,28,Ziekenhuisopname,0,10
2020-10-26,629,Wassenaar,Zuid-Holland,28,Overleden,0,13
2020-10-26,632,Woerden,Utrecht,26,Totaal,21,835
2020-10-26,632,Woerden,Utrecht,26,Ziekenhuisopname,1,62
2020-10-26,632,Woerden,Utrecht,26,Overleden,0,22
2020-10-26,637,Zoetermeer,Zuid-Holland,28,Totaal,98,2382
2020-10-26,637,Zoetermeer,Zuid-Holland,28,Ziekenhuisopname,1,67
2020-10-26,637,Zoetermeer,Zuid-Holland,28,Overleden,0,18
2020-10-26,638,Zoeterwoude,Zuid-Holland,28,Totaal,6,137
2020-10-26,638,Zoeterwoude,Zuid-Holland,28,Ziekenhuisopname,0,4
2020-10-26,638,Zoeterwoude,Zuid-Holland,28,Overleden,0,1
2020-10-26,642,Zwijndrecht,Zuid-Holland,28,Totaal,41,1066
2020-10-26,642,Zwijndrecht,Zuid-Holland,28,Ziekenhuisopname,0,29
2020-10-26,642,Zwijndrecht,Zuid-Holland,28,Overleden,0,30
2020-10-26,654,Borsele,Zeeland,29,Totaal,3,134
2020-10-26,654,Borsele,Zeeland,29,Ziekenhuisopname,0,5
2020-10-26,654,Borsele,Zeeland,29,Overleden,0,1
2020-10-26,664,Goes,Zeeland,29,Totaal,7,362
2020-10-26,664,Goes,Zeeland,29,Ziekenhuisopname,0,14
2020-10-26,664,Goes,Zeeland,29,Overleden,0,13
2020-10-26,668,West Maas en Waal,Gelderland,25,Totaal,12,264
2020-10-26,668,West Maas en Waal,Gelderland,25,Ziekenhuisopname,0,23
2020-10-26,668,West Maas en Waal,Gelderland,25,Overleden,0,10
2020-10-26,677,Hulst,Zeeland,29,Totaal,11,221
2020-10-26,677,Hulst,Zeeland,29,Ziekenhuisopname,0,11
2020-10-26,677,Hulst,Zeeland,29,Overleden,0,5
2020-10-26,678,Kapelle,Zeeland,29,Totaal,2,80
2020-10-26,678,Kapelle,Zeeland,29,Ziekenhuisopname,0,3
2020-10-26,678,Kapelle,Zeeland,29,Overleden,0,1
2020-10-26,687,Middelburg,Zeeland,29,Totaal,11,296
2020-10-26,687,Middelburg,Zeeland,29,Ziekenhuisopname,0,21
2020-10-26,687,Middelburg,Zeeland,29,Overleden,0,10
2020-10-26,703,Reimerswaal,Zeeland,29,Totaal,7,187
2020-10-26,703,Reimerswaal,Zeeland,29,Ziekenhuisopname,0,6
2020-10-26,703,Reimerswaal,Zeeland,29,Overleden,0,2
2020-10-26,715,Terneuzen,Zeeland,29,Totaal,8,392
2020-10-26,715,Terneuzen,Zeeland,29,Ziekenhuisopname,0,25
2020-10-26,715,Terneuzen,Zeeland,29,Overleden,0,4
2020-10-26,716,Tholen,Zeeland,29,Totaal,22,378
2020-10-26,716,Tholen,Zeeland,29,Ziekenhuisopname,0,43
2020-10-26,716,Tholen,Zeeland,29,Overleden,1,19
2020-10-26,717,Veere,Zeeland,29,Totaal,4,112
2020-10-26,717,Veere,Zeeland,29,Ziekenhuisopname,0,8
2020-10-26,717,Veere,Zeeland,29,Overleden,0,2
2020-10-26,718,Vlissingen,Zeeland,29,Totaal,12,280
2020-10-26,718,Vlissingen,Zeeland,29,Ziekenhuisopname,0,10
2020-10-26,718,Vlissingen,Zeeland,29,Overleden,0,5
2020-10-26,736,De Ronde Venen,Utrecht,26,Totaal,16,782
2020-10-26,736,De Ronde Venen,Utrecht,26,Ziekenhuisopname,0,47
2020-10-26,736,De Ronde Venen,Utrecht,26,Overleden,0,14
2020-10-26,737,Tytsjerksteradiel,Friesland,21,Totaal,11,218
2020-10-26,737,Tytsjerksteradiel,Friesland,21,Ziekenhuisopname,0,7
2020-10-26,737,Tytsjerksteradiel,Friesland,21,Overleden,1,3
2020-10-26,743,Asten,Noord-Brabant,30,Totaal,13,237
2020-10-26,743,Asten,Noord-Brabant,30,Ziekenhuisopname,0,18
2020-10-26,743,Asten,Noord-Brabant,30,Overleden,0,12
2020-10-26,744,Baarle-Nassau,Noord-Brabant,30,Totaal,4,90
2020-10-26,744,Baarle-Nassau,Noord-Brabant,30,Ziekenhuisopname,0,9
2020-10-26,744,Baarle-Nassau,Noord-Brabant,30,Overleden,0,2
2020-10-26,748,Bergen op Zoom,Noord-Brabant,30,Totaal,74,1558
2020-10-26,748,Bergen op Zoom,Noord-Brabant,30,Ziekenhuisopname,0,45
2020-10-26,748,Bergen op Zoom,Noord-Brabant,30,Overleden,0,15
2020-10-26,753,Best,Noord-Brabant,30,Totaal,19,411
2020-10-26,753,Best,Noord-Brabant,30,Ziekenhuisopname,0,35
2020-10-26,753,Best,Noord-Brabant,30,Overleden,0,12
2020-10-26,755,Boekel,Noord-Brabant,30,Totaal,5,174
2020-10-26,755,Boekel,Noord-Brabant,30,Ziekenhuisopname,0,36
2020-10-26,755,Boekel,Noord-Brabant,30,Overleden,0,20
2020-10-26,756,Boxmeer,Noord-Brabant,30,Totaal,38,464
2020-10-26,756,Boxmeer,Noord-Brabant,30,Ziekenhuisopname,0,20
2020-10-26,756,Boxmeer,Noord-Brabant,30,Overleden,0,28
2020-10-26,757,Boxtel,Noord-Brabant,30,Totaal,30,434
2020-10-26,757,Boxtel,Noord-Brabant,30,Ziekenhuisopname,0,24
2020-10-26,757,Boxtel,Noord-Brabant,30,Overleden,0,26
2020-10-26,758,Breda,Noord-Brabant,30,Totaal,135,3300
2020-10-26,758,Breda,Noord-Brabant,30,Ziekenhuisopname,1,176
2020-10-26,758,Breda,Noord-Brabant,30,Overleden,1,79
2020-10-26,762,Deurne,Noord-Brabant,30,Totaal,28,630
2020-10-26,762,Deurne,Noord-Brabant,30,Ziekenhuisopname,0,58
2020-10-26,762,Deurne,Noord-Brabant,30,Overleden,0,26
2020-10-26,765,Pekela,Groningen,20,Totaal,4,68
2020-10-26,765,Pekela,Groningen,20,Ziekenhuisopname,0,5
2020-10-26,765,Pekela,Groningen,20,Overleden,0,0
2020-10-26,766,Dongen,Noord-Brabant,30,Totaal,20,385
2020-10-26,766,Dongen,Noord-Brabant,30,Ziekenhuisopname,0,24
2020-10-26,766,Dongen,Noord-Brabant,30,Overleden,0,13
2020-10-26,770,Eersel,Noord-Brabant,30,Totaal,28,434
2020-10-26,770,Eersel,Noord-Brabant,30,Ziekenhuisopname,0,29
2020-10-26,770,Eersel,Noord-Brabant,30,Overleden,0,10
2020-10-26,772,Eindhoven,Noord-Brabant,30,Totaal,169,3594
2020-10-26,772,Eindhoven,Noord-Brabant,30,Ziekenhuisopname,0,208
2020-10-26,772,Eindhoven,Noord-Brabant,30,Overleden,1,101
2020-10-26,777,Etten-Leur,Noord-Brabant,30,Totaal,26,831
2020-10-26,777,Etten-Leur,Noord-Brabant,30,Ziekenhuisopname,0,48
2020-10-26,777,Etten-Leur,Noord-Brabant,30,Overleden,0,31
2020-10-26,779,Geertruidenberg,Noord-Brabant,30,Totaal,18,283
2020-10-26,779,Geertruidenberg,Noord-Brabant,30,Ziekenhuisopname,0,14
2020-10-26,779,Geertruidenberg,Noord-Brabant,30,Overleden,0,6
2020-10-26,784,Gilze en Rijen,Noord-Brabant,30,Totaal,24,403
2020-10-26,784,Gilze en Rijen,Noord-Brabant,30,Ziekenhuisopname,0,21
2020-10-26,784,Gilze en Rijen,Noord-Brabant,30,Overleden,0,16
2020-10-26,785,Goirle,Noord-Brabant,30,Totaal,19,401
2020-10-26,785,Goirle,Noord-Brabant,30,Ziekenhuisopname,0,33
2020-10-26,785,Goirle,Noord-Brabant,30,Overleden,0,20
2020-10-26,786,Grave,Noord-Brabant,30,Totaal,19,247
2020-10-26,786,Grave,Noord-Brabant,30,Ziekenhuisopname,0,21
2020-10-26,786,Grave,Noord-Brabant,30,Overleden,0,11
2020-10-26,788,Haaren,Noord-Brabant,30,Totaal,20,235
2020-10-26,788,Haaren,Noord-Brabant,30,Ziekenhuisopname,0,20
2020-10-26,788,Haaren,Noord-Brabant,30,Overleden,0,8
2020-10-26,794,Helmond,Noord-Brabant,30,Totaal,95,1993
2020-10-26,794,Helmond,Noord-Brabant,30,Ziekenhuisopname,0,124
2020-10-26,794,Helmond,Noord-Brabant,30,Overleden,0,46
2020-10-26,796,'s-Hertogenbosch,Noord-Brabant,30,Totaal,114,2465
2020-10-26,796,'s-Hertogenbosch,Noord-Brabant,30,Ziekenhuisopname,0,149
2020-10-26,796,'s-Hertogenbosch,Noord-Brabant,30,Overleden,0,86
2020-10-26,797,Heusden,Noord-Brabant,30,Totaal,36,735
2020-10-26,797,Heusden,Noord-Brabant,30,Ziekenhuisopname,0,49
2020-10-26,797,Heusden,Noord-Brabant,30,Overleden,0,26
2020-10-26,798,Hilvarenbeek,Noord-Brabant,30,Totaal,20,273
2020-10-26,798,Hilvarenbeek,Noord-Brabant,30,Ziekenhuisopname,0,12
2020-10-26,798,Hilvarenbeek,Noord-Brabant,30,Overleden,0,8
2020-10-26,809,Loon op Zand,Noord-Brabant,30,Totaal,23,371
2020-10-26,809,Loon op Zand,Noord-Brabant,30,Ziekenhuisopname,0,29
2020-10-26,809,Loon op Zand,Noord-Brabant,30,Overleden,0,16
2020-10-26,815,Mill en Sint Hubert,Noord-Brabant,30,Totaal,10,216
2020-10-26,815,Mill en Sint Hubert,Noord-Brabant,30,Ziekenhuisopname,0,9
2020-10-26,815,Mill en Sint Hubert,Noord-Brabant,30,Overleden,0,5
2020-10-26,820,"Nuenen, Gerwen en Nederwetten",Noord-Brabant,30,Totaal,19,348
2020-10-26,820,"Nuenen, Gerwen en Nederwetten",Noord-Brabant,30,Ziekenhuisopname,0,19
2020-10-26,820,"Nuenen, Gerwen en Nederwetten",Noord-Brabant,30,Overleden,0,10
2020-10-26,823,Oirschot,Noord-Brabant,30,Totaal,7,359
2020-10-26,823,Oirschot,Noord-Brabant,30,Ziekenhuisopname,0,17
2020-10-26,823,Oirschot,Noord-Brabant,30,Overleden,0,9
2020-10-26,824,Oisterwijk,Noord-Brabant,30,Totaal,20,362
2020-10-26,824,Oisterwijk,Noord-Brabant,30,Ziekenhuisopname,0,27
2020-10-26,824,Oisterwijk,Noord-Brabant,30,Overleden,0,12
2020-10-26,826,Oosterhout,Noord-Brabant,30,Totaal,41,853
2020-10-26,826,Oosterhout,Noord-Brabant,30,Ziekenhuisopname,0,52
2020-10-26,826,Oosterhout,Noord-Brabant,30,Overleden,0,17
2020-10-26,828,Oss,Noord-Brabant,30,Totaal,94,1953
2020-10-26,828,Oss,Noord-Brabant,30,Ziekenhuisopname,0,175
2020-10-26,828,Oss,Noord-Brabant,30,Overleden,0,93
2020-10-26,840,Rucphen,Noord-Brabant,30,Totaal,20,441
2020-10-26,840,Rucphen,Noord-Brabant,30,Ziekenhuisopname,0,14
2020-10-26,840,Rucphen,Noord-Brabant,30,Overleden,0,10
2020-10-26,845,Sint-Michielsgestel,Noord-Brabant,30,Totaal,25,518
2020-10-26,845,Sint-Michielsgestel,Noord-Brabant,30,Ziekenhuisopname,0,37
2020-10-26,845,Sint-Michielsgestel,Noord-Brabant,30,Overleden,0,19
2020-10-26,847,Someren,Noord-Brabant,30,Totaal,10,258
2020-10-26,847,Someren,Noord-Brabant,30,Ziekenhuisopname,0,34
2020-10-26,847,Someren,Noord-Brabant,30,Overleden,0,8
2020-10-26,848,Son en Breugel,Noord-Brabant,30,Totaal,12,250
2020-10-26,848,Son en Breugel,Noord-Brabant,30,Ziekenhuisopname,0,31
2020-10-26,848,Son en Breugel,Noord-Brabant,30,Overleden,0,14
2020-10-26,851,Steenbergen,Noord-Brabant,30,Totaal,21,430
2020-10-26,851,Steenbergen,Noord-Brabant,30,Ziekenhuisopname,0,18
2020-10-26,851,Steenbergen,Noord-Brabant,30,Overleden,0,13
2020-10-26,852,Waterland,Noord-Holland,27,Totaal,6,326
2020-10-26,852,Waterland,Noord-Holland,27,Ziekenhuisopname,0,20
2020-10-26,852,Waterland,Noord-Holland,27,Overleden,0,6
2020-10-26,855,Tilburg,Noord-Brabant,30,Totaal,203,3776
2020-10-26,855,Tilburg,Noord-Brabant,30,Ziekenhuisopname,1,268
2020-10-26,855,Tilburg,Noord-Brabant,30,Overleden,0,173
2020-10-26,856,Uden,Noord-Brabant,30,Totaal,15,604
2020-10-26,856,Uden,Noord-Brabant,30,Ziekenhuisopname,0,115
2020-10-26,856,Uden,Noord-Brabant,30,Overleden,0,63
2020-10-26,858,Valkenswaard,Noord-Brabant,30,Totaal,40,627
2020-10-26,858,Valkenswaard,Noord-Brabant,30,Ziekenhuisopname,0,23
2020-10-26,858,Valkenswaard,Noord-Brabant,30,Overleden,0,37
2020-10-26,861,Veldhoven,Noord-Brabant,30,Totaal,55,799
2020-10-26,861,Veldhoven,Noord-Brabant,30,Ziekenhuisopname,0,37
2020-10-26,861,Veldhoven,Noord-Brabant,30,Overleden,0,19
2020-10-26,865,Vught,Noord-Brabant,30,Totaal,17,410
2020-10-26,865,Vught,Noord-Brabant,30,Ziekenhuisopname,0,43
2020-10-26,865,Vught,Noord-Brabant,30,Overleden,0,17
2020-10-26,866,Waalre,Noord-Brabant,30,Totaal,20,261
2020-10-26,866,Waalre,Noord-Brabant,30,Ziekenhuisopname,0,8
2020-10-26,866,Waalre,Noord-Brabant,30,Overleden,0,8
2020-10-26,867,Waalwijk,Noord-Brabant,30,Totaal,56,808
2020-10-26,867,Waalwijk,Noord-Brabant,30,Ziekenhuisopname,1,43
2020-10-26,867,Waalwijk,Noord-Brabant,30,Overleden,0,39
2020-10-26,873,Woensdrecht,Noord-Brabant,30,Totaal,15,364
2020-10-26,873,Woensdrecht,Noord-Brabant,30,Ziekenhuisopname,0,9
2020-10-26,873,Woensdrecht,Noord-Brabant,30,Overleden,0,9
2020-10-26,879,Zundert,Noord-Brabant,30,Totaal,17,390
2020-10-26,879,Zundert,Noord-Brabant,30,Ziekenhuisopname,0,24
2020-10-26,879,Zundert,Noord-Brabant,30,Overleden,0,11
2020-10-26,880,Wormerland,Noord-Holland,27,Totaal,7,266
2020-10-26,880,Wormerland,Noord-Holland,27,Ziekenhuisopname,0,21
2020-10-26,880,Wormerland,Noord-Holland,27,Overleden,0,12
2020-10-26,882,Landgraaf,Limburg,31,Totaal,11,315
2020-10-26,882,Landgraaf,Limburg,31,Ziekenhuisopname,0,54
2020-10-26,882,Landgraaf,Limburg,31,Overleden,0,14
2020-10-26,888,Beek,Limburg,31,Totaal,6,146
2020-10-26,888,Beek,Limburg,31,Ziekenhuisopname,0,17
2020-10-26,888,Beek,Limburg,31,Overleden,0,7
2020-10-26,889,Beesel,Limburg,31,Totaal,5,168
2020-10-26,889,Beesel,Limburg,31,Ziekenhuisopname,0,20
2020-10-26,889,Beesel,Limburg,31,Overleden,0,8
2020-10-26,893,Bergen (L.),Limburg,31,Totaal,12,157
2020-10-26,893,Bergen (L.),Limburg,31,Ziekenhuisopname,0,9
2020-10-26,893,Bergen (L.),Limburg,31,Overleden,0,2
2020-10-26,899,Brunssum,Limburg,31,Totaal,8,295
2020-10-26,899,Brunssum,Limburg,31,Ziekenhuisopname,0,50
2020-10-26,899,Brunssum,Limburg,31,Overleden,0,21
2020-10-26,907,Gennep,Limburg,31,Totaal,15,205
2020-10-26,907,Gennep,Limburg,31,Ziekenhuisopname,0,17
2020-10-26,907,Gennep,Limburg,31,Overleden,0,10
2020-10-26,917,Heerlen,Limburg,31,Totaal,52,872
2020-10-26,917,Heerlen,Limburg,31,Ziekenhuisopname,0,130
2020-10-26,917,Heerlen,Limburg,31,Overleden,0,55
2020-10-26,928,Kerkrade,Limburg,31,Totaal,15,480
2020-10-26,928,Kerkrade,Limburg,31,Ziekenhuisopname,0,68
2020-10-26,928,Kerkrade,Limburg,31,Overleden,0,37
2020-10-26,935,Maastricht,Limburg,31,Totaal,54,1835
2020-10-26,935,Maastricht,Limburg,31,Ziekenhuisopname,0,198
2020-10-26,935,Maastricht,Limburg,31,Overleden,0,140
2020-10-26,938,Meerssen,Limburg,31,Totaal,1,206
2020-10-26,938,Meerssen,Limburg,31,Ziekenhuisopname,0,23
2020-10-26,938,Meerssen,Limburg,31,Overleden,0,13
2020-10-26,944,Mook en Middelaar,Limburg,31,Totaal,5,146
2020-10-26,944,Mook en Middelaar,Limburg,31,Ziekenhuisopname,0,7
2020-10-26,944,Mook en Middelaar,Limburg,31,Overleden,0,5
2020-10-26,946,Nederweert,Limburg,31,Totaal,15,226
2020-10-26,946,Nederweert,Limburg,31,Ziekenhuisopname,0,33
2020-10-26,946,Nederweert,Limburg,31,Overleden,0,7
2020-10-26,957,Roermond,Limburg,31,Totaal,26,570
2020-10-26,957,Roermond,Limburg,31,Ziekenhuisopname,0,65
2020-10-26,957,Roermond,Limburg,31,Overleden,0,24
2020-10-26,965,Simpelveld,Limburg,31,Totaal,5,87
2020-10-26,965,Simpelveld,Limburg,31,Ziekenhuisopname,0,19
2020-10-26,965,Simpelveld,Limburg,31,Overleden,0,5
2020-10-26,971,Stein,Limburg,31,Totaal,8,239
2020-10-26,971,Stein,Limburg,31,Ziekenhuisopname,0,46
2020-10-26,971,Stein,Limburg,31,Overleden,0,15
2020-10-26,981,Vaals,Limburg,31,Totaal,3,63
2020-10-26,981,Vaals,Limburg,31,Ziekenhuisopname,0,10
2020-10-26,981,Vaals,Limburg,31,Overleden,0,2
2020-10-26,983,Venlo,Limburg,31,Totaal,98,1650
2020-10-26,983,Venlo,Limburg,31,Ziekenhuisopname,0,139
2020-10-26,983,Venlo,Limburg,31,Overleden,0,70
2020-10-26,984,Venray,Limburg,31,Totaal,76,754
2020-10-26,984,Venray,Limburg,31,Ziekenhuisopname,2,40
2020-10-26,984,Venray,Limburg,31,Overleden,0,20
2020-10-26,986,Voerendaal,Limburg,31,Totaal,5,110
2020-10-26,986,Voerendaal,Limburg,31,Ziekenhuisopname,0,17
2020-10-26,986,Voerendaal,Limburg,31,Overleden,0,8
2020-10-26,988,Weert,Limburg,31,Totaal,39,637
2020-10-26,988,Weert,Limburg,31,Ziekenhuisopname,1,70
2020-10-26,988,Weert,Limburg,31,Overleden,0,16
2020-10-26,994,Valkenburg aan de Geul,Limburg,31,Totaal,9,204
2020-10-26,994,Valkenburg aan de Geul,Limburg,31,Ziekenhuisopname,0,20
2020-10-26,994,Valkenburg aan de Geul,Limburg,31,Overleden,0,8
2020-10-26,995,Lelystad,Flevoland,24,Totaal,29,944
2020-10-26,995,Lelystad,Flevoland,24,Ziekenhuisopname,1,81
2020-10-26,995,Lelystad,Flevoland,24,Overleden,0,32
2020-10-26,1507,Horst aan de Maas,Limburg,31,Totaal,48,625
2020-10-26,1507,Horst aan de Maas,Limburg,31,Ziekenhuisopname,0,41
2020-10-26,1507,Horst aan de Maas,Limburg,31,Overleden,0,28
2020-10-26,1509,Oude IJsselstreek,Gelderland,25,Totaal,6,369
2020-10-26,1509,Oude IJsselstreek,Gelderland,25,Ziekenhuisopname,1,24
2020-10-26,1509,Oude IJsselstreek,Gelderland,25,Overleden,0,9
2020-10-26,1525,Teylingen,Zuid-Holland,28,Totaal,17,639
2020-10-26,1525,Teylingen,Zuid-Holland,28,Ziekenhuisopname,0,18
2020-10-26,1525,Teylingen,Zuid-Holland,28,Overleden,0,4
2020-10-26,1581,Utrechtse Heuvelrug,Utrecht,26,Totaal,24,851
2020-10-26,1581,Utrechtse Heuvelrug,Utrecht,26,Ziekenhuisopname,0,32
2020-10-26,1581,Utrechtse Heuvelrug,Utrecht,26,Overleden,0,17
2020-10-26,1586,Oost Gelre,Gelderland,25,Totaal,7,439
2020-10-26,1586,Oost Gelre,Gelderland,25,Ziekenhuisopname,0,21
2020-10-26,1586,Oost Gelre,Gelderland,25,Overleden,0,11
2020-10-26,1598,Koggenland,Noord-Holland,27,Totaal,14,251
2020-10-26,1598,Koggenland,Noord-Holland,27,Ziekenhuisopname,0,8
2020-10-26,1598,Koggenland,Noord-Holland,27,Overleden,0,8
2020-10-26,1621,Lansingerland,Zuid-Holland,28,Totaal,48,1436
2020-10-26,1621,Lansingerland,Zuid-Holland,28,Ziekenhuisopname,0,49
2020-10-26,1621,Lansingerland,Zuid-Holland,28,Overleden,0,32
2020-10-26,1640,Leudal,Limburg,31,Totaal,15,407
2020-10-26,1640,Leudal,Limburg,31,Ziekenhuisopname,0,54
2020-10-26,1640,Leudal,Limburg,31,Overleden,0,33
2020-10-26,1641,Maasgouw,Limburg,31,Totaal,5,234
2020-10-26,1641,Maasgouw,Limburg,31,Ziekenhuisopname,0,28
2020-10-26,1641,Maasgouw,Limburg,31,Overleden,0,15
2020-10-26,1652,Gemert-Bakel,Noord-Brabant,30,Totaal,17,502
2020-10-26,1652,Gemert-Bakel,Noord-Brabant,30,Ziekenhuisopname,0,79
2020-10-26,1652,Gemert-Bakel,Noord-Brabant,30,Overleden,0,32
2020-10-26,1655,Halderberge,Noord-Brabant,30,Totaal,29,534
2020-10-26,1655,Halderberge,Noord-Brabant,30,Ziekenhuisopname,0,23
2020-10-26,1655,Halderberge,Noord-Brabant,30,Overleden,0,12
2020-10-26,1658,Heeze-Leende,Noord-Brabant,30,Totaal,18,293
2020-10-26,1658,Heeze-Leende,Noord-Brabant,30,Ziekenhuisopname,1,18
2020-10-26,1658,Heeze-Leende,Noord-Brabant,30,Overleden,0,8
2020-10-26,1659,Laarbeek,Noord-Brabant,30,Totaal,20,373
2020-10-26,1659,Laarbeek,Noord-Brabant,30,Ziekenhuisopname,0,42
2020-10-26,1659,Laarbeek,Noord-Brabant,30,Overleden,0,26
2020-10-26,1667,Reusel-De Mierden,Noord-Brabant,30,Totaal,19,371
2020-10-26,1667,Reusel-De Mierden,Noord-Brabant,30,Ziekenhuisopname,0,15
2020-10-26,1667,Reusel-De Mierden,Noord-Brabant,30,Overleden,0,2
2020-10-26,1669,Roerdalen,Limburg,31,Totaal,1,133
2020-10-26,1669,Roerdalen,Limburg,31,Ziekenhuisopname,0,27
2020-10-26,1669,Roerdalen,Limburg,31,Overleden,0,8
2020-10-26,1674,Roosendaal,Noord-Brabant,30,Totaal,70,1459
2020-10-26,1674,Roosendaal,Noord-Brabant,30,Ziekenhuisopname,0,45
2020-10-26,1674,Roosendaal,Noord-Brabant,30,Overleden,1,27
2020-10-26,1676,Schouwen-Duiveland,Zeeland,29,Totaal,9,310
2020-10-26,1676,Schouwen-Duiveland,Zeeland,29,Ziekenhuisopname,0,12
2020-10-26,1676,Schouwen-Duiveland,Zeeland,29,Overleden,0,13
2020-10-26,1680,Aa en Hunze,Drenthe,22,Totaal,3,205
2020-10-26,1680,Aa en Hunze,Drenthe,22,Ziekenhuisopname,0,1
2020-10-26,1680,Aa en Hunze,Drenthe,22,Overleden,0,1
2020-10-26,1681,Borger-Odoorn,Drenthe,22,Totaal,5,237
2020-10-26,1681,Borger-Odoorn,Drenthe,22,Ziekenhuisopname,0,8
2020-10-26,1681,Borger-Odoorn,Drenthe,22,Overleden,1,6
2020-10-26,1684,Cuijk,Noord-Brabant,30,Totaal,32,385
2020-10-26,1684,Cuijk,Noord-Brabant,30,Ziekenhuisopname,0,13
2020-10-26,1684,Cuijk,Noord-Brabant,30,Overleden,0,10
2020-10-26,1685,Landerd,Noord-Brabant,30,Totaal,20,389
2020-10-26,1685,Landerd,Noord-Brabant,30,Ziekenhuisopname,0,42
2020-10-26,1685,Landerd,Noord-Brabant,30,Overleden,0,21
2020-10-26,1690,De Wolden,Drenthe,22,Totaal,7,215
2020-10-26,1690,De Wolden,Drenthe,22,Ziekenhuisopname,0,14
2020-10-26,1690,De Wolden,Drenthe,22,Overleden,0,5
2020-10-26,1695,Noord-Beveland,Zeeland,29,Totaal,6,58
2020-10-26,1695,Noord-Beveland,Zeeland,29,Ziekenhuisopname,0,1
2020-10-26,1695,Noord-Beveland,Zeeland,29,Overleden,1,1
2020-10-26,1696,Wijdemeren,Noord-Holland,27,Totaal,14,398
2020-10-26,1696,Wijdemeren,Noord-Holland,27,Ziekenhuisopname,1,12
2020-10-26,1696,Wijdemeren,Noord-Holland,27,Overleden,0,1
2020-10-26,1699,Noordenveld,Drenthe,22,Totaal,5,236
2020-10-26,1699,Noordenveld,Drenthe,22,Ziekenhuisopname,0,6
2020-10-26,1699,Noordenveld,Drenthe,22,Overleden,0,14
2020-10-26,1700,Twenterand,Overijssel,23,Totaal,20,385
2020-10-26,1700,Twenterand,Overijssel,23,Ziekenhuisopname,0,12
2020-10-26,1700,Twenterand,Overijssel,23,Overleden,0,2
2020-10-26,1701,Westerveld,Drenthe,22,Totaal,2,101
2020-10-26,1701,Westerveld,Drenthe,22,Ziekenhuisopname,0,9
2020-10-26,1701,Westerveld,Drenthe,22,Overleden,0,4
2020-10-26,1702,Sint Anthonis,Noord-Brabant,30,Totaal,10,199
2020-10-26,1702,Sint Anthonis,Noord-Brabant,30,Ziekenhuisopname,0,21
2020-10-26,1702,Sint Anthonis,Noord-Brabant,30,Overleden,0,11
2020-10-26,1705,Lingewaard,Gelderland,25,Totaal,31,694
2020-10-26,1705,Lingewaard,Gelderland,25,Ziekenhuisopname,0,38
2020-10-26,1705,Lingewaard,Gelderland,25,Overleden,0,12
2020-10-26,1706,Cranendonck,Noord-Brabant,30,Totaal,16,445
2020-10-26,1706,Cranendonck,Noord-Brabant,30,Ziekenhuisopname,0,63
2020-10-26,1706,Cranendonck,Noord-Brabant,30,Overleden,0,36
2020-10-26,1708,Steenwijkerland,Overijssel,23,Totaal,15,379
2020-10-26,1708,Steenwijkerland,Overijssel,23,Ziekenhuisopname,0,15
2020-10-26,1708,Steenwijkerland,Overijssel,23,Overleden,0,8
2020-10-26,1709,Moerdijk,Noord-Brabant,30,Totaal,34,588
2020-10-26,1709,Moerdijk,Noord-Brabant,30,Ziekenhuisopname,0,19
2020-10-26,1709,Moerdijk,Noord-Brabant,30,Overleden,0,10
2020-10-26,1711,Echt-Susteren,Limburg,31,Totaal,17,247
2020-10-26,1711,Echt-Susteren,Limburg,31,Ziekenhuisopname,0,43
2020-10-26,1711,Echt-Susteren,Limburg,31,Overleden,0,19
2020-10-26,1714,Sluis,Zeeland,29,Totaal,6,78
2020-10-26,1714,Sluis,Zeeland,29,Ziekenhuisopname,0,9
2020-10-26,1714,Sluis,Zeeland,29,Overleden,0,4
2020-10-26,1719,Drimmelen,Noord-Brabant,30,Totaal,23,357
2020-10-26,1719,Drimmelen,Noord-Brabant,30,Ziekenhuisopname,0,21
2020-10-26,1719,Drimmelen,Noord-Brabant,30,Overleden,0,9
2020-10-26,1721,Bernheze,Noord-Brabant,30,Totaal,24,653
2020-10-26,1721,Bernheze,Noord-Brabant,30,Ziekenhuisopname,1,97
2020-10-26,1721,Bernheze,Noord-Brabant,30,Overleden,0,66
2020-10-26,1723,Alphen-Chaam,Noord-Brabant,30,Totaal,6,164
2020-10-26,1723,Alphen-Chaam,Noord-Brabant,30,Ziekenhuisopname,0,18
2020-10-26,1723,Alphen-Chaam,Noord-Brabant,30,Overleden,0,5
2020-10-26,1724,Bergeijk,Noord-Brabant,30,Totaal,20,385
2020-10-26,1724,Bergeijk,Noord-Brabant,30,Ziekenhuisopname,0,20
2020-10-26,1724,Bergeijk,Noord-Brabant,30,Overleden,0,5
2020-10-26,1728,Bladel,Noord-Brabant,30,Totaal,13,627
2020-10-26,1728,Bladel,Noord-Brabant,30,Ziekenhuisopname,0,23
2020-10-26,1728,Bladel,Noord-Brabant,30,Overleden,0,9
2020-10-26,1729,Gulpen-Wittem,Limburg,31,Totaal,5,216
2020-10-26,1729,Gulpen-Wittem,Limburg,31,Ziekenhuisopname,0,24
2020-10-26,1729,Gulpen-Wittem,Limburg,31,Overleden,0,15
2020-10-26,1730,Tynaarlo,Drenthe,22,Totaal,14,263
2020-10-26,1730,Tynaarlo,Drenthe,22,Ziekenhuisopname,0,11
2020-10-26,1730,Tynaarlo,Drenthe,22,Overleden,0,0
2020-10-26,1731,Midden-Drenthe,Drenthe,22,Totaal,8,262
2020-10-26,1731,Midden-Drenthe,Drenthe,22,Ziekenhuisopname,0,6
2020-10-26,1731,Midden-Drenthe,Drenthe,22,Overleden,0,0
2020-10-26,1734,Overbetuwe,Gelderland,25,Totaal,22,616
2020-10-26,1734,Overbetuwe,Gelderland,25,Ziekenhuisopname,0,60
2020-10-26,1734,Overbetuwe,Gelderland,25,Overleden,0,17
2020-10-26,1735,Hof van Twente,Overijssel,23,Totaal,10,480
2020-10-26,1735,Hof van Twente,Overijssel,23,Ziekenhuisopname,1,19
2020-10-26,1735,Hof van Twente,Overijssel,23,Overleden,0,6
2020-10-26,1740,Neder-Betuwe,Gelderland,25,Totaal,12,414
2020-10-26,1740,Neder-Betuwe,Gelderland,25,Ziekenhuisopname,0,42
2020-10-26,1740,Neder-Betuwe,Gelderland,25,Overleden,0,22
2020-10-26,1742,Rijssen-Holten,Overijssel,23,Totaal,22,563
2020-10-26,1742,Rijssen-Holten,Overijssel,23,Ziekenhuisopname,0,30
2020-10-26,1742,Rijssen-Holten,Overijssel,23,Overleden,0,26
2020-10-26,1771,Geldrop-Mierlo,Noord-Brabant,30,Totaal,60,589
2020-10-26,1771,Geldrop-Mierlo,Noord-Brabant,30,Ziekenhuisopname,1,36
2020-10-26,1771,Geldrop-Mierlo,Noord-Brabant,30,Overleden,0,16
2020-10-26,1773,Olst-Wijhe,Overijssel,23,Totaal,5,184
2020-10-26,1773,Olst-Wijhe,Overijssel,23,Ziekenhuisopname,0,12
2020-10-26,1773,Olst-Wijhe,Overijssel,23,Overleden,0,8
2020-10-26,1774,Dinkelland,Overijssel,23,Totaal,26,559
2020-10-26,1774,Dinkelland,Overijssel,23,Ziekenhuisopname,0,21
2020-10-26,1774,Dinkelland,Overijssel,23,Overleden,0,10
2020-10-26,1783,Westland,Zuid-Holland,28,Totaal,67,2193
2020-10-26,1783,Westland,Zuid-Holland,28,Ziekenhuisopname,0,70
2020-10-26,1783,Westland,Zuid-Holland,28,Overleden,0,30
2020-10-26,1842,Midden-Delfland,Zuid-Holland,28,Totaal,18,363
2020-10-26,1842,Midden-Delfland,Zuid-Holland,28,Ziekenhuisopname,1,6
2020-10-26,1842,Midden-Delfland,Zuid-Holland,28,Overleden,0,1
2020-10-26,1859,Berkelland,Gelderland,25,Totaal,14,550
2020-10-26,1859,Berkelland,Gelderland,25,Ziekenhuisopname,0,18
2020-10-26,1859,Berkelland,Gelderland,25,Overleden,0,9
2020-10-26,1876,Bronckhorst,Gelderland,25,Totaal,13,467
2020-10-26,1876,Bronckhorst,Gelderland,25,Ziekenhuisopname,0,18
2020-10-26,1876,Bronckhorst,Gelderland,25,Overleden,0,7
2020-10-26,1883,Sittard-Geleen,Limburg,31,Totaal,25,910
2020-10-26,1883,Sittard-Geleen,Limburg,31,Ziekenhuisopname,0,124
2020-10-26,1883,Sittard-Geleen,Limburg,31,Overleden,1,66
2020-10-26,1884,Kaag en Braassem,Zuid-Holland,28,Totaal,19,429
2020-10-26,1884,Kaag en Braassem,Zuid-Holland,28,Ziekenhuisopname,0,8
2020-10-26,1884,Kaag en Braassem,Zuid-Holland,28,Overleden,0,3
2020-10-26,1891,Dantumadiel,Friesland,21,Totaal,2,114
2020-10-26,1891,Dantumadiel,Friesland,21,Ziekenhuisopname,0,2
2020-10-26,1891,Dantumadiel,Friesland,21,Overleden,0,0
2020-10-26,1892,Zuidplas,Zuid-Holland,28,Totaal,30,989
2020-10-26,1892,Zuidplas,Zuid-Holland,28,Ziekenhuisopname,0,32
2020-10-26,1892,Zuidplas,Zuid-Holland,28,Overleden,0,23
2020-10-26,1894,Peel en Maas,Limburg,31,Totaal,42,742
2020-10-26,1894,Peel en Maas,Limburg,31,Ziekenhuisopname,0,145
2020-10-26,1894,Peel en Maas,Limburg,31,Overleden,0,65
2020-10-26,1895,Oldambt,Groningen,20,Totaal,2,200
2020-10-26,1895,Oldambt,Groningen,20,Ziekenhuisopname,0,10
2020-10-26,1895,Oldambt,Groningen,20,Overleden,0,4
2020-10-26,1896,Zwartewaterland,Overijssel,23,Totaal,13,339
2020-10-26,1896,Zwartewaterland,Overijssel,23,Ziekenhuisopname,0,35
2020-10-26,1896,Zwartewaterland,Overijssel,23,Overleden,0,22
2020-10-26,1900,Sdwest-Frysln,Friesland,21,Totaal,61,805
2020-10-26,1900,Sdwest-Frysln,Friesland,21,Ziekenhuisopname,0,21
2020-10-26,1900,Sdwest-Frysln,Friesland,21,Overleden,0,6
2020-10-26,1901,Bodegraven-Reeuwijk,Zuid-Holland,28,Totaal,10,595
2020-10-26,1901,Bodegraven-Reeuwijk,Zuid-Holland,28,Ziekenhuisopname,0,12
2020-10-26,1901,Bodegraven-Reeuwijk,Zuid-Holland,28,Overleden,0,10
2020-10-26,1903,Eijsden-Margraten,Limburg,31,Totaal,8,387
2020-10-26,1903,Eijsden-Margraten,Limburg,31,Ziekenhuisopname,1,58
2020-10-26,1903,Eijsden-Margraten,Limburg,31,Overleden,0,28
2020-10-26,1904,Stichtse Vecht,Utrecht,26,Totaal,34,1108
2020-10-26,1904,Stichtse Vecht,Utrecht,26,Ziekenhuisopname,0,47
2020-10-26,1904,Stichtse Vecht,Utrecht,26,Overleden,0,14
2020-10-26,1911,Hollands Kroon,Noord-Holland,27,Totaal,15,363
2020-10-26,1911,Hollands Kroon,Noord-Holland,27,Ziekenhuisopname,0,26
2020-10-26,1911,Hollands Kroon,Noord-Holland,27,Overleden,0,6
2020-10-26,1916,Leidschendam-Voorburg,Zuid-Holland,28,Totaal,45,1430
2020-10-26,1916,Leidschendam-Voorburg,Zuid-Holland,28,Ziekenhuisopname,0,36
2020-10-26,1916,Leidschendam-Voorburg,Zuid-Holland,28,Overleden,0,28
2020-10-26,1924,Goeree-Overflakkee,Zuid-Holland,28,Totaal,31,838
2020-10-26,1924,Goeree-Overflakkee,Zuid-Holland,28,Ziekenhuisopname,0,58
2020-10-26,1924,Goeree-Overflakkee,Zuid-Holland,28,Overleden,0,35
2020-10-26,1926,Pijnacker-Nootdorp,Zuid-Holland,28,Totaal,45,1158
2020-10-26,1926,Pijnacker-Nootdorp,Zuid-Holland,28,Ziekenhuisopname,0,32
2020-10-26,1926,Pijnacker-Nootdorp,Zuid-Holland,28,Overleden,0,18
2020-10-26,1930,Nissewaard,Zuid-Holland,28,Totaal,72,1677
2020-10-26,1930,Nissewaard,Zuid-Holland,28,Ziekenhuisopname,1,72
2020-10-26,1930,Nissewaard,Zuid-Holland,28,Overleden,1,25
2020-10-26,1931,Krimpenerwaard,Zuid-Holland,28,Totaal,33,1139
2020-10-26,1931,Krimpenerwaard,Zuid-Holland,28,Ziekenhuisopname,1,55
2020-10-26,1931,Krimpenerwaard,Zuid-Holland,28,Overleden,0,37
2020-10-26,1940,De Fryske Marren,Friesland,21,Totaal,19,452
2020-10-26,1940,De Fryske Marren,Friesland,21,Ziekenhuisopname,1,23
2020-10-26,1940,De Fryske Marren,Friesland,21,Overleden,0,8
2020-10-26,1942,Gooise Meren,Noord-Holland,27,Totaal,13,945
2020-10-26,1942,Gooise Meren,Noord-Holland,27,Ziekenhuisopname,0,27
2020-10-26,1942,Gooise Meren,Noord-Holland,27,Overleden,0,15
2020-10-26,1945,Berg en Dal,Gelderland,25,Totaal,21,686
2020-10-26,1945,Berg en Dal,Gelderland,25,Ziekenhuisopname,0,37
2020-10-26,1945,Berg en Dal,Gelderland,25,Overleden,0,23
2020-10-26,1948,Meierijstad,Noord-Brabant,30,Totaal,59,1431
2020-10-26,1948,Meierijstad,Noord-Brabant,30,Ziekenhuisopname,0,214
2020-10-26,1948,Meierijstad,Noord-Brabant,30,Overleden,0,134
2020-10-26,1949,Waadhoeke,Friesland,21,Totaal,18,401
2020-10-26,1949,Waadhoeke,Friesland,21,Ziekenhuisopname,0,15
2020-10-26,1949,Waadhoeke,Friesland,21,Overleden,0,17
2020-10-26,1950,Westerwolde,Groningen,20,Totaal,3,171
2020-10-26,1950,Westerwolde,Groningen,20,Ziekenhuisopname,0,11
2020-10-26,1950,Westerwolde,Groningen,20,Overleden,0,2
2020-10-26,1952,Midden-Groningen,Groningen,20,Totaal,9,341
2020-10-26,1952,Midden-Groningen,Groningen,20,Ziekenhuisopname,0,10
2020-10-26,1952,Midden-Groningen,Groningen,20,Overleden,0,5
2020-10-26,1954,Beekdaelen,Limburg,31,Totaal,10,384
2020-10-26,1954,Beekdaelen,Limburg,31,Ziekenhuisopname,0,52
2020-10-26,1954,Beekdaelen,Limburg,31,Overleden,0,25
2020-10-26,1955,Montferland,Gelderland,25,Totaal,8,385
2020-10-26,1955,Montferland,Gelderland,25,Ziekenhuisopname,0,25
2020-10-26,1955,Montferland,Gelderland,25,Overleden,0,9
2020-10-26,1959,Altena,Noord-Brabant,30,Totaal,32,797
2020-10-26,1959,Altena,Noord-Brabant,30,Ziekenhuisopname,0,38
2020-10-26,1959,Altena,Noord-Brabant,30,Overleden,0,18
2020-10-26,1960,West Betuwe,Gelderland,25,Totaal,25,719
2020-10-26,1960,West Betuwe,Gelderland,25,Ziekenhuisopname,1,51
2020-10-26,1960,West Betuwe,Gelderland,25,Overleden,0,30
2020-10-26,1961,Vijfheerenlanden,Utrecht,26,Totaal,35,1117
2020-10-26,1961,Vijfheerenlanden,Utrecht,26,Ziekenhuisopname,0,47
2020-10-26,1961,Vijfheerenlanden,Utrecht,26,Overleden,0,44
2020-10-26,1963,Hoeksche Waard,Zuid-Holland,28,Totaal,72,1711
2020-10-26,1963,Hoeksche Waard,Zuid-Holland,28,Ziekenhuisopname,0,83
2020-10-26,1963,Hoeksche Waard,Zuid-Holland,28,Overleden,0,28
2020-10-26,1966,Het Hogeland,Groningen,20,Totaal,11,348
2020-10-26,1966,Het Hogeland,Groningen,20,Ziekenhuisopname,0,7
2020-10-26,1966,Het Hogeland,Groningen,20,Overleden,0,5
2020-10-26,1969,Westerkwartier,Groningen,20,Totaal,3,385
2020-10-26,1969,Westerkwartier,Groningen,20,Ziekenhuisopname,0,19
2020-10-26,1969,Westerkwartier,Groningen,20,Overleden,0,4
2020-10-26,1970,Noardeast-Frysln,Friesland,21,Totaal,13,263
2020-10-26,1970,Noardeast-Frysln,Friesland,21,Ziekenhuisopname,0,7
2020-10-26,1970,Noardeast-Frysln,Friesland,21,Overleden,0,4
2020-10-26,1978,Molenlanden,Zuid-Holland,28,Totaal,43,693
2020-10-26,1978,Molenlanden,Zuid-Holland,28,Ziekenhuisopname,0,20
2020-10-26,1978,Molenlanden,Zuid-Holland,28,Overleden,0,10
